{"licao":"wbteli","telas":[{"desenhos":[{"tipo":"img","x":"0px","y":"183.95px","width":"1016px","height":"317.5px","nomeInstancia":"MovieClips/Símbolo 1","classe":"Símbolo 1","nome":"wbteli_1_0"}]},{"desenhos":[{"tipo":"img","x":"276.45px","y":"140.85px","width":"440.85px","height":"444.6px","nomeInstancia":"MovieClips/Símbolo 14","classe":"Símbolo 14","nome":"wbteli_2_0"}]},{"desenhos":[{"tipo":"img","x":"152.3px","y":"162.1px","width":"679.35px","height":"406.65px","nomeInstancia":"MovieClips/Símbolo 32","classe":"Símbolo 32","nome":"wbteli_3_0"}]},{"desenhos":[{"tipo":"img","x":"215.9px","y":"172.25px","width":"609.3px","height":"370.7px","nomeInstancia":"MovieClips/Símbolo 33","classe":"Símbolo 33","nome":"wbteli_4_0"}]},{"desenhos":[{"tipo":"img","x":"0px","y":"85.1px","width":"1016px","height":"540.95px","nomeInstancia":"MovieClips/Símbolo 36","classe":"Símbolo 36","nome":"wbteli_5_0"}]},{"desenhos":[{"tipo":"img","x":"0px","y":"0px","width":"1016px","height":"659px","nomeInstancia":"MovieClips/Cópia de Símbolo 13","classe":"Cópia de Símbolo 13","nome":"wbteli_6_0"}]},{"desenhos":[{"tipo":"img","x":"321.6px","y":"280.65px","width":"372.8px","height":"140.05px","nomeInstancia":"MovieClips/Symbol 1","classe":"Symbol 1","nome":"wbteli_7_0"}]}]}