{"licao":"eba09_04","topico":"04","telas":[{"desenhos":[{"tipo":"img","x":"414.2px","y":"260.35px","width":"481.75px","height":"91.1px","nomeInstancia":"transicao_1_0","classe":"transicao_1_0","nome":"eba09_04_1_0"},{"nome":"eba09_04_1_1","tipo":"personagem","x":"0px","y":"0px","width":"1016px","height":"659px","nomeInstancia":"animaP1","classe":"animaP1"}]},{"desenhos":[{"tipo":"img","x":"456.8px","y":"345.85px","width":"320.25px","height":"79.55px","nomeInstancia":"transicao_2_0","classe":"transicao_2_0","nome":"eba09_04_2_0"},{"tipo":"img","x":"414.2px","y":"260.35px","width":"481.75px","height":"91.1px","nomeInstancia":"transicao_1_0","classe":"transicao_1_0","nome":"eba09_04_1_0"},{"nome":"eba09_04_1_1","tipo":"personagem","x":"0px","y":"0px","width":"1016px","height":"659px","nomeInstancia":"animaP1","classe":"animaP1"}]},{"desenhos":[{"tipo":"img","x":"457.05px","y":"420.25px","width":"447px","height":"111.25px","nomeInstancia":"transicao_3_0","classe":"transicao_3_0","nome":"eba09_04_3_0"},{"tipo":"img","x":"456.8px","y":"345.85px","width":"320.25px","height":"79.55px","nomeInstancia":"transicao_2_0","classe":"transicao_2_0","nome":"eba09_04_2_0"},{"tipo":"img","x":"414.2px","y":"260.35px","width":"481.75px","height":"91.1px","nomeInstancia":"transicao_1_0","classe":"transicao_1_0","nome":"eba09_04_1_0"},{"nome":"eba09_04_1_1","tipo":"personagem","x":"0px","y":"0px","width":"1016px","height":"659px","nomeInstancia":"animaP1","classe":"animaP1"}]},{"desenhos":[{"tipo":"img","x":"78.95px","y":"291.85px","width":"340.95px","height":"43.1px","nomeInstancia":"textConvertido_4_0","classe":"textConvertido_4_0","nome":"eba09_04_4_0"},{"tipo":"img","x":"493.25px","y":"291.85px","width":"465.35px","height":"178.75px","nomeInstancia":"transicao_4_1","classe":"transicao_4_1","nome":"eba09_04_4_1"}]},{"desenhos":[{"tipo":"img","x":"78.95px","y":"353.05px","width":"367.75px","height":"63.65px","nomeInstancia":"textConvertido_5_0","classe":"textConvertido_5_0","nome":"eba09_04_5_0"},{"tipo":"img","x":"78.95px","y":"291.85px","width":"340.95px","height":"43.1px","nomeInstancia":"textConvertido_4_0","classe":"textConvertido_4_0","nome":"eba09_04_4_0"},{"tipo":"img","x":"493.25px","y":"291.85px","width":"465.35px","height":"178.75px","nomeInstancia":"transicao_4_1","classe":"transicao_4_1","nome":"eba09_04_4_1"}]},{"desenhos":[{"tipo":"img","x":"78.95px","y":"434.8px","width":"365.55px","height":"43.1px","nomeInstancia":"textConvertido_6_0","classe":"textConvertido_6_0","nome":"eba09_04_6_0"},{"tipo":"img","x":"78.95px","y":"353.05px","width":"367.75px","height":"63.65px","nomeInstancia":"textConvertido_5_0","classe":"textConvertido_5_0","nome":"eba09_04_5_0"},{"tipo":"img","x":"78.95px","y":"291.85px","width":"340.95px","height":"43.1px","nomeInstancia":"textConvertido_4_0","classe":"textConvertido_4_0","nome":"eba09_04_4_0"},{"tipo":"img","x":"493.25px","y":"291.85px","width":"465.35px","height":"178.75px","nomeInstancia":"transicao_4_1","classe":"transicao_4_1","nome":"eba09_04_4_1"}]},{"desenhos":[{"tipo":"img","x":"601.8px","y":"306.5px","width":"340.95px","height":"43.1px","nomeInstancia":"textConvertido_7_0","classe":"textConvertido_7_0","nome":"eba09_04_7_0"},{"tipo":"img","x":"601.8px","y":"206.85px","width":"250.55px","height":"72.85px","nomeInstancia":"transicao_7_2","classe":"transicao_7_2","nome":"eba09_04_7_1"},{"tipo":"img","x":"65.45px","y":"312.8px","width":"465.35px","height":"178.75px","nomeInstancia":"transicao_7_1","classe":"transicao_7_1","nome":"eba09_04_7_2"}]},{"desenhos":[{"tipo":"img","x":"601.8px","y":"367.2px","width":"333.3px","height":"43.1px","nomeInstancia":"textConvertido_8_0","classe":"textConvertido_8_0","nome":"eba09_04_8_0"},{"tipo":"img","x":"601.8px","y":"306.5px","width":"340.95px","height":"43.1px","nomeInstancia":"textConvertido_7_0","classe":"textConvertido_7_0","nome":"eba09_04_7_0"},{"tipo":"img","x":"601.8px","y":"206.85px","width":"250.55px","height":"72.85px","nomeInstancia":"transicao_7_2","classe":"transicao_7_2","nome":"eba09_04_7_1"},{"tipo":"img","x":"65.45px","y":"312.8px","width":"465.35px","height":"178.75px","nomeInstancia":"transicao_7_1","classe":"transicao_7_1","nome":"eba09_04_7_2"}]},{"desenhos":[{"tipo":"img","x":"65.45px","y":"191.1px","width":"666.65px","height":"400px","nomeInstancia":"telaInfo91570472985648","classe":"telaInfo91570472985648","nome":"eba09_04_9_0"},{"tipo":"img","x":"601.8px","y":"427.9px","width":"335.15px","height":"63.65px","nomeInstancia":"textConvertido_9_1","classe":"textConvertido_9_1","nome":"eba09_04_9_1"},{"tipo":"img","x":"601.8px","y":"367.2px","width":"333.3px","height":"43.1px","nomeInstancia":"textConvertido_8_0","classe":"textConvertido_8_0","nome":"eba09_04_8_0"},{"tipo":"img","x":"601.8px","y":"306.5px","width":"340.95px","height":"43.1px","nomeInstancia":"textConvertido_7_0","classe":"textConvertido_7_0","nome":"eba09_04_7_0"},{"tipo":"img","x":"601.8px","y":"206.85px","width":"250.55px","height":"72.85px","nomeInstancia":"transicao_7_2","classe":"transicao_7_2","nome":"eba09_04_7_1"},{"tipo":"img","x":"65.45px","y":"312.8px","width":"465.35px","height":"178.75px","nomeInstancia":"transicao_7_1","classe":"transicao_7_1","nome":"eba09_04_7_2"}]},{"desenhos":[{"tipo":"img","x":"108px","y":"260.75px","width":"497.75px","height":"111px","nomeInstancia":"transicao_10_0","classe":"transicao_10_0","nome":"eba09_04_10_0"},{"nome":"eba09_04_10_1","tipo":"personagem","x":"0px","y":"0px","width":"1016px","height":"659px","nomeInstancia":"animaP10","classe":"animaP10"}]},{"desenhos":[{"tipo":"img","x":"114.65px","y":"366.15px","width":"445.1px","height":"79.55px","nomeInstancia":"transicao_11_0","classe":"transicao_11_0","nome":"eba09_04_11_0"},{"tipo":"img","x":"108px","y":"260.75px","width":"497.75px","height":"111px","nomeInstancia":"transicao_10_0","classe":"transicao_10_0","nome":"eba09_04_10_0"},{"nome":"eba09_04_10_1","tipo":"personagem","x":"0px","y":"0px","width":"1016px","height":"659px","nomeInstancia":"animaP10","classe":"animaP10"}]},{"desenhos":[{"tipo":"img","x":"189.25px","y":"440px","width":"370.5px","height":"82.45px","nomeInstancia":"transicao_12_0","classe":"transicao_12_0","nome":"eba09_04_12_0"},{"tipo":"img","x":"114.65px","y":"366.15px","width":"445.1px","height":"79.55px","nomeInstancia":"transicao_11_0","classe":"transicao_11_0","nome":"eba09_04_11_0"},{"tipo":"img","x":"108px","y":"260.75px","width":"497.75px","height":"111px","nomeInstancia":"transicao_10_0","classe":"transicao_10_0","nome":"eba09_04_10_0"},{"nome":"eba09_04_10_1","tipo":"personagem","x":"0px","y":"0px","width":"1016px","height":"659px","nomeInstancia":"animaP10","classe":"animaP10"}]},{"desenhos":[{"tipo":"img","x":"336.65px","y":"261.7px","width":"497.75px","height":"92px","nomeInstancia":"transicao_13_0","classe":"transicao_13_0","nome":"eba09_04_13_0"},{"tipo":"img","x":"401.9px","y":"150.2px","width":"212.25px","height":"56.3px","nomeInstancia":"transicao_13_2","classe":"transicao_13_2","nome":"eba09_04_13_1"},{"nome":"eba09_04_13_2","tipo":"personagem","x":"0px","y":"0px","width":"1016px","height":"659px","nomeInstancia":"animaP13","classe":"animaP13"}]},{"desenhos":[{"tipo":"img","x":"409.7px","y":"349.7px","width":"445.1px","height":"101.45px","nomeInstancia":"transicao_14_0","classe":"transicao_14_0","nome":"eba09_04_14_0"},{"tipo":"img","x":"336.65px","y":"261.7px","width":"497.75px","height":"92px","nomeInstancia":"transicao_13_0","classe":"transicao_13_0","nome":"eba09_04_13_0"},{"tipo":"img","x":"401.9px","y":"150.2px","width":"212.25px","height":"56.3px","nomeInstancia":"transicao_13_2","classe":"transicao_13_2","nome":"eba09_04_13_1"},{"nome":"eba09_04_13_2","tipo":"personagem","x":"0px","y":"0px","width":"1016px","height":"659px","nomeInstancia":"animaP13","classe":"animaP13"}]},{"desenhos":[{"tipo":"img","x":"67.45px","y":"247.7px","width":"415.25px","height":"288.9px","nomeInstancia":"hotWord41570473066749","classe":"hotWord41570473066749","nome":"eba09_04_15_0"},{"tipo":"img","x":"169.2px","y":"193.65px","width":"410.45px","height":"109px","nomeInstancia":"transicao_15_1","classe":"transicao_15_1","nome":"eba09_04_15_1"},{"nome":"eba09_04_15_2","tipo":"personagem","x":"0px","y":"0px","width":"1016px","height":"659px","nomeInstancia":"animaP15","classe":"animaP15"}]},{"desenhos":[{"tipo":"img","x":"283.95px","y":"191.1px","width":"664.35px","height":"387.9px","nomeInstancia":"telaInfo161570473099888","classe":"telaInfo161570473099888","nome":"eba09_04_16_0"},{"tipo":"img","x":"66.45px","y":"247.7px","width":"415.25px","height":"288.9px","nomeInstancia":"hotWord41570473066749","classe":"hotWord41570473066749","nome":"eba09_04_15_0"},{"tipo":"img","x":"176.35px","y":"296.05px","width":"358.8px","height":"101.45px","nomeInstancia":"transicao_16_2","classe":"transicao_16_2","nome":"eba09_04_16_2"},{"tipo":"img","x":"169.2px","y":"193.65px","width":"410.45px","height":"109px","nomeInstancia":"transicao_15_1","classe":"transicao_15_1","nome":"eba09_04_15_1"},{"nome":"eba09_04_15_2","tipo":"personagem","x":"0px","y":"0px","width":"1016px","height":"659px","nomeInstancia":"animaP15","classe":"animaP15"}]},{"desenhos":[{"tipo":"img","x":"593.25px","y":"340.7px","width":"330.8px","height":"63.65px","nomeInstancia":"textConvertido_17_0","classe":"textConvertido_17_0","nome":"eba09_04_17_0"},{"tipo":"img","x":"593.25px","y":"241.05px","width":"250.55px","height":"72.85px","nomeInstancia":"transicao_17_3","classe":"transicao_17_3","nome":"eba09_04_17_1"},{"tipo":"img","x":"83.95px","y":"167.8px","width":"352.5px","height":"206.95px","nomeInstancia":"transicao_17_2","classe":"transicao_17_2","nome":"eba09_04_17_2"},{"tipo":"img","x":"83.95px","y":"421.45px","width":"426.2px","height":"145.9px","nomeInstancia":"transicao_17_1","classe":"transicao_17_1","nome":"eba09_04_17_3"}]},{"desenhos":[{"tipo":"img","x":"593.25px","y":"422.2px","width":"307.6px","height":"63.65px","nomeInstancia":"textConvertido_18_0","classe":"textConvertido_18_0","nome":"eba09_04_18_0"},{"tipo":"img","x":"593.25px","y":"340.7px","width":"330.8px","height":"63.65px","nomeInstancia":"textConvertido_17_0","classe":"textConvertido_17_0","nome":"eba09_04_17_0"},{"tipo":"img","x":"593.25px","y":"241.05px","width":"250.55px","height":"72.85px","nomeInstancia":"transicao_17_3","classe":"transicao_17_3","nome":"eba09_04_17_1"},{"tipo":"img","x":"83.95px","y":"167.8px","width":"352.5px","height":"206.95px","nomeInstancia":"transicao_17_2","classe":"transicao_17_2","nome":"eba09_04_17_2"},{"tipo":"img","x":"83.95px","y":"421.45px","width":"426.2px","height":"145.9px","nomeInstancia":"transicao_17_1","classe":"transicao_17_1","nome":"eba09_04_17_3"}]},{"desenhos":[{"tipo":"img","x":"94.65px","y":"308.9px","width":"330.8px","height":"43.1px","nomeInstancia":"textConvertido_19_0","classe":"textConvertido_19_0","nome":"eba09_04_19_0"},{"tipo":"img","x":"503.2px","y":"155.55px","width":"352.5px","height":"206.95px","nomeInstancia":"transicao_19_2","classe":"transicao_19_2","nome":"eba09_04_19_1"},{"tipo":"img","x":"503.2px","y":"409.2px","width":"426.2px","height":"145.9px","nomeInstancia":"transicao_19_1","classe":"transicao_19_1","nome":"eba09_04_19_2"}]},{"desenhos":[{"tipo":"img","x":"94.65px","y":"380.65px","width":"319.75px","height":"84.2px","nomeInstancia":"textConvertido_20_0","classe":"textConvertido_20_0","nome":"eba09_04_20_0"},{"tipo":"img","x":"94.65px","y":"308.9px","width":"330.8px","height":"43.1px","nomeInstancia":"textConvertido_19_0","classe":"textConvertido_19_0","nome":"eba09_04_19_0"},{"tipo":"img","x":"503.2px","y":"155.55px","width":"352.5px","height":"206.95px","nomeInstancia":"transicao_19_2","classe":"transicao_19_2","nome":"eba09_04_19_1"},{"tipo":"img","x":"503.2px","y":"409.2px","width":"426.2px","height":"145.9px","nomeInstancia":"transicao_19_1","classe":"transicao_19_1","nome":"eba09_04_19_2"}]},{"desenhos":[{"tipo":"img","x":"592.05px","y":"271px","width":"330.8px","height":"43.1px","nomeInstancia":"textConvertido_21_0","classe":"textConvertido_21_0","nome":"eba09_04_21_0"},{"tipo":"img","x":"77.8px","y":"304px","width":"426.2px","height":"145.9px","nomeInstancia":"transicao_21_1","classe":"transicao_21_1","nome":"eba09_04_21_1"}]},{"desenhos":[{"tipo":"img","x":"592.05px","y":"340.9px","width":"319.75px","height":"84.2px","nomeInstancia":"textConvertido_22_0","classe":"textConvertido_22_0","nome":"eba09_04_22_0"},{"tipo":"img","x":"592.05px","y":"271px","width":"330.8px","height":"43.1px","nomeInstancia":"textConvertido_21_0","classe":"textConvertido_21_0","nome":"eba09_04_21_0"},{"tipo":"img","x":"77.8px","y":"304px","width":"426.2px","height":"145.9px","nomeInstancia":"transicao_21_1","classe":"transicao_21_1","nome":"eba09_04_21_1"}]},{"desenhos":[{"tipo":"img","x":"592.05px","y":"451.9px","width":"330.8px","height":"22.55px","nomeInstancia":"textConvertido_23_0","classe":"textConvertido_23_0","nome":"eba09_04_23_0"},{"tipo":"img","x":"592.05px","y":"340.9px","width":"319.75px","height":"84.2px","nomeInstancia":"textConvertido_22_0","classe":"textConvertido_22_0","nome":"eba09_04_22_0"},{"tipo":"img","x":"592.05px","y":"271px","width":"330.8px","height":"43.1px","nomeInstancia":"textConvertido_21_0","classe":"textConvertido_21_0","nome":"eba09_04_21_0"},{"tipo":"img","x":"77.8px","y":"304px","width":"426.2px","height":"145.9px","nomeInstancia":"transicao_21_1","classe":"transicao_21_1","nome":"eba09_04_21_1"}]},{"desenhos":[{"tipo":"img","x":"76.25px","y":"303.85px","width":"316.55px","height":"84.2px","nomeInstancia":"textConvertido_24_0","classe":"textConvertido_24_0","nome":"eba09_04_24_0"},{"tipo":"img","x":"503.15px","y":"304px","width":"426.2px","height":"145.9px","nomeInstancia":"transicao_24_1","classe":"transicao_24_1","nome":"eba09_04_24_1"}]},{"desenhos":[{"tipo":"img","x":"76.25px","y":"408.1px","width":"321.6px","height":"84.2px","nomeInstancia":"textConvertido_25_0","classe":"textConvertido_25_0","nome":"eba09_04_25_0"},{"tipo":"img","x":"76.25px","y":"303.85px","width":"316.55px","height":"84.2px","nomeInstancia":"textConvertido_24_0","classe":"textConvertido_24_0","nome":"eba09_04_24_0"},{"tipo":"img","x":"503.15px","y":"304px","width":"426.2px","height":"145.9px","nomeInstancia":"transicao_24_1","classe":"transicao_24_1","nome":"eba09_04_24_1"}]},{"desenhos":[{"tipo":"img","x":"597.8px","y":"307.6px","width":"361.95px","height":"63.65px","nomeInstancia":"textConvertido_26_0","classe":"textConvertido_26_0","nome":"eba09_04_26_0"},{"tipo":"img","x":"597.8px","y":"207.65px","width":"250.55px","height":"72.85px","nomeInstancia":"transicao_26_2","classe":"transicao_26_2","nome":"eba09_04_26_1"},{"tipo":"img","x":"36.75px","y":"265.8px","width":"524.7px","height":"226.95px","nomeInstancia":"transicao_26_1","classe":"transicao_26_1","nome":"eba09_04_26_2"}]},{"desenhos":[{"tipo":"img","x":"597.8px","y":"388px","width":"365.65px","height":"104.75px","nomeInstancia":"textConvertido_27_0","classe":"textConvertido_27_0","nome":"eba09_04_27_0"},{"tipo":"img","x":"597.8px","y":"307.6px","width":"361.95px","height":"63.65px","nomeInstancia":"textConvertido_26_0","classe":"textConvertido_26_0","nome":"eba09_04_26_0"},{"tipo":"img","x":"597.8px","y":"207.65px","width":"250.55px","height":"72.85px","nomeInstancia":"transicao_26_2","classe":"transicao_26_2","nome":"eba09_04_26_1"},{"tipo":"img","x":"36.75px","y":"265.8px","width":"524.7px","height":"226.95px","nomeInstancia":"transicao_26_1","classe":"transicao_26_1","nome":"eba09_04_26_2"}]},{"desenhos":[{"tipo":"img","x":"52.65px","y":"263.4px","width":"403.65px","height":"22.55px","nomeInstancia":"textConvertido_28_0","classe":"textConvertido_28_0","nome":"eba09_04_28_0"},{"tipo":"img","x":"456.3px","y":"263.4px","width":"524.7px","height":"226.95px","nomeInstancia":"transicao_28_1","classe":"transicao_28_1","nome":"eba09_04_28_1"}]},{"desenhos":[{"tipo":"img","x":"52.65px","y":"309.25px","width":"377.9px","height":"84.2px","nomeInstancia":"textConvertido_29_0","classe":"textConvertido_29_0","nome":"eba09_04_29_0"},{"tipo":"img","x":"52.65px","y":"263.4px","width":"403.65px","height":"22.55px","nomeInstancia":"textConvertido_28_0","classe":"textConvertido_28_0","nome":"eba09_04_28_0"},{"tipo":"img","x":"456.3px","y":"263.4px","width":"524.7px","height":"226.95px","nomeInstancia":"transicao_28_1","classe":"transicao_28_1","nome":"eba09_04_28_1"}]},{"desenhos":[{"tipo":"img","x":"52.65px","y":"416.75px","width":"388.95px","height":"63.65px","nomeInstancia":"textConvertido_30_0","classe":"textConvertido_30_0","nome":"eba09_04_30_0"},{"tipo":"img","x":"52.65px","y":"309.25px","width":"377.9px","height":"84.2px","nomeInstancia":"textConvertido_29_0","classe":"textConvertido_29_0","nome":"eba09_04_29_0"},{"tipo":"img","x":"52.65px","y":"263.4px","width":"403.65px","height":"22.55px","nomeInstancia":"textConvertido_28_0","classe":"textConvertido_28_0","nome":"eba09_04_28_0"},{"tipo":"img","x":"456.3px","y":"263.4px","width":"524.7px","height":"226.95px","nomeInstancia":"transicao_28_1","classe":"transicao_28_1","nome":"eba09_04_28_1"}]},{"desenhos":[{"tipo":"img","x":"600.8px","y":"323.6px","width":"361.95px","height":"63.65px","nomeInstancia":"textConvertido_31_0","classe":"textConvertido_31_0","nome":"eba09_04_31_0"},{"tipo":"img","x":"36.75px","y":"265.8px","width":"524.7px","height":"226.95px","nomeInstancia":"transicao_31_1","classe":"transicao_31_1","nome":"eba09_04_31_1"}]},{"desenhos":[{"tipo":"img","x":"600.8px","y":"427.3px","width":"380.2px","height":"22.55px","nomeInstancia":"textConvertido_32_0","classe":"textConvertido_32_0","nome":"eba09_04_32_0"},{"tipo":"img","x":"600.8px","y":"323.6px","width":"361.95px","height":"63.65px","nomeInstancia":"textConvertido_31_0","classe":"textConvertido_31_0","nome":"eba09_04_31_0"},{"tipo":"img","x":"36.75px","y":"265.8px","width":"524.7px","height":"226.95px","nomeInstancia":"transicao_31_1","classe":"transicao_31_1","nome":"eba09_04_31_1"}]},{"desenhos":[{"tipo":"img","x":"68.1px","y":"219.55px","width":"578.5px","height":"132.55px","nomeInstancia":"transicao_33_0","classe":"transicao_33_0","nome":"eba09_04_33_0"},{"tipo":"img","x":"401.9px","y":"140.4px","width":"255.75px","height":"56.3px","nomeInstancia":"transicao_33_2","classe":"transicao_33_2","nome":"eba09_04_33_1"},{"nome":"eba09_04_33_2","tipo":"personagem","x":"0px","y":"0px","width":"1016px","height":"659px","nomeInstancia":"animaP34","classe":"animaP34"}]},{"desenhos":[{"tipo":"img","x":"128.4px","y":"347.25px","width":"414.6px","height":"101.45px","nomeInstancia":"transicao_34_0","classe":"transicao_34_0","nome":"eba09_04_34_0"},{"tipo":"img","x":"68.1px","y":"219.55px","width":"578.5px","height":"132.55px","nomeInstancia":"transicao_33_0","classe":"transicao_33_0","nome":"eba09_04_33_0"},{"tipo":"img","x":"401.9px","y":"140.4px","width":"255.75px","height":"56.3px","nomeInstancia":"transicao_33_2","classe":"transicao_33_2","nome":"eba09_04_33_1"},{"nome":"eba09_04_33_2","tipo":"personagem","x":"0px","y":"0px","width":"1016px","height":"659px","nomeInstancia":"animaP34","classe":"animaP34"}]},{"desenhos":[{"tipo":"img","x":"434.7px","y":"192.8px","width":"416.2px","height":"77.7px","nomeInstancia":"transicao_35_0","classe":"transicao_35_0","nome":"eba09_04_35_0"},{"nome":"eba09_04_35_1","tipo":"personagem","x":"0px","y":"0px","width":"1016px","height":"659px","nomeInstancia":"animaP35","classe":"animaP35"}]},{"desenhos":[{"tipo":"img","x":"250.85px","y":"150.6px","width":"481.25px","height":"422.85px","nomeInstancia":"telaInfo361570473351628","classe":"telaInfo361570473351628","nome":"eba09_04_36_0"},{"tipo":"img","x":"504.55px","y":"287.95px","width":"329.05px","height":"43.1px","nomeInstancia":"textConvertido_36_1","classe":"textConvertido_36_1","nome":"eba09_04_36_1"},{"tipo":"img","x":"434.7px","y":"192.8px","width":"416.2px","height":"77.7px","nomeInstancia":"transicao_35_0","classe":"transicao_35_0","nome":"eba09_04_35_0"}]},{"desenhos":[{"tipo":"img","x":"138.2px","y":"201px","width":"473.1px","height":"95.55px","nomeInstancia":"transicao_37_0","classe":"transicao_37_0","nome":"eba09_04_37_0"},{"nome":"eba09_04_37_1","tipo":"personagem","x":"0px","y":"0px","width":"1016px","height":"659px","nomeInstancia":"animaP37","classe":"animaP37"}]},{"desenhos":[{"tipo":"img","x":"188.1px","y":"291.55px","width":"318px","height":"111.25px","nomeInstancia":"transicao_38_0","classe":"transicao_38_0","nome":"eba09_04_38_0"},{"tipo":"img","x":"138.2px","y":"201px","width":"473.1px","height":"95.55px","nomeInstancia":"transicao_37_0","classe":"transicao_37_0","nome":"eba09_04_37_0"},{"nome":"eba09_04_37_1","tipo":"personagem","x":"0px","y":"0px","width":"1016px","height":"659px","nomeInstancia":"animaP37","classe":"animaP37"}]},{"desenhos":[{"tipo":"img","x":"176.15px","y":"151.05px","width":"663.75px","height":"419.3px","nomeInstancia":"telaInfo_miniNavegacao_38","classe":"telaInfo_miniNavegacao_38","nome":"eba09_04_39_0"},{"tipo":"img","x":"203.6px","y":"291.55px","width":"318px","height":"111.25px","nomeInstancia":"transicao_39_2","classe":"transicao_39_2","nome":"eba09_04_39_1"},{"tipo":"img","x":"250.35px","y":"419.55px","width":"224.55px","height":"22.55px","nomeInstancia":"textConvertido_38_1","classe":"textConvertido_38_1","nome":"eba09_04_39_2"},{"tipo":"img","x":"138.2px","y":"201px","width":"473.1px","height":"95.55px","nomeInstancia":"transicao_37_0","classe":"transicao_37_0","nome":"eba09_04_37_0"}]},{"desenhos":[{"tipo":"img","x":"152.55px","y":"242.7px","width":"711.5px","height":"350.55px","nomeInstancia":"dragDrop","classe":"dragDrop","nome":"eba09_04_40_0"},{"tipo":"img","x":"392.75px","y":"156.5px","width":"230.5px","height":"78.4px","nomeInstancia":"transicao_40_1","classe":"transicao_40_1","nome":"eba09_04_40_1"}]}]}