{"licao":"eba09_01","topico":"01","telas":[{"desenhos":[{"tipo":"img","x":"439.85px","y":"200.5px","width":"304.45px","height":"55.85px","nomeInstancia":"transicao_1_0","classe":"transicao_1_0","nome":"eba09_01_1_0"},{"nome":"eba09_01_1_1","tipo":"personagem","x":"0px","y":"0px","width":"1016px","height":"659px","nomeInstancia":"animaP1","classe":"animaP1"}]},{"desenhos":[{"tipo":"img","x":"486.25px","y":"250.95px","width":"355.75px","height":"130.95px","nomeInstancia":"transicao_2_0","classe":"transicao_2_0","nome":"eba09_01_2_0"},{"tipo":"img","x":"439.85px","y":"200.5px","width":"304.45px","height":"55.85px","nomeInstancia":"transicao_1_0","classe":"transicao_1_0","nome":"eba09_01_1_0"},{"nome":"eba09_01_1_1","tipo":"personagem","x":"0px","y":"0px","width":"1016px","height":"659px","nomeInstancia":"animaP1","classe":"animaP1"}]},{"desenhos":[{"tipo":"img","x":"486.25px","y":"377.5px","width":"355.75px","height":"82.6px","nomeInstancia":"transicao_3_0","classe":"transicao_3_0","nome":"eba09_01_3_0"},{"tipo":"img","x":"486.25px","y":"250.95px","width":"355.75px","height":"130.95px","nomeInstancia":"transicao_2_0","classe":"transicao_2_0","nome":"eba09_01_2_0"},{"tipo":"img","x":"439.85px","y":"200.5px","width":"304.45px","height":"55.85px","nomeInstancia":"transicao_1_0","classe":"transicao_1_0","nome":"eba09_01_1_0"},{"nome":"eba09_01_1_1","tipo":"personagem","x":"0px","y":"0px","width":"1016px","height":"659px","nomeInstancia":"animaP1","classe":"animaP1"}]},{"desenhos":[{"tipo":"img","x":"266.6px","y":"199.1px","width":"385.6px","height":"69.45px","nomeInstancia":"transicao_4_0","classe":"transicao_4_0","nome":"eba09_01_4_0"},{"nome":"eba09_01_4_1","tipo":"personagem","x":"0px","y":"0px","width":"1016px","height":"659px","nomeInstancia":"animaP4","classe":"animaP4"}]},{"desenhos":[{"tipo":"img","x":"178.1px","y":"124.95px","width":"425.05px","height":"208.65px","nomeInstancia":"hotWord41570468367572","classe":"hotWord41570468367572","nome":"eba09_01_5_0"},{"tipo":"img","x":"206.4px","y":"262px","width":"397.45px","height":"107.25px","nomeInstancia":"transicao_5_1","classe":"transicao_5_1","nome":"eba09_01_5_1"},{"tipo":"img","x":"266.6px","y":"199.1px","width":"385.6px","height":"69.45px","nomeInstancia":"transicao_4_0","classe":"transicao_4_0","nome":"eba09_01_4_0"},{"nome":"eba09_01_4_1","tipo":"personagem","x":"0px","y":"0px","width":"1016px","height":"659px","nomeInstancia":"animaP4","classe":"animaP4"}]},{"desenhos":[{"tipo":"img","x":"178.1px","y":"124.95px","width":"425.05px","height":"208.65px","nomeInstancia":"hotWord41570468367572","classe":"hotWord41570468367572","nome":"eba09_01_5_0"},{"tipo":"img","x":"252.15px","y":"363.45px","width":"231.65px","height":"82.6px","nomeInstancia":"transicao_6_1","classe":"transicao_6_1","nome":"eba09_01_6_1"},{"tipo":"img","x":"206.4px","y":"262px","width":"397.45px","height":"107.25px","nomeInstancia":"transicao_5_1","classe":"transicao_5_1","nome":"eba09_01_5_1"},{"tipo":"img","x":"266.6px","y":"199.1px","width":"385.6px","height":"69.45px","nomeInstancia":"transicao_4_0","classe":"transicao_4_0","nome":"eba09_01_4_0"},{"nome":"eba09_01_4_1","tipo":"personagem","x":"0px","y":"0px","width":"1016px","height":"659px","nomeInstancia":"animaP4","classe":"animaP4"}]}]}