{"licao":"eba09_05","topico":"05","telas":[{"desenhos":[{"tipo":"img","x":"401.8px","y":"249.9px","width":"464.4px","height":"72.45px","nomeInstancia":"transicao_1_0","classe":"transicao_1_0","nome":"eba09_05_1_0"},{"tipo":"img","x":"60.75px","y":"160.1px","width":"130.05px","height":"56.3px","nomeInstancia":"transicao_1_2","classe":"transicao_1_2","nome":"eba09_05_1_1"},{"nome":"eba09_05_1_2","tipo":"personagem","x":"0px","y":"0px","width":"1016px","height":"659px","nomeInstancia":"animaP1","classe":"animaP1"}]},{"desenhos":[{"tipo":"img","x":"510.45px","y":"317.4px","width":"355.75px","height":"111.25px","nomeInstancia":"transicao_2_0","classe":"transicao_2_0","nome":"eba09_05_2_0"},{"tipo":"img","x":"401.8px","y":"249.9px","width":"464.4px","height":"72.45px","nomeInstancia":"transicao_1_0","classe":"transicao_1_0","nome":"eba09_05_1_0"},{"tipo":"img","x":"60.75px","y":"160.1px","width":"130.05px","height":"56.3px","nomeInstancia":"transicao_1_2","classe":"transicao_1_2","nome":"eba09_05_1_1"},{"nome":"eba09_05_1_2","tipo":"personagem","x":"0px","y":"0px","width":"1016px","height":"659px","nomeInstancia":"animaP1","classe":"animaP1"}]},{"desenhos":[{"tipo":"img","x":"510.45px","y":"423.8px","width":"355.75px","height":"84.4px","nomeInstancia":"transicao_3_0","classe":"transicao_3_0","nome":"eba09_05_3_0"},{"tipo":"img","x":"510.45px","y":"317.4px","width":"355.75px","height":"111.25px","nomeInstancia":"transicao_2_0","classe":"transicao_2_0","nome":"eba09_05_2_0"},{"tipo":"img","x":"401.8px","y":"249.9px","width":"464.4px","height":"72.45px","nomeInstancia":"transicao_1_0","classe":"transicao_1_0","nome":"eba09_05_1_0"},{"tipo":"img","x":"60.75px","y":"160.1px","width":"130.05px","height":"56.3px","nomeInstancia":"transicao_1_2","classe":"transicao_1_2","nome":"eba09_05_1_1"},{"nome":"eba09_05_1_2","tipo":"personagem","x":"0px","y":"0px","width":"1016px","height":"659px","nomeInstancia":"animaP1","classe":"animaP1"}]},{"desenhos":[{"tipo":"img","x":"242.55px","y":"250.25px","width":"395.75px","height":"107.45px","nomeInstancia":"transicao_4_0","classe":"transicao_4_0","nome":"eba09_05_4_0"},{"nome":"eba09_05_4_1","tipo":"personagem","x":"0px","y":"0px","width":"1016px","height":"659px","nomeInstancia":"animaP4","classe":"animaP4"}]},{"desenhos":[{"tipo":"img","x":"231.05px","y":"352.7px","width":"355.75px","height":"111.25px","nomeInstancia":"transicao_5_0","classe":"transicao_5_0","nome":"eba09_05_5_0"},{"tipo":"img","x":"242.55px","y":"250.25px","width":"395.75px","height":"107.45px","nomeInstancia":"transicao_4_0","classe":"transicao_4_0","nome":"eba09_05_4_0"},{"nome":"eba09_05_4_1","tipo":"personagem","x":"0px","y":"0px","width":"1016px","height":"659px","nomeInstancia":"animaP4","classe":"animaP4"}]},{"desenhos":[{"tipo":"img","x":"196.25px","y":"458.95px","width":"390.55px","height":"84.4px","nomeInstancia":"transicao_6_0","classe":"transicao_6_0","nome":"eba09_05_6_0"},{"tipo":"img","x":"231.05px","y":"352.7px","width":"355.75px","height":"111.25px","nomeInstancia":"transicao_5_0","classe":"transicao_5_0","nome":"eba09_05_5_0"},{"tipo":"img","x":"242.55px","y":"250.25px","width":"395.75px","height":"107.45px","nomeInstancia":"transicao_4_0","classe":"transicao_4_0","nome":"eba09_05_4_0"},{"nome":"eba09_05_4_1","tipo":"personagem","x":"0px","y":"0px","width":"1016px","height":"659px","nomeInstancia":"animaP4","classe":"animaP4"}]},{"desenhos":[{"tipo":"img","x":"283.95px","y":"174.5px","width":"448.15px","height":"310.05px","nomeInstancia":"transicao_7_0","classe":"transicao_7_0","nome":"eba09_05_7_0"}]},{"desenhos":[{"tipo":"img","x":"360.25px","y":"171.5px","width":"464.4px","height":"72.45px","nomeInstancia":"transicao_8_0","classe":"transicao_8_0","nome":"eba09_05_8_0"},{"nome":"eba09_05_8_1","tipo":"personagem","x":"0px","y":"0px","width":"1016px","height":"659px","nomeInstancia":"animaP8","classe":"animaP8"}]},{"desenhos":[{"tipo":"img","x":"437.75px","y":"239px","width":"386.7px","height":"111.25px","nomeInstancia":"transicao_9_0","classe":"transicao_9_0","nome":"eba09_05_9_0"},{"tipo":"img","x":"360.25px","y":"171.5px","width":"464.4px","height":"72.45px","nomeInstancia":"transicao_8_0","classe":"transicao_8_0","nome":"eba09_05_8_0"},{"nome":"eba09_05_8_1","tipo":"personagem","x":"0px","y":"0px","width":"1016px","height":"659px","nomeInstancia":"animaP8","classe":"animaP8"}]},{"desenhos":[{"tipo":"img","x":"437.75px","y":"345.4px","width":"397.35px","height":"84.4px","nomeInstancia":"transicao_10_0","classe":"transicao_10_0","nome":"eba09_05_10_0"},{"tipo":"img","x":"437.75px","y":"239px","width":"386.7px","height":"111.25px","nomeInstancia":"transicao_9_0","classe":"transicao_9_0","nome":"eba09_05_9_0"},{"tipo":"img","x":"360.25px","y":"171.5px","width":"464.4px","height":"72.45px","nomeInstancia":"transicao_8_0","classe":"transicao_8_0","nome":"eba09_05_8_0"},{"nome":"eba09_05_8_1","tipo":"personagem","x":"0px","y":"0px","width":"1016px","height":"659px","nomeInstancia":"animaP8","classe":"animaP8"}]}]}