{"licao":"eba09_02","topico":"02","telas":[{"desenhos":[{"tipo":"img","x":"441.75px","y":"277.65px","width":"434.2px","height":"112.25px","nomeInstancia":"transicao_1_0","classe":"transicao_1_0","nome":"eba09_02_1_0"},{"tipo":"img","x":"382.75px","y":"142.15px","width":"250.55px","height":"72.85px","nomeInstancia":"transicao_1_2","classe":"transicao_1_2","nome":"eba09_02_1_1"},{"nome":"eba09_02_1_2","tipo":"personagem","x":"0px","y":"0px","width":"1016px","height":"659px","nomeInstancia":"animaP1","classe":"animaP1"}]},{"desenhos":[{"tipo":"img","x":"526.3px","y":"385.5px","width":"378.65px","height":"123.15px","nomeInstancia":"transicao_2_0","classe":"transicao_2_0","nome":"eba09_02_2_0"},{"tipo":"img","x":"441.75px","y":"277.65px","width":"434.2px","height":"112.25px","nomeInstancia":"transicao_1_0","classe":"transicao_1_0","nome":"eba09_02_1_0"},{"tipo":"img","x":"382.75px","y":"142.15px","width":"250.55px","height":"72.85px","nomeInstancia":"transicao_1_2","classe":"transicao_1_2","nome":"eba09_02_1_1"},{"nome":"eba09_02_1_2","tipo":"personagem","x":"0px","y":"0px","width":"1016px","height":"659px","nomeInstancia":"animaP1","classe":"animaP1"}]},{"desenhos":[{"tipo":"img","x":"63.25px","y":"297.95px","width":"345px","height":"63.65px","nomeInstancia":"textConvertido_3_0","classe":"textConvertido_3_0","nome":"eba09_02_3_0"},{"tipo":"img","x":"436.65px","y":"347.05px","width":"509.95px","height":"94.35px","nomeInstancia":"transicao_3_1","classe":"transicao_3_1","nome":"eba09_02_3_1"}]},{"desenhos":[{"tipo":"img","x":"63.25px","y":"377.95px","width":"345px","height":"43.1px","nomeInstancia":"textConvertido_4_0","classe":"textConvertido_4_0","nome":"eba09_02_4_0"},{"tipo":"img","x":"63.25px","y":"297.95px","width":"345px","height":"63.65px","nomeInstancia":"textConvertido_3_0","classe":"textConvertido_3_0","nome":"eba09_02_3_0"},{"tipo":"img","x":"436.65px","y":"347.05px","width":"509.95px","height":"94.35px","nomeInstancia":"transicao_3_1","classe":"transicao_3_1","nome":"eba09_02_3_1"}]},{"desenhos":[{"tipo":"img","x":"63.25px","y":"437.4px","width":"290.85px","height":"43.1px","nomeInstancia":"textConvertido_5_0","classe":"textConvertido_5_0","nome":"eba09_02_5_0"},{"tipo":"img","x":"63.25px","y":"377.95px","width":"345px","height":"43.1px","nomeInstancia":"textConvertido_4_0","classe":"textConvertido_4_0","nome":"eba09_02_4_0"},{"tipo":"img","x":"63.25px","y":"297.95px","width":"345px","height":"63.65px","nomeInstancia":"textConvertido_3_0","classe":"textConvertido_3_0","nome":"eba09_02_3_0"},{"tipo":"img","x":"436.65px","y":"347.05px","width":"509.95px","height":"94.35px","nomeInstancia":"transicao_3_1","classe":"transicao_3_1","nome":"eba09_02_3_1"}]},{"desenhos":[{"tipo":"img","x":"645px","y":"303.9px","width":"320.95px","height":"63.65px","nomeInstancia":"textConvertido_6_0","classe":"textConvertido_6_0","nome":"eba09_02_6_0"},{"tipo":"img","x":"40.75px","y":"308.55px","width":"571.55px","height":"127.1px","nomeInstancia":"transicao_6_1","classe":"transicao_6_1","nome":"eba09_02_6_1"}]},{"desenhos":[{"tipo":"img","x":"645px","y":"396.9px","width":"323.95px","height":"63.65px","nomeInstancia":"textConvertido_7_0","classe":"textConvertido_7_0","nome":"eba09_02_7_0"},{"tipo":"img","x":"645px","y":"303.9px","width":"320.95px","height":"63.65px","nomeInstancia":"textConvertido_6_0","classe":"textConvertido_6_0","nome":"eba09_02_6_0"},{"tipo":"img","x":"40.75px","y":"308.55px","width":"571.55px","height":"127.1px","nomeInstancia":"transicao_6_1","classe":"transicao_6_1","nome":"eba09_02_6_1"}]},{"desenhos":[{"tipo":"img","x":"64.3px","y":"317.9px","width":"320.95px","height":"63.65px","nomeInstancia":"textConvertido_8_0","classe":"textConvertido_8_0","nome":"eba09_02_8_0"},{"tipo":"img","x":"394.25px","y":"308.55px","width":"571.55px","height":"127.1px","nomeInstancia":"transicao_8_1","classe":"transicao_8_1","nome":"eba09_02_8_1"}]},{"desenhos":[{"tipo":"img","x":"64.3px","y":"410.9px","width":"293.85px","height":"43.1px","nomeInstancia":"textConvertido_9_0","classe":"textConvertido_9_0","nome":"eba09_02_9_0"},{"tipo":"img","x":"64.3px","y":"317.9px","width":"320.95px","height":"63.65px","nomeInstancia":"textConvertido_8_0","classe":"textConvertido_8_0","nome":"eba09_02_8_0"},{"tipo":"img","x":"394.25px","y":"308.55px","width":"571.55px","height":"127.1px","nomeInstancia":"transicao_8_1","classe":"transicao_8_1","nome":"eba09_02_8_1"}]},{"desenhos":[{"tipo":"img","x":"433.25px","y":"267.9px","width":"413.95px","height":"70.4px","nomeInstancia":"transicao_10_0","classe":"transicao_10_0","nome":"eba09_02_10_0"},{"nome":"eba09_02_10_1","tipo":"personagem","x":"0px","y":"0px","width":"1016px","height":"659px","nomeInstancia":"animaP10","classe":"animaP10"}]},{"desenhos":[{"tipo":"img","x":"510.3px","y":"333.3px","width":"378.65px","height":"123.15px","nomeInstancia":"transicao_11_0","classe":"transicao_11_0","nome":"eba09_02_11_0"},{"tipo":"img","x":"433.25px","y":"267.9px","width":"413.95px","height":"70.4px","nomeInstancia":"transicao_10_0","classe":"transicao_10_0","nome":"eba09_02_10_0"},{"nome":"eba09_02_10_1","tipo":"personagem","x":"0px","y":"0px","width":"1016px","height":"659px","nomeInstancia":"animaP10","classe":"animaP10"}]},{"desenhos":[{"tipo":"img","x":"104.45px","y":"163.4px","width":"398.45px","height":"207.2px","nomeInstancia":"hotWord41570468551776","classe":"hotWord41570468551776","nome":"eba09_02_12_0"},{"tipo":"img","x":"106.45px","y":"348.9px","width":"320.95px","height":"43.1px","nomeInstancia":"textConvertido_12_1","classe":"textConvertido_12_1","nome":"eba09_02_12_1"},{"tipo":"img","x":"106.45px","y":"263.9px","width":"280.85px","height":"56.3px","nomeInstancia":"transicao_12_3","classe":"transicao_12_3","nome":"eba09_02_12_2"},{"tipo":"img","x":"539.05px","y":"320.2px","width":"325px","height":"162.35px","nomeInstancia":"transicao_12_2","classe":"transicao_12_2","nome":"eba09_02_12_3"}]},{"desenhos":[{"tipo":"img","x":"104.45px","y":"163.4px","width":"398.45px","height":"207.2px","nomeInstancia":"hotWord41570468551776","classe":"hotWord41570468551776","nome":"eba09_02_12_0"},{"tipo":"img","x":"106.45px","y":"409.05px","width":"293.85px","height":"43.1px","nomeInstancia":"textConvertido_13_1","classe":"textConvertido_13_1","nome":"eba09_02_13_1"},{"tipo":"img","x":"106.45px","y":"348.9px","width":"320.95px","height":"43.1px","nomeInstancia":"textConvertido_12_1","classe":"textConvertido_12_1","nome":"eba09_02_12_1"},{"tipo":"img","x":"106.45px","y":"263.9px","width":"280.85px","height":"56.3px","nomeInstancia":"transicao_12_3","classe":"transicao_12_3","nome":"eba09_02_12_2"},{"tipo":"img","x":"539.05px","y":"320.2px","width":"325px","height":"162.35px","nomeInstancia":"transicao_12_2","classe":"transicao_12_2","nome":"eba09_02_12_3"}]},{"desenhos":[{"tipo":"img","x":"422.25px","y":"254.35px","width":"377.25px","height":"83.7px","nomeInstancia":"transicao_14_0","classe":"transicao_14_0","nome":"eba09_02_14_0"},{"nome":"eba09_02_14_1","tipo":"personagem","x":"0px","y":"0px","width":"1016px","height":"659px","nomeInstancia":"animaP14","classe":"animaP14"}]},{"desenhos":[{"tipo":"img","x":"469.55px","y":"332.2px","width":"319.15px","height":"102.35px","nomeInstancia":"transicao_15_0","classe":"transicao_15_0","nome":"eba09_02_15_0"},{"tipo":"img","x":"422.25px","y":"254.35px","width":"377.25px","height":"83.7px","nomeInstancia":"transicao_14_0","classe":"transicao_14_0","nome":"eba09_02_14_0"},{"nome":"eba09_02_14_1","tipo":"personagem","x":"0px","y":"0px","width":"1016px","height":"659px","nomeInstancia":"animaP14","classe":"animaP14"}]},{"desenhos":[{"tipo":"img","x":"182.15px","y":"204.95px","width":"430.1px","height":"106.15px","nomeInstancia":"transicao_16_0","classe":"transicao_16_0","nome":"eba09_02_16_0"},{"nome":"eba09_02_16_1","tipo":"personagem","x":"0px","y":"0px","width":"1016px","height":"659px","nomeInstancia":"animaP16","classe":"animaP16"}]},{"desenhos":[{"tipo":"img","x":"220.7px","y":"305.85px","width":"306.15px","height":"80.6px","nomeInstancia":"transicao_17_0","classe":"transicao_17_0","nome":"eba09_02_17_0"},{"tipo":"img","x":"182.15px","y":"204.95px","width":"430.1px","height":"106.15px","nomeInstancia":"transicao_16_0","classe":"transicao_16_0","nome":"eba09_02_16_0"},{"nome":"eba09_02_16_1","tipo":"personagem","x":"0px","y":"0px","width":"1016px","height":"659px","nomeInstancia":"animaP16","classe":"animaP16"}]},{"desenhos":[{"tipo":"img","x":"528.2px","y":"279.35px","width":"327.8px","height":"63.65px","nomeInstancia":"textConvertido_18_0","classe":"textConvertido_18_0","nome":"eba09_02_18_0"},{"tipo":"img","x":"99.35px","y":"303.65px","width":"300.1px","height":"143.2px","nomeInstancia":"transicao_18_1","classe":"transicao_18_1","nome":"eba09_02_18_1"}]},{"desenhos":[{"tipo":"img","x":"528.2px","y":"362.85px","width":"352.05px","height":"43.1px","nomeInstancia":"textConvertido_19_0","classe":"textConvertido_19_0","nome":"eba09_02_19_0"},{"tipo":"img","x":"528.2px","y":"279.35px","width":"327.8px","height":"63.65px","nomeInstancia":"textConvertido_18_0","classe":"textConvertido_18_0","nome":"eba09_02_18_0"},{"tipo":"img","x":"99.35px","y":"303.65px","width":"300.1px","height":"143.2px","nomeInstancia":"transicao_18_1","classe":"transicao_18_1","nome":"eba09_02_18_1"}]},{"desenhos":[{"tipo":"img","x":"528.2px","y":"425.8px","width":"403.7px","height":"63.65px","nomeInstancia":"textConvertido_20_0","classe":"textConvertido_20_0","nome":"eba09_02_20_0"},{"tipo":"img","x":"528.2px","y":"362.85px","width":"352.05px","height":"43.1px","nomeInstancia":"textConvertido_19_0","classe":"textConvertido_19_0","nome":"eba09_02_19_0"},{"tipo":"img","x":"528.2px","y":"279.35px","width":"327.8px","height":"63.65px","nomeInstancia":"textConvertido_18_0","classe":"textConvertido_18_0","nome":"eba09_02_18_0"},{"tipo":"img","x":"99.35px","y":"303.65px","width":"300.1px","height":"143.2px","nomeInstancia":"transicao_18_1","classe":"transicao_18_1","nome":"eba09_02_18_1"}]},{"desenhos":[{"tipo":"img","x":"352.1px","y":"200.7px","width":"267.25px","height":"55px","nomeInstancia":"transicao_21_0","classe":"transicao_21_0","nome":"eba09_02_21_0"},{"nome":"eba09_02_21_1","tipo":"personagem","x":"0px","y":"0px","width":"1016px","height":"659px","nomeInstancia":"animaP21","classe":"animaP21"}]},{"desenhos":[{"tipo":"img","x":"186.75px","y":"250.45px","width":"383.95px","height":"128.85px","nomeInstancia":"transicao_22_0","classe":"transicao_22_0","nome":"eba09_02_22_0"},{"tipo":"img","x":"352.1px","y":"200.7px","width":"267.25px","height":"55px","nomeInstancia":"transicao_21_0","classe":"transicao_21_0","nome":"eba09_02_21_0"},{"nome":"eba09_02_21_1","tipo":"personagem","x":"0px","y":"0px","width":"1016px","height":"659px","nomeInstancia":"animaP21","classe":"animaP21"}]},{"desenhos":[{"tipo":"img","x":"276.55px","y":"375.1px","width":"294.15px","height":"62.5px","nomeInstancia":"transicao_23_0","classe":"transicao_23_0","nome":"eba09_02_23_0"},{"tipo":"img","x":"186.75px","y":"250.45px","width":"383.95px","height":"128.85px","nomeInstancia":"transicao_22_0","classe":"transicao_22_0","nome":"eba09_02_22_0"},{"tipo":"img","x":"352.1px","y":"200.7px","width":"267.25px","height":"55px","nomeInstancia":"transicao_21_0","classe":"transicao_21_0","nome":"eba09_02_21_0"},{"nome":"eba09_02_21_1","tipo":"personagem","x":"0px","y":"0px","width":"1016px","height":"659px","nomeInstancia":"animaP21","classe":"animaP21"}]},{"desenhos":[{"tipo":"img","x":"517px","y":"318.35px","width":"382.45px","height":"63.65px","nomeInstancia":"textConvertido_24_0","classe":"textConvertido_24_0","nome":"eba09_02_24_0"},{"tipo":"img","x":"380.25px","y":"190.05px","width":"255.55px","height":"56.3px","nomeInstancia":"transicao_24_2","classe":"transicao_24_2","nome":"eba09_02_24_1"},{"tipo":"img","x":"133.1px","y":"318.35px","width":"313.35px","height":"144.8px","nomeInstancia":"transicao_24_1","classe":"transicao_24_1","nome":"eba09_02_24_2"}]},{"desenhos":[{"tipo":"img","x":"283.95px","y":"191.1px","width":"662.85px","height":"390.2px","nomeInstancia":"telaInfo251570468625603","classe":"telaInfo251570468625603","nome":"eba09_02_25_0"},{"tipo":"img","x":"517px","y":"422.9px","width":"403.55px","height":"43.1px","nomeInstancia":"textConvertido_25_1","classe":"textConvertido_25_1","nome":"eba09_02_25_1"},{"tipo":"img","x":"517px","y":"318.35px","width":"382.45px","height":"63.65px","nomeInstancia":"textConvertido_24_0","classe":"textConvertido_24_0","nome":"eba09_02_24_0"},{"tipo":"img","x":"380.25px","y":"190.05px","width":"255.55px","height":"56.3px","nomeInstancia":"transicao_24_2","classe":"transicao_24_2","nome":"eba09_02_24_1"},{"tipo":"img","x":"133.1px","y":"318.35px","width":"313.35px","height":"144.8px","nomeInstancia":"transicao_24_1","classe":"transicao_24_1","nome":"eba09_02_24_2"}]},{"desenhos":[{"tipo":"img","x":"120.95px","y":"302.55px","width":"232.35px","height":"43.1px","nomeInstancia":"textConvertido_26_0","classe":"textConvertido_26_0","nome":"eba09_02_26_0"},{"tipo":"img","x":"550.7px","y":"302.55px","width":"313.35px","height":"144.8px","nomeInstancia":"transicao_26_1","classe":"transicao_26_1","nome":"eba09_02_26_1"}]},{"desenhos":[{"tipo":"img","x":"120.95px","y":"378.6px","width":"273.55px","height":"63.65px","nomeInstancia":"textConvertido_27_0","classe":"textConvertido_27_0","nome":"eba09_02_27_0"},{"tipo":"img","x":"120.95px","y":"302.55px","width":"232.35px","height":"43.1px","nomeInstancia":"textConvertido_26_0","classe":"textConvertido_26_0","nome":"eba09_02_26_0"},{"tipo":"img","x":"550.7px","y":"302.55px","width":"313.35px","height":"144.8px","nomeInstancia":"transicao_26_1","classe":"transicao_26_1","nome":"eba09_02_26_1"}]},{"desenhos":[{"tipo":"img","x":"649.7px","y":"324.65px","width":"297px","height":"43.1px","nomeInstancia":"textConvertido_28_0","classe":"textConvertido_28_0","nome":"eba09_02_28_0"},{"tipo":"img","x":"649.7px","y":"226.8px","width":"232.8px","height":"56.3px","nomeInstancia":"transicao_28_2","classe":"transicao_28_2","nome":"eba09_02_28_1"},{"tipo":"img","x":"71.65px","y":"302.35px","width":"520.85px","height":"202.25px","nomeInstancia":"transicao_28_1","classe":"transicao_28_1","nome":"eba09_02_28_2"}]},{"desenhos":[{"tipo":"img","x":"649.7px","y":"384.85px","width":"312.85px","height":"43.1px","nomeInstancia":"textConvertido_29_0","classe":"textConvertido_29_0","nome":"eba09_02_29_0"},{"tipo":"img","x":"649.7px","y":"324.65px","width":"297px","height":"43.1px","nomeInstancia":"textConvertido_28_0","classe":"textConvertido_28_0","nome":"eba09_02_28_0"},{"tipo":"img","x":"649.7px","y":"226.8px","width":"232.8px","height":"56.3px","nomeInstancia":"transicao_28_2","classe":"transicao_28_2","nome":"eba09_02_28_1"},{"tipo":"img","x":"71.65px","y":"302.35px","width":"520.85px","height":"202.25px","nomeInstancia":"transicao_28_1","classe":"transicao_28_1","nome":"eba09_02_28_2"}]},{"desenhos":[{"tipo":"img","x":"649.7px","y":"445.05px","width":"281.15px","height":"22.55px","nomeInstancia":"textConvertido_30_0","classe":"textConvertido_30_0","nome":"eba09_02_30_0"},{"tipo":"img","x":"649.7px","y":"384.85px","width":"312.85px","height":"43.1px","nomeInstancia":"textConvertido_29_0","classe":"textConvertido_29_0","nome":"eba09_02_29_0"},{"tipo":"img","x":"649.7px","y":"324.65px","width":"297px","height":"43.1px","nomeInstancia":"textConvertido_28_0","classe":"textConvertido_28_0","nome":"eba09_02_28_0"},{"tipo":"img","x":"649.7px","y":"226.8px","width":"232.8px","height":"56.3px","nomeInstancia":"transicao_28_2","classe":"transicao_28_2","nome":"eba09_02_28_1"},{"tipo":"img","x":"71.65px","y":"302.35px","width":"520.85px","height":"202.25px","nomeInstancia":"transicao_28_1","classe":"transicao_28_1","nome":"eba09_02_28_2"}]},{"desenhos":[{"tipo":"img","x":"58.85px","y":"280.25px","width":"297px","height":"84.2px","nomeInstancia":"textConvertido_31_0","classe":"textConvertido_31_0","nome":"eba09_02_31_0"},{"tipo":"img","x":"435.7px","y":"280.25px","width":"520.85px","height":"202.25px","nomeInstancia":"transicao_31_1","classe":"transicao_31_1","nome":"eba09_02_31_1"}]},{"desenhos":[{"tipo":"img","x":"58.85px","y":"391.2px","width":"330.2px","height":"84.2px","nomeInstancia":"textConvertido_32_0","classe":"textConvertido_32_0","nome":"eba09_02_32_0"},{"tipo":"img","x":"58.85px","y":"280.25px","width":"297px","height":"84.2px","nomeInstancia":"textConvertido_31_0","classe":"textConvertido_31_0","nome":"eba09_02_31_0"},{"tipo":"img","x":"435.7px","y":"280.25px","width":"520.85px","height":"202.25px","nomeInstancia":"transicao_31_1","classe":"transicao_31_1","nome":"eba09_02_31_1"}]},{"desenhos":[{"tipo":"img","x":"228.1px","y":"257.9px","width":"559.85px","height":"22.55px","nomeInstancia":"textConvertido_33_0","classe":"textConvertido_33_0","nome":"eba09_02_33_0"}]},{"desenhos":[{"tipo":"img","x":"405.7px","y":"308.1px","width":"204.65px","height":"107.25px","nomeInstancia":"transicao_34_0","classe":"transicao_34_0","nome":"eba09_02_34_0"},{"tipo":"img","x":"228.1px","y":"257.9px","width":"559.85px","height":"22.55px","nomeInstancia":"textConvertido_33_0","classe":"textConvertido_33_0","nome":"eba09_02_33_0"}]},{"desenhos":[{"tipo":"img","x":"283.95px","y":"191.1px","width":"681.6px","height":"388.3px","nomeInstancia":"telaInfo351570468664284","classe":"telaInfo351570468664284","nome":"eba09_02_35_0"},{"tipo":"img","x":"228.1px","y":"443px","width":"577.9px","height":"43.1px","nomeInstancia":"textConvertido_35_1","classe":"textConvertido_35_1","nome":"eba09_02_35_1"},{"tipo":"img","x":"405.7px","y":"308.1px","width":"204.65px","height":"107.25px","nomeInstancia":"transicao_34_0","classe":"transicao_34_0","nome":"eba09_02_34_0"},{"tipo":"img","x":"228.1px","y":"257.9px","width":"559.85px","height":"22.55px","nomeInstancia":"textConvertido_33_0","classe":"textConvertido_33_0","nome":"eba09_02_33_0"}]},{"desenhos":[{"tipo":"img","x":"488.65px","y":"258.85px","width":"425.4px","height":"71px","nomeInstancia":"transicao_36_0","classe":"transicao_36_0","nome":"eba09_02_36_0"},{"nome":"eba09_02_36_1","tipo":"personagem","x":"0px","y":"0px","width":"1016px","height":"659px","nomeInstancia":"animaP36","classe":"animaP36"}]},{"desenhos":[{"tipo":"img","x":"535.95px","y":"324.9px","width":"302.9px","height":"86.05px","nomeInstancia":"transicao_37_0","classe":"transicao_37_0","nome":"eba09_02_37_0"},{"tipo":"img","x":"488.65px","y":"258.85px","width":"425.4px","height":"71px","nomeInstancia":"transicao_36_0","classe":"transicao_36_0","nome":"eba09_02_36_0"},{"nome":"eba09_02_36_1","tipo":"personagem","x":"0px","y":"0px","width":"1016px","height":"659px","nomeInstancia":"animaP36","classe":"animaP36"}]},{"desenhos":[{"tipo":"img","x":"124.35px","y":"300.65px","width":"305.7px","height":"104.75px","nomeInstancia":"textConvertido_38_0","classe":"textConvertido_38_0","nome":"eba09_02_38_0"},{"tipo":"img","x":"515.35px","y":"349.6px","width":"318.65px","height":"94.35px","nomeInstancia":"transicao_38_1","classe":"transicao_38_1","nome":"eba09_02_38_1"}]},{"desenhos":[{"tipo":"img","x":"124.35px","y":"436.1px","width":"279px","height":"43.1px","nomeInstancia":"textConvertido_39_0","classe":"textConvertido_39_0","nome":"eba09_02_39_0"},{"tipo":"img","x":"124.35px","y":"300.65px","width":"305.7px","height":"104.75px","nomeInstancia":"textConvertido_38_0","classe":"textConvertido_38_0","nome":"eba09_02_38_0"},{"tipo":"img","x":"515.35px","y":"349.6px","width":"318.65px","height":"94.35px","nomeInstancia":"transicao_38_1","classe":"transicao_38_1","nome":"eba09_02_38_1"}]},{"desenhos":[{"tipo":"img","x":"440.95px","y":"213.05px","width":"395px","height":"60.65px","nomeInstancia":"transicao_40_0","classe":"transicao_40_0","nome":"eba09_02_40_0"},{"tipo":"img","x":"432.85px","y":"133.05px","width":"234.85px","height":"56.3px","nomeInstancia":"transicao_40_2","classe":"transicao_40_2","nome":"eba09_02_40_1"},{"nome":"eba09_02_40_2","tipo":"personagem","x":"0px","y":"0px","width":"1016px","height":"659px","nomeInstancia":"animaP40","classe":"animaP40"}]},{"desenhos":[{"tipo":"img","x":"488.6px","y":"269.55px","width":"381.2px","height":"108.4px","nomeInstancia":"transicao_41_0","classe":"transicao_41_0","nome":"eba09_02_41_0"},{"tipo":"img","x":"440.95px","y":"213.05px","width":"395px","height":"60.65px","nomeInstancia":"transicao_40_0","classe":"transicao_40_0","nome":"eba09_02_40_0"},{"tipo":"img","x":"432.85px","y":"133.05px","width":"234.85px","height":"56.3px","nomeInstancia":"transicao_40_2","classe":"transicao_40_2","nome":"eba09_02_40_1"},{"nome":"eba09_02_40_2","tipo":"personagem","x":"0px","y":"0px","width":"1016px","height":"659px","nomeInstancia":"animaP40","classe":"animaP40"}]},{"desenhos":[{"tipo":"img","x":"180.75px","y":"296px","width":"305.7px","height":"63.65px","nomeInstancia":"textConvertido_42_0","classe":"textConvertido_42_0","nome":"eba09_02_42_0"},{"tipo":"img","x":"604.15px","y":"328.2px","width":"188.95px","height":"107.25px","nomeInstancia":"transicao_42_1","classe":"transicao_42_1","nome":"eba09_02_42_1"}]},{"desenhos":[{"tipo":"img","x":"180.75px","y":"387.95px","width":"284.9px","height":"84.2px","nomeInstancia":"textConvertido_43_0","classe":"textConvertido_43_0","nome":"eba09_02_43_0"},{"tipo":"img","x":"180.75px","y":"296px","width":"305.7px","height":"63.65px","nomeInstancia":"textConvertido_42_0","classe":"textConvertido_42_0","nome":"eba09_02_42_0"},{"tipo":"img","x":"604.15px","y":"328.2px","width":"188.95px","height":"107.25px","nomeInstancia":"transicao_42_1","classe":"transicao_42_1","nome":"eba09_02_42_1"}]},{"desenhos":[{"tipo":"img","x":"89.4px","y":"288.6px","width":"574.25px","height":"280.55px","nomeInstancia":"opcoes_44","classe":"opcoes_44","nome":"eba09_02_44_0"},{"tipo":"img","x":"89.4px","y":"287.85px","width":"861.3px","height":"189.5px","nomeInstancia":"textConvertido_44_1","classe":"textConvertido_44_1","nome":"eba09_02_44_1"},{"tipo":"img","x":"392.75px","y":"156.5px","width":"230.5px","height":"78.4px","nomeInstancia":"transicao_44_2","classe":"transicao_44_2","nome":"eba09_02_44_2"}]}]}