{"licao":"eba09_03","topico":"03","telas":[{"desenhos":[{"tipo":"img","x":"440.1px","y":"201.45px","width":"393.85px","height":"70.05px","nomeInstancia":"transicao_1_0","classe":"transicao_1_0","nome":"eba09_03_1_0"},{"nome":"eba09_03_1_1","tipo":"personagem","x":"0px","y":"0px","width":"1016px","height":"659px","nomeInstancia":"MovieClips/animaP1","classe":"animaP1"}]},{"desenhos":[{"tipo":"img","x":"508.3px","y":"266.45px","width":"355.75px","height":"111.25px","nomeInstancia":"transicao_2_0","classe":"transicao_2_0","nome":"eba09_03_2_0"},{"tipo":"img","x":"440.1px","y":"201.45px","width":"393.85px","height":"70.05px","nomeInstancia":"transicao_1_0","classe":"transicao_1_0","nome":"eba09_03_1_0"},{"nome":"eba09_03_1_1","tipo":"personagem","x":"0px","y":"0px","width":"1016px","height":"659px","nomeInstancia":"MovieClips/animaP1","classe":"animaP1"}]},{"desenhos":[{"tipo":"img","x":"508.3px","y":"373.2px","width":"355.75px","height":"111.25px","nomeInstancia":"transicao_3_0","classe":"transicao_3_0","nome":"eba09_03_3_0"},{"tipo":"img","x":"508.3px","y":"266.45px","width":"355.75px","height":"111.25px","nomeInstancia":"transicao_2_0","classe":"transicao_2_0","nome":"eba09_03_2_0"},{"tipo":"img","x":"440.1px","y":"201.45px","width":"393.85px","height":"70.05px","nomeInstancia":"transicao_1_0","classe":"transicao_1_0","nome":"eba09_03_1_0"},{"nome":"eba09_03_1_1","tipo":"personagem","x":"0px","y":"0px","width":"1016px","height":"659px","nomeInstancia":"MovieClips/animaP1","classe":"animaP1"}]},{"desenhos":[{"tipo":"img","x":"205.8px","y":"192.9px","width":"395.65px","height":"86.35px","nomeInstancia":"transicao_4_0","classe":"transicao_4_0","nome":"eba09_03_4_0"},{"nome":"eba09_03_4_1","tipo":"personagem","x":"0px","y":"0px","width":"1016px","height":"659px","nomeInstancia":"MovieClips/animaP5","classe":"animaP5"}]},{"desenhos":[{"tipo":"img","x":"253.05px","y":"275.35px","width":"299.95px","height":"58.85px","nomeInstancia":"transicao_5_0","classe":"transicao_5_0","nome":"eba09_03_5_0"},{"tipo":"img","x":"205.8px","y":"192.9px","width":"395.65px","height":"86.35px","nomeInstancia":"transicao_4_0","classe":"transicao_4_0","nome":"eba09_03_4_0"},{"nome":"eba09_03_4_1","tipo":"personagem","x":"0px","y":"0px","width":"1016px","height":"659px","nomeInstancia":"MovieClips/animaP5","classe":"animaP5"}]},{"desenhos":[{"tipo":"img","x":"588.15px","y":"305.35px","width":"305.7px","height":"63.65px","nomeInstancia":"MovieClips/textConvertido_6_0","classe":"textConvertido_6_0","nome":"eba09_03_6_0"},{"tipo":"img","x":"91.2px","y":"230.55px","width":"417.75px","height":"271.5px","nomeInstancia":"transicao_6_1","classe":"transicao_6_1","nome":"eba09_03_6_1"}]},{"desenhos":[{"tipo":"img","x":"588.15px","y":"397.3px","width":"333.25px","height":"104.75px","nomeInstancia":"MovieClips/textConvertido_7_0","classe":"textConvertido_7_0","nome":"eba09_03_7_0"},{"tipo":"img","x":"588.15px","y":"305.35px","width":"305.7px","height":"63.65px","nomeInstancia":"MovieClips/textConvertido_6_0","classe":"textConvertido_6_0","nome":"eba09_03_6_0"},{"tipo":"img","x":"91.2px","y":"230.55px","width":"417.75px","height":"271.5px","nomeInstancia":"transicao_6_1","classe":"transicao_6_1","nome":"eba09_03_6_1"}]},{"desenhos":[{"tipo":"img","x":"200.65px","y":"259.2px","width":"395.65px","height":"106.45px","nomeInstancia":"transicao_8_0","classe":"transicao_8_0","nome":"eba09_03_8_0"},{"nome":"eba09_03_8_1","tipo":"personagem","x":"0px","y":"0px","width":"1016px","height":"659px","nomeInstancia":"MovieClips/animaP8","classe":"animaP8"}]},{"desenhos":[{"tipo":"img","x":"167.55px","y":"361.45px","width":"381.2px","height":"58.8px","nomeInstancia":"transicao_9_0","classe":"transicao_9_0","nome":"eba09_03_9_0"},{"tipo":"img","x":"200.65px","y":"259.2px","width":"395.65px","height":"106.45px","nomeInstancia":"transicao_8_0","classe":"transicao_8_0","nome":"eba09_03_8_0"},{"nome":"eba09_03_8_1","tipo":"personagem","x":"0px","y":"0px","width":"1016px","height":"659px","nomeInstancia":"MovieClips/animaP8","classe":"animaP8"}]},{"desenhos":[{"tipo":"img","x":"193px","y":"416.25px","width":"355.75px","height":"111.25px","nomeInstancia":"transicao_10_0","classe":"transicao_10_0","nome":"eba09_03_10_0"},{"tipo":"img","x":"167.55px","y":"361.45px","width":"381.2px","height":"58.8px","nomeInstancia":"transicao_9_0","classe":"transicao_9_0","nome":"eba09_03_9_0"},{"tipo":"img","x":"200.65px","y":"259.2px","width":"395.65px","height":"106.45px","nomeInstancia":"transicao_8_0","classe":"transicao_8_0","nome":"eba09_03_8_0"},{"nome":"eba09_03_8_1","tipo":"personagem","x":"0px","y":"0px","width":"1016px","height":"659px","nomeInstancia":"MovieClips/animaP8","classe":"animaP8"}]},{"desenhos":[{"tipo":"img","x":"132.75px","y":"269.6px","width":"562.45px","height":"299.55px","nomeInstancia":"vouf_11","classe":"vouf_11","nome":"eba09_03_11_0"},{"tipo":"img","x":"89.4px","y":"287.85px","width":"861.3px","height":"170.95px","nomeInstancia":"MovieClips/textConvertido_11_1","classe":"textConvertido_11_1","nome":"eba09_03_11_1"},{"tipo":"img","x":"392.75px","y":"156.5px","width":"230.5px","height":"78.4px","nomeInstancia":"transicao_11_2","classe":"transicao_11_2","nome":"eba09_03_11_2"}]},{"desenhos":[{"tipo":"img","x":"575.3px","y":"277.7px","width":"332.15px","height":"104.75px","nomeInstancia":"MovieClips/textConvertido_12_0","classe":"textConvertido_12_0","nome":"eba09_03_12_0"},{"tipo":"img","x":"93.2px","y":"232px","width":"417.75px","height":"271.5px","nomeInstancia":"transicao_12_1","classe":"transicao_12_1","nome":"eba09_03_12_1"}]},{"desenhos":[{"tipo":"img","x":"575.3px","y":"405.25px","width":"333.25px","height":"63.65px","nomeInstancia":"MovieClips/textConvertido_13_0","classe":"textConvertido_13_0","nome":"eba09_03_13_0"},{"tipo":"img","x":"575.3px","y":"277.7px","width":"332.15px","height":"104.75px","nomeInstancia":"MovieClips/textConvertido_12_0","classe":"textConvertido_12_0","nome":"eba09_03_12_0"},{"tipo":"img","x":"93.2px","y":"232px","width":"417.75px","height":"271.5px","nomeInstancia":"transicao_12_1","classe":"transicao_12_1","nome":"eba09_03_12_1"}]},{"desenhos":[{"tipo":"img","x":"191.7px","y":"281.5px","width":"418.95px","height":"144.8px","nomeInstancia":"transicao_14_0","classe":"transicao_14_0","nome":"eba09_03_14_0"},{"nome":"eba09_03_14_1","tipo":"personagem","x":"0px","y":"0px","width":"1016px","height":"659px","nomeInstancia":"MovieClips/animaP14","classe":"animaP14"}]},{"desenhos":[{"tipo":"img","x":"515.7px","y":"266.35px","width":"338.95px","height":"43.1px","nomeInstancia":"MovieClips/textConvertido_15_0","classe":"textConvertido_15_0","nome":"eba09_03_15_0"},{"tipo":"img","x":"135.95px","y":"276.2px","width":"262.1px","height":"190.1px","nomeInstancia":"transicao_15_1","classe":"transicao_15_1","nome":"eba09_03_15_1"}]},{"desenhos":[{"tipo":"img","x":"515.7px","y":"330.7px","width":"358.75px","height":"63.65px","nomeInstancia":"MovieClips/textConvertido_16_0","classe":"textConvertido_16_0","nome":"eba09_03_16_0"},{"tipo":"img","x":"515.7px","y":"266.35px","width":"338.95px","height":"43.1px","nomeInstancia":"MovieClips/textConvertido_15_0","classe":"textConvertido_15_0","nome":"eba09_03_15_0"},{"tipo":"img","x":"135.95px","y":"276.2px","width":"262.1px","height":"190.1px","nomeInstancia":"transicao_15_1","classe":"transicao_15_1","nome":"eba09_03_15_1"}]},{"desenhos":[{"tipo":"img","x":"65.7px","y":"191.1px","width":"666.4px","height":"393.55px","nomeInstancia":"MovieClips/telaInfo171570470483152","classe":"telaInfo171570470483152","nome":"eba09_03_17_0"},{"tipo":"img","x":"515.7px","y":"415.6px","width":"405.2px","height":"63.65px","nomeInstancia":"MovieClips/textConvertido_17_1","classe":"textConvertido_17_1","nome":"eba09_03_17_1"},{"tipo":"img","x":"515.7px","y":"330.7px","width":"358.75px","height":"63.65px","nomeInstancia":"MovieClips/textConvertido_16_0","classe":"textConvertido_16_0","nome":"eba09_03_16_0"},{"tipo":"img","x":"515.7px","y":"266.35px","width":"338.95px","height":"43.1px","nomeInstancia":"MovieClips/textConvertido_15_0","classe":"textConvertido_15_0","nome":"eba09_03_15_0"},{"tipo":"img","x":"135.95px","y":"276.2px","width":"262.1px","height":"190.1px","nomeInstancia":"transicao_15_1","classe":"transicao_15_1","nome":"eba09_03_15_1"}]},{"desenhos":[{"tipo":"img","x":"224.15px","y":"307.45px","width":"567.7px","height":"104.75px","nomeInstancia":"transicao_18_1","classe":"transicao_18_1","nome":"eba09_03_18_0"},{"tipo":"img","x":"464.65px","y":"332.7px","width":"125.55px","height":"57.2px","nomeInstancia":"transicao_18_0","classe":"transicao_18_0","nome":"eba09_03_18_1"}]},{"desenhos":[{"tipo":"img","x":"181.1px","y":"179.85px","width":"441.75px","height":"93.7px","nomeInstancia":"transicao_19_0","classe":"transicao_19_0","nome":"eba09_03_19_0"},{"nome":"eba09_03_19_1","tipo":"personagem","x":"0px","y":"0px","width":"1016px","height":"659px","nomeInstancia":"MovieClips/animaP19","classe":"animaP19"}]},{"desenhos":[{"tipo":"img","x":"266.9px","y":"269.45px","width":"308.15px","height":"79.5px","nomeInstancia":"transicao_20_0","classe":"transicao_20_0","nome":"eba09_03_20_0"},{"tipo":"img","x":"181.1px","y":"179.85px","width":"441.75px","height":"93.7px","nomeInstancia":"transicao_19_0","classe":"transicao_19_0","nome":"eba09_03_19_0"},{"nome":"eba09_03_19_1","tipo":"personagem","x":"0px","y":"0px","width":"1016px","height":"659px","nomeInstancia":"MovieClips/animaP19","classe":"animaP19"}]},{"desenhos":[{"tipo":"img","x":"253.8px","y":"243.65px","width":"508.45px","height":"22.55px","nomeInstancia":"MovieClips/textConvertido_21_1","classe":"textConvertido_21_1","nome":"eba09_03_21_0"},{"tipo":"img","x":"253.8px","y":"433.25px","width":"508.45px","height":"63.65px","nomeInstancia":"MovieClips/textConvertido_21_0","classe":"textConvertido_21_0","nome":"eba09_03_21_1"},{"tipo":"img","x":"405.7px","y":"295.25px","width":"193px","height":"107.25px","nomeInstancia":"transicao_21_2","classe":"transicao_21_2","nome":"eba09_03_21_2"}]},{"desenhos":[{"tipo":"img","x":"152.25px","y":"173.35px","width":"711.5px","height":"372.4px","nomeInstancia":"MovieClips/opcoes_22","classe":"opcoes_22","nome":"eba09_03_22_0"}]},{"desenhos":[{"tipo":"img","x":"600.95px","y":"286.35px","width":"338.95px","height":"43.1px","nomeInstancia":"MovieClips/textConvertido_23_0","classe":"textConvertido_23_0","nome":"eba09_03_23_0"},{"tipo":"img","x":"600.95px","y":"190.2px","width":"250.55px","height":"72.85px","nomeInstancia":"transicao_23_2","classe":"transicao_23_2","nome":"eba09_03_23_1"},{"tipo":"img","x":"70.75px","y":"230.25px","width":"462.5px","height":"271.5px","nomeInstancia":"transicao_23_1","classe":"transicao_23_1","nome":"eba09_03_23_2"}]},{"desenhos":[{"tipo":"img","x":"600.95px","y":"350.7px","width":"326.55px","height":"84.2px","nomeInstancia":"MovieClips/textConvertido_24_0","classe":"textConvertido_24_0","nome":"eba09_03_24_0"},{"tipo":"img","x":"600.95px","y":"286.35px","width":"338.95px","height":"43.1px","nomeInstancia":"MovieClips/textConvertido_23_0","classe":"textConvertido_23_0","nome":"eba09_03_23_0"},{"tipo":"img","x":"600.95px","y":"190.2px","width":"250.55px","height":"72.85px","nomeInstancia":"transicao_23_2","classe":"transicao_23_2","nome":"eba09_03_23_1"},{"tipo":"img","x":"70.75px","y":"230.25px","width":"462.5px","height":"271.5px","nomeInstancia":"transicao_23_1","classe":"transicao_23_1","nome":"eba09_03_23_2"}]},{"desenhos":[{"tipo":"img","x":"255.55px","y":"161.8px","width":"504.9px","height":"335.45px","nomeInstancia":"MovieClips/destaque_25","classe":"destaque_25","nome":"eba09_03_25_0"},{"tipo":"img","x":"600.95px","y":"350.7px","width":"326.55px","height":"84.2px","nomeInstancia":"MovieClips/textConvertido_24_0","classe":"textConvertido_24_0","nome":"eba09_03_24_0"},{"tipo":"img","x":"600.95px","y":"286.35px","width":"338.95px","height":"43.1px","nomeInstancia":"MovieClips/textConvertido_23_0","classe":"textConvertido_23_0","nome":"eba09_03_23_0"},{"tipo":"img","x":"600.95px","y":"190.2px","width":"250.55px","height":"72.85px","nomeInstancia":"transicao_23_2","classe":"transicao_23_2","nome":"eba09_03_23_1"},{"tipo":"img","x":"70.75px","y":"230.25px","width":"462.5px","height":"271.5px","nomeInstancia":"transicao_23_1","classe":"transicao_23_1","nome":"eba09_03_23_2"}]},{"desenhos":[{"tipo":"img","x":"199.5px","y":"180.85px","width":"441.75px","height":"170.25px","nomeInstancia":"transicao_26_0","classe":"transicao_26_0","nome":"eba09_03_26_0"},{"nome":"eba09_03_26_1","tipo":"personagem","x":"0px","y":"0px","width":"1016px","height":"659px","nomeInstancia":"MovieClips/animaP26","classe":"animaP26"}]},{"desenhos":[{"tipo":"img","x":"393.7px","y":"262.3px","width":"457.6px","height":"68.1px","nomeInstancia":"transicao_27_0","classe":"transicao_27_0","nome":"eba09_03_27_0"},{"tipo":"img","x":"382.75px","y":"146.5px","width":"250.55px","height":"72.85px","nomeInstancia":"transicao_27_2","classe":"transicao_27_2","nome":"eba09_03_27_1"},{"nome":"eba09_03_27_2","tipo":"personagem","x":"0px","y":"0px","width":"1016px","height":"659px","nomeInstancia":"MovieClips/animaP27","classe":"animaP27"}]},{"desenhos":[{"tipo":"img","x":"443.35px","y":"325.75px","width":"381.2px","height":"76.6px","nomeInstancia":"transicao_28_0","classe":"transicao_28_0","nome":"eba09_03_28_0"},{"tipo":"img","x":"393.7px","y":"262.3px","width":"457.6px","height":"68.1px","nomeInstancia":"transicao_27_0","classe":"transicao_27_0","nome":"eba09_03_27_0"},{"tipo":"img","x":"382.75px","y":"146.5px","width":"250.55px","height":"72.85px","nomeInstancia":"transicao_27_2","classe":"transicao_27_2","nome":"eba09_03_27_1"},{"nome":"eba09_03_27_2","tipo":"personagem","x":"0px","y":"0px","width":"1016px","height":"659px","nomeInstancia":"MovieClips/animaP27","classe":"animaP27"}]},{"desenhos":[{"tipo":"img","x":"443.55px","y":"396.25px","width":"453.45px","height":"168.75px","nomeInstancia":"transicao_29_0","classe":"transicao_29_0","nome":"eba09_03_29_0"},{"tipo":"img","x":"443.35px","y":"325.75px","width":"381.2px","height":"76.6px","nomeInstancia":"transicao_28_0","classe":"transicao_28_0","nome":"eba09_03_28_0"},{"tipo":"img","x":"393.7px","y":"262.3px","width":"457.6px","height":"68.1px","nomeInstancia":"transicao_27_0","classe":"transicao_27_0","nome":"eba09_03_27_0"},{"tipo":"img","x":"382.75px","y":"146.5px","width":"250.55px","height":"72.85px","nomeInstancia":"transicao_27_2","classe":"transicao_27_2","nome":"eba09_03_27_1"},{"nome":"eba09_03_27_2","tipo":"personagem","x":"0px","y":"0px","width":"1016px","height":"659px","nomeInstancia":"MovieClips/animaP27","classe":"animaP27"}]},{"desenhos":[{"tipo":"img","x":"70.2px","y":"318.95px","width":"326.55px","height":"43.1px","nomeInstancia":"MovieClips/textConvertido_30_0","classe":"textConvertido_30_0","nome":"eba09_03_30_0"},{"tipo":"img","x":"493.45px","y":"218.35px","width":"462.5px","height":"271.5px","nomeInstancia":"transicao_30_1","classe":"transicao_30_1","nome":"eba09_03_30_1"}]},{"desenhos":[{"tipo":"img","x":"70.2px","y":"394.25px","width":"379px","height":"63.65px","nomeInstancia":"MovieClips/textConvertido_31_0","classe":"textConvertido_31_0","nome":"eba09_03_31_0"},{"tipo":"img","x":"70.2px","y":"318.95px","width":"326.55px","height":"43.1px","nomeInstancia":"MovieClips/textConvertido_30_0","classe":"textConvertido_30_0","nome":"eba09_03_30_0"},{"tipo":"img","x":"493.45px","y":"218.35px","width":"462.5px","height":"271.5px","nomeInstancia":"transicao_30_1","classe":"transicao_30_1","nome":"eba09_03_30_1"}]},{"desenhos":[{"tipo":"img","x":"601.3px","y":"279.25px","width":"326.55px","height":"43.1px","nomeInstancia":"MovieClips/textConvertido_32_0","classe":"textConvertido_32_0","nome":"eba09_03_32_0"},{"tipo":"img","x":"69.75px","y":"236.8px","width":"462.5px","height":"271.5px","nomeInstancia":"transicao_32_1","classe":"transicao_32_1","nome":"eba09_03_32_1"}]},{"desenhos":[{"tipo":"img","x":"601.3px","y":"341.4px","width":"331.5px","height":"63.65px","nomeInstancia":"MovieClips/textConvertido_33_0","classe":"textConvertido_33_0","nome":"eba09_03_33_0"},{"tipo":"img","x":"601.3px","y":"279.25px","width":"326.55px","height":"43.1px","nomeInstancia":"MovieClips/textConvertido_32_0","classe":"textConvertido_32_0","nome":"eba09_03_32_0"},{"tipo":"img","x":"69.75px","y":"236.8px","width":"462.5px","height":"271.5px","nomeInstancia":"transicao_32_1","classe":"transicao_32_1","nome":"eba09_03_32_1"}]},{"desenhos":[{"tipo":"img","x":"601.3px","y":"424.1px","width":"338.1px","height":"84.2px","nomeInstancia":"MovieClips/textConvertido_34_0","classe":"textConvertido_34_0","nome":"eba09_03_34_0"},{"tipo":"img","x":"601.3px","y":"341.4px","width":"331.5px","height":"63.65px","nomeInstancia":"MovieClips/textConvertido_33_0","classe":"textConvertido_33_0","nome":"eba09_03_33_0"},{"tipo":"img","x":"601.3px","y":"279.25px","width":"326.55px","height":"43.1px","nomeInstancia":"MovieClips/textConvertido_32_0","classe":"textConvertido_32_0","nome":"eba09_03_32_0"},{"tipo":"img","x":"69.75px","y":"236.8px","width":"462.5px","height":"271.5px","nomeInstancia":"transicao_32_1","classe":"transicao_32_1","nome":"eba09_03_32_1"}]},{"desenhos":[{"tipo":"img","x":"266.25px","y":"262.1px","width":"483.5px","height":"22.55px","nomeInstancia":"MovieClips/textConvertido_35_1","classe":"textConvertido_35_1","nome":"eba09_03_35_0"},{"tipo":"img","x":"266.25px","y":"433.8px","width":"469.7px","height":"43.1px","nomeInstancia":"MovieClips/textConvertido_35_0","classe":"textConvertido_35_0","nome":"eba09_03_35_1"},{"tipo":"img","x":"414.4px","y":"316.55px","width":"187.25px","height":"85.35px","nomeInstancia":"transicao_35_2","classe":"transicao_35_2","nome":"eba09_03_35_2"}]},{"desenhos":[{"tipo":"img","x":"206.85px","y":"291.45px","width":"439.7px","height":"110.85px","nomeInstancia":"transicao_36_0","classe":"transicao_36_0","nome":"eba09_03_36_0"},{"tipo":"img","x":"348.85px","y":"147.95px","width":"318.3px","height":"72.85px","nomeInstancia":"transicao_36_2","classe":"transicao_36_2","nome":"eba09_03_36_1"},{"nome":"eba09_03_36_2","tipo":"personagem","x":"0px","y":"0px","width":"1016px","height":"659px","nomeInstancia":"MovieClips/animaP36","classe":"animaP36"}]},{"desenhos":[{"tipo":"img","x":"555.9px","y":"325.35px","width":"396.4px","height":"104.75px","nomeInstancia":"MovieClips/textConvertido_37_0","classe":"textConvertido_37_0","nome":"eba09_03_37_0"},{"tipo":"img","x":"555.9px","y":"211.35px","width":"318.3px","height":"72.85px","nomeInstancia":"transicao_37_2","classe":"transicao_37_2","nome":"eba09_03_37_1"},{"tipo":"img","x":"36.75px","y":"254px","width":"485.8px","height":"245.6px","nomeInstancia":"transicao_37_1","classe":"transicao_37_1","nome":"eba09_03_37_2"}]},{"desenhos":[{"tipo":"img","x":"555.9px","y":"456.5px","width":"373.85px","height":"43.1px","nomeInstancia":"MovieClips/textConvertido_38_0","classe":"textConvertido_38_0","nome":"eba09_03_38_0"},{"tipo":"img","x":"555.9px","y":"325.35px","width":"396.4px","height":"104.75px","nomeInstancia":"MovieClips/textConvertido_37_0","classe":"textConvertido_37_0","nome":"eba09_03_37_0"},{"tipo":"img","x":"555.9px","y":"211.35px","width":"318.3px","height":"72.85px","nomeInstancia":"transicao_37_2","classe":"transicao_37_2","nome":"eba09_03_37_1"},{"tipo":"img","x":"36.75px","y":"254px","width":"485.8px","height":"245.6px","nomeInstancia":"transicao_37_1","classe":"transicao_37_1","nome":"eba09_03_37_2"}]},{"desenhos":[{"tipo":"img","x":"98.25px","y":"247.2px","width":"318.3px","height":"72.85px","nomeInstancia":"transicao_39_1","classe":"transicao_39_1","nome":"eba09_03_39_0"},{"tipo":"img","x":"98.25px","y":"351.9px","width":"340.95px","height":"63.65px","nomeInstancia":"MovieClips/textConvertido_39_0","classe":"textConvertido_39_0","nome":"eba09_03_39_1"},{"tipo":"img","x":"483.9px","y":"332.8px","width":"497.1px","height":"170.15px","nomeInstancia":"transicao_39_2","classe":"transicao_39_2","nome":"eba09_03_39_2"}]},{"desenhos":[{"tipo":"img","x":"98.25px","y":"439.3px","width":"340.9px","height":"63.65px","nomeInstancia":"MovieClips/textConvertido_40_0","classe":"textConvertido_40_0","nome":"eba09_03_40_0"},{"tipo":"img","x":"98.25px","y":"247.2px","width":"318.3px","height":"72.85px","nomeInstancia":"transicao_39_1","classe":"transicao_39_1","nome":"eba09_03_39_0"},{"tipo":"img","x":"98.25px","y":"351.9px","width":"340.95px","height":"63.65px","nomeInstancia":"MovieClips/textConvertido_39_0","classe":"textConvertido_39_0","nome":"eba09_03_39_1"},{"tipo":"img","x":"483.9px","y":"332.8px","width":"497.1px","height":"170.15px","nomeInstancia":"transicao_39_2","classe":"transicao_39_2","nome":"eba09_03_39_2"}]},{"desenhos":[{"tipo":"img","x":"602.8px","y":"259px","width":"340.95px","height":"43.1px","nomeInstancia":"MovieClips/textConvertido_41_0","classe":"textConvertido_41_0","nome":"eba09_03_41_0"},{"tipo":"img","x":"49.05px","y":"302.1px","width":"497.1px","height":"170.15px","nomeInstancia":"transicao_41_1","classe":"transicao_41_1","nome":"eba09_03_41_1"}]},{"desenhos":[{"tipo":"img","x":"602.8px","y":"329.6px","width":"348.85px","height":"104.75px","nomeInstancia":"MovieClips/textConvertido_42_0","classe":"textConvertido_42_0","nome":"eba09_03_42_0"},{"tipo":"img","x":"602.8px","y":"259px","width":"340.95px","height":"43.1px","nomeInstancia":"MovieClips/textConvertido_41_0","classe":"textConvertido_41_0","nome":"eba09_03_41_0"},{"tipo":"img","x":"49.05px","y":"302.1px","width":"497.1px","height":"170.15px","nomeInstancia":"transicao_41_1","classe":"transicao_41_1","nome":"eba09_03_41_1"}]},{"desenhos":[{"tipo":"img","x":"602.8px","y":"461.85px","width":"340.9px","height":"43.1px","nomeInstancia":"MovieClips/textConvertido_43_0","classe":"textConvertido_43_0","nome":"eba09_03_43_0"},{"tipo":"img","x":"602.8px","y":"329.6px","width":"348.85px","height":"104.75px","nomeInstancia":"MovieClips/textConvertido_42_0","classe":"textConvertido_42_0","nome":"eba09_03_42_0"},{"tipo":"img","x":"602.8px","y":"259px","width":"340.95px","height":"43.1px","nomeInstancia":"MovieClips/textConvertido_41_0","classe":"textConvertido_41_0","nome":"eba09_03_41_0"},{"tipo":"img","x":"49.05px","y":"302.1px","width":"497.1px","height":"170.15px","nomeInstancia":"transicao_41_1","classe":"transicao_41_1","nome":"eba09_03_41_1"}]},{"desenhos":[{"tipo":"img","x":"67.1px","y":"282.9px","width":"340.95px","height":"43.1px","nomeInstancia":"MovieClips/textConvertido_44_0","classe":"textConvertido_44_0","nome":"eba09_03_44_0"},{"tipo":"img","x":"483.9px","y":"302.1px","width":"497.1px","height":"170.15px","nomeInstancia":"transicao_44_1","classe":"transicao_44_1","nome":"eba09_03_44_1"}]},{"desenhos":[{"tipo":"img","x":"67.1px","y":"348.5px","width":"367.75px","height":"84.2px","nomeInstancia":"MovieClips/textConvertido_45_0","classe":"textConvertido_45_0","nome":"eba09_03_45_0"},{"tipo":"img","x":"67.1px","y":"282.9px","width":"340.95px","height":"43.1px","nomeInstancia":"MovieClips/textConvertido_44_0","classe":"textConvertido_44_0","nome":"eba09_03_44_0"},{"tipo":"img","x":"483.9px","y":"302.1px","width":"497.1px","height":"170.15px","nomeInstancia":"transicao_44_1","classe":"transicao_44_1","nome":"eba09_03_44_1"}]},{"desenhos":[{"tipo":"img","x":"67.1px","y":"455.2px","width":"340.9px","height":"43.1px","nomeInstancia":"MovieClips/textConvertido_46_0","classe":"textConvertido_46_0","nome":"eba09_03_46_0"},{"tipo":"img","x":"67.1px","y":"348.5px","width":"367.75px","height":"84.2px","nomeInstancia":"MovieClips/textConvertido_45_0","classe":"textConvertido_45_0","nome":"eba09_03_45_0"},{"tipo":"img","x":"67.1px","y":"282.9px","width":"340.95px","height":"43.1px","nomeInstancia":"MovieClips/textConvertido_44_0","classe":"textConvertido_44_0","nome":"eba09_03_44_0"},{"tipo":"img","x":"483.9px","y":"302.1px","width":"497.1px","height":"170.15px","nomeInstancia":"transicao_44_1","classe":"transicao_44_1","nome":"eba09_03_44_1"}]},{"desenhos":[{"tipo":"img","x":"433.2px","y":"249px","width":"420.7px","height":"151.75px","nomeInstancia":"transicao_47_0","classe":"transicao_47_0","nome":"eba09_03_47_0"},{"nome":"eba09_03_47_1","tipo":"personagem","x":"0px","y":"0px","width":"1016px","height":"659px","nomeInstancia":"MovieClips/animaP47","classe":"animaP47"}]},{"desenhos":[{"tipo":"img","x":"482.85px","y":"395.35px","width":"381.2px","height":"98.75px","nomeInstancia":"transicao_48_0","classe":"transicao_48_0","nome":"eba09_03_48_0"},{"tipo":"img","x":"433.2px","y":"249px","width":"420.7px","height":"151.75px","nomeInstancia":"transicao_47_0","classe":"transicao_47_0","nome":"eba09_03_47_0"},{"nome":"eba09_03_47_1","tipo":"personagem","x":"0px","y":"0px","width":"1016px","height":"659px","nomeInstancia":"MovieClips/animaP47","classe":"animaP47"}]},{"desenhos":[{"tipo":"img","x":"223.7px","y":"182.05px","width":"401.3px","height":"113.15px","nomeInstancia":"transicao_49_0","classe":"transicao_49_0","nome":"eba09_03_49_0"},{"nome":"eba09_03_49_1","tipo":"personagem","x":"0px","y":"0px","width":"1016px","height":"659px","nomeInstancia":"MovieClips/animaP49","classe":"animaP49"}]},{"desenhos":[{"tipo":"img","x":"171.05px","y":"290.55px","width":"381.2px","height":"120.95px","nomeInstancia":"transicao_50_0","classe":"transicao_50_0","nome":"eba09_03_50_0"},{"tipo":"img","x":"223.7px","y":"182.05px","width":"401.3px","height":"113.15px","nomeInstancia":"transicao_49_0","classe":"transicao_49_0","nome":"eba09_03_49_0"},{"nome":"eba09_03_49_1","tipo":"personagem","x":"0px","y":"0px","width":"1016px","height":"659px","nomeInstancia":"MovieClips/animaP49","classe":"animaP49"}]},{"desenhos":[{"tipo":"img","x":"463.35px","y":"188.7px","width":"343.25px","height":"65.5px","nomeInstancia":"transicao_51_0","classe":"transicao_51_0","nome":"eba09_03_51_0"},{"nome":"eba09_03_51_1","tipo":"personagem","x":"0px","y":"0px","width":"1016px","height":"659px","nomeInstancia":"MovieClips/animaP51","classe":"animaP51"}]},{"desenhos":[{"tipo":"img","x":"505.95px","y":"250.15px","width":"381.2px","height":"98.75px","nomeInstancia":"transicao_52_0","classe":"transicao_52_0","nome":"eba09_03_52_0"},{"tipo":"img","x":"463.35px","y":"188.7px","width":"343.25px","height":"65.5px","nomeInstancia":"transicao_51_0","classe":"transicao_51_0","nome":"eba09_03_51_0"},{"nome":"eba09_03_51_1","tipo":"personagem","x":"0px","y":"0px","width":"1016px","height":"659px","nomeInstancia":"MovieClips/animaP51","classe":"animaP51"}]},{"desenhos":[{"tipo":"img","x":"71.4px","y":"314.6px","width":"375.7px","height":"84.2px","nomeInstancia":"MovieClips/textConvertido_53_0","classe":"textConvertido_53_0","nome":"eba09_03_53_0"},{"tipo":"img","x":"509.55px","y":"237.6px","width":"442.45px","height":"261.35px","nomeInstancia":"transicao_53_1","classe":"transicao_53_1","nome":"eba09_03_53_1"}]},{"desenhos":[{"tipo":"img","x":"214.05px","y":"153.5px","width":"737.95px","height":"413.5px","nomeInstancia":"MovieClips/telaInfo541570470775704","classe":"telaInfo541570470775704","nome":"eba09_03_54_0"},{"tipo":"img","x":"71.4px","y":"423.35px","width":"385px","height":"22.55px","nomeInstancia":"MovieClips/textConvertido_54_1","classe":"textConvertido_54_1","nome":"eba09_03_54_1"},{"tipo":"img","x":"71.4px","y":"314.6px","width":"375.7px","height":"84.2px","nomeInstancia":"MovieClips/textConvertido_53_0","classe":"textConvertido_53_0","nome":"eba09_03_53_0"}]},{"desenhos":[{"tipo":"img","x":"89.4px","y":"296.75px","width":"587.6px","height":"272.4px","nomeInstancia":"MovieClips/opcoes_55","classe":"opcoes_55","nome":"eba09_03_55_0"},{"tipo":"img","x":"89.4px","y":"287.85px","width":"861.3px","height":"189.5px","nomeInstancia":"MovieClips/textConvertido_55_1","classe":"textConvertido_55_1","nome":"eba09_03_55_1"},{"tipo":"img","x":"392.75px","y":"156.5px","width":"230.5px","height":"78.4px","nomeInstancia":"transicao_55_2","classe":"transicao_55_2","nome":"eba09_03_55_2"}]}]}