{"licao":"biblioteca","telas":[{"desenhos":[{"tipo":"img","x":"0px","y":"-0.65px","width":"1016px","height":"105.9px","nomeInstancia":"MovieClips/Símbolo 3","classe":"Símbolo 3","nome":"biblioteca_1_0"}]},{"desenhos":[{"tipo":"img","x":"0px","y":"-0.65px","width":"1016px","height":"137.25px","nomeInstancia":"MovieClips/Símbolo 4","classe":"Símbolo 4","nome":"biblioteca_2_0"}]},{"desenhos":[{"tipo":"img","x":"0px","y":"307px","width":"1016px","height":"45px","nomeInstancia":"MovieClips/Cópia de rodape 2","classe":"Cópia de rodape 2","nome":"biblioteca_3_0"}]},{"desenhos":[{"tipo":"img","x":"0px","y":"307px","width":"1016px","height":"45px","nomeInstancia":"MovieClips/rodape_mp 2","classe":"rodape_mp 2","nome":"biblioteca_4_0"}]},{"desenhos":[{"tipo":"img","x":"0px","y":"307px","width":"1016px","height":"45px","nomeInstancia":"MovieClips/rodape","classe":"rodape","nome":"biblioteca_5_0"}]},{"desenhos":[{"tipo":"img","x":"0px","y":"344px","width":"1016px","height":"45px","nomeInstancia":"MovieClips/Cópia de rodape","classe":"Cópia de rodape","nome":"biblioteca_6_0"}]},{"desenhos":[{"tipo":"img","x":"461.45px","y":"308.5px","width":"92px","height":"43.9px","nomeInstancia":"MovieClips/Cópia de Símbolo 4","classe":"Cópia de Símbolo 4","nome":"biblioteca_7_0"}]}]}