{"licao":"elm02_01","topico":"01","telas":[{"desenhos":[{"tipo":"img","x":"213.65px","y":"290.75px","width":"346.7px","height":"90.7px","nomeInstancia":"MovieClips/transicao_1_0","classe":"transicao_1_0","nome":"elm02_01_1_0"},{"nome":"elm02_01_1_1","tipo":"personagem","x":"0px","y":"0px","width":"1016px","height":"659px","nomeInstancia":"MovieClips/animaP1","classe":"animaP1"}]},{"desenhos":[{"tipo":"img","x":"516.05px","y":"202.85px","width":"440.65px","height":"95.6px","nomeInstancia":"Symbol 1","classe":"Symbol 1","nome":"elm02_01_2_0"},{"tipo":"img","x":"484.95px","y":"233.75px","width":"439.05px","height":"63.65px","nomeInstancia":"MovieClips/textConvertido_2_1","classe":"textConvertido_2_1","nome":"elm02_01_2_1"},{"nome":"elm02_01_2_2","tipo":"png","x":"0px","y":"0px","width":"1016px","height":"659px","nomeInstancia":"MovieClips/anima2","classe":"anima2"}]},{"desenhos":[{"tipo":"img","x":"484.95px","y":"320.7px","width":"415.05px","height":"63.65px","nomeInstancia":"MovieClips/textConvertido_3_0","classe":"textConvertido_3_0","nome":"elm02_01_3_0"},{"tipo":"img","x":"516.05px","y":"202.85px","width":"440.65px","height":"95.6px","nomeInstancia":"Symbol 1","classe":"Symbol 1","nome":"elm02_01_2_0"},{"tipo":"img","x":"484.95px","y":"233.75px","width":"439.05px","height":"63.65px","nomeInstancia":"MovieClips/textConvertido_2_1","classe":"textConvertido_2_1","nome":"elm02_01_2_1"},{"nome":"elm02_01_2_2","tipo":"png","x":"0px","y":"0px","width":"1016px","height":"659px","nomeInstancia":"MovieClips/anima2","classe":"anima2"}]},{"desenhos":[{"tipo":"img","x":"484.95px","y":"400.7px","width":"407.05px","height":"104.75px","nomeInstancia":"MovieClips/textConvertido_4_0","classe":"textConvertido_4_0","nome":"elm02_01_4_0"},{"tipo":"img","x":"484.95px","y":"320.7px","width":"415.05px","height":"63.65px","nomeInstancia":"MovieClips/textConvertido_3_0","classe":"textConvertido_3_0","nome":"elm02_01_3_0"},{"tipo":"img","x":"516.05px","y":"202.85px","width":"440.65px","height":"95.6px","nomeInstancia":"Symbol 1","classe":"Symbol 1","nome":"elm02_01_2_0"},{"tipo":"img","x":"484.95px","y":"233.75px","width":"439.05px","height":"63.65px","nomeInstancia":"MovieClips/textConvertido_2_1","classe":"textConvertido_2_1","nome":"elm02_01_2_1"},{"nome":"elm02_01_2_2","tipo":"png","x":"0px","y":"0px","width":"1016px","height":"659px","nomeInstancia":"MovieClips/anima2","classe":"anima2"}]},{"desenhos":[{"tipo":"img","x":"62.6px","y":"224.7px","width":"451.05px","height":"63.65px","nomeInstancia":"MovieClips/textConvertido_5_0","classe":"textConvertido_5_0","nome":"elm02_01_5_0"},{"nome":"elm02_01_5_1","tipo":"png","x":"0px","y":"0px","width":"1016px","height":"659px","nomeInstancia":"MovieClips/anima5","classe":"anima5"}]},{"desenhos":[{"tipo":"img","x":"62.6px","y":"307.1px","width":"458.05px","height":"104.75px","nomeInstancia":"MovieClips/textConvertido_6_0","classe":"textConvertido_6_0","nome":"elm02_01_6_0"},{"tipo":"img","x":"62.6px","y":"224.7px","width":"451.05px","height":"63.65px","nomeInstancia":"MovieClips/textConvertido_5_0","classe":"textConvertido_5_0","nome":"elm02_01_5_0"},{"nome":"elm02_01_5_1","tipo":"png","x":"0px","y":"0px","width":"1016px","height":"659px","nomeInstancia":"MovieClips/anima5","classe":"anima5"}]},{"desenhos":[{"tipo":"img","x":"62.6px","y":"430.6px","width":"446.05px","height":"63.65px","nomeInstancia":"MovieClips/textConvertido_7_0","classe":"textConvertido_7_0","nome":"elm02_01_7_0"},{"tipo":"img","x":"62.6px","y":"307.1px","width":"458.05px","height":"104.75px","nomeInstancia":"MovieClips/textConvertido_6_0","classe":"textConvertido_6_0","nome":"elm02_01_6_0"},{"tipo":"img","x":"62.6px","y":"224.7px","width":"451.05px","height":"63.65px","nomeInstancia":"MovieClips/textConvertido_5_0","classe":"textConvertido_5_0","nome":"elm02_01_5_0"},{"nome":"elm02_01_5_1","tipo":"png","x":"0px","y":"0px","width":"1016px","height":"659px","nomeInstancia":"MovieClips/anima5","classe":"anima5"}]},{"desenhos":[{"tipo":"img","x":"502.95px","y":"191.7px","width":"451.05px","height":"104.75px","nomeInstancia":"MovieClips/textConvertido_8_0","classe":"textConvertido_8_0","nome":"elm02_01_8_0"},{"tipo":"img","x":"79.75px","y":"236.8px","width":"366.25px","height":"260.7px","nomeInstancia":"MovieClips/transicao_8_1","classe":"transicao_8_1","nome":"elm02_01_8_1"}]},{"desenhos":[{"tipo":"img","x":"502.95px","y":"314.75px","width":"458.05px","height":"84.2px","nomeInstancia":"MovieClips/textConvertido_9_0","classe":"textConvertido_9_0","nome":"elm02_01_9_0"},{"tipo":"img","x":"502.95px","y":"191.7px","width":"451.05px","height":"104.75px","nomeInstancia":"MovieClips/textConvertido_8_0","classe":"textConvertido_8_0","nome":"elm02_01_8_0"},{"tipo":"img","x":"79.75px","y":"236.8px","width":"366.25px","height":"260.7px","nomeInstancia":"MovieClips/transicao_8_1","classe":"transicao_8_1","nome":"elm02_01_8_1"}]},{"desenhos":[{"tipo":"img","x":"502.95px","y":"417.25px","width":"446.05px","height":"104.75px","nomeInstancia":"MovieClips/textConvertido_10_0","classe":"textConvertido_10_0","nome":"elm02_01_10_0"},{"tipo":"img","x":"502.95px","y":"314.75px","width":"458.05px","height":"84.2px","nomeInstancia":"MovieClips/textConvertido_9_0","classe":"textConvertido_9_0","nome":"elm02_01_9_0"},{"tipo":"img","x":"502.95px","y":"191.7px","width":"451.05px","height":"104.75px","nomeInstancia":"MovieClips/textConvertido_8_0","classe":"textConvertido_8_0","nome":"elm02_01_8_0"},{"tipo":"img","x":"79.75px","y":"236.8px","width":"366.25px","height":"260.7px","nomeInstancia":"MovieClips/transicao_8_1","classe":"transicao_8_1","nome":"elm02_01_8_1"}]},{"desenhos":[{"tipo":"img","x":"91.95px","y":"249.7px","width":"451.05px","height":"84.2px","nomeInstancia":"MovieClips/textConvertido_11_0","classe":"textConvertido_11_0","nome":"elm02_01_11_0"},{"nome":"elm02_01_11_1","tipo":"png","x":"0px","y":"0px","width":"1016px","height":"659px","nomeInstancia":"MovieClips/anima11","classe":"anima11"}]},{"desenhos":[{"tipo":"img","x":"91.95px","y":"364.75px","width":"458.05px","height":"84.2px","nomeInstancia":"MovieClips/textConvertido_12_0","classe":"textConvertido_12_0","nome":"elm02_01_12_0"},{"tipo":"img","x":"91.95px","y":"249.7px","width":"451.05px","height":"84.2px","nomeInstancia":"MovieClips/textConvertido_11_0","classe":"textConvertido_11_0","nome":"elm02_01_11_0"},{"nome":"elm02_01_11_1","tipo":"png","x":"0px","y":"0px","width":"1016px","height":"659px","nomeInstancia":"MovieClips/anima11","classe":"anima11"}]},{"desenhos":[{"tipo":"img","x":"40.2px","y":"201.3px","width":"723.2px","height":"258.7px","nomeInstancia":"MovieClips/telaInfo13","classe":"telaInfo13","nome":"elm02_01_13_0"},{"tipo":"img","x":"535.95px","y":"290.7px","width":"424.05px","height":"104.75px","nomeInstancia":"MovieClips/textConvertido_13_2","classe":"textConvertido_13_2","nome":"elm02_01_13_1"},{"tipo":"img","x":"535.95px","y":"407.75px","width":"409.05px","height":"22.55px","nomeInstancia":"MovieClips/textConvertido_13_1","classe":"textConvertido_13_1","nome":"elm02_01_13_2"},{"tipo":"img","x":"53.75px","y":"273.1px","width":"453.25px","height":"161.95px","nomeInstancia":"MovieClips/transicao_13_3","classe":"transicao_13_3","nome":"elm02_01_13_3"}]},{"desenhos":[{"tipo":"img","x":"210.25px","y":"271.1px","width":"390.65px","height":"90.7px","nomeInstancia":"MovieClips/transicao_14_0","classe":"transicao_14_0","nome":"elm02_01_14_0"},{"nome":"elm02_01_14_1","tipo":"personagem","x":"0px","y":"0px","width":"1016px","height":"659px","nomeInstancia":"MovieClips/animaP14","classe":"animaP14"}]},{"desenhos":[{"tipo":"img","x":"210.25px","y":"357.25px","width":"312.05px","height":"93.5px","nomeInstancia":"MovieClips/transicao_15_0","classe":"transicao_15_0","nome":"elm02_01_15_0"},{"tipo":"img","x":"210.25px","y":"271.1px","width":"390.65px","height":"90.7px","nomeInstancia":"MovieClips/transicao_14_0","classe":"transicao_14_0","nome":"elm02_01_14_0"},{"nome":"elm02_01_14_1","tipo":"personagem","x":"0px","y":"0px","width":"1016px","height":"659px","nomeInstancia":"MovieClips/animaP14","classe":"animaP14"}]},{"desenhos":[{"tipo":"img","x":"98.85px","y":"136.8px","width":"817.9px","height":"449.85px","nomeInstancia":"MovieClips/telaInfo16","classe":"telaInfo16","nome":"elm02_01_16_0"},{"tipo":"img","x":"483.6px","y":"307.75px","width":"372.75px","height":"125.3px","nomeInstancia":"MovieClips/textConvertido_16_3","classe":"textConvertido_16_3","nome":"elm02_01_16_1"},{"tipo":"img","x":"282.5px","y":"192.35px","width":"451.05px","height":"22.55px","nomeInstancia":"MovieClips/textConvertido_16_2","classe":"textConvertido_16_2","nome":"elm02_01_16_2"},{"tipo":"img","x":"483.6px","y":"450.5px","width":"333.45px","height":"22.55px","nomeInstancia":"MovieClips/textConvertido_16_1","classe":"textConvertido_16_1","nome":"elm02_01_16_3"},{"tipo":"img","x":"185.5px","y":"247.25px","width":"235.1px","height":"286.55px","nomeInstancia":"MovieClips/transicao_16_4","classe":"transicao_16_4","nome":"elm02_01_16_4"}]},{"desenhos":[{"tipo":"img","x":"274.15px","y":"285.25px","width":"349.6px","height":"90.35px","nomeInstancia":"MovieClips/transicao_17_0","classe":"transicao_17_0","nome":"elm02_01_17_0"},{"nome":"elm02_01_17_1","tipo":"personagem","x":"0px","y":"0px","width":"1016px","height":"659px","nomeInstancia":"MovieClips/animaP17","classe":"animaP17"}]},{"desenhos":[{"tipo":"img","x":"242.15px","y":"371px","width":"332.45px","height":"89.15px","nomeInstancia":"MovieClips/transicao_18_0","classe":"transicao_18_0","nome":"elm02_01_18_0"},{"tipo":"img","x":"274.15px","y":"285.25px","width":"349.6px","height":"90.35px","nomeInstancia":"MovieClips/transicao_17_0","classe":"transicao_17_0","nome":"elm02_01_17_0"},{"nome":"elm02_01_17_1","tipo":"personagem","x":"0px","y":"0px","width":"1016px","height":"659px","nomeInstancia":"MovieClips/animaP17","classe":"animaP17"}]},{"desenhos":[{"tipo":"img","x":"468.75px","y":"202.2px","width":"487.8px","height":"84.2px","nomeInstancia":"MovieClips/textConvertido_19_0","classe":"textConvertido_19_0","nome":"elm02_01_19_0"},{"tipo":"img","x":"73.65px","y":"270.5px","width":"347.1px","height":"196.8px","nomeInstancia":"MovieClips/transicao_19_1","classe":"transicao_19_1","nome":"elm02_01_19_1"}]},{"desenhos":[{"tipo":"img","x":"468.75px","y":"301.35px","width":"503.8px","height":"84.2px","nomeInstancia":"MovieClips/textConvertido_20_0","classe":"textConvertido_20_0","nome":"elm02_01_20_0"},{"tipo":"img","x":"468.75px","y":"202.2px","width":"487.8px","height":"84.2px","nomeInstancia":"MovieClips/textConvertido_19_0","classe":"textConvertido_19_0","nome":"elm02_01_19_0"},{"tipo":"img","x":"73.65px","y":"270.5px","width":"347.1px","height":"196.8px","nomeInstancia":"MovieClips/transicao_19_1","classe":"transicao_19_1","nome":"elm02_01_19_1"}]},{"desenhos":[{"tipo":"img","x":"459.35px","y":"360.1px","width":"411.4px","height":"86.5px","nomeInstancia":"Symbol 2","classe":"Symbol 2","nome":"elm02_01_21_0"},{"tipo":"img","x":"254.9px","y":"249.85px","width":"713.35px","height":"327.95px","nomeInstancia":"MovieClips/telaInfo21","classe":"telaInfo21","nome":"elm02_01_21_1"},{"tipo":"img","x":"468.75px","y":"400.5px","width":"499.5px","height":"104.75px","nomeInstancia":"MovieClips/textConvertido_21_2","classe":"textConvertido_21_2","nome":"elm02_01_21_2"},{"tipo":"img","x":"468.75px","y":"301.35px","width":"503.8px","height":"84.2px","nomeInstancia":"MovieClips/textConvertido_20_0","classe":"textConvertido_20_0","nome":"elm02_01_20_0"},{"tipo":"img","x":"468.75px","y":"202.2px","width":"487.8px","height":"84.2px","nomeInstancia":"MovieClips/textConvertido_19_0","classe":"textConvertido_19_0","nome":"elm02_01_19_0"},{"tipo":"img","x":"73.65px","y":"270.5px","width":"347.1px","height":"196.8px","nomeInstancia":"MovieClips/transicao_19_1","classe":"transicao_19_1","nome":"elm02_01_19_1"}]},{"desenhos":[{"tipo":"img","x":"66.75px","y":"234.15px","width":"431.25px","height":"84.2px","nomeInstancia":"MovieClips/textConvertido_22_0","classe":"textConvertido_22_0","nome":"elm02_01_22_0"},{"tipo":"img","x":"581.45px","y":"260.4px","width":"376.6px","height":"212.65px","nomeInstancia":"MovieClips/transicao_22_1","classe":"transicao_22_1","nome":"elm02_01_22_1"}]},{"desenhos":[{"tipo":"img","x":"66.75px","y":"333.3px","width":"447.25px","height":"84.2px","nomeInstancia":"MovieClips/textConvertido_23_0","classe":"textConvertido_23_0","nome":"elm02_01_23_0"},{"tipo":"img","x":"66.75px","y":"234.15px","width":"431.25px","height":"84.2px","nomeInstancia":"MovieClips/textConvertido_22_0","classe":"textConvertido_22_0","nome":"elm02_01_22_0"},{"tipo":"img","x":"581.45px","y":"260.4px","width":"376.6px","height":"212.65px","nomeInstancia":"MovieClips/transicao_22_1","classe":"transicao_22_1","nome":"elm02_01_22_1"}]},{"desenhos":[{"tipo":"img","x":"66.75px","y":"432.45px","width":"480.35px","height":"63.65px","nomeInstancia":"MovieClips/textConvertido_24_0","classe":"textConvertido_24_0","nome":"elm02_01_24_0"},{"tipo":"img","x":"66.75px","y":"333.3px","width":"447.25px","height":"84.2px","nomeInstancia":"MovieClips/textConvertido_23_0","classe":"textConvertido_23_0","nome":"elm02_01_23_0"},{"tipo":"img","x":"66.75px","y":"234.15px","width":"431.25px","height":"84.2px","nomeInstancia":"MovieClips/textConvertido_22_0","classe":"textConvertido_22_0","nome":"elm02_01_22_0"},{"tipo":"img","x":"581.45px","y":"260.4px","width":"376.6px","height":"212.65px","nomeInstancia":"MovieClips/transicao_22_1","classe":"transicao_22_1","nome":"elm02_01_22_1"}]},{"desenhos":[{"tipo":"img","x":"184.15px","y":"183.95px","width":"647.7px","height":"22.55px","nomeInstancia":"MovieClips/textConvertido_25_0","classe":"textConvertido_25_0","nome":"elm02_01_25_0"}]},{"desenhos":[{"tipo":"img","x":"100.75px","y":"179.9px","width":"425.05px","height":"79.15px","nomeInstancia":"Symbol 3","classe":"Symbol 3","nome":"elm02_01_26_0"},{"tipo":"img","x":"184.15px","y":"213.85px","width":"633.85px","height":"43.1px","nomeInstancia":"MovieClips/textConvertido_26_2","classe":"textConvertido_26_2","nome":"elm02_01_26_1"},{"tipo":"img","x":"408.95px","y":"280.45px","width":"198.05px","height":"117.35px","nomeInstancia":"MovieClips/transicao_26_0","classe":"transicao_26_0","nome":"elm02_01_26_2"},{"tipo":"img","x":"184.15px","y":"183.95px","width":"647.7px","height":"22.55px","nomeInstancia":"MovieClips/textConvertido_25_0","classe":"textConvertido_25_0","nome":"elm02_01_25_0"}]},{"desenhos":[{"tipo":"img","x":"117.25px","y":"355.7px","width":"489.75px","height":"133.8px","nomeInstancia":"Symbol 4","classe":"Symbol 4","nome":"elm02_01_27_0"},{"tipo":"img","x":"254.9px","y":"241.35px","width":"674.75px","height":"332.1px","nomeInstancia":"MovieClips/telaInfo27","classe":"telaInfo27","nome":"elm02_01_27_1"},{"tipo":"img","x":"184.15px","y":"423.95px","width":"633.85px","height":"104.75px","nomeInstancia":"MovieClips/textConvertido_27_2","classe":"textConvertido_27_2","nome":"elm02_01_27_2"},{"tipo":"img","x":"100.75px","y":"179.9px","width":"425.05px","height":"79.15px","nomeInstancia":"Symbol 3","classe":"Symbol 3","nome":"elm02_01_26_0"},{"tipo":"img","x":"184.15px","y":"213.85px","width":"633.85px","height":"43.1px","nomeInstancia":"MovieClips/textConvertido_26_2","classe":"textConvertido_26_2","nome":"elm02_01_26_1"},{"tipo":"img","x":"408.95px","y":"280.45px","width":"198.05px","height":"117.35px","nomeInstancia":"MovieClips/transicao_26_0","classe":"transicao_26_0","nome":"elm02_01_26_2"},{"tipo":"img","x":"184.15px","y":"183.95px","width":"647.7px","height":"22.55px","nomeInstancia":"MovieClips/textConvertido_25_0","classe":"textConvertido_25_0","nome":"elm02_01_25_0"}]},{"desenhos":[{"tipo":"img","x":"184.15px","y":"191.95px","width":"647.7px","height":"22.55px","nomeInstancia":"MovieClips/textConvertido_28_1","classe":"textConvertido_28_1","nome":"elm02_01_28_0"},{"tipo":"img","x":"561.15px","y":"309.95px","width":"294.85px","height":"43.1px","nomeInstancia":"MovieClips/textConvertido_28_0","classe":"textConvertido_28_0","nome":"elm02_01_28_1"},{"tipo":"img","x":"144.1px","y":"325px","width":"297.1px","height":"103.3px","nomeInstancia":"MovieClips/transicao_28_2","classe":"transicao_28_2","nome":"elm02_01_28_2"}]},{"desenhos":[{"tipo":"img","x":"561.15px","y":"375.95px","width":"320.85px","height":"63.65px","nomeInstancia":"MovieClips/textConvertido_29_0","classe":"textConvertido_29_0","nome":"elm02_01_29_0"},{"tipo":"img","x":"184.15px","y":"191.95px","width":"647.7px","height":"22.55px","nomeInstancia":"MovieClips/textConvertido_28_1","classe":"textConvertido_28_1","nome":"elm02_01_28_0"},{"tipo":"img","x":"561.15px","y":"309.95px","width":"294.85px","height":"43.1px","nomeInstancia":"MovieClips/textConvertido_28_0","classe":"textConvertido_28_0","nome":"elm02_01_28_1"},{"tipo":"img","x":"144.1px","y":"325px","width":"297.1px","height":"103.3px","nomeInstancia":"MovieClips/transicao_28_2","classe":"transicao_28_2","nome":"elm02_01_28_2"}]},{"desenhos":[{"tipo":"img","x":"250.25px","y":"280.05px","width":"305.7px","height":"88.8px","nomeInstancia":"MovieClips/transicao_30_0","classe":"transicao_30_0","nome":"elm02_01_30_0"},{"nome":"elm02_01_30_1","tipo":"personagem","x":"0px","y":"0px","width":"1016px","height":"659px","nomeInstancia":"MovieClips/animaP30","classe":"animaP30"}]},{"desenhos":[{"tipo":"img","x":"181.65px","y":"200.85px","width":"581.45px","height":"260px","nomeInstancia":"MovieClips/telaInfo31_scroll","classe":"telaInfo31_scroll","nome":"elm02_01_31_0"},{"tipo":"img","x":"184.15px","y":"191.95px","width":"647.7px","height":"22.55px","nomeInstancia":"MovieClips/textConvertido_31_3","classe":"textConvertido_31_3","nome":"elm02_01_31_1"},{"tipo":"img","x":"525.15px","y":"273px","width":"444.85px","height":"186.95px","nomeInstancia":"MovieClips/textConvertido_31_2","classe":"textConvertido_31_2","nome":"elm02_01_31_2"},{"tipo":"img","x":"525.15px","y":"468.25px","width":"444.85px","height":"22.55px","nomeInstancia":"MovieClips/textConvertido_31_1","classe":"textConvertido_31_1","nome":"elm02_01_31_3"},{"tipo":"img","x":"104.2px","y":"263.5px","width":"361.7px","height":"227.3px","nomeInstancia":"MovieClips/transicao_31_4","classe":"transicao_31_4","nome":"elm02_01_31_4"}]},{"desenhos":[{"tipo":"img","x":"262.05px","y":"194.25px","width":"504.9px","height":"335.45px","nomeInstancia":"MovieClips/destaque32","classe":"destaque32","nome":"elm02_01_32_0"},{"tipo":"img","x":"184.15px","y":"191.95px","width":"647.7px","height":"22.55px","nomeInstancia":"MovieClips/textConvertido_31_3","classe":"textConvertido_31_3","nome":"elm02_01_31_1"},{"tipo":"img","x":"525.15px","y":"273px","width":"444.85px","height":"186.95px","nomeInstancia":"MovieClips/textConvertido_31_2","classe":"textConvertido_31_2","nome":"elm02_01_31_2"},{"tipo":"img","x":"525.15px","y":"468.25px","width":"444.85px","height":"22.55px","nomeInstancia":"MovieClips/textConvertido_31_1","classe":"textConvertido_31_1","nome":"elm02_01_31_3"},{"tipo":"img","x":"104.2px","y":"263.5px","width":"361.7px","height":"227.3px","nomeInstancia":"MovieClips/transicao_31_4","classe":"transicao_31_4","nome":"elm02_01_31_4"}]},{"desenhos":[{"tipo":"img","x":"103.05px","y":"253.6px","width":"447.45px","height":"82.95px","nomeInstancia":"MovieClips/transicao_33_0","classe":"transicao_33_0","nome":"elm02_01_33_0"},{"nome":"elm02_01_33_1","tipo":"personagem","x":"0px","y":"0px","width":"1016px","height":"659px","nomeInstancia":"MovieClips/animaP33","classe":"animaP33"}]},{"desenhos":[{"tipo":"img","x":"86.15px","y":"330.9px","width":"434.2px","height":"149.8px","nomeInstancia":"MovieClips/transicao_34_0","classe":"transicao_34_0","nome":"elm02_01_34_0"},{"tipo":"img","x":"103.05px","y":"253.6px","width":"447.45px","height":"82.95px","nomeInstancia":"MovieClips/transicao_33_0","classe":"transicao_33_0","nome":"elm02_01_33_0"},{"nome":"elm02_01_33_1","tipo":"personagem","x":"0px","y":"0px","width":"1016px","height":"659px","nomeInstancia":"MovieClips/animaP33","classe":"animaP33"}]},{"desenhos":[{"tipo":"img","x":"619.3px","y":"315.7px","width":"343.85px","height":"104.75px","nomeInstancia":"MovieClips/textConvertido_35_0","classe":"textConvertido_35_0","nome":"elm02_01_35_0"},{"tipo":"img","x":"44.15px","y":"188.9px","width":"526.45px","height":"319.05px","nomeInstancia":"MovieClips/transicao_35_1","classe":"transicao_35_1","nome":"elm02_01_35_1"}]},{"desenhos":[{"tipo":"img","x":"121.15px","y":"312.15px","width":"325.85px","height":"104.75px","nomeInstancia":"MovieClips/textConvertido_36_0","classe":"textConvertido_36_0","nome":"elm02_01_36_0"},{"tipo":"img","x":"507.1px","y":"200.35px","width":"394.8px","height":"253.9px","nomeInstancia":"MovieClips/transicao_36_1","classe":"transicao_36_1","nome":"elm02_01_36_1"}]},{"desenhos":[{"tipo":"img","x":"477.15px","y":"255.15px","width":"440.85px","height":"125.3px","nomeInstancia":"MovieClips/textConvertido_37_0","classe":"textConvertido_37_0","nome":"elm02_01_37_0"},{"tipo":"img","x":"67.25px","y":"181.1px","width":"337.8px","height":"307.85px","nomeInstancia":"MovieClips/transicao_37_1","classe":"transicao_37_1","nome":"elm02_01_37_1"}]},{"desenhos":[{"tipo":"img","x":"477.15px","y":"404.1px","width":"476.85px","height":"63.65px","nomeInstancia":"MovieClips/textConvertido_38_0","classe":"textConvertido_38_0","nome":"elm02_01_38_0"},{"tipo":"img","x":"477.15px","y":"255.15px","width":"440.85px","height":"125.3px","nomeInstancia":"MovieClips/textConvertido_37_0","classe":"textConvertido_37_0","nome":"elm02_01_37_0"},{"tipo":"img","x":"67.25px","y":"181.1px","width":"337.8px","height":"307.85px","nomeInstancia":"MovieClips/transicao_37_1","classe":"transicao_37_1","nome":"elm02_01_37_1"}]},{"desenhos":[{"tipo":"img","x":"77.85px","y":"133.55px","width":"225.9px","height":"74.55px","nomeInstancia":"MovieClips/transicao_39_0","classe":"transicao_39_0","nome":"elm02_01_39_0"},{"tipo":"img","x":"137.15px","y":"189.85px","width":"674.5px","height":"395.65px","nomeInstancia":"MovieClips/vouf39","classe":"vouf39","nome":"elm02_01_39_1"},{"tipo":"img","x":"77.85px","y":"255.6px","width":"861.3px","height":"245.15px","nomeInstancia":"MovieClips/textConvertido_39_0","classe":"textConvertido_39_0","nome":"elm02_01_39_2"}]}]}