{"licao":"elm05_02","topico":"02","telas":[{"desenhos":[{"tipo":"img","x":"195px","y":"222.8px","width":"626px","height":"43.1px","nomeInstancia":"MovieClips/textConvertido_1_0","classe":"textConvertido_1_0","nome":"elm05_02_1_0"}]},{"desenhos":[{"tipo":"img","x":"195px","y":"292.15px","width":"629px","height":"63.65px","nomeInstancia":"MovieClips/textConvertido_2_0","classe":"textConvertido_2_0","nome":"elm05_02_2_0"},{"tipo":"img","x":"195px","y":"222.8px","width":"626px","height":"43.1px","nomeInstancia":"MovieClips/textConvertido_1_0","classe":"textConvertido_1_0","nome":"elm05_02_1_0"}]},{"desenhos":[{"tipo":"img","x":"195px","y":"382.05px","width":"465px","height":"22.55px","nomeInstancia":"MovieClips/textConvertido_3_1","classe":"textConvertido_3_1","nome":"elm05_02_3_0"},{"tipo":"img","x":"416.8px","y":"430.85px","width":"182.4px","height":"95.05px","nomeInstancia":"MovieClips/transicao_3_0","classe":"transicao_3_0","nome":"elm05_02_3_1"},{"tipo":"img","x":"195px","y":"292.15px","width":"629px","height":"63.65px","nomeInstancia":"MovieClips/textConvertido_2_0","classe":"textConvertido_2_0","nome":"elm05_02_2_0"},{"tipo":"img","x":"195px","y":"222.8px","width":"626px","height":"43.1px","nomeInstancia":"MovieClips/textConvertido_1_0","classe":"textConvertido_1_0","nome":"elm05_02_1_0"}]},{"desenhos":[{"tipo":"img","x":"550px","y":"293.8px","width":"319px","height":"43.1px","nomeInstancia":"MovieClips/textConvertido_4_0","classe":"textConvertido_4_0","nome":"elm05_02_4_0"},{"tipo":"img","x":"164.55px","y":"198px","width":"325.4px","height":"298.05px","nomeInstancia":"MovieClips/transicao_4_1","classe":"transicao_4_1","nome":"elm05_02_4_1"}]},{"desenhos":[{"tipo":"img","x":"550px","y":"363.15px","width":"332px","height":"63.65px","nomeInstancia":"MovieClips/textConvertido_5_0","classe":"textConvertido_5_0","nome":"elm05_02_5_0"},{"tipo":"img","x":"550px","y":"293.8px","width":"319px","height":"43.1px","nomeInstancia":"MovieClips/textConvertido_4_0","classe":"textConvertido_4_0","nome":"elm05_02_4_0"},{"tipo":"img","x":"164.55px","y":"198px","width":"325.4px","height":"298.05px","nomeInstancia":"MovieClips/transicao_4_1","classe":"transicao_4_1","nome":"elm05_02_4_1"}]},{"desenhos":[{"tipo":"img","x":"130px","y":"221.8px","width":"721px","height":"22.55px","nomeInstancia":"MovieClips/textConvertido_6_0","classe":"textConvertido_6_0","nome":"elm05_02_6_0"}]},{"desenhos":[{"tipo":"img","x":"130px","y":"274.25px","width":"678px","height":"43.1px","nomeInstancia":"MovieClips/textConvertido_7_1","classe":"textConvertido_7_1","nome":"elm05_02_7_0"},{"tipo":"img","x":"364.35px","y":"347.25px","width":"242.4px","height":"126.3px","nomeInstancia":"MovieClips/transicao_7_0","classe":"transicao_7_0","nome":"elm05_02_7_1"},{"tipo":"img","x":"130px","y":"221.8px","width":"721px","height":"22.55px","nomeInstancia":"MovieClips/textConvertido_6_0","classe":"textConvertido_6_0","nome":"elm05_02_6_0"}]},{"desenhos":[{"tipo":"img","x":"107px","y":"322.5px","width":"344px","height":"84.2px","nomeInstancia":"MovieClips/textConvertido_8_1","classe":"textConvertido_8_1","nome":"elm05_02_8_0"},{"tipo":"img","x":"348.5px","y":"176.8px","width":"319px","height":"22.55px","nomeInstancia":"MovieClips/textConvertido_8_0","classe":"textConvertido_8_0","nome":"elm05_02_8_1"},{"tipo":"img","x":"506.1px","y":"239.2px","width":"428.85px","height":"305.05px","nomeInstancia":"MovieClips/transicao_8_2","classe":"transicao_8_2","nome":"elm05_02_8_2"}]},{"desenhos":[{"tipo":"img","x":"107px","y":"430.8px","width":"317px","height":"63.65px","nomeInstancia":"MovieClips/textConvertido_9_0","classe":"textConvertido_9_0","nome":"elm05_02_9_0"},{"tipo":"img","x":"107px","y":"322.5px","width":"344px","height":"84.2px","nomeInstancia":"MovieClips/textConvertido_8_1","classe":"textConvertido_8_1","nome":"elm05_02_8_0"},{"tipo":"img","x":"348.5px","y":"176.8px","width":"319px","height":"22.55px","nomeInstancia":"MovieClips/textConvertido_8_0","classe":"textConvertido_8_0","nome":"elm05_02_8_1"},{"tipo":"img","x":"506.1px","y":"239.2px","width":"428.85px","height":"305.05px","nomeInstancia":"MovieClips/transicao_8_2","classe":"transicao_8_2","nome":"elm05_02_8_2"}]},{"desenhos":[{"tipo":"img","x":"562px","y":"228.8px","width":"295px","height":"22.55px","nomeInstancia":"MovieClips/textConvertido_10_0","classe":"textConvertido_10_0","nome":"elm05_02_10_0"},{"tipo":"img","x":"89.85px","y":"236.6px","width":"403.3px","height":"253.4px","nomeInstancia":"MovieClips/transicao_10_1","classe":"transicao_10_1","nome":"elm05_02_10_1"}]},{"desenhos":[{"tipo":"img","x":"562px","y":"267.25px","width":"336px","height":"63.65px","nomeInstancia":"MovieClips/textConvertido_11_0","classe":"textConvertido_11_0","nome":"elm05_02_11_0"},{"tipo":"img","x":"562px","y":"228.8px","width":"295px","height":"22.55px","nomeInstancia":"MovieClips/textConvertido_10_0","classe":"textConvertido_10_0","nome":"elm05_02_10_0"},{"tipo":"img","x":"89.85px","y":"236.6px","width":"403.3px","height":"253.4px","nomeInstancia":"MovieClips/transicao_10_1","classe":"transicao_10_1","nome":"elm05_02_10_1"}]},{"desenhos":[{"tipo":"img","x":"172.1px","y":"201.5px","width":"591px","height":"258.7px","nomeInstancia":"MovieClips/telaInfo12_scroll","classe":"telaInfo12_scroll","nome":"elm05_02_12_0"},{"tipo":"img","x":"562px","y":"346.8px","width":"350px","height":"104.75px","nomeInstancia":"MovieClips/textConvertido_12_2","classe":"textConvertido_12_2","nome":"elm05_02_12_1"},{"tipo":"img","x":"562px","y":"467.45px","width":"350px","height":"22.55px","nomeInstancia":"MovieClips/textConvertido_12_1","classe":"textConvertido_12_1","nome":"elm05_02_12_2"},{"tipo":"img","x":"562px","y":"267.25px","width":"336px","height":"63.65px","nomeInstancia":"MovieClips/textConvertido_11_0","classe":"textConvertido_11_0","nome":"elm05_02_11_0"},{"tipo":"img","x":"562px","y":"228.8px","width":"295px","height":"22.55px","nomeInstancia":"MovieClips/textConvertido_10_0","classe":"textConvertido_10_0","nome":"elm05_02_10_0"},{"tipo":"img","x":"89.85px","y":"236.6px","width":"403.3px","height":"253.4px","nomeInstancia":"MovieClips/transicao_10_1","classe":"transicao_10_1","nome":"elm05_02_10_1"}]},{"desenhos":[{"tipo":"img","x":"73.8px","y":"214.85px","width":"868.45px","height":"43.1px","nomeInstancia":"MovieClips/textConvertido_13_0","classe":"textConvertido_13_0","nome":"elm05_02_13_0"},{"tipo":"img","x":"395.05px","y":"128.55px","width":"225.9px","height":"74.55px","nomeInstancia":"MovieClips/transicao_13_2","classe":"transicao_13_2","nome":"elm05_02_13_1"},{"tipo":"img","x":"218px","y":"276.4px","width":"724.25px","height":"286.6px","nomeInstancia":"MovieClips/dragDrop13","classe":"dragDrop13","nome":"elm05_02_13_2"}]}]}