{"licao":"elm05_04","topico":"04","telas":[{"desenhos":[{"tipo":"img","x":"393.4px","y":"235.8px","width":"434.2px","height":"91.7px","nomeInstancia":"transicao_1_0","classe":"transicao_1_0","nome":"elm05_04_1_0"},{"nome":"elm05_04_1_1","tipo":"personagem","x":"0px","y":"0px","width":"1016px","height":"659px","nomeInstancia":"MovieClips/animaP1","classe":"animaP1"}]},{"desenhos":[{"tipo":"img","x":"510.8px","y":"345.55px","width":"239.6px","height":"53.35px","nomeInstancia":"transicao_2_2","classe":"transicao_2_2","nome":"elm05_04_2_0"},{"tipo":"img","x":"510.8px","y":"413.2px","width":"239.6px","height":"53.35px","nomeInstancia":"transicao_2_1","classe":"transicao_2_1","nome":"elm05_04_2_1"},{"tipo":"img","x":"510.8px","y":"480.2px","width":"239.6px","height":"53.35px","nomeInstancia":"transicao_2_0","classe":"transicao_2_0","nome":"elm05_04_2_2"},{"tipo":"img","x":"393.4px","y":"235.8px","width":"434.2px","height":"91.7px","nomeInstancia":"transicao_1_0","classe":"transicao_1_0","nome":"elm05_04_1_0"},{"nome":"elm05_04_1_1","tipo":"personagem","x":"0px","y":"0px","width":"1016px","height":"659px","nomeInstancia":"MovieClips/animaP1","classe":"animaP1"}]},{"desenhos":[{"tipo":"img","x":"74px","y":"213.8px","width":"453px","height":"84.2px","nomeInstancia":"textConvertido_3_1","classe":"textConvertido_3_1","nome":"elm05_04_3_0"},{"tipo":"img","x":"313.45px","y":"154.8px","width":"389.1px","height":"22.55px","nomeInstancia":"textConvertido_3_0","classe":"textConvertido_3_0","nome":"elm05_04_3_1"},{"tipo":"img","x":"573.2px","y":"255.6px","width":"386.65px","height":"249px","nomeInstancia":"transicao_3_2","classe":"transicao_3_2","nome":"elm05_04_3_2"}]},{"desenhos":[{"tipo":"img","x":"74px","y":"312.4px","width":"453px","height":"104.75px","nomeInstancia":"textConvertido_4_0","classe":"textConvertido_4_0","nome":"elm05_04_4_0"},{"tipo":"img","x":"74px","y":"213.8px","width":"453px","height":"84.2px","nomeInstancia":"textConvertido_3_1","classe":"textConvertido_3_1","nome":"elm05_04_3_0"},{"tipo":"img","x":"313.45px","y":"154.8px","width":"389.1px","height":"22.55px","nomeInstancia":"textConvertido_3_0","classe":"textConvertido_3_0","nome":"elm05_04_3_1"},{"tipo":"img","x":"573.2px","y":"255.6px","width":"386.65px","height":"249px","nomeInstancia":"transicao_3_2","classe":"transicao_3_2","nome":"elm05_04_3_2"}]},{"desenhos":[{"tipo":"img","x":"293.75px","y":"233.95px","width":"691.25px","height":"345.8px","nomeInstancia":"MovieClips/telaInfo5","classe":"telaInfo5","nome":"elm05_04_5_0"},{"tipo":"img","x":"74px","y":"431.55px","width":"453px","height":"63.65px","nomeInstancia":"textConvertido_5_2","classe":"textConvertido_5_2","nome":"elm05_04_5_1"},{"tipo":"img","x":"74px","y":"509.6px","width":"453px","height":"22.55px","nomeInstancia":"textConvertido_5_1","classe":"textConvertido_5_1","nome":"elm05_04_5_2"},{"tipo":"img","x":"74px","y":"312.4px","width":"453px","height":"104.75px","nomeInstancia":"textConvertido_4_0","classe":"textConvertido_4_0","nome":"elm05_04_4_0"},{"tipo":"img","x":"74px","y":"213.8px","width":"453px","height":"84.2px","nomeInstancia":"textConvertido_3_1","classe":"textConvertido_3_1","nome":"elm05_04_3_0"},{"tipo":"img","x":"313.45px","y":"154.8px","width":"389.1px","height":"22.55px","nomeInstancia":"textConvertido_3_0","classe":"textConvertido_3_0","nome":"elm05_04_3_1"},{"tipo":"img","x":"573.2px","y":"255.6px","width":"386.65px","height":"249px","nomeInstancia":"transicao_3_2","classe":"transicao_3_2","nome":"elm05_04_3_2"}]},{"desenhos":[{"tipo":"img","x":"846.15px","y":"310.75px","width":"6.95px","height":"7.1px","nomeInstancia":"transicao_7_3","classe":"transicao_7_3","nome":"elm05_04_6_0"},{"tipo":"img","x":"503px","y":"260.8px","width":"426px","height":"63.65px","nomeInstancia":"textConvertido_6_2","classe":"textConvertido_6_2","nome":"elm05_04_6_1"},{"tipo":"img","x":"313.45px","y":"173.6px","width":"389.1px","height":"22.55px","nomeInstancia":"textConvertido_6_1","classe":"textConvertido_6_1","nome":"elm05_04_6_2"},{"tipo":"img","x":"106.25px","y":"264.65px","width":"302.5px","height":"224.75px","nomeInstancia":"transicao_6_3","classe":"transicao_6_3","nome":"elm05_04_6_3"}]},{"desenhos":[{"tipo":"img","x":"503px","y":"342.7px","width":"415px","height":"104.75px","nomeInstancia":"textConvertido_7_0","classe":"textConvertido_7_0","nome":"elm05_04_7_0"},{"tipo":"img","x":"846.15px","y":"310.75px","width":"6.95px","height":"7.1px","nomeInstancia":"transicao_7_3","classe":"transicao_7_3","nome":"elm05_04_6_0"},{"tipo":"img","x":"503px","y":"260.8px","width":"426px","height":"63.65px","nomeInstancia":"textConvertido_6_2","classe":"textConvertido_6_2","nome":"elm05_04_6_1"},{"tipo":"img","x":"313.45px","y":"173.6px","width":"389.1px","height":"22.55px","nomeInstancia":"textConvertido_6_1","classe":"textConvertido_6_1","nome":"elm05_04_6_2"},{"tipo":"img","x":"106.25px","y":"264.65px","width":"302.5px","height":"224.75px","nomeInstancia":"transicao_6_3","classe":"transicao_6_3","nome":"elm05_04_6_3"}]},{"desenhos":[{"tipo":"img","x":"503px","y":"465.7px","width":"398px","height":"43.1px","nomeInstancia":"textConvertido_8_0","classe":"textConvertido_8_0","nome":"elm05_04_8_0"},{"tipo":"img","x":"503px","y":"342.7px","width":"415px","height":"104.75px","nomeInstancia":"textConvertido_7_0","classe":"textConvertido_7_0","nome":"elm05_04_7_0"},{"tipo":"img","x":"846.15px","y":"310.75px","width":"6.95px","height":"7.1px","nomeInstancia":"transicao_7_3","classe":"transicao_7_3","nome":"elm05_04_6_0"},{"tipo":"img","x":"503px","y":"260.8px","width":"426px","height":"63.65px","nomeInstancia":"textConvertido_6_2","classe":"textConvertido_6_2","nome":"elm05_04_6_1"},{"tipo":"img","x":"313.45px","y":"173.6px","width":"389.1px","height":"22.55px","nomeInstancia":"textConvertido_6_1","classe":"textConvertido_6_1","nome":"elm05_04_6_2"},{"tipo":"img","x":"106.25px","y":"264.65px","width":"302.5px","height":"224.75px","nomeInstancia":"transicao_6_3","classe":"transicao_6_3","nome":"elm05_04_6_3"}]},{"desenhos":[{"tipo":"img","x":"223.55px","y":"316.95px","width":"6.95px","height":"7.1px","nomeInstancia":"transicao_10_3","classe":"transicao_10_3","nome":"elm05_04_9_0"},{"tipo":"img","x":"109.2px","y":"246.95px","width":"396.35px","height":"84.2px","nomeInstancia":"textConvertido_9_2","classe":"textConvertido_9_2","nome":"elm05_04_9_1"},{"tipo":"img","x":"313.45px","y":"173.6px","width":"389.1px","height":"22.55px","nomeInstancia":"textConvertido_9_1","classe":"textConvertido_9_1","nome":"elm05_04_9_2"},{"tipo":"img","x":"575.35px","y":"269.55px","width":"318.5px","height":"215.8px","nomeInstancia":"transicao_9_3","classe":"transicao_9_3","nome":"elm05_04_9_3"}]},{"desenhos":[{"tipo":"img","x":"109.2px","y":"345.6px","width":"408.25px","height":"125.3px","nomeInstancia":"textConvertido_10_0","classe":"textConvertido_10_0","nome":"elm05_04_10_0"},{"tipo":"img","x":"223.55px","y":"316.95px","width":"6.95px","height":"7.1px","nomeInstancia":"transicao_10_3","classe":"transicao_10_3","nome":"elm05_04_9_0"},{"tipo":"img","x":"109.2px","y":"246.95px","width":"396.35px","height":"84.2px","nomeInstancia":"textConvertido_9_2","classe":"textConvertido_9_2","nome":"elm05_04_9_1"},{"tipo":"img","x":"313.45px","y":"173.6px","width":"389.1px","height":"22.55px","nomeInstancia":"textConvertido_9_1","classe":"textConvertido_9_1","nome":"elm05_04_9_2"},{"tipo":"img","x":"575.35px","y":"269.55px","width":"318.5px","height":"215.8px","nomeInstancia":"transicao_9_3","classe":"transicao_9_3","nome":"elm05_04_9_3"}]},{"desenhos":[{"tipo":"img","x":"109.2px","y":"485.35px","width":"344.9px","height":"43.1px","nomeInstancia":"textConvertido_11_0","classe":"textConvertido_11_0","nome":"elm05_04_11_0"},{"tipo":"img","x":"109.2px","y":"345.6px","width":"408.25px","height":"125.3px","nomeInstancia":"textConvertido_10_0","classe":"textConvertido_10_0","nome":"elm05_04_10_0"},{"tipo":"img","x":"223.55px","y":"316.95px","width":"6.95px","height":"7.1px","nomeInstancia":"transicao_10_3","classe":"transicao_10_3","nome":"elm05_04_9_0"},{"tipo":"img","x":"109.2px","y":"246.95px","width":"396.35px","height":"84.2px","nomeInstancia":"textConvertido_9_2","classe":"textConvertido_9_2","nome":"elm05_04_9_1"},{"tipo":"img","x":"313.45px","y":"173.6px","width":"389.1px","height":"22.55px","nomeInstancia":"textConvertido_9_1","classe":"textConvertido_9_1","nome":"elm05_04_9_2"},{"tipo":"img","x":"575.35px","y":"269.55px","width":"318.5px","height":"215.8px","nomeInstancia":"transicao_9_3","classe":"transicao_9_3","nome":"elm05_04_9_3"}]},{"desenhos":[{"tipo":"img","x":"395.05px","y":"129.35px","width":"225.9px","height":"74.55px","nomeInstancia":"transicao_12_0","classe":"transicao_12_0","nome":"elm05_04_12_0"},{"tipo":"img","x":"112px","y":"218px","width":"804px","height":"374px","nomeInstancia":"MovieClips/atvClick12","classe":"atvClick12","nome":"elm05_04_12_1"},{"tipo":"img","x":"230.5px","y":"217.55px","width":"567.95px","height":"43.1px","nomeInstancia":"MovieClips/textConvertido_12_5","classe":"textConvertido_12_5","nome":"elm05_04_12_2"}]},{"desenhos":[{"tipo":"img","x":"378.45px","y":"248.5px","width":"469.75px","height":"95.75px","nomeInstancia":"transicao_13_0","classe":"transicao_13_0","nome":"elm05_04_13_0"},{"tipo":"img","x":"52px","y":"144.85px","width":"122.65px","height":"77.95px","nomeInstancia":"transicao_13_2","classe":"transicao_13_2","nome":"elm05_04_13_1"},{"nome":"elm05_04_13_2","tipo":"personagem","x":"0px","y":"0px","width":"1016px","height":"659px","nomeInstancia":"animaP13","classe":"animaP13"}]},{"desenhos":[{"tipo":"img","x":"511.9px","y":"338.55px","width":"312.55px","height":"89.75px","nomeInstancia":"transicao_14_0","classe":"transicao_14_0","nome":"elm05_04_14_0"},{"tipo":"img","x":"378.45px","y":"248.5px","width":"469.75px","height":"95.75px","nomeInstancia":"transicao_13_0","classe":"transicao_13_0","nome":"elm05_04_13_0"},{"tipo":"img","x":"52px","y":"144.85px","width":"122.65px","height":"77.95px","nomeInstancia":"transicao_13_2","classe":"transicao_13_2","nome":"elm05_04_13_1"},{"nome":"elm05_04_13_2","tipo":"personagem","x":"0px","y":"0px","width":"1016px","height":"659px","nomeInstancia":"animaP13","classe":"animaP13"}]},{"desenhos":[{"tipo":"img","x":"511.9px","y":"423.7px","width":"312.55px","height":"62.5px","nomeInstancia":"transicao_15_0","classe":"transicao_15_0","nome":"elm05_04_15_0"},{"tipo":"img","x":"511.9px","y":"338.55px","width":"312.55px","height":"89.75px","nomeInstancia":"transicao_14_0","classe":"transicao_14_0","nome":"elm05_04_14_0"},{"tipo":"img","x":"378.45px","y":"248.5px","width":"469.75px","height":"95.75px","nomeInstancia":"transicao_13_0","classe":"transicao_13_0","nome":"elm05_04_13_0"},{"tipo":"img","x":"52px","y":"144.85px","width":"122.65px","height":"77.95px","nomeInstancia":"transicao_13_2","classe":"transicao_13_2","nome":"elm05_04_13_1"},{"nome":"elm05_04_13_2","tipo":"personagem","x":"0px","y":"0px","width":"1016px","height":"659px","nomeInstancia":"animaP13","classe":"animaP13"}]},{"desenhos":[{"tipo":"img","x":"202.4px","y":"211.8px","width":"611.25px","height":"235.4px","nomeInstancia":"transicao_16_0","classe":"transicao_16_0","nome":"elm05_04_16_0"}]}]}