{
    "config": {
        "convencoes": "eba00",
        "label": "Eletrônica Básica",
        "principal": "wbteba",
        "siglafla": "eba",
        "corNavegacao": "#9C9C9C",
        "corTopico": "#4D4D4D",
        "corFundo": "#ECECEC",
        "temNota": true,
        "urlms": "engine!proxy.action"
    },
    "oas": [
        {
            "label": "Convenções",
            "sigla": "eba00",
            "teste": true,
            "arquivos": [
                {
                    "nome": "Convenções",
                    "sigla": "_00",
                    "tipoNavegacao": "convencoes",
                    "demo": false,
                    "moldura": "",
                    "navegacao": "",
                    "totalFrames": 1
                }
            ],
            "numTotalFrames": 1
        },
        {
            "label": "Semicondutores",
            "sigla": "eba01",
            "teste": true,
            "arquivos": [
                {
                    "nome": "Apresentação",
                    "sigla": "_00",
                    "tipoNavegacao": "misto",
                    "demo": false,
                    "moldura": "",
                    "navegacao": "",
                    "totalFrames": 6
                },
                {
                    "nome": "Objetivos",
                    "sigla": "_01",
                    "tipoNavegacao": "misto",
                    "demo": false,
                    "moldura": "",
                    "navegacao": "",
                    "totalFrames": 1
                },
                {
                    "nome": "Estrutura atômica da matéria",
                    "sigla": "_02",
                    "tipoNavegacao": "misto",
                    "demo": false,
                    "moldura": "",
                    "navegacao": "",
                    "totalFrames": 26
                },
                {
                    "nome": "Níveis de energia",
                    "sigla": "_03",
                    "tipoNavegacao": "misto",
                    "demo": false,
                    "moldura": "",
                    "navegacao": "",
                    "totalFrames": 27
                },
                {
                    "nome": "Condutores e isolantes",
                    "sigla": "_04",
                    "tipoNavegacao": "misto",
                    "demo": false,
                    "moldura": "",
                    "navegacao": "",
                    "totalFrames": 16
                },
                {
                    "nome": "Semicondutores",
                    "sigla": "_05",
                    "tipoNavegacao": "misto",
                    "demo": false,
                    "moldura": "",
                    "navegacao": "",
                    "totalFrames": 47
                },
                {
                    "nome": "Dopagem dos semicondutores",
                    "sigla": "_06",
                    "tipoNavegacao": "misto",
                    "demo": false,
                    "moldura": "",
                    "navegacao": "",
                    "totalFrames": 32
                },
                {
                    "nome": "Resumindo",
                    "sigla": "_07",
                    "tipoNavegacao": "misto",
                    "demo": false,
                    "moldura": "",
                    "navegacao": "",
                    "totalFrames": 6
                }
            ],
            "numTotalFrames": 161
        },
        {
            "label": "Diodos",
            "sigla": "eba02",
            "teste": true,
            "arquivos": [
                {
                    "nome": "Objetivos",
                    "sigla": "_00",
                    "tipoNavegacao": "misto",
                    "demo": false,
                    "moldura": "",
                    "navegacao": "",
                    "totalFrames": 1
                },
                {
                    "nome": "Introdução ",
                    "sigla": "_01",
                    "tipoNavegacao": "misto",
                    "demo": false,
                    "moldura": "",
                    "navegacao": "",
                    "totalFrames": 3
                },
                {
                    "nome": "Junção PN",
                    "sigla": "_02",
                    "tipoNavegacao": "misto",
                    "demo": false,
                    "moldura": "",
                    "navegacao": "",
                    "totalFrames": 22
                },
                {
                    "nome": "Polarização da junção PN",
                    "sigla": "_03",
                    "tipoNavegacao": "misto",
                    "demo": false,
                    "moldura": "",
                    "navegacao": "",
                    "totalFrames": 27
                },
                {
                    "nome": "O diodo e suas características",
                    "sigla": "_04",
                    "tipoNavegacao": "misto",
                    "demo": false,
                    "moldura": "",
                    "navegacao": "",
                    "totalFrames": 40
                },
                {
                    "nome": "Especificação de um diodo ",
                    "sigla": "_05",
                    "tipoNavegacao": "misto",
                    "demo": false,
                    "moldura": "",
                    "navegacao": "",
                    "totalFrames": 23
                },
                {
                    "nome": "O diodo na prática ",
                    "sigla": "_06",
                    "tipoNavegacao": "misto",
                    "demo": false,
                    "moldura": "",
                    "navegacao": "",
                    "totalFrames": 9
                },
                {
                    "nome": "Resumindo",
                    "sigla": "_07",
                    "tipoNavegacao": "misto",
                    "demo": false,
                    "moldura": "",
                    "navegacao": "",
                    "totalFrames": 4
                }
            ],
            "numTotalFrames": 129
        },
        {
            "label": "Circuitos Retificadores",
            "sigla": "eba03",
            "teste": true,
            "arquivos": [
                {
                    "nome": "Objetivos",
                    "sigla": "_00",
                    "tipoNavegacao": "misto",
                    "demo": false,
                    "moldura": "",
                    "navegacao": "",
                    "totalFrames": 1
                },
                {
                    "nome": "Introdução",
                    "sigla": "_01",
                    "tipoNavegacao": "misto",
                    "demo": false,
                    "moldura": "",
                    "navegacao": "",
                    "totalFrames": 6
                },
                {
                    "nome": "Tensão alternada",
                    "sigla": "_02",
                    "tipoNavegacao": "misto",
                    "demo": false,
                    "moldura": "",
                    "navegacao": "",
                    "totalFrames": 13
                },
                {
                    "nome": "Fonte de alimentação",
                    "sigla": "_03",
                    "tipoNavegacao": "misto",
                    "demo": false,
                    "moldura": "",
                    "navegacao": "",
                    "totalFrames": 26
                },
                {
                    "nome": "Circuitos retificadores",
                    "sigla": "_04",
                    "tipoNavegacao": "misto",
                    "demo": false,
                    "moldura": "",
                    "navegacao": "",
                    "totalFrames": 60
                },
                {
                    "nome": "Filtro em fonte de alimentação",
                    "sigla": "_05",
                    "tipoNavegacao": "misto",
                    "demo": false,
                    "moldura": "",
                    "navegacao": "",
                    "totalFrames": 52
                },
                {
                    "nome": "Resumindo",
                    "sigla": "_06",
                    "tipoNavegacao": "misto",
                    "demo": false,
                    "moldura": "",
                    "navegacao": "",
                    "totalFrames": 6
                }
            ],
            "numTotalFrames": 164
        },
        {
            "label": "Tipos Especiais de Diodos",
            "sigla": "eba04",
            "teste": true,
            "arquivos": [
                {
                    "nome": "Objetivos",
                    "sigla": "_00",
                    "tipoNavegacao": "misto",
                    "demo": false,
                    "moldura": "",
                    "navegacao": "",
                    "totalFrames": 1
                },
                {
                    "nome": "Introdução",
                    "sigla": "_01",
                    "tipoNavegacao": "misto",
                    "demo": false,
                    "moldura": "",
                    "navegacao": "",
                    "totalFrames": 5
                },
                {
                    "nome": "Diodo emissor de luz",
                    "sigla": "_02",
                    "tipoNavegacao": "misto",
                    "demo": false,
                    "moldura": "",
                    "navegacao": "",
                    "totalFrames": 53
                },
                {
                    "nome": "Fotodiodo",
                    "sigla": "_03",
                    "tipoNavegacao": "misto",
                    "demo": false,
                    "moldura": "",
                    "navegacao": "",
                    "totalFrames": 15
                },
                {
                    "nome": "Varicap",
                    "sigla": "_04",
                    "tipoNavegacao": "misto",
                    "demo": false,
                    "moldura": "",
                    "navegacao": "",
                    "totalFrames": 24
                },
                {
                    "nome": "Diodo Schottky",
                    "sigla": "_05",
                    "tipoNavegacao": "misto",
                    "demo": false,
                    "moldura": "",
                    "navegacao": "",
                    "totalFrames": 10
                },
                {
                    "nome": "Diodo túnel",
                    "sigla": "_06",
                    "tipoNavegacao": "misto",
                    "demo": false,
                    "moldura": "",
                    "navegacao": "",
                    "totalFrames": 9
                },
                {
                    "nome": "Diodo Zener",
                    "sigla": "_07",
                    "tipoNavegacao": "misto",
                    "demo": false,
                    "moldura": "",
                    "navegacao": "",
                    "totalFrames": 28
                },
                {
                    "nome": "Resumindo",
                    "sigla": "_08",
                    "tipoNavegacao": "misto",
                    "demo": false,
                    "moldura": "",
                    "navegacao": "",
                    "totalFrames": 4
                }
            ],
            "numTotalFrames": 149
        },
        {
            "label": "Circuitos com Diodos",
            "sigla": "eba05",
            "teste": true,
            "arquivos": [
                {
                    "nome": "Objetivo",
                    "sigla": "_00",
                    "tipoNavegacao": "misto",
                    "demo": false,
                    "moldura": "",
                    "navegacao": "",
                    "totalFrames": 1
                },
                {
                    "nome": "Introdução",
                    "sigla": "_01",
                    "tipoNavegacao": "misto",
                    "demo": false,
                    "moldura": "",
                    "navegacao": "",
                    "totalFrames": 3
                },
                {
                    "nome": "Limitadores",
                    "sigla": "_02",
                    "tipoNavegacao": "misto",
                    "demo": false,
                    "moldura": "",
                    "navegacao": "",
                    "totalFrames": 21
                },
                {
                    "nome": "Grampeadores",
                    "sigla": "_03",
                    "tipoNavegacao": "misto",
                    "demo": false,
                    "moldura": "",
                    "navegacao": "",
                    "totalFrames": 15
                },
                {
                    "nome": "Multiplicadores de tensão",
                    "sigla": "_04",
                    "tipoNavegacao": "misto",
                    "demo": false,
                    "moldura": "",
                    "navegacao": "",
                    "totalFrames": 39
                },
                {
                    "nome": "Reguladores de tensão",
                    "sigla": "_05",
                    "tipoNavegacao": "misto",
                    "demo": false,
                    "moldura": "",
                    "navegacao": "",
                    "totalFrames": 30
                },
                {
                    "nome": "Circuitos optoeletrônicos",
                    "sigla": "_06",
                    "tipoNavegacao": "misto",
                    "demo": false,
                    "moldura": "",
                    "navegacao": "",
                    "totalFrames": 19
                },
                {
                    "nome": "Resumindo",
                    "sigla": "_07",
                    "tipoNavegacao": "misto",
                    "demo": false,
                    "moldura": "",
                    "navegacao": "",
                    "totalFrames": 4
                }
            ],
            "numTotalFrames": 132
        },
        {
            "label": "Transistores bipolares",
            "sigla": "eba06",
            "teste": true,
            "arquivos": [
                {
                    "nome": "Objetivos",
                    "sigla": "_00",
                    "tipoNavegacao": "misto",
                    "demo": false,
                    "moldura": "",
                    "navegacao": "",
                    "totalFrames": 1
                },
                {
                    "nome": "Introdução",
                    "sigla": "_01",
                    "tipoNavegacao": "misto",
                    "demo": false,
                    "moldura": "",
                    "navegacao": "",
                    "totalFrames": 10
                },
                {
                    "nome": "Junção NPN e PNP",
                    "sigla": "_02",
                    "tipoNavegacao": "misto",
                    "demo": false,
                    "moldura": "",
                    "navegacao": "",
                    "totalFrames": 20
                },
                {
                    "nome": "Polarização das junções NPN e PNP",
                    "sigla": "_03",
                    "tipoNavegacao": "misto",
                    "demo": false,
                    "moldura": "",
                    "navegacao": "",
                    "totalFrames": 26
                },
                {
                    "nome": "Tensões e correntes nos transistores",
                    "sigla": "_04",
                    "tipoNavegacao": "misto",
                    "demo": false,
                    "moldura": "",
                    "navegacao": "",
                    "totalFrames": 50
                },
                {
                    "nome": "O transistor e suas características",
                    "sigla": "_05",
                    "tipoNavegacao": "misto",
                    "demo": false,
                    "moldura": "",
                    "navegacao": "",
                    "totalFrames": 49
                },
                {
                    "nome": "O transistor na prática",
                    "sigla": "_06",
                    "tipoNavegacao": "misto",
                    "demo": false,
                    "moldura": "",
                    "navegacao": "",
                    "totalFrames": 30
                },
                {
                    "nome": "Resumindo",
                    "sigla": "_07",
                    "tipoNavegacao": "misto",
                    "demo": false,
                    "moldura": "",
                    "navegacao": "",
                    "totalFrames": 8
                }
            ],
            "numTotalFrames": 194
        },
        {
            "label": "Polarização de transistores",
            "sigla": "eba07",
            "teste": true,
            "arquivos": [
                {
                    "nome": "Objetivos",
                    "sigla": "_00",
                    "tipoNavegacao": "misto",
                    "demo": false,
                    "moldura": "",
                    "navegacao": "",
                    "totalFrames": 1
                },
                {
                    "nome": "Introdução",
                    "sigla": "_01",
                    "tipoNavegacao": "misto",
                    "demo": false,
                    "moldura": "",
                    "navegacao": "",
                    "totalFrames": 3
                },
                {
                    "nome": "Transistor operando como chave",
                    "sigla": "_02",
                    "tipoNavegacao": "misto",
                    "demo": false,
                    "moldura": "",
                    "navegacao": "",
                    "totalFrames": 27
                },
                {
                    "nome": "Transistor operando como fonte de corrente",
                    "sigla": "_03",
                    "tipoNavegacao": "misto",
                    "demo": false,
                    "moldura": "",
                    "navegacao": "",
                    "totalFrames": 20
                },
                {
                    "nome": "Polarização e amplificação",
                    "sigla": "_04",
                    "tipoNavegacao": "misto",
                    "demo": false,
                    "moldura": "",
                    "navegacao": "",
                    "totalFrames": 24
                },
                {
                    "nome": "Polarização fixa",
                    "sigla": "_05",
                    "tipoNavegacao": "misto",
                    "demo": false,
                    "moldura": "",
                    "navegacao": "",
                    "totalFrames": 30
                },
                {
                    "nome": "Polarização por realimentação de coletor",
                    "sigla": "_06",
                    "tipoNavegacao": "misto",
                    "demo": false,
                    "moldura": "",
                    "navegacao": "",
                    "totalFrames": 31
                },
                {
                    "nome": "Polarização por divisor de tensão",
                    "sigla": "_07",
                    "tipoNavegacao": "misto",
                    "demo": false,
                    "moldura": "",
                    "navegacao": "",
                    "totalFrames": 27
                },
                {
                    "nome": "Resumindo",
                    "sigla": "_08",
                    "tipoNavegacao": "misto",
                    "demo": false,
                    "moldura": "",
                    "navegacao": "",
                    "totalFrames": 6
                }
            ],
            "numTotalFrames": 169
        },
        {
            "label": "Tipos especiais e aplicações de transistores",
            "sigla": "eba08",
            "teste": true,
            "arquivos": [
                {
                    "nome": "Objetivos",
                    "sigla": "_00",
                    "tipoNavegacao": "misto",
                    "demo": false,
                    "moldura": "",
                    "navegacao": "",
                    "totalFrames": 1
                },
                {
                    "nome": "Introdução",
                    "sigla": "_01",
                    "tipoNavegacao": "misto",
                    "demo": false,
                    "moldura": "",
                    "navegacao": "",
                    "totalFrames": 5
                },
                {
                    "nome": "Foto transistor",
                    "sigla": "_02",
                    "tipoNavegacao": "misto",
                    "demo": false,
                    "moldura": "",
                    "navegacao": "",
                    "totalFrames": 20
                },
                {
                    "nome": "Acoplador óptico",
                    "sigla": "_03",
                    "tipoNavegacao": "misto",
                    "demo": false,
                    "moldura": "",
                    "navegacao": "",
                    "totalFrames": 21
                },
                {
                    "nome": "Par Darlington",
                    "sigla": "_04",
                    "tipoNavegacao": "misto",
                    "demo": false,
                    "moldura": "",
                    "navegacao": "",
                    "totalFrames": 12
                },
                {
                    "nome": "Transistor de potência",
                    "sigla": "_05",
                    "tipoNavegacao": "misto",
                    "demo": false,
                    "moldura": "",
                    "navegacao": "",
                    "totalFrames": 41
                },
                {
                    "nome": "Circuitos com transistores",
                    "sigla": "_06",
                    "tipoNavegacao": "misto",
                    "demo": false,
                    "moldura": "",
                    "navegacao": "",
                    "totalFrames": 31
                },
                {
                    "nome": "Resumindo",
                    "sigla": "_07",
                    "tipoNavegacao": "misto",
                    "demo": false,
                    "moldura": "",
                    "navegacao": "",
                    "totalFrames": 7
                }
            ],
            "numTotalFrames": 138
        },
        {
            "label": "Transistor como amplificador",
            "sigla": "eba09",
            "teste": true,
            "arquivos": [
                {
                    "nome": "Objetivos",
                    "sigla": "_00",
                    "tipoNavegacao": "misto",
                    "demo": false,
                    "moldura": "",
                    "navegacao": "",
                    "totalFrames": 1
                },
                {
                    "nome": "Introdução",
                    "sigla": "_01",
                    "tipoNavegacao": "misto",
                    "demo": false,
                    "moldura": "",
                    "navegacao": "",
                    "totalFrames": 6
                },
                {
                    "nome": "Parâmetros de um amplificador",
                    "sigla": "_02",
                    "tipoNavegacao": "misto",
                    "demo": false,
                    "moldura": "",
                    "navegacao": "",
                    "totalFrames": 44
                },
                {
                    "nome": "Circuito equivalente CA do amplificador",
                    "sigla": "_03",
                    "tipoNavegacao": "misto",
                    "demo": false,
                    "moldura": "",
                    "navegacao": "",
                    "totalFrames": 55
                },
                {
                    "nome": "Análise de um amplificador",
                    "sigla": "_04",
                    "tipoNavegacao": "misto",
                    "demo": false,
                    "moldura": "",
                    "navegacao": "",
                    "totalFrames": 40
                },
                {
                    "nome": "Resumindo",
                    "sigla": "_05",
                    "tipoNavegacao": "misto",
                    "demo": false,
                    "moldura": "",
                    "navegacao": "",
                    "totalFrames": 10
                }
            ],
            "numTotalFrames": 156
        }
    ]
}