{"licao":"elb07_02","topico":"02","telas":[{"desenhos":[{"tipo":"img","x":"134.8px","y":"227.35px","width":"565.5px","height":"130.75px","nomeInstancia":"MovieClips/transicao_1_0","classe":"transicao_1_0","nome":"elb07_02_1_0"},{"tipo":"img","x":"61.3px","y":"142px","width":"426px","height":"47.8px","nomeInstancia":"MovieClips/textConvertido_1_1","classe":"textConvertido_1_1","nome":"elb07_02_1_1"},{"nome":"elb07_02_1_2","tipo":"personagem","x":"0px","y":"0px","width":"1016px","height":"659px","nomeInstancia":"MovieClips/animaP1","classe":"animaP1"}]},{"desenhos":[{"tipo":"img","x":"112.8px","y":"354.5px","width":"485.5px","height":"140.2px","nomeInstancia":"MovieClips/transicao_2_0","classe":"transicao_2_0","nome":"elb07_02_2_0"},{"tipo":"img","x":"134.8px","y":"227.35px","width":"565.5px","height":"130.75px","nomeInstancia":"MovieClips/transicao_1_0","classe":"transicao_1_0","nome":"elb07_02_1_0"},{"tipo":"img","x":"61.3px","y":"142px","width":"426px","height":"47.8px","nomeInstancia":"MovieClips/textConvertido_1_1","classe":"textConvertido_1_1","nome":"elb07_02_1_1"},{"nome":"elb07_02_1_2","tipo":"personagem","x":"0px","y":"0px","width":"1016px","height":"659px","nomeInstancia":"MovieClips/animaP1","classe":"animaP1"}]},{"desenhos":[{"tipo":"img","x":"520.5px","y":"277.15px","width":"426px","height":"104.75px","nomeInstancia":"MovieClips/textConvertido_3_0","classe":"textConvertido_3_0","nome":"elb07_02_3_0"},{"tipo":"img","x":"53.45px","y":"255.9px","width":"416.15px","height":"211.25px","nomeInstancia":"MovieClips/transicao_3_1","classe":"transicao_3_1","nome":"elb07_02_3_1"}]},{"desenhos":[{"tipo":"img","x":"53.45px","y":"212.3px","width":"686.55px","height":"277.15px","nomeInstancia":"MovieClips/telaInfo04","classe":"telaInfo04","nome":"elb07_02_4_0"},{"tipo":"img","x":"520.5px","y":"403.6px","width":"426px","height":"43.1px","nomeInstancia":"MovieClips/textConvertido_4_1","classe":"textConvertido_4_1","nome":"elb07_02_4_1"},{"tipo":"img","x":"520.5px","y":"277.15px","width":"426px","height":"104.75px","nomeInstancia":"MovieClips/textConvertido_3_0","classe":"textConvertido_3_0","nome":"elb07_02_3_0"},{"tipo":"img","x":"53.45px","y":"255.9px","width":"416.15px","height":"211.25px","nomeInstancia":"MovieClips/transicao_3_1","classe":"transicao_3_1","nome":"elb07_02_3_1"}]},{"desenhos":[{"tipo":"img","x":"70.1px","y":"295.55px","width":"399.15px","height":"104.75px","nomeInstancia":"MovieClips/textConvertido_5_0","classe":"textConvertido_5_0","nome":"elb07_02_5_0"},{"tipo":"img","x":"544.5px","y":"290.65px","width":"400px","height":"124.5px","nomeInstancia":"MovieClips/transicao_5_1","classe":"transicao_5_1","nome":"elb07_02_5_1"}]},{"desenhos":[{"tipo":"img","x":"510.75px","y":"272.9px","width":"426px","height":"63.65px","nomeInstancia":"MovieClips/textConvertido_6_0","classe":"textConvertido_6_0","nome":"elb07_02_6_0"},{"tipo":"img","x":"65.05px","y":"150.8px","width":"426px","height":"24.9px","nomeInstancia":"MovieClips/textConvertido_6_1","classe":"textConvertido_6_1","nome":"elb07_02_6_1"},{"tipo":"img","x":"49.65px","y":"280.55px","width":"412.15px","height":"175.8px","nomeInstancia":"MovieClips/transicao_6_2","classe":"transicao_6_2","nome":"elb07_02_6_2"}]},{"desenhos":[{"tipo":"img","x":"510.75px","y":"365.15px","width":"426px","height":"84.2px","nomeInstancia":"MovieClips/textConvertido_7_0","classe":"textConvertido_7_0","nome":"elb07_02_7_0"},{"tipo":"img","x":"510.75px","y":"272.9px","width":"426px","height":"63.65px","nomeInstancia":"MovieClips/textConvertido_6_0","classe":"textConvertido_6_0","nome":"elb07_02_6_0"},{"tipo":"img","x":"65.05px","y":"150.8px","width":"426px","height":"24.9px","nomeInstancia":"MovieClips/textConvertido_6_1","classe":"textConvertido_6_1","nome":"elb07_02_6_1"},{"tipo":"img","x":"49.65px","y":"280.55px","width":"412.15px","height":"175.8px","nomeInstancia":"MovieClips/transicao_6_2","classe":"transicao_6_2","nome":"elb07_02_6_2"}]},{"desenhos":[{"tipo":"img","x":"59.35px","y":"305.45px","width":"426px","height":"104.75px","nomeInstancia":"MovieClips/textConvertido_8_0","classe":"textConvertido_8_0","nome":"elb07_02_8_0"},{"tipo":"img","x":"548.15px","y":"214.25px","width":"383px","height":"290.65px","nomeInstancia":"MovieClips/transicao_8_1","classe":"transicao_8_1","nome":"elb07_02_8_1"}]},{"desenhos":[{"tipo":"img","x":"500px","y":"258.8px","width":"426px","height":"104.75px","nomeInstancia":"MovieClips/textConvertido_9_0","classe":"textConvertido_9_0","nome":"elb07_02_9_0"},{"tipo":"img","x":"66.05px","y":"144.9px","width":"426px","height":"24.9px","nomeInstancia":"MovieClips/textConvertido_9_1","classe":"textConvertido_9_1","nome":"elb07_02_9_1"},{"tipo":"img","x":"52.8px","y":"216.9px","width":"394.05px","height":"299px","nomeInstancia":"MovieClips/transicao_9_2","classe":"transicao_9_2","nome":"elb07_02_9_2"}]},{"desenhos":[{"tipo":"img","x":"500px","y":"380.4px","width":"426px","height":"84.2px","nomeInstancia":"MovieClips/textConvertido_10_0","classe":"textConvertido_10_0","nome":"elb07_02_10_0"},{"tipo":"img","x":"500px","y":"258.8px","width":"426px","height":"104.75px","nomeInstancia":"MovieClips/textConvertido_9_0","classe":"textConvertido_9_0","nome":"elb07_02_9_0"},{"tipo":"img","x":"66.05px","y":"144.9px","width":"426px","height":"24.9px","nomeInstancia":"MovieClips/textConvertido_9_1","classe":"textConvertido_9_1","nome":"elb07_02_9_1"},{"tipo":"img","x":"52.8px","y":"216.9px","width":"394.05px","height":"299px","nomeInstancia":"MovieClips/transicao_9_2","classe":"transicao_9_2","nome":"elb07_02_9_2"}]},{"desenhos":[{"tipo":"img","x":"53.45px","y":"285px","width":"426px","height":"207.5px","nomeInstancia":"MovieClips/textConvertido_11_0","classe":"textConvertido_11_0","nome":"elb07_02_11_0"},{"tipo":"img","x":"53.45px","y":"237.75px","width":"426px","height":"22.55px","nomeInstancia":"MovieClips/textConvertido_11_1","classe":"textConvertido_11_1","nome":"elb07_02_11_1"},{"tipo":"img","x":"521.2px","y":"230.6px","width":"434.9px","height":"261.9px","nomeInstancia":"MovieClips/transicao_11_2","classe":"transicao_11_2","nome":"elb07_02_11_2"}]},{"desenhos":[{"tipo":"img","x":"524.25px","y":"326.6px","width":"426px","height":"104.75px","nomeInstancia":"MovieClips/textConvertido_12_0","classe":"textConvertido_12_0","nome":"elb07_02_12_0"},{"tipo":"img","x":"58.2px","y":"140.05px","width":"426px","height":"24.9px","nomeInstancia":"MovieClips/textConvertido_12_1","classe":"textConvertido_12_1","nome":"elb07_02_12_1"},{"tipo":"img","x":"72.5px","y":"225.9px","width":"364.5px","height":"271.6px","nomeInstancia":"MovieClips/transicao_12_2","classe":"transicao_12_2","nome":"elb07_02_12_2"}]},{"desenhos":[{"tipo":"img","x":"74px","y":"280.1px","width":"426px","height":"63.65px","nomeInstancia":"MovieClips/textConvertido_13_0","classe":"textConvertido_13_0","nome":"elb07_02_13_0"},{"tipo":"img","x":"543.75px","y":"244.55px","width":"397.65px","height":"249.65px","nomeInstancia":"MovieClips/transicao_13_1","classe":"transicao_13_1","nome":"elb07_02_13_1"}]},{"desenhos":[{"tipo":"img","x":"74px","y":"362.55px","width":"426px","height":"84.2px","nomeInstancia":"MovieClips/textConvertido_14_0","classe":"textConvertido_14_0","nome":"elb07_02_14_0"},{"tipo":"img","x":"74px","y":"280.1px","width":"426px","height":"63.65px","nomeInstancia":"MovieClips/textConvertido_13_0","classe":"textConvertido_13_0","nome":"elb07_02_13_0"},{"tipo":"img","x":"543.75px","y":"244.55px","width":"397.65px","height":"249.65px","nomeInstancia":"MovieClips/transicao_13_1","classe":"transicao_13_1","nome":"elb07_02_13_1"}]},{"desenhos":[{"tipo":"img","x":"517.8px","y":"241.35px","width":"426px","height":"43.1px","nomeInstancia":"MovieClips/textConvertido_15_0","classe":"textConvertido_15_0","nome":"elb07_02_15_0"},{"tipo":"img","x":"57.9px","y":"241.35px","width":"395.9px","height":"238.4px","nomeInstancia":"MovieClips/transicao_15_1","classe":"transicao_15_1","nome":"elb07_02_15_1"}]},{"desenhos":[{"tipo":"img","x":"517.8px","y":"304.25px","width":"426px","height":"166.4px","nomeInstancia":"MovieClips/textConvertido_16_0","classe":"textConvertido_16_0","nome":"elb07_02_16_0"},{"tipo":"img","x":"517.8px","y":"241.35px","width":"426px","height":"43.1px","nomeInstancia":"MovieClips/textConvertido_15_0","classe":"textConvertido_15_0","nome":"elb07_02_15_0"},{"tipo":"img","x":"57.9px","y":"241.35px","width":"395.9px","height":"238.4px","nomeInstancia":"MovieClips/transicao_15_1","classe":"transicao_15_1","nome":"elb07_02_15_1"}]},{"desenhos":[{"tipo":"img","x":"72px","y":"272.45px","width":"426px","height":"43.1px","nomeInstancia":"MovieClips/textConvertido_17_0","classe":"textConvertido_17_0","nome":"elb07_02_17_0"},{"tipo":"img","x":"76px","y":"142px","width":"426px","height":"47.8px","nomeInstancia":"MovieClips/textConvertido_17_1","classe":"textConvertido_17_1","nome":"elb07_02_17_1"},{"tipo":"img","x":"548.1px","y":"265.35px","width":"388.9px","height":"213.2px","nomeInstancia":"MovieClips/transicao_17_2","classe":"transicao_17_2","nome":"elb07_02_17_2"}]},{"desenhos":[{"tipo":"img","x":"72px","y":"330.45px","width":"426px","height":"63.65px","nomeInstancia":"MovieClips/textConvertido_18_0","classe":"textConvertido_18_0","nome":"elb07_02_18_0"},{"tipo":"img","x":"72px","y":"272.45px","width":"426px","height":"43.1px","nomeInstancia":"MovieClips/textConvertido_17_0","classe":"textConvertido_17_0","nome":"elb07_02_17_0"},{"tipo":"img","x":"76px","y":"142px","width":"426px","height":"47.8px","nomeInstancia":"MovieClips/textConvertido_17_1","classe":"textConvertido_17_1","nome":"elb07_02_17_1"},{"tipo":"img","x":"548.1px","y":"265.35px","width":"388.9px","height":"213.2px","nomeInstancia":"MovieClips/transicao_17_2","classe":"transicao_17_2","nome":"elb07_02_17_2"}]},{"desenhos":[{"tipo":"img","x":"72px","y":"410.9px","width":"426px","height":"63.65px","nomeInstancia":"MovieClips/textConvertido_19_0","classe":"textConvertido_19_0","nome":"elb07_02_19_0"},{"tipo":"img","x":"72px","y":"330.45px","width":"426px","height":"63.65px","nomeInstancia":"MovieClips/textConvertido_18_0","classe":"textConvertido_18_0","nome":"elb07_02_18_0"},{"tipo":"img","x":"72px","y":"272.45px","width":"426px","height":"43.1px","nomeInstancia":"MovieClips/textConvertido_17_0","classe":"textConvertido_17_0","nome":"elb07_02_17_0"},{"tipo":"img","x":"76px","y":"142px","width":"426px","height":"47.8px","nomeInstancia":"MovieClips/textConvertido_17_1","classe":"textConvertido_17_1","nome":"elb07_02_17_1"},{"tipo":"img","x":"548.1px","y":"265.35px","width":"388.9px","height":"213.2px","nomeInstancia":"MovieClips/transicao_17_2","classe":"transicao_17_2","nome":"elb07_02_17_2"}]},{"desenhos":[{"tipo":"img","x":"528.35px","y":"312.5px","width":"410.1px","height":"63.65px","nomeInstancia":"MovieClips/textConvertido_20_0","classe":"textConvertido_20_0","nome":"elb07_02_20_0"},{"tipo":"img","x":"73.3px","y":"268.6px","width":"399.95px","height":"178px","nomeInstancia":"MovieClips/transicao_20_1","classe":"transicao_20_1","nome":"elb07_02_20_1"}]},{"desenhos":[{"tipo":"img","x":"249.1px","y":"179px","width":"699.35px","height":"387.7px","nomeInstancia":"MovieClips/telaInfo21","classe":"telaInfo21","nome":"elb07_02_21_0"},{"tipo":"img","x":"528.35px","y":"391.95px","width":"415px","height":"22.55px","nomeInstancia":"MovieClips/textConvertido_21_1","classe":"textConvertido_21_1","nome":"elb07_02_21_1"},{"tipo":"img","x":"528.35px","y":"312.5px","width":"410.1px","height":"63.65px","nomeInstancia":"MovieClips/textConvertido_20_0","classe":"textConvertido_20_0","nome":"elb07_02_20_0"},{"tipo":"img","x":"73.3px","y":"268.6px","width":"399.95px","height":"178px","nomeInstancia":"MovieClips/transicao_20_1","classe":"transicao_20_1","nome":"elb07_02_20_1"}]},{"desenhos":[{"tipo":"img","x":"62.7px","y":"267.65px","width":"827.95px","height":"312.85px","nomeInstancia":"MovieClips/opcoes22","classe":"opcoes22","nome":"elb07_02_22_0"},{"tipo":"img","x":"92px","y":"217.65px","width":"821.65px","height":"321.6px","nomeInstancia":"MovieClips/textConvertido_22_1","classe":"textConvertido_22_1","nome":"elb07_02_22_1"},{"tipo":"img","x":"76px","y":"132.55px","width":"131.9px","height":"70px","nomeInstancia":"MovieClips/transicao_22_2","classe":"transicao_22_2","nome":"elb07_02_22_2"}]}]}