{"licao":"elb07_01","topico":"01","telas":[{"desenhos":[{"tipo":"img","x":"116.65px","y":"268.6px","width":"426px","height":"43.1px","nomeInstancia":"MovieClips/textConvertido_1_0","classe":"textConvertido_1_0","nome":"elb07_01_1_0"},{"tipo":"img","x":"661.75px","y":"196.9px","width":"211.65px","height":"335.5px","nomeInstancia":"MovieClips/transicao_1_1","classe":"transicao_1_1","nome":"elb07_01_1_1"}]},{"desenhos":[{"tipo":"img","x":"116.65px","y":"337.4px","width":"426px","height":"63.65px","nomeInstancia":"MovieClips/textConvertido_2_0","classe":"textConvertido_2_0","nome":"elb07_01_2_0"},{"tipo":"img","x":"116.65px","y":"268.6px","width":"426px","height":"43.1px","nomeInstancia":"MovieClips/textConvertido_1_0","classe":"textConvertido_1_0","nome":"elb07_01_1_0"},{"tipo":"img","x":"661.75px","y":"196.9px","width":"211.65px","height":"335.5px","nomeInstancia":"MovieClips/transicao_1_1","classe":"transicao_1_1","nome":"elb07_01_1_1"}]},{"desenhos":[{"tipo":"img","x":"116.65px","y":"433.55px","width":"426px","height":"63.65px","nomeInstancia":"MovieClips/textConvertido_3_0","classe":"textConvertido_3_0","nome":"elb07_01_3_0"},{"tipo":"img","x":"116.65px","y":"337.4px","width":"426px","height":"63.65px","nomeInstancia":"MovieClips/textConvertido_2_0","classe":"textConvertido_2_0","nome":"elb07_01_2_0"},{"tipo":"img","x":"116.65px","y":"268.6px","width":"426px","height":"43.1px","nomeInstancia":"MovieClips/textConvertido_1_0","classe":"textConvertido_1_0","nome":"elb07_01_1_0"},{"tipo":"img","x":"661.75px","y":"196.9px","width":"211.65px","height":"335.5px","nomeInstancia":"MovieClips/transicao_1_1","classe":"transicao_1_1","nome":"elb07_01_1_1"}]},{"desenhos":[{"tipo":"img","x":"487.25px","y":"211.15px","width":"426px","height":"43.1px","nomeInstancia":"MovieClips/textConvertido_4_0","classe":"textConvertido_4_0","nome":"elb07_01_4_0"},{"tipo":"img","x":"128.6px","y":"167px","width":"216.95px","height":"153.7px","nomeInstancia":"MovieClips/transicao_4_2","classe":"transicao_4_2","nome":"elb07_01_4_1"},{"tipo":"img","x":"144.25px","y":"342.8px","width":"185.7px","height":"227.2px","nomeInstancia":"MovieClips/transicao_4_1","classe":"transicao_4_1","nome":"elb07_01_4_2"}]},{"desenhos":[{"tipo":"img","x":"487.25px","y":"289.9px","width":"426px","height":"125.3px","nomeInstancia":"MovieClips/textConvertido_5_0","classe":"textConvertido_5_0","nome":"elb07_01_5_0"},{"tipo":"img","x":"487.25px","y":"211.15px","width":"426px","height":"43.1px","nomeInstancia":"MovieClips/textConvertido_4_0","classe":"textConvertido_4_0","nome":"elb07_01_4_0"},{"tipo":"img","x":"128.6px","y":"167px","width":"216.95px","height":"153.7px","nomeInstancia":"MovieClips/transicao_4_2","classe":"transicao_4_2","nome":"elb07_01_4_1"},{"tipo":"img","x":"144.25px","y":"342.8px","width":"185.7px","height":"227.2px","nomeInstancia":"MovieClips/transicao_4_1","classe":"transicao_4_1","nome":"elb07_01_4_2"}]},{"desenhos":[{"tipo":"img","x":"487.25px","y":"450.85px","width":"426px","height":"63.65px","nomeInstancia":"MovieClips/textConvertido_6_0","classe":"textConvertido_6_0","nome":"elb07_01_6_0"},{"tipo":"img","x":"487.25px","y":"289.9px","width":"426px","height":"125.3px","nomeInstancia":"MovieClips/textConvertido_5_0","classe":"textConvertido_5_0","nome":"elb07_01_5_0"},{"tipo":"img","x":"487.25px","y":"211.15px","width":"426px","height":"43.1px","nomeInstancia":"MovieClips/textConvertido_4_0","classe":"textConvertido_4_0","nome":"elb07_01_4_0"},{"tipo":"img","x":"128.6px","y":"167px","width":"216.95px","height":"153.7px","nomeInstancia":"MovieClips/transicao_4_2","classe":"transicao_4_2","nome":"elb07_01_4_1"},{"tipo":"img","x":"144.25px","y":"342.8px","width":"185.7px","height":"227.2px","nomeInstancia":"MovieClips/transicao_4_1","classe":"transicao_4_1","nome":"elb07_01_4_2"}]},{"desenhos":[{"tipo":"img","x":"93px","y":"219.4px","width":"426px","height":"63.65px","nomeInstancia":"MovieClips/textConvertido_7_0","classe":"textConvertido_7_0","nome":"elb07_01_7_0"},{"nome":"elb07_01_7_1","tipo":"personagem","x":"0px","y":"0px","width":"1016px","height":"659px","nomeInstancia":"MovieClips/animaP7","classe":"animaP7"}]},{"desenhos":[{"tipo":"img","x":"93px","y":"314.1px","width":"426px","height":"63.65px","nomeInstancia":"MovieClips/textConvertido_8_0","classe":"textConvertido_8_0","nome":"elb07_01_8_0"},{"tipo":"img","x":"93px","y":"219.4px","width":"426px","height":"63.65px","nomeInstancia":"MovieClips/textConvertido_7_0","classe":"textConvertido_7_0","nome":"elb07_01_7_0"},{"nome":"elb07_01_7_1","tipo":"personagem","x":"0px","y":"0px","width":"1016px","height":"659px","nomeInstancia":"MovieClips/animaP7","classe":"animaP7"}]},{"desenhos":[{"tipo":"img","x":"93px","y":"408.8px","width":"426px","height":"63.65px","nomeInstancia":"MovieClips/textConvertido_9_0","classe":"textConvertido_9_0","nome":"elb07_01_9_0"},{"tipo":"img","x":"93px","y":"314.1px","width":"426px","height":"63.65px","nomeInstancia":"MovieClips/textConvertido_8_0","classe":"textConvertido_8_0","nome":"elb07_01_8_0"},{"tipo":"img","x":"93px","y":"219.4px","width":"426px","height":"63.65px","nomeInstancia":"MovieClips/textConvertido_7_0","classe":"textConvertido_7_0","nome":"elb07_01_7_0"},{"nome":"elb07_01_7_1","tipo":"personagem","x":"0px","y":"0px","width":"1016px","height":"659px","nomeInstancia":"MovieClips/animaP7","classe":"animaP7"}]},{"desenhos":[{"tipo":"img","x":"67.25px","y":"328.05px","width":"832.8px","height":"243.4px","nomeInstancia":"MovieClips/opcoes10","classe":"opcoes10","nome":"elb07_01_10_0"},{"tipo":"img","x":"95.95px","y":"209.7px","width":"824.1px","height":"340.4px","nomeInstancia":"MovieClips/textConvertido_10_1","classe":"textConvertido_10_1","nome":"elb07_01_10_1"},{"tipo":"img","x":"78.05px","y":"128.9px","width":"131.9px","height":"70px","nomeInstancia":"MovieClips/transicao_10_2","classe":"transicao_10_2","nome":"elb07_01_10_2"}]}]}