{"licao":"elb07_03","topico":"03","telas":[{"desenhos":[{"tipo":"img","x":"183.7px","y":"204.95px","width":"553.8px","height":"105.35px","nomeInstancia":"MovieClips/transicao_1_0","classe":"transicao_1_0","nome":"elb07_03_1_0"},{"tipo":"img","x":"76px","y":"137.85px","width":"426px","height":"47.8px","nomeInstancia":"MovieClips/textConvertido_1_1","classe":"textConvertido_1_1","nome":"elb07_03_1_1"},{"nome":"elb07_03_1_2","tipo":"personagem","x":"0px","y":"0px","width":"1016px","height":"659px","nomeInstancia":"MovieClips/animaP1","classe":"animaP1"}]},{"desenhos":[{"tipo":"img","x":"171.3px","y":"307.3px","width":"473.7px","height":"150.3px","nomeInstancia":"MovieClips/transicao_2_0","classe":"transicao_2_0","nome":"elb07_03_2_0"},{"tipo":"img","x":"183.7px","y":"204.95px","width":"553.8px","height":"105.35px","nomeInstancia":"MovieClips/transicao_1_0","classe":"transicao_1_0","nome":"elb07_03_1_0"},{"tipo":"img","x":"76px","y":"137.85px","width":"426px","height":"47.8px","nomeInstancia":"MovieClips/textConvertido_1_1","classe":"textConvertido_1_1","nome":"elb07_03_1_1"},{"nome":"elb07_03_1_2","tipo":"personagem","x":"0px","y":"0px","width":"1016px","height":"659px","nomeInstancia":"MovieClips/animaP1","classe":"animaP1"}]},{"desenhos":[{"tipo":"img","x":"503px","y":"312.55px","width":"426px","height":"43.1px","nomeInstancia":"MovieClips/textConvertido_3_0","classe":"textConvertido_3_0","nome":"elb07_03_3_0"},{"tipo":"img","x":"109.2px","y":"310.55px","width":"287.3px","height":"92.15px","nomeInstancia":"MovieClips/transicao_3_1","classe":"transicao_3_1","nome":"elb07_03_3_1"}]},{"desenhos":[{"tipo":"img","x":"109.2px","y":"205.45px","width":"617.05px","height":"287.9px","nomeInstancia":"MovieClips/telaInfo04","classe":"telaInfo04","nome":"elb07_03_4_0"},{"tipo":"img","x":"503px","y":"370.55px","width":"426px","height":"22.55px","nomeInstancia":"MovieClips/textConvertido_4_1","classe":"textConvertido_4_1","nome":"elb07_03_4_1"},{"tipo":"img","x":"503px","y":"312.55px","width":"426px","height":"43.1px","nomeInstancia":"MovieClips/textConvertido_3_0","classe":"textConvertido_3_0","nome":"elb07_03_3_0"},{"tipo":"img","x":"109.2px","y":"310.55px","width":"287.3px","height":"92.15px","nomeInstancia":"MovieClips/transicao_3_1","classe":"transicao_3_1","nome":"elb07_03_3_1"}]},{"desenhos":[{"tipo":"img","x":"58.35px","y":"334.8px","width":"408.1px","height":"63.65px","nomeInstancia":"MovieClips/textConvertido_5_0","classe":"textConvertido_5_0","nome":"elb07_03_5_0"},{"tipo":"img","x":"515.3px","y":"274.5px","width":"435.05px","height":"178.2px","nomeInstancia":"MovieClips/transicao_5_1","classe":"transicao_5_1","nome":"elb07_03_5_1"}]},{"desenhos":[{"tipo":"img","x":"509.7px","y":"236.3px","width":"426px","height":"63.65px","nomeInstancia":"MovieClips/textConvertido_6_0","classe":"textConvertido_6_0","nome":"elb07_03_6_0"},{"tipo":"img","x":"69.05px","y":"247.8px","width":"396.7px","height":"227.6px","nomeInstancia":"MovieClips/transicao_6_1","classe":"transicao_6_1","nome":"elb07_03_6_1"}]},{"desenhos":[{"tipo":"img","x":"509.7px","y":"316.75px","width":"426px","height":"84.2px","nomeInstancia":"MovieClips/textConvertido_7_0","classe":"textConvertido_7_0","nome":"elb07_03_7_0"},{"tipo":"img","x":"509.7px","y":"236.3px","width":"426px","height":"63.65px","nomeInstancia":"MovieClips/textConvertido_6_0","classe":"textConvertido_6_0","nome":"elb07_03_6_0"},{"tipo":"img","x":"69.05px","y":"247.8px","width":"396.7px","height":"227.6px","nomeInstancia":"MovieClips/transicao_6_1","classe":"transicao_6_1","nome":"elb07_03_6_1"}]},{"desenhos":[{"tipo":"img","x":"509.7px","y":"417.75px","width":"426px","height":"63.65px","nomeInstancia":"MovieClips/textConvertido_8_0","classe":"textConvertido_8_0","nome":"elb07_03_8_0"},{"tipo":"img","x":"509.7px","y":"316.75px","width":"426px","height":"84.2px","nomeInstancia":"MovieClips/textConvertido_7_0","classe":"textConvertido_7_0","nome":"elb07_03_7_0"},{"tipo":"img","x":"509.7px","y":"236.3px","width":"426px","height":"63.65px","nomeInstancia":"MovieClips/textConvertido_6_0","classe":"textConvertido_6_0","nome":"elb07_03_6_0"},{"tipo":"img","x":"69.05px","y":"247.8px","width":"396.7px","height":"227.6px","nomeInstancia":"MovieClips/transicao_6_1","classe":"transicao_6_1","nome":"elb07_03_6_1"}]},{"desenhos":[{"tipo":"img","x":"97.5px","y":"175.05px","width":"671.35px","height":"378.95px","nomeInstancia":"MovieClips/telaInfo09","classe":"telaInfo09","nome":"elb07_03_9_0"},{"tipo":"img","x":"76px","y":"320.25px","width":"409.05px","height":"84.2px","nomeInstancia":"MovieClips/textConvertido_9_1","classe":"textConvertido_9_1","nome":"elb07_03_9_1"},{"tipo":"img","x":"76px","y":"140.05px","width":"410.05px","height":"45.5px","nomeInstancia":"MovieClips/textConvertido_9_2","classe":"textConvertido_9_2","nome":"elb07_03_9_2"},{"tipo":"img","x":"534.8px","y":"241.8px","width":"409.7px","height":"265.1px","nomeInstancia":"MovieClips/transicao_9_3","classe":"transicao_9_3","nome":"elb07_03_9_3"}]},{"desenhos":[{"tipo":"img","x":"287.35px","y":"195.85px","width":"532.85px","height":"126.85px","nomeInstancia":"MovieClips/transicao_10_0","classe":"transicao_10_0","nome":"elb07_03_10_0"},{"tipo":"img","x":"74px","y":"135.1px","width":"426px","height":"24.9px","nomeInstancia":"MovieClips/textConvertido_10_1","classe":"textConvertido_10_1","nome":"elb07_03_10_1"},{"nome":"elb07_03_10_2","tipo":"personagem","x":"0px","y":"0px","width":"1016px","height":"659px","nomeInstancia":"MovieClips/animaP10","classe":"animaP10"}]},{"desenhos":[{"tipo":"img","x":"388.3px","y":"318.05px","width":"481.5px","height":"155.3px","nomeInstancia":"MovieClips/transicao_11_0","classe":"transicao_11_0","nome":"elb07_03_11_0"},{"tipo":"img","x":"287.35px","y":"195.85px","width":"532.85px","height":"126.85px","nomeInstancia":"MovieClips/transicao_10_0","classe":"transicao_10_0","nome":"elb07_03_10_0"},{"tipo":"img","x":"74px","y":"135.1px","width":"426px","height":"24.9px","nomeInstancia":"MovieClips/textConvertido_10_1","classe":"textConvertido_10_1","nome":"elb07_03_10_1"},{"nome":"elb07_03_10_2","tipo":"personagem","x":"0px","y":"0px","width":"1016px","height":"659px","nomeInstancia":"MovieClips/animaP10","classe":"animaP10"}]},{"desenhos":[{"tipo":"img","x":"76px","y":"292.1px","width":"426px","height":"104.75px","nomeInstancia":"MovieClips/textConvertido_13_0","classe":"textConvertido_13_0","nome":"elb07_03_12_0"},{"tipo":"img","x":"76px","y":"141px","width":"426px","height":"47.8px","nomeInstancia":"MovieClips/textConvertido_12_0","classe":"textConvertido_12_0","nome":"elb07_03_12_1"},{"tipo":"img","x":"532.35px","y":"242.1px","width":"402.9px","height":"257.3px","nomeInstancia":"MovieClips/transicao_12_1","classe":"transicao_12_1","nome":"elb07_03_12_2"}]},{"desenhos":[{"tipo":"img","x":"76px","y":"414.5px","width":"426px","height":"43.1px","nomeInstancia":"MovieClips/textConvertido_14_0","classe":"textConvertido_14_0","nome":"elb07_03_13_0"},{"tipo":"img","x":"76px","y":"292.1px","width":"426px","height":"104.75px","nomeInstancia":"MovieClips/textConvertido_13_0","classe":"textConvertido_13_0","nome":"elb07_03_12_0"},{"tipo":"img","x":"76px","y":"141px","width":"426px","height":"47.8px","nomeInstancia":"MovieClips/textConvertido_12_0","classe":"textConvertido_12_0","nome":"elb07_03_12_1"},{"tipo":"img","x":"532.35px","y":"242.1px","width":"402.9px","height":"257.3px","nomeInstancia":"MovieClips/transicao_12_1","classe":"transicao_12_1","nome":"elb07_03_12_2"}]},{"desenhos":[{"tipo":"img","x":"500px","y":"238.05px","width":"426px","height":"104.75px","nomeInstancia":"MovieClips/textConvertido_15_0","classe":"textConvertido_15_0","nome":"elb07_03_14_0"},{"tipo":"img","x":"107.4px","y":"217.8px","width":"284.85px","height":"283.5px","nomeInstancia":"MovieClips/transicao_15_1","classe":"transicao_15_1","nome":"elb07_03_14_1"}]},{"desenhos":[{"tipo":"img","x":"500px","y":"365.55px","width":"426px","height":"104.75px","nomeInstancia":"MovieClips/textConvertido_16_0","classe":"textConvertido_16_0","nome":"elb07_03_15_0"},{"tipo":"img","x":"500px","y":"238.05px","width":"426px","height":"104.75px","nomeInstancia":"MovieClips/textConvertido_15_0","classe":"textConvertido_15_0","nome":"elb07_03_14_0"},{"tipo":"img","x":"107.4px","y":"217.8px","width":"284.85px","height":"283.5px","nomeInstancia":"MovieClips/transicao_15_1","classe":"transicao_15_1","nome":"elb07_03_14_1"}]},{"desenhos":[{"tipo":"img","x":"88.75px","y":"339.4px","width":"412.95px","height":"84.2px","nomeInstancia":"MovieClips/textConvertido_18_0","classe":"textConvertido_18_0","nome":"elb07_03_16_0"},{"tipo":"img","x":"76px","y":"144.95px","width":"426px","height":"24.9px","nomeInstancia":"MovieClips/textConvertido_17_1","classe":"textConvertido_17_1","nome":"elb07_03_16_1"},{"tipo":"img","x":"610.25px","y":"231.35px","width":"320.8px","height":"257.5px","nomeInstancia":"MovieClips/transicao_17_0","classe":"transicao_17_0","nome":"elb07_03_16_2"}]},{"desenhos":[{"tipo":"img","x":"296.95px","y":"149.5px","width":"546.4px","height":"148.5px","nomeInstancia":"MovieClips/transicao_19_0","classe":"transicao_19_0","nome":"elb07_03_17_0"},{"nome":"elb07_03_17_1","tipo":"personagem","x":"0px","y":"0px","width":"1016px","height":"659px","nomeInstancia":"MovieClips/animaP19","classe":"animaP19"}]},{"desenhos":[{"tipo":"img","x":"395.2px","y":"295px","width":"493.3px","height":"150.95px","nomeInstancia":"MovieClips/transicao_20_0","classe":"transicao_20_0","nome":"elb07_03_18_0"},{"tipo":"img","x":"296.95px","y":"149.5px","width":"546.4px","height":"148.5px","nomeInstancia":"MovieClips/transicao_19_0","classe":"transicao_19_0","nome":"elb07_03_17_0"},{"nome":"elb07_03_17_1","tipo":"personagem","x":"0px","y":"0px","width":"1016px","height":"659px","nomeInstancia":"MovieClips/animaP19","classe":"animaP19"}]},{"desenhos":[{"tipo":"img","x":"76px","y":"318.85px","width":"426px","height":"43.1px","nomeInstancia":"MovieClips/textConvertido_21_0","classe":"textConvertido_21_0","nome":"elb07_03_19_0"},{"tipo":"img","x":"76px","y":"131.65px","width":"131.9px","height":"70px","nomeInstancia":"MovieClips/transicao_21_1","classe":"transicao_21_1","nome":"elb07_03_19_1"}]},{"desenhos":[{"tipo":"img","x":"179.65px","y":"154.5px","width":"826.8px","height":"451.65px","nomeInstancia":"MovieClips/dragDrop_atvClick","classe":"dragDrop_atvClick","nome":"elb07_03_20_0"},{"tipo":"img","x":"76px","y":"371.95px","width":"426px","height":"63.65px","nomeInstancia":"MovieClips/textConvertido_22_1","classe":"textConvertido_22_1","nome":"elb07_03_20_1"},{"tipo":"img","x":"76px","y":"318.85px","width":"426px","height":"43.1px","nomeInstancia":"MovieClips/textConvertido_21_0","classe":"textConvertido_21_0","nome":"elb07_03_19_0"},{"tipo":"img","x":"76px","y":"131.65px","width":"131.9px","height":"70px","nomeInstancia":"MovieClips/transicao_21_1","classe":"transicao_21_1","nome":"elb07_03_19_1"}]}]}