{"licao":"elb07_04","topico":"04","telas":[{"desenhos":[{"tipo":"img","x":"164.9px","y":"234.3px","width":"561.4px","height":"113.15px","nomeInstancia":"MovieClips/transicao_1_0","classe":"transicao_1_0","nome":"elb07_04_1_0"},{"tipo":"img","x":"76px","y":"144.95px","width":"426px","height":"24.9px","nomeInstancia":"MovieClips/textConvertido_1_1","classe":"textConvertido_1_1","nome":"elb07_04_1_1"},{"nome":"elb07_04_1_2","tipo":"personagem","x":"0px","y":"0px","width":"1016px","height":"659px","nomeInstancia":"MovieClips/animaP1","classe":"animaP1"}]},{"desenhos":[{"tipo":"img","x":"113.3px","y":"342.8px","width":"550.1px","height":"172.1px","nomeInstancia":"MovieClips/transicao_2_0","classe":"transicao_2_0","nome":"elb07_04_2_0"},{"tipo":"img","x":"164.9px","y":"234.3px","width":"561.4px","height":"113.15px","nomeInstancia":"MovieClips/transicao_1_0","classe":"transicao_1_0","nome":"elb07_04_1_0"},{"tipo":"img","x":"76px","y":"144.95px","width":"426px","height":"24.9px","nomeInstancia":"MovieClips/textConvertido_1_1","classe":"textConvertido_1_1","nome":"elb07_04_1_1"},{"nome":"elb07_04_1_2","tipo":"personagem","x":"0px","y":"0px","width":"1016px","height":"659px","nomeInstancia":"MovieClips/animaP1","classe":"animaP1"}]},{"desenhos":[{"tipo":"img","x":"536.3px","y":"322.2px","width":"426px","height":"84.2px","nomeInstancia":"MovieClips/textConvertido_3_0","classe":"textConvertido_3_0","nome":"elb07_04_3_0"},{"tipo":"img","x":"60.95px","y":"277.35px","width":"426.65px","height":"181.95px","nomeInstancia":"MovieClips/transicao_3_1","classe":"transicao_3_1","nome":"elb07_04_3_1"}]},{"desenhos":[{"tipo":"img","x":"60.3px","y":"291.9px","width":"426px","height":"145.85px","nomeInstancia":"MovieClips/textConvertido_4_0","classe":"textConvertido_4_0","nome":"elb07_04_4_0"},{"tipo":"img","x":"523.95px","y":"278.15px","width":"425px","height":"165.25px","nomeInstancia":"MovieClips/transicao_4_1","classe":"transicao_4_1","nome":"elb07_04_4_1"}]},{"desenhos":[{"tipo":"img","x":"271.3px","y":"237.45px","width":"473.45px","height":"226.6px","nomeInstancia":"MovieClips/destaque_44_1","classe":"destaque_44_1","nome":"elb07_04_5_0"},{"tipo":"img","x":"60.3px","y":"291.9px","width":"426px","height":"145.85px","nomeInstancia":"MovieClips/textConvertido_4_0","classe":"textConvertido_4_0","nome":"elb07_04_4_0"},{"tipo":"img","x":"523.95px","y":"278.15px","width":"425px","height":"165.25px","nomeInstancia":"MovieClips/transicao_4_1","classe":"transicao_4_1","nome":"elb07_04_4_1"}]},{"desenhos":[{"tipo":"img","x":"517.65px","y":"257.8px","width":"426px","height":"84.2px","nomeInstancia":"MovieClips/textConvertido_6_0","classe":"textConvertido_6_0","nome":"elb07_04_6_0"},{"tipo":"img","x":"65.05px","y":"144.95px","width":"426px","height":"24.9px","nomeInstancia":"MovieClips/textConvertido_6_1","classe":"textConvertido_6_1","nome":"elb07_04_6_1"},{"tipo":"img","x":"41.65px","y":"295.5px","width":"424.45px","height":"175.3px","nomeInstancia":"MovieClips/transicao_6_2","classe":"transicao_6_2","nome":"elb07_04_6_2"}]},{"desenhos":[{"tipo":"img","x":"517.65px","y":"367.2px","width":"426px","height":"84.2px","nomeInstancia":"MovieClips/textConvertido_7_0","classe":"textConvertido_7_0","nome":"elb07_04_7_0"},{"tipo":"img","x":"517.65px","y":"257.8px","width":"426px","height":"84.2px","nomeInstancia":"MovieClips/textConvertido_6_0","classe":"textConvertido_6_0","nome":"elb07_04_6_0"},{"tipo":"img","x":"65.05px","y":"144.95px","width":"426px","height":"24.9px","nomeInstancia":"MovieClips/textConvertido_6_1","classe":"textConvertido_6_1","nome":"elb07_04_6_1"},{"tipo":"img","x":"41.65px","y":"295.5px","width":"424.45px","height":"175.3px","nomeInstancia":"MovieClips/transicao_6_2","classe":"transicao_6_2","nome":"elb07_04_6_2"}]},{"desenhos":[{"tipo":"img","x":"41.65px","y":"225.95px","width":"690px","height":"280.05px","nomeInstancia":"MovieClips/telaInfo08","classe":"telaInfo08","nome":"elb07_04_8_0"},{"tipo":"img","x":"517.65px","y":"476.6px","width":"426px","height":"22.55px","nomeInstancia":"MovieClips/textConvertido_8_1","classe":"textConvertido_8_1","nome":"elb07_04_8_1"},{"tipo":"img","x":"517.65px","y":"367.2px","width":"426px","height":"84.2px","nomeInstancia":"MovieClips/textConvertido_7_0","classe":"textConvertido_7_0","nome":"elb07_04_7_0"},{"tipo":"img","x":"517.65px","y":"257.8px","width":"426px","height":"84.2px","nomeInstancia":"MovieClips/textConvertido_6_0","classe":"textConvertido_6_0","nome":"elb07_04_6_0"},{"tipo":"img","x":"65.05px","y":"144.95px","width":"426px","height":"24.9px","nomeInstancia":"MovieClips/textConvertido_6_1","classe":"textConvertido_6_1","nome":"elb07_04_6_1"},{"tipo":"img","x":"41.65px","y":"295.5px","width":"424.45px","height":"175.3px","nomeInstancia":"MovieClips/transicao_6_2","classe":"transicao_6_2","nome":"elb07_04_6_2"}]},{"desenhos":[{"tipo":"img","x":"91.7px","y":"299px","width":"426px","height":"84.2px","nomeInstancia":"MovieClips/textConvertido_9_0","classe":"textConvertido_9_0","nome":"elb07_04_9_0"},{"tipo":"img","x":"76px","y":"135.15px","width":"426px","height":"24.9px","nomeInstancia":"MovieClips/textConvertido_9_1","classe":"textConvertido_9_1","nome":"elb07_04_9_1"},{"tipo":"img","x":"590.45px","y":"223.3px","width":"325.85px","height":"296.15px","nomeInstancia":"MovieClips/transicao_9_2","classe":"transicao_9_2","nome":"elb07_04_9_2"}]},{"desenhos":[{"tipo":"img","x":"91.7px","y":"403px","width":"426px","height":"84.2px","nomeInstancia":"MovieClips/textConvertido_10_0","classe":"textConvertido_10_0","nome":"elb07_04_10_0"},{"tipo":"img","x":"91.7px","y":"299px","width":"426px","height":"84.2px","nomeInstancia":"MovieClips/textConvertido_9_0","classe":"textConvertido_9_0","nome":"elb07_04_9_0"},{"tipo":"img","x":"76px","y":"135.15px","width":"426px","height":"24.9px","nomeInstancia":"MovieClips/textConvertido_9_1","classe":"textConvertido_9_1","nome":"elb07_04_9_1"},{"tipo":"img","x":"590.45px","y":"223.3px","width":"325.85px","height":"296.15px","nomeInstancia":"MovieClips/transicao_9_2","classe":"transicao_9_2","nome":"elb07_04_9_2"}]},{"desenhos":[{"tipo":"img","x":"280.15px","y":"274.75px","width":"455.7px","height":"185.3px","nomeInstancia":"MovieClips/destaque_411_1","classe":"destaque_411_1","nome":"elb07_04_11_0"},{"tipo":"img","x":"91.7px","y":"403px","width":"426px","height":"84.2px","nomeInstancia":"MovieClips/textConvertido_10_0","classe":"textConvertido_10_0","nome":"elb07_04_10_0"},{"tipo":"img","x":"91.7px","y":"299px","width":"426px","height":"84.2px","nomeInstancia":"MovieClips/textConvertido_9_0","classe":"textConvertido_9_0","nome":"elb07_04_9_0"},{"tipo":"img","x":"76px","y":"135.15px","width":"426px","height":"24.9px","nomeInstancia":"MovieClips/textConvertido_9_1","classe":"textConvertido_9_1","nome":"elb07_04_9_1"},{"tipo":"img","x":"590.45px","y":"223.3px","width":"325.85px","height":"296.15px","nomeInstancia":"MovieClips/transicao_9_2","classe":"transicao_9_2","nome":"elb07_04_9_2"}]},{"desenhos":[{"tipo":"img","x":"518.65px","y":"261.5px","width":"426px","height":"63.65px","nomeInstancia":"MovieClips/textConvertido_12_0","classe":"textConvertido_12_0","nome":"elb07_04_12_0"},{"tipo":"img","x":"51px","y":"240.35px","width":"434.9px","height":"261.9px","nomeInstancia":"MovieClips/transicao_12_1","classe":"transicao_12_1","nome":"elb07_04_12_1"}]},{"desenhos":[{"tipo":"img","x":"518.65px","y":"346.9px","width":"426px","height":"125.3px","nomeInstancia":"MovieClips/textConvertido_13_0","classe":"textConvertido_13_0","nome":"elb07_04_13_0"},{"tipo":"img","x":"518.65px","y":"261.5px","width":"426px","height":"63.65px","nomeInstancia":"MovieClips/textConvertido_12_0","classe":"textConvertido_12_0","nome":"elb07_04_12_0"},{"tipo":"img","x":"51px","y":"240.35px","width":"434.9px","height":"261.9px","nomeInstancia":"MovieClips/transicao_12_1","classe":"transicao_12_1","nome":"elb07_04_12_1"}]},{"desenhos":[{"tipo":"img","x":"68.2px","y":"274.35px","width":"426px","height":"63.65px","nomeInstancia":"MovieClips/textConvertido_14_0","classe":"textConvertido_14_0","nome":"elb07_04_14_0"},{"tipo":"img","x":"540.85px","y":"301.25px","width":"409.45px","height":"138.2px","nomeInstancia":"MovieClips/transicao_14_1","classe":"transicao_14_1","nome":"elb07_04_14_1"}]},{"desenhos":[{"tipo":"img","x":"68.2px","y":"359.75px","width":"426px","height":"104.75px","nomeInstancia":"MovieClips/textConvertido_15_0","classe":"textConvertido_15_0","nome":"elb07_04_15_0"},{"tipo":"img","x":"68.2px","y":"274.35px","width":"426px","height":"63.65px","nomeInstancia":"MovieClips/textConvertido_14_0","classe":"textConvertido_14_0","nome":"elb07_04_14_0"},{"tipo":"img","x":"540.85px","y":"301.25px","width":"409.45px","height":"138.2px","nomeInstancia":"MovieClips/transicao_14_1","classe":"transicao_14_1","nome":"elb07_04_14_1"}]},{"desenhos":[{"tipo":"img","x":"528.4px","y":"307.6px","width":"426px","height":"104.75px","nomeInstancia":"MovieClips/textConvertido_16_0","classe":"textConvertido_16_0","nome":"elb07_04_16_0"},{"tipo":"img","x":"68.6px","y":"293.4px","width":"409.45px","height":"138.2px","nomeInstancia":"MovieClips/transicao_16_1","classe":"transicao_16_1","nome":"elb07_04_16_1"}]},{"desenhos":[{"tipo":"img","x":"65.05px","y":"224.25px","width":"412px","height":"84.2px","nomeInstancia":"MovieClips/textConvertido_17_0","classe":"textConvertido_17_0","nome":"elb07_04_17_0"},{"tipo":"img","x":"528.55px","y":"290.85px","width":"432px","height":"148.75px","nomeInstancia":"MovieClips/transicao_17_1","classe":"transicao_17_1","nome":"elb07_04_17_1"}]},{"desenhos":[{"tipo":"img","x":"65.05px","y":"332.15px","width":"426px","height":"63.65px","nomeInstancia":"MovieClips/textConvertido_18_0","classe":"textConvertido_18_0","nome":"elb07_04_18_0"},{"tipo":"img","x":"65.05px","y":"224.25px","width":"412px","height":"84.2px","nomeInstancia":"MovieClips/textConvertido_17_0","classe":"textConvertido_17_0","nome":"elb07_04_17_0"},{"tipo":"img","x":"528.55px","y":"290.85px","width":"432px","height":"148.75px","nomeInstancia":"MovieClips/transicao_17_1","classe":"transicao_17_1","nome":"elb07_04_17_1"}]},{"desenhos":[{"tipo":"img","x":"297.75px","y":"239.35px","width":"617px","height":"302.1px","nomeInstancia":"MovieClips/telaInfo19","classe":"telaInfo19","nome":"elb07_04_19_0"},{"tipo":"img","x":"65.05px","y":"419.5px","width":"426px","height":"84.2px","nomeInstancia":"MovieClips/textConvertido_19_1","classe":"textConvertido_19_1","nome":"elb07_04_19_1"},{"tipo":"img","x":"65.05px","y":"332.15px","width":"426px","height":"63.65px","nomeInstancia":"MovieClips/textConvertido_18_0","classe":"textConvertido_18_0","nome":"elb07_04_18_0"},{"tipo":"img","x":"65.05px","y":"224.25px","width":"412px","height":"84.2px","nomeInstancia":"MovieClips/textConvertido_17_0","classe":"textConvertido_17_0","nome":"elb07_04_17_0"},{"tipo":"img","x":"528.55px","y":"290.85px","width":"432px","height":"148.75px","nomeInstancia":"MovieClips/transicao_17_1","classe":"transicao_17_1","nome":"elb07_04_17_1"}]},{"desenhos":[{"tipo":"img","x":"524.5px","y":"271.4px","width":"426px","height":"84.2px","nomeInstancia":"MovieClips/textConvertido_20_0","classe":"textConvertido_20_0","nome":"elb07_04_20_0"},{"tipo":"img","x":"57.35px","y":"153.95px","width":"426px","height":"24.9px","nomeInstancia":"MovieClips/textConvertido_20_1","classe":"textConvertido_20_1","nome":"elb07_04_20_1"},{"tipo":"img","x":"57.35px","y":"265.6px","width":"424.2px","height":"221.6px","nomeInstancia":"MovieClips/transicao_20_2","classe":"transicao_20_2","nome":"elb07_04_20_2"}]},{"desenhos":[{"tipo":"img","x":"524.5px","y":"377.35px","width":"426px","height":"104.75px","nomeInstancia":"MovieClips/textConvertido_21_0","classe":"textConvertido_21_0","nome":"elb07_04_21_0"},{"tipo":"img","x":"524.5px","y":"271.4px","width":"426px","height":"84.2px","nomeInstancia":"MovieClips/textConvertido_20_0","classe":"textConvertido_20_0","nome":"elb07_04_20_0"},{"tipo":"img","x":"57.35px","y":"153.95px","width":"426px","height":"24.9px","nomeInstancia":"MovieClips/textConvertido_20_1","classe":"textConvertido_20_1","nome":"elb07_04_20_1"},{"tipo":"img","x":"57.35px","y":"265.6px","width":"424.2px","height":"221.6px","nomeInstancia":"MovieClips/transicao_20_2","classe":"transicao_20_2","nome":"elb07_04_20_2"}]},{"desenhos":[{"tipo":"img","x":"106.5px","y":"291.2px","width":"757.05px","height":"298.25px","nomeInstancia":"MovieClips/opcoes22a","classe":"opcoes22a","nome":"elb07_04_22_0"},{"tipo":"img","x":"132.5px","y":"207.55px","width":"751.05px","height":"351.35px","nomeInstancia":"MovieClips/textConvertido_22_1","classe":"textConvertido_22_1","nome":"elb07_04_22_1"},{"tipo":"img","x":"76px","y":"130.55px","width":"131.9px","height":"70px","nomeInstancia":"MovieClips/transicao_22_2","classe":"transicao_22_2","nome":"elb07_04_22_2"}]},{"desenhos":[{"tipo":"img","x":"320.7px","y":"222.65px","width":"509.25px","height":"118.95px","nomeInstancia":"MovieClips/transicao_23_0","classe":"transicao_23_0","nome":"elb07_04_23_0"},{"tipo":"img","x":"77.45px","y":"146.7px","width":"133.2px","height":"49.65px","nomeInstancia":"MovieClips/transicao_23_1","classe":"transicao_23_1","nome":"elb07_04_23_1"},{"nome":"elb07_04_23_2","tipo":"personagem","x":"0px","y":"0px","width":"1016px","height":"659px","nomeInstancia":"MovieClips/animaP23","classe":"animaP23"}]},{"desenhos":[{"tipo":"img","x":"411.85px","y":"338.6px","width":"483.5px","height":"141.15px","nomeInstancia":"MovieClips/transicao_24_0","classe":"transicao_24_0","nome":"elb07_04_24_0"},{"tipo":"img","x":"320.7px","y":"222.65px","width":"509.25px","height":"118.95px","nomeInstancia":"MovieClips/transicao_23_0","classe":"transicao_23_0","nome":"elb07_04_23_0"},{"tipo":"img","x":"77.45px","y":"146.7px","width":"133.2px","height":"49.65px","nomeInstancia":"MovieClips/transicao_23_1","classe":"transicao_23_1","nome":"elb07_04_23_1"},{"nome":"elb07_04_23_2","tipo":"personagem","x":"0px","y":"0px","width":"1016px","height":"659px","nomeInstancia":"MovieClips/animaP23","classe":"animaP23"}]},{"desenhos":[{"tipo":"img","x":"207.25px","y":"177.25px","width":"570.55px","height":"136.65px","nomeInstancia":"MovieClips/transicao_25_0","classe":"transicao_25_0","nome":"elb07_04_25_0"},{"nome":"elb07_04_25_1","tipo":"personagem","x":"0px","y":"0px","width":"1016px","height":"659px","nomeInstancia":"MovieClips/animaP25","classe":"animaP25"}]},{"desenhos":[{"tipo":"img","x":"169.05px","y":"310.9px","width":"471.7px","height":"111.85px","nomeInstancia":"MovieClips/transicao_26_0","classe":"transicao_26_0","nome":"elb07_04_26_0"},{"tipo":"img","x":"207.25px","y":"177.25px","width":"570.55px","height":"136.65px","nomeInstancia":"MovieClips/transicao_25_0","classe":"transicao_25_0","nome":"elb07_04_25_0"},{"nome":"elb07_04_25_1","tipo":"personagem","x":"0px","y":"0px","width":"1016px","height":"659px","nomeInstancia":"MovieClips/animaP25","classe":"animaP25"}]},{"desenhos":[{"tipo":"img","x":"308.9px","y":"165.5px","width":"497.45px","height":"118.95px","nomeInstancia":"MovieClips/transicao_27_0","classe":"transicao_27_0","nome":"elb07_04_27_0"},{"nome":"elb07_04_27_1","tipo":"personagem","x":"0px","y":"0px","width":"1016px","height":"659px","nomeInstancia":"MovieClips/animaP27","classe":"animaP27"}]},{"desenhos":[{"tipo":"img","x":"388.3px","y":"281.85px","width":"469.7px","height":"144.15px","nomeInstancia":"MovieClips/transicao_28_0","classe":"transicao_28_0","nome":"elb07_04_28_0"},{"tipo":"img","x":"308.9px","y":"165.5px","width":"497.45px","height":"118.95px","nomeInstancia":"MovieClips/transicao_27_0","classe":"transicao_27_0","nome":"elb07_04_27_0"},{"nome":"elb07_04_27_1","tipo":"personagem","x":"0px","y":"0px","width":"1016px","height":"659px","nomeInstancia":"MovieClips/animaP27","classe":"animaP27"}]},{"desenhos":[{"tipo":"img","x":"265.15px","y":"164.5px","width":"521.6px","height":"120.95px","nomeInstancia":"MovieClips/transicao_29_0","classe":"transicao_29_0","nome":"elb07_04_29_0"},{"nome":"elb07_04_29_1","tipo":"personagem","x":"0px","y":"0px","width":"1016px","height":"659px","nomeInstancia":"MovieClips/animaP29","classe":"animaP29"}]},{"desenhos":[{"tipo":"img","x":"114.25px","y":"282.45px","width":"550.1px","height":"186.85px","nomeInstancia":"MovieClips/transicao_30_0","classe":"transicao_30_0","nome":"elb07_04_30_0"},{"tipo":"img","x":"265.15px","y":"164.5px","width":"521.6px","height":"120.95px","nomeInstancia":"MovieClips/transicao_29_0","classe":"transicao_29_0","nome":"elb07_04_29_0"},{"nome":"elb07_04_29_1","tipo":"personagem","x":"0px","y":"0px","width":"1016px","height":"659px","nomeInstancia":"MovieClips/animaP29","classe":"animaP29"}]},{"desenhos":[{"tipo":"img","x":"308px","y":"218.4px","width":"541.55px","height":"138.65px","nomeInstancia":"MovieClips/transicao_31_0","classe":"transicao_31_0","nome":"elb07_04_31_0"},{"nome":"elb07_04_31_1","tipo":"personagem","x":"0px","y":"0px","width":"1016px","height":"659px","nomeInstancia":"MovieClips/animaP31","classe":"animaP31"}]},{"desenhos":[{"tipo":"img","x":"404.05px","y":"354.05px","width":"509px","height":"131.3px","nomeInstancia":"MovieClips/transicao_32_0","classe":"transicao_32_0","nome":"elb07_04_32_0"},{"tipo":"img","x":"308px","y":"218.4px","width":"541.55px","height":"138.65px","nomeInstancia":"MovieClips/transicao_31_0","classe":"transicao_31_0","nome":"elb07_04_31_0"},{"nome":"elb07_04_31_1","tipo":"personagem","x":"0px","y":"0px","width":"1016px","height":"659px","nomeInstancia":"MovieClips/animaP31","classe":"animaP31"}]},{"desenhos":[{"tipo":"img","x":"281.85px","y":"211.55px","width":"452.3px","height":"279.9px","nomeInstancia":"MovieClips/transicao_33_0","classe":"transicao_33_0","nome":"elb07_04_33_0"}]}]}