{"licao":"eba01_07","topico":"07","telas":[{"desenhos":[{"tipo":"img","x":"388.2px","y":"194.1px","width":"434.2px","height":"112.25px","nomeInstancia":"transicao_1_0","classe":"transicao_1_0","nome":"eba01_07_1_0"},{"tipo":"img","x":"52.6px","y":"149.05px","width":"130.05px","height":"56.3px","nomeInstancia":"transicao_1_2","classe":"transicao_1_2","nome":"eba01_07_1_1"},{"nome":"eba01_07_1_2","tipo":"personagem","x":"0px","y":"0px","width":"1016px","height":"659px","nomeInstancia":"animaP2","classe":"animaP2"}]},{"desenhos":[{"tipo":"img","x":"435.75px","y":"300.9px","width":"422.5px","height":"127.75px","nomeInstancia":"transicao_2_0","classe":"transicao_2_0","nome":"eba01_07_2_0"},{"tipo":"img","x":"388.2px","y":"194.1px","width":"434.2px","height":"112.25px","nomeInstancia":"transicao_1_0","classe":"transicao_1_0","nome":"eba01_07_1_0"},{"tipo":"img","x":"52.6px","y":"149.05px","width":"130.05px","height":"56.3px","nomeInstancia":"transicao_1_2","classe":"transicao_1_2","nome":"eba01_07_1_1"},{"nome":"eba01_07_1_2","tipo":"personagem","x":"0px","y":"0px","width":"1016px","height":"659px","nomeInstancia":"animaP2","classe":"animaP2"}]},{"desenhos":[{"tipo":"img","x":"435.55px","y":"422.2px","width":"392.45px","height":"106.15px","nomeInstancia":"transicao_3_0","classe":"transicao_3_0","nome":"eba01_07_3_0"},{"tipo":"img","x":"435.75px","y":"300.9px","width":"422.5px","height":"127.75px","nomeInstancia":"transicao_2_0","classe":"transicao_2_0","nome":"eba01_07_2_0"},{"tipo":"img","x":"388.2px","y":"194.1px","width":"434.2px","height":"112.25px","nomeInstancia":"transicao_1_0","classe":"transicao_1_0","nome":"eba01_07_1_0"},{"tipo":"img","x":"52.6px","y":"149.05px","width":"130.05px","height":"56.3px","nomeInstancia":"transicao_1_2","classe":"transicao_1_2","nome":"eba01_07_1_1"},{"nome":"eba01_07_1_2","tipo":"personagem","x":"0px","y":"0px","width":"1016px","height":"659px","nomeInstancia":"animaP2","classe":"animaP2"}]},{"desenhos":[{"tipo":"img","x":"283.95px","y":"174.5px","width":"448.15px","height":"310.05px","nomeInstancia":"transicao_4_0","classe":"transicao_4_0","nome":"eba01_07_4_0"}]},{"desenhos":[{"tipo":"img","x":"451.8px","y":"293.5px","width":"351.65px","height":"52.45px","nomeInstancia":"transicao_5_0","classe":"transicao_5_0","nome":"eba01_07_5_0"},{"nome":"eba01_07_5_1","tipo":"personagem","x":"0px","y":"0px","width":"1016px","height":"659px","nomeInstancia":"animaP6","classe":"animaP6"}]},{"desenhos":[{"tipo":"img","x":"499.45px","y":"340.6px","width":"230px","height":"64.05px","nomeInstancia":"transicao_6_0","classe":"transicao_6_0","nome":"eba01_07_6_0"},{"tipo":"img","x":"451.8px","y":"293.5px","width":"351.65px","height":"52.45px","nomeInstancia":"transicao_5_0","classe":"transicao_5_0","nome":"eba01_07_5_0"},{"nome":"eba01_07_5_1","tipo":"personagem","x":"0px","y":"0px","width":"1016px","height":"659px","nomeInstancia":"animaP6","classe":"animaP6"}]}]}