{"licao":"eba01_04","topico":"04","telas":[{"desenhos":[{"tipo":"img","x":"158.6px","y":"193.8px","width":"380.2px","height":"117.5px","nomeInstancia":"hotWord_1","classe":"hotWord_1","nome":"eba01_04_1_0"},{"tipo":"img","x":"158.6px","y":"289.2px","width":"312.6px","height":"84.2px","nomeInstancia":"textConvertido_1_1","classe":"textConvertido_1_1","nome":"eba01_04_1_1"},{"tipo":"img","x":"583.05px","y":"289.2px","width":"207.35px","height":"170.2px","nomeInstancia":"transicao_1_2","classe":"transicao_1_2","nome":"eba01_04_1_2"}]},{"desenhos":[{"tipo":"img","x":"524.75px","y":"163.9px","width":"448.15px","height":"402.85px","nomeInstancia":"telaInfo_2","classe":"telaInfo_2","nome":"eba01_04_2_0"},{"tipo":"img","x":"158.6px","y":"193.8px","width":"380.2px","height":"117.5px","nomeInstancia":"hotWord_1","classe":"hotWord_1","nome":"eba01_04_1_0"},{"tipo":"img","x":"158.6px","y":"402.1px","width":"312.6px","height":"63.65px","nomeInstancia":"textConvertido_2_2","classe":"textConvertido_2_2","nome":"eba01_04_2_2"},{"tipo":"img","x":"158.6px","y":"289.2px","width":"312.6px","height":"84.2px","nomeInstancia":"textConvertido_1_1","classe":"textConvertido_1_1","nome":"eba01_04_1_1"},{"tipo":"img","x":"583.05px","y":"289.2px","width":"207.35px","height":"170.2px","nomeInstancia":"transicao_1_2","classe":"transicao_1_2","nome":"eba01_04_1_2"}]},{"desenhos":[{"tipo":"img","x":"416.15px","y":"193.75px","width":"413.95px","height":"89.8px","nomeInstancia":"transicao_3_0","classe":"transicao_3_0","nome":"eba01_04_3_0"},{"nome":"eba01_04_3_1","tipo":"personagem","x":"0px","y":"0px","width":"1016px","height":"659px","nomeInstancia":"animaP3","classe":"animaP3"}]},{"desenhos":[{"tipo":"img","x":"463.95px","y":"278.8px","width":"355.75px","height":"93.4px","nomeInstancia":"transicao_4_0","classe":"transicao_4_0","nome":"eba01_04_4_0"},{"tipo":"img","x":"416.15px","y":"193.75px","width":"413.95px","height":"89.8px","nomeInstancia":"transicao_3_0","classe":"transicao_3_0","nome":"eba01_04_3_0"},{"nome":"eba01_04_3_1","tipo":"personagem","x":"0px","y":"0px","width":"1016px","height":"659px","nomeInstancia":"animaP3","classe":"animaP3"}]},{"desenhos":[{"tipo":"img","x":"187.2px","y":"189.45px","width":"320.05px","height":"43.1px","nomeInstancia":"textConvertido_5_0","classe":"textConvertido_5_0","nome":"eba01_04_5_0"},{"tipo":"img","x":"81.15px","y":"362.7px","width":"853.7px","height":"194.95px","nomeInstancia":"transicao_5_1","classe":"transicao_5_1","nome":"eba01_04_5_1"}]},{"desenhos":[{"tipo":"img","x":"483.05px","y":"261.15px","width":"312.6px","height":"63.65px","nomeInstancia":"textConvertido_6_0","classe":"textConvertido_6_0","nome":"eba01_04_6_0"},{"tipo":"img","x":"187.2px","y":"189.45px","width":"320.05px","height":"43.1px","nomeInstancia":"textConvertido_5_0","classe":"textConvertido_5_0","nome":"eba01_04_5_0"},{"tipo":"img","x":"81.15px","y":"362.7px","width":"853.7px","height":"194.95px","nomeInstancia":"transicao_5_1","classe":"transicao_5_1","nome":"eba01_04_5_1"}]},{"desenhos":[{"tipo":"img","x":"410.1px","y":"30.05px","width":"10.2px","height":"22.55px","nomeInstancia":"textConvertido_7_0","classe":"textConvertido_7_0","nome":"eba01_04_7_0"},{"tipo":"img","x":"167.55px","y":"190.8px","width":"468.75px","height":"114.15px","nomeInstancia":"transicao_7_0","classe":"transicao_7_0","nome":"eba01_04_7_1"},{"nome":"eba01_04_7_2","tipo":"personagem","x":"0px","y":"0px","width":"1016px","height":"659px","nomeInstancia":"animaP7","classe":"animaP7"}]},{"desenhos":[{"tipo":"img","x":"249.6px","y":"298.95px","width":"333.75px","height":"104.3px","nomeInstancia":"transicao_8_0","classe":"transicao_8_0","nome":"eba01_04_8_0"},{"tipo":"img","x":"410.1px","y":"30.05px","width":"10.2px","height":"22.55px","nomeInstancia":"textConvertido_7_0","classe":"textConvertido_7_0","nome":"eba01_04_7_0"},{"tipo":"img","x":"167.55px","y":"190.8px","width":"468.75px","height":"114.15px","nomeInstancia":"transicao_7_0","classe":"transicao_7_0","nome":"eba01_04_7_1"},{"nome":"eba01_04_7_2","tipo":"personagem","x":"0px","y":"0px","width":"1016px","height":"659px","nomeInstancia":"animaP7","classe":"animaP7"}]},{"desenhos":[{"tipo":"img","x":"228.35px","y":"398.4px","width":"355.75px","height":"123.2px","nomeInstancia":"transicao_9_0","classe":"transicao_9_0","nome":"eba01_04_9_0"},{"tipo":"img","x":"249.6px","y":"298.95px","width":"333.75px","height":"104.3px","nomeInstancia":"transicao_8_0","classe":"transicao_8_0","nome":"eba01_04_8_0"},{"tipo":"img","x":"410.1px","y":"30.05px","width":"10.2px","height":"22.55px","nomeInstancia":"textConvertido_7_0","classe":"textConvertido_7_0","nome":"eba01_04_7_0"},{"tipo":"img","x":"167.55px","y":"190.8px","width":"468.75px","height":"114.15px","nomeInstancia":"transicao_7_0","classe":"transicao_7_0","nome":"eba01_04_7_1"},{"nome":"eba01_04_7_2","tipo":"personagem","x":"0px","y":"0px","width":"1016px","height":"659px","nomeInstancia":"animaP7","classe":"animaP7"}]},{"desenhos":[{"tipo":"img","x":"572.6px","y":"275.2px","width":"312.6px","height":"63.65px","nomeInstancia":"textConvertido_10_0","classe":"textConvertido_10_0","nome":"eba01_04_10_0"},{"tipo":"img","x":"105px","y":"300.9px","width":"363.45px","height":"195.3px","nomeInstancia":"transicao_10_1","classe":"transicao_10_1","nome":"eba01_04_10_1"}]},{"desenhos":[{"tipo":"img","x":"572.6px","y":"358.6px","width":"312.6px","height":"43.1px","nomeInstancia":"textConvertido_11_0","classe":"textConvertido_11_0","nome":"eba01_04_11_0"},{"tipo":"img","x":"572.6px","y":"275.2px","width":"312.6px","height":"63.65px","nomeInstancia":"textConvertido_10_0","classe":"textConvertido_10_0","nome":"eba01_04_10_0"},{"tipo":"img","x":"105px","y":"300.9px","width":"363.45px","height":"195.3px","nomeInstancia":"transicao_10_1","classe":"transicao_10_1","nome":"eba01_04_10_1"}]},{"desenhos":[{"tipo":"img","x":"490.55px","y":"487.1px","width":"440.65px","height":"98.6px","nomeInstancia":"hotWord_12","classe":"hotWord_12","nome":"eba01_04_12_0"},{"tipo":"img","x":"572.6px","y":"421.45px","width":"312.6px","height":"84.2px","nomeInstancia":"textConvertido_12_1","classe":"textConvertido_12_1","nome":"eba01_04_12_1"},{"tipo":"img","x":"572.6px","y":"358.6px","width":"312.6px","height":"43.1px","nomeInstancia":"textConvertido_11_0","classe":"textConvertido_11_0","nome":"eba01_04_11_0"},{"tipo":"img","x":"572.6px","y":"275.2px","width":"312.6px","height":"63.65px","nomeInstancia":"textConvertido_10_0","classe":"textConvertido_10_0","nome":"eba01_04_10_0"},{"tipo":"img","x":"105px","y":"300.9px","width":"363.45px","height":"195.3px","nomeInstancia":"transicao_10_1","classe":"transicao_10_1","nome":"eba01_04_10_1"}]},{"desenhos":[{"tipo":"img","x":"284.3px","y":"192.65px","width":"590.75px","height":"355.85px","nomeInstancia":"telaInfo_13","classe":"telaInfo_13","nome":"eba01_04_13_0"},{"tipo":"img","x":"138.35px","y":"384.85px","width":"279.9px","height":"63.65px","nomeInstancia":"textConvertido_13_1","classe":"textConvertido_13_1","nome":"eba01_04_13_1"},{"tipo":"img","x":"138.35px","y":"302.95px","width":"248.55px","height":"54.8px","nomeInstancia":"transicao_13_3","classe":"transicao_13_3","nome":"eba01_04_13_2"},{"tipo":"img","x":"510.45px","y":"287.75px","width":"364.6px","height":"177.35px","nomeInstancia":"transicao_13_2","classe":"transicao_13_2","nome":"eba01_04_13_3"}]},{"desenhos":[{"tipo":"img","x":"626.7px","y":"332.45px","width":"245.9px","height":"43.1px","nomeInstancia":"textConvertido_14_0","classe":"textConvertido_14_0","nome":"eba01_04_14_0"},{"tipo":"img","x":"61.7px","y":"281.35px","width":"502.35px","height":"194.1px","nomeInstancia":"transicao_14_1","classe":"transicao_14_1","nome":"eba01_04_14_1"}]},{"desenhos":[{"tipo":"img","x":"626.7px","y":"396.9px","width":"300.3px","height":"43.1px","nomeInstancia":"textConvertido_15_0","classe":"textConvertido_15_0","nome":"eba01_04_15_0"},{"tipo":"img","x":"626.7px","y":"332.45px","width":"245.9px","height":"43.1px","nomeInstancia":"textConvertido_14_0","classe":"textConvertido_14_0","nome":"eba01_04_14_0"},{"tipo":"img","x":"61.7px","y":"281.35px","width":"502.35px","height":"194.1px","nomeInstancia":"transicao_14_1","classe":"transicao_14_1","nome":"eba01_04_14_1"}]},{"desenhos":[{"tipo":"img","x":"230.15px","y":"314.9px","width":"480.25px","height":"273.55px","nomeInstancia":"vouf_16","classe":"vouf_16","nome":"eba01_04_16_0"},{"tipo":"img","x":"265.6px","y":"264.25px","width":"584.75px","height":"248.6px","nomeInstancia":"textConvertido_16_1","classe":"textConvertido_16_1","nome":"eba01_04_16_1"},{"tipo":"img","x":"54.1px","y":"155.1px","width":"230.5px","height":"78.4px","nomeInstancia":"transicao_16_2","classe":"transicao_16_2","nome":"eba01_04_16_2"}]}]}