{"licao":"eba01_05","topico":"05","telas":[{"desenhos":[{"tipo":"img","x":"403.05px","y":"250.55px","width":"434.2px","height":"112.25px","nomeInstancia":"transicao_1_0","classe":"transicao_1_0","nome":"eba01_05_1_0"},{"nome":"eba01_05_1_1","tipo":"personagem","x":"0px","y":"0px","width":"1016px","height":"659px","nomeInstancia":"MovieClips/animaP1","classe":"animaP1"}]},{"desenhos":[{"tipo":"img","x":"450.5px","y":"358.4px","width":"364.7px","height":"111.25px","nomeInstancia":"transicao_2_0","classe":"transicao_2_0","nome":"eba01_05_2_0"},{"tipo":"img","x":"403.05px","y":"250.55px","width":"434.2px","height":"112.25px","nomeInstancia":"transicao_1_0","classe":"transicao_1_0","nome":"eba01_05_1_0"},{"nome":"eba01_05_1_1","tipo":"personagem","x":"0px","y":"0px","width":"1016px","height":"659px","nomeInstancia":"MovieClips/animaP1","classe":"animaP1"}]},{"desenhos":[{"tipo":"img","x":"46.05px","y":"287.3px","width":"312.6px","height":"104.75px","nomeInstancia":"textConvertido_3_0","classe":"textConvertido_3_0","nome":"eba01_05_3_0"},{"tipo":"img","x":"436.4px","y":"248.1px","width":"510.6px","height":"251.75px","nomeInstancia":"transicao_3_2","classe":"transicao_3_2","nome":"eba01_05_3_1"},{"tipo":"img","x":"50.25px","y":"199.15px","width":"197.8px","height":"56.3px","nomeInstancia":"transicao_3_1","classe":"transicao_3_1","nome":"eba01_05_3_2"}]},{"desenhos":[{"tipo":"img","x":"46.05px","y":"421.8px","width":"364.1px","height":"63.65px","nomeInstancia":"textConvertido_4_0","classe":"textConvertido_4_0","nome":"eba01_05_4_0"},{"tipo":"img","x":"46.05px","y":"287.3px","width":"312.6px","height":"104.75px","nomeInstancia":"textConvertido_3_0","classe":"textConvertido_3_0","nome":"eba01_05_3_0"},{"tipo":"img","x":"436.4px","y":"248.1px","width":"510.6px","height":"251.75px","nomeInstancia":"transicao_3_2","classe":"transicao_3_2","nome":"eba01_05_3_1"},{"tipo":"img","x":"50.25px","y":"199.15px","width":"197.8px","height":"56.3px","nomeInstancia":"transicao_3_1","classe":"transicao_3_1","nome":"eba01_05_3_2"}]},{"desenhos":[{"tipo":"img","x":"598.9px","y":"207.05px","width":"334.25px","height":"98.9px","nomeInstancia":"MovieClips/hotWord_5","classe":"hotWord_5","nome":"eba01_05_5_0"},{"tipo":"img","x":"598.9px","y":"285.05px","width":"338.35px","height":"84.2px","nomeInstancia":"textConvertido_5_1","classe":"textConvertido_5_1","nome":"eba01_05_5_1"},{"tipo":"img","x":"60.55px","y":"147.3px","width":"483px","height":"238.05px","nomeInstancia":"transicao_5_2","classe":"transicao_5_2","nome":"eba01_05_5_2"}]},{"desenhos":[{"tipo":"img","x":"598.9px","y":"207.05px","width":"334.25px","height":"98.9px","nomeInstancia":"MovieClips/hotWord_5","classe":"hotWord_5","nome":"eba01_05_5_0"},{"tipo":"img","x":"60.6px","y":"402.55px","width":"482.95px","height":"175.4px","nomeInstancia":"transicao_6_2","classe":"transicao_6_2","nome":"eba01_05_6_1"},{"tipo":"img","x":"598.9px","y":"404px","width":"364.1px","height":"63.65px","nomeInstancia":"textConvertido_6_2","classe":"textConvertido_6_2","nome":"eba01_05_6_2"},{"tipo":"img","x":"598.9px","y":"285.05px","width":"338.35px","height":"84.2px","nomeInstancia":"textConvertido_5_1","classe":"textConvertido_5_1","nome":"eba01_05_5_1"},{"tipo":"img","x":"60.55px","y":"147.3px","width":"483px","height":"238.05px","nomeInstancia":"transicao_5_2","classe":"transicao_5_2","nome":"eba01_05_5_2"}]},{"desenhos":[{"tipo":"img","x":"245.5px","y":"186.9px","width":"359.85px","height":"92.9px","nomeInstancia":"transicao_7_0","classe":"transicao_7_0","nome":"eba01_05_7_0"},{"nome":"eba01_05_7_1","tipo":"personagem","x":"0px","y":"0px","width":"1016px","height":"659px","nomeInstancia":"MovieClips/animaP7","classe":"animaP7"}]},{"desenhos":[{"tipo":"img","x":"636px","y":"226.25px","width":"310.7px","height":"84.2px","nomeInstancia":"textConvertido_8_0","classe":"textConvertido_8_0","nome":"eba01_05_8_0"},{"tipo":"img","x":"55.6px","y":"156.45px","width":"528.45px","height":"399.35px","nomeInstancia":"transicao_8_1","classe":"transicao_8_1","nome":"eba01_05_8_1"}]},{"desenhos":[{"tipo":"img","x":"636px","y":"332.4px","width":"312.6px","height":"84.2px","nomeInstancia":"textConvertido_9_0","classe":"textConvertido_9_0","nome":"eba01_05_9_0"},{"tipo":"img","x":"636px","y":"226.25px","width":"310.7px","height":"84.2px","nomeInstancia":"textConvertido_8_0","classe":"textConvertido_8_0","nome":"eba01_05_8_0"},{"tipo":"img","x":"55.6px","y":"156.45px","width":"528.45px","height":"399.35px","nomeInstancia":"transicao_8_1","classe":"transicao_8_1","nome":"eba01_05_8_1"}]},{"desenhos":[{"tipo":"img","x":"636px","y":"438.55px","width":"325.1px","height":"63.65px","nomeInstancia":"textConvertido_10_0","classe":"textConvertido_10_0","nome":"eba01_05_10_0"},{"tipo":"img","x":"636px","y":"332.4px","width":"312.6px","height":"84.2px","nomeInstancia":"textConvertido_9_0","classe":"textConvertido_9_0","nome":"eba01_05_9_0"},{"tipo":"img","x":"636px","y":"226.25px","width":"310.7px","height":"84.2px","nomeInstancia":"textConvertido_8_0","classe":"textConvertido_8_0","nome":"eba01_05_8_0"},{"tipo":"img","x":"55.6px","y":"156.45px","width":"528.45px","height":"399.35px","nomeInstancia":"transicao_8_1","classe":"transicao_8_1","nome":"eba01_05_8_1"}]},{"desenhos":[{"tipo":"img","x":"115.15px","y":"360.15px","width":"378.15px","height":"43.1px","nomeInstancia":"textConvertido_11_0","classe":"textConvertido_11_0","nome":"eba01_05_11_0"},{"tipo":"img","x":"110.5px","y":"273.95px","width":"350.2px","height":"54.8px","nomeInstancia":"transicao_11_2","classe":"transicao_11_2","nome":"eba01_05_11_1"},{"tipo":"img","x":"637.9px","y":"238.4px","width":"204.1px","height":"275.9px","nomeInstancia":"transicao_11_1","classe":"transicao_11_1","nome":"eba01_05_11_2"}]},{"desenhos":[{"tipo":"img","x":"115.15px","y":"427.75px","width":"398.1px","height":"43.1px","nomeInstancia":"textConvertido_12_0","classe":"textConvertido_12_0","nome":"eba01_05_12_0"},{"tipo":"img","x":"115.15px","y":"360.15px","width":"378.15px","height":"43.1px","nomeInstancia":"textConvertido_11_0","classe":"textConvertido_11_0","nome":"eba01_05_11_0"},{"tipo":"img","x":"110.5px","y":"273.95px","width":"350.2px","height":"54.8px","nomeInstancia":"transicao_11_2","classe":"transicao_11_2","nome":"eba01_05_11_1"},{"tipo":"img","x":"637.9px","y":"238.4px","width":"204.1px","height":"275.9px","nomeInstancia":"transicao_11_1","classe":"transicao_11_1","nome":"eba01_05_11_2"}]},{"desenhos":[{"tipo":"img","x":"441.9px","y":"266.5px","width":"347px","height":"92.9px","nomeInstancia":"transicao_13_0","classe":"transicao_13_0","nome":"eba01_05_13_0"},{"nome":"eba01_05_13_1","tipo":"personagem","x":"0px","y":"0px","width":"1016px","height":"659px","nomeInstancia":"MovieClips/animaP13","classe":"animaP13"}]},{"desenhos":[{"tipo":"img","x":"485.9px","y":"354.7px","width":"355.75px","height":"87.3px","nomeInstancia":"transicao_14_0","classe":"transicao_14_0","nome":"eba01_05_14_0"},{"tipo":"img","x":"441.9px","y":"266.5px","width":"347px","height":"92.9px","nomeInstancia":"transicao_13_0","classe":"transicao_13_0","nome":"eba01_05_13_0"},{"nome":"eba01_05_13_1","tipo":"personagem","x":"0px","y":"0px","width":"1016px","height":"659px","nomeInstancia":"MovieClips/animaP13","classe":"animaP13"}]},{"desenhos":[{"tipo":"img","x":"164.55px","y":"253.2px","width":"388.4px","height":"75.75px","nomeInstancia":"transicao_15_0","classe":"transicao_15_0","nome":"eba01_05_15_0"},{"nome":"eba01_05_15_1","tipo":"personagem","x":"0px","y":"0px","width":"1016px","height":"659px","nomeInstancia":"MovieClips/animaP15","classe":"animaP15"}]},{"desenhos":[{"tipo":"img","x":"283.95px","y":"191.1px","width":"681.95px","height":"394.8px","nomeInstancia":"MovieClips/telaInfo_16","classe":"telaInfo_16","nome":"eba01_05_16_0"},{"tipo":"img","x":"144.6px","y":"323.7px","width":"355.75px","height":"128.75px","nomeInstancia":"transicao_16_1","classe":"transicao_16_1","nome":"eba01_05_16_1"},{"tipo":"img","x":"164.55px","y":"253.2px","width":"388.4px","height":"75.75px","nomeInstancia":"transicao_15_0","classe":"transicao_15_0","nome":"eba01_05_15_0"},{"nome":"eba01_05_15_1","tipo":"personagem","x":"0px","y":"0px","width":"1016px","height":"659px","nomeInstancia":"MovieClips/animaP15","classe":"animaP15"}]},{"desenhos":[{"tipo":"img","x":"486.7px","y":"204.4px","width":"333.8px","height":"69.2px","nomeInstancia":"transicao_17_0","classe":"transicao_17_0","nome":"eba01_05_17_0"},{"tipo":"img","x":"432.8px","y":"133.3px","width":"150.45px","height":"56.3px","nomeInstancia":"transicao_17_2","classe":"transicao_17_2","nome":"eba01_05_17_1"},{"nome":"eba01_05_17_2","tipo":"personagem","x":"0px","y":"0px","width":"1016px","height":"659px","nomeInstancia":"MovieClips/animaP17","classe":"animaP17"}]},{"desenhos":[{"tipo":"img","x":"530.8px","y":"268.55px","width":"373.25px","height":"87.3px","nomeInstancia":"transicao_18_0","classe":"transicao_18_0","nome":"eba01_05_18_0"},{"tipo":"img","x":"486.7px","y":"204.4px","width":"333.8px","height":"69.2px","nomeInstancia":"transicao_17_0","classe":"transicao_17_0","nome":"eba01_05_17_0"},{"tipo":"img","x":"432.8px","y":"133.3px","width":"150.45px","height":"56.3px","nomeInstancia":"transicao_17_2","classe":"transicao_17_2","nome":"eba01_05_17_1"},{"nome":"eba01_05_17_2","tipo":"personagem","x":"0px","y":"0px","width":"1016px","height":"659px","nomeInstancia":"MovieClips/animaP17","classe":"animaP17"}]},{"desenhos":[{"tipo":"img","x":"530.6px","y":"350.55px","width":"342.6px","height":"103.65px","nomeInstancia":"transicao_19_0","classe":"transicao_19_0","nome":"eba01_05_19_0"},{"tipo":"img","x":"530.8px","y":"268.55px","width":"373.25px","height":"87.3px","nomeInstancia":"transicao_18_0","classe":"transicao_18_0","nome":"eba01_05_18_0"},{"tipo":"img","x":"486.7px","y":"204.4px","width":"333.8px","height":"69.2px","nomeInstancia":"transicao_17_0","classe":"transicao_17_0","nome":"eba01_05_17_0"},{"tipo":"img","x":"432.8px","y":"133.3px","width":"150.45px","height":"56.3px","nomeInstancia":"transicao_17_2","classe":"transicao_17_2","nome":"eba01_05_17_1"},{"nome":"eba01_05_17_2","tipo":"personagem","x":"0px","y":"0px","width":"1016px","height":"659px","nomeInstancia":"MovieClips/animaP17","classe":"animaP17"}]},{"desenhos":[{"tipo":"img","x":"121.55px","y":"175.75px","width":"476.1px","height":"141.55px","nomeInstancia":"MovieClips/hotWord_20","classe":"hotWord_20","nome":"eba01_05_20_0"},{"tipo":"img","x":"121.55px","y":"275.95px","width":"368.15px","height":"63.65px","nomeInstancia":"textConvertido_20_1","classe":"textConvertido_20_1","nome":"eba01_05_20_1"},{"tipo":"img","x":"653.35px","y":"289.45px","width":"175.45px","height":"175.65px","nomeInstancia":"transicao_20_2","classe":"transicao_20_2","nome":"eba01_05_20_2"}]},{"desenhos":[{"tipo":"img","x":"121.55px","y":"175.75px","width":"476.1px","height":"141.55px","nomeInstancia":"MovieClips/hotWord_20","classe":"hotWord_20","nome":"eba01_05_20_0"},{"tipo":"img","x":"121.55px","y":"356px","width":"381.45px","height":"84.2px","nomeInstancia":"textConvertido_21_1","classe":"textConvertido_21_1","nome":"eba01_05_21_1"},{"tipo":"img","x":"121.55px","y":"275.95px","width":"368.15px","height":"63.65px","nomeInstancia":"textConvertido_20_1","classe":"textConvertido_20_1","nome":"eba01_05_20_1"},{"tipo":"img","x":"653.35px","y":"289.45px","width":"175.45px","height":"175.65px","nomeInstancia":"transicao_20_2","classe":"transicao_20_2","nome":"eba01_05_20_2"}]},{"desenhos":[{"tipo":"img","x":"121.55px","y":"175.75px","width":"476.1px","height":"141.55px","nomeInstancia":"MovieClips/hotWord_20","classe":"hotWord_20","nome":"eba01_05_20_0"},{"tipo":"img","x":"121.55px","y":"456.6px","width":"353.75px","height":"43.1px","nomeInstancia":"textConvertido_22_1","classe":"textConvertido_22_1","nome":"eba01_05_22_1"},{"tipo":"img","x":"121.55px","y":"356px","width":"381.45px","height":"84.2px","nomeInstancia":"textConvertido_21_1","classe":"textConvertido_21_1","nome":"eba01_05_21_1"},{"tipo":"img","x":"121.55px","y":"275.95px","width":"368.15px","height":"63.65px","nomeInstancia":"textConvertido_20_1","classe":"textConvertido_20_1","nome":"eba01_05_20_1"},{"tipo":"img","x":"653.35px","y":"289.45px","width":"175.45px","height":"175.65px","nomeInstancia":"transicao_20_2","classe":"transicao_20_2","nome":"eba01_05_20_2"}]},{"desenhos":[{"tipo":"img","x":"239.85px","y":"180.1px","width":"361.85px","height":"76.75px","nomeInstancia":"transicao_23_0","classe":"transicao_23_0","nome":"eba01_05_23_0"},{"nome":"eba01_05_23_1","tipo":"personagem","x":"0px","y":"0px","width":"1016px","height":"659px","nomeInstancia":"MovieClips/animaP23","classe":"animaP23"}]},{"desenhos":[{"tipo":"img","x":"384.2px","y":"278.6px","width":"435.35px","height":"116.75px","nomeInstancia":"transicao_24_1","classe":"transicao_24_1","nome":"eba01_05_24_0"},{"nome":"eba01_05_24_1","tipo":"personagem","x":"0px","y":"0px","width":"1016px","height":"659px","nomeInstancia":"MovieClips/animaP24","classe":"animaP24"},{"tipo":"img","x":"239.85px","y":"180.1px","width":"361.85px","height":"76.75px","nomeInstancia":"transicao_23_0","classe":"transicao_23_0","nome":"eba01_05_23_0"},{"tipo":"img","x":"19.1px","y":"119.95px","width":"255.7px","height":"302.15px","nomeInstancia":"MovieClips/01T44","classe":"01T44","nome":"eba01_05_24_3"}]},{"desenhos":[{"tipo":"img","x":"534.9px","y":"389.85px","width":"235.05px","height":"68.7px","nomeInstancia":"transicao_25_0","classe":"transicao_25_0","nome":"eba01_05_25_0"},{"tipo":"img","x":"384.2px","y":"278.6px","width":"435.35px","height":"116.75px","nomeInstancia":"transicao_24_1","classe":"transicao_24_1","nome":"eba01_05_24_0"},{"nome":"eba01_05_24_1","tipo":"personagem","x":"0px","y":"0px","width":"1016px","height":"659px","nomeInstancia":"MovieClips/animaP24","classe":"animaP24"},{"tipo":"img","x":"239.85px","y":"180.1px","width":"361.85px","height":"76.75px","nomeInstancia":"transicao_23_0","classe":"transicao_23_0","nome":"eba01_05_23_0"},{"tipo":"img","x":"19.1px","y":"119.95px","width":"255.7px","height":"302.15px","nomeInstancia":"MovieClips/01T44","classe":"01T44","nome":"eba01_05_24_3"}]},{"desenhos":[{"tipo":"img","x":"29.45px","y":"291.5px","width":"225.5px","height":"84.2px","nomeInstancia":"textConvertido_26_0","classe":"textConvertido_26_0","nome":"eba01_05_26_0"},{"tipo":"img","x":"274.8px","y":"278.75px","width":"720.55px","height":"195.3px","nomeInstancia":"transicao_26_1","classe":"transicao_26_1","nome":"eba01_05_26_1"}]},{"desenhos":[{"tipo":"img","x":"293.05px","y":"229.95px","width":"677.3px","height":"359.7px","nomeInstancia":"MovieClips/telaInfo_27","classe":"telaInfo_27","nome":"eba01_05_27_0"},{"tipo":"img","x":"29.45px","y":"397.05px","width":"228.85px","height":"63.65px","nomeInstancia":"textConvertido_27_1","classe":"textConvertido_27_1","nome":"eba01_05_27_1"},{"tipo":"img","x":"29.45px","y":"291.5px","width":"225.5px","height":"84.2px","nomeInstancia":"textConvertido_26_0","classe":"textConvertido_26_0","nome":"eba01_05_26_0"},{"tipo":"img","x":"274.8px","y":"278.75px","width":"720.55px","height":"195.3px","nomeInstancia":"transicao_26_1","classe":"transicao_26_1","nome":"eba01_05_26_1"}]},{"desenhos":[{"tipo":"img","x":"547.2px","y":"322.55px","width":"327.5px","height":"43.1px","nomeInstancia":"textConvertido_28_0","classe":"textConvertido_28_0","nome":"eba01_05_28_0"},{"tipo":"img","x":"122.45px","y":"221.25px","width":"321.65px","height":"312.45px","nomeInstancia":"transicao_28_2","classe":"transicao_28_2","nome":"eba01_05_28_1"},{"tipo":"img","x":"547.2px","y":"235.65px","width":"215.8px","height":"56.3px","nomeInstancia":"transicao_28_1","classe":"transicao_28_1","nome":"eba01_05_28_2"}]},{"desenhos":[{"tipo":"img","x":"547.2px","y":"382.75px","width":"321.95px","height":"63.65px","nomeInstancia":"textConvertido_29_0","classe":"textConvertido_29_0","nome":"eba01_05_29_0"},{"tipo":"img","x":"547.2px","y":"322.55px","width":"327.5px","height":"43.1px","nomeInstancia":"textConvertido_28_0","classe":"textConvertido_28_0","nome":"eba01_05_28_0"},{"tipo":"img","x":"122.45px","y":"221.25px","width":"321.65px","height":"312.45px","nomeInstancia":"transicao_28_2","classe":"transicao_28_2","nome":"eba01_05_28_1"},{"tipo":"img","x":"547.2px","y":"235.65px","width":"215.8px","height":"56.3px","nomeInstancia":"transicao_28_1","classe":"transicao_28_1","nome":"eba01_05_28_2"}]},{"desenhos":[{"tipo":"img","x":"547.2px","y":"463.5px","width":"344.1px","height":"22.55px","nomeInstancia":"textConvertido_30_0","classe":"textConvertido_30_0","nome":"eba01_05_30_0"},{"tipo":"img","x":"547.2px","y":"382.75px","width":"321.95px","height":"63.65px","nomeInstancia":"textConvertido_29_0","classe":"textConvertido_29_0","nome":"eba01_05_29_0"},{"tipo":"img","x":"547.2px","y":"322.55px","width":"327.5px","height":"43.1px","nomeInstancia":"textConvertido_28_0","classe":"textConvertido_28_0","nome":"eba01_05_28_0"},{"tipo":"img","x":"122.45px","y":"221.25px","width":"321.65px","height":"312.45px","nomeInstancia":"transicao_28_2","classe":"transicao_28_2","nome":"eba01_05_28_1"},{"tipo":"img","x":"547.2px","y":"235.65px","width":"215.8px","height":"56.3px","nomeInstancia":"transicao_28_1","classe":"transicao_28_1","nome":"eba01_05_28_2"}]},{"desenhos":[{"tipo":"img","x":"207.65px","y":"190.3px","width":"383.55px","height":"90.65px","nomeInstancia":"transicao_31_0","classe":"transicao_31_0","nome":"eba01_05_31_0"},{"nome":"eba01_05_31_1","tipo":"personagem","x":"0px","y":"0px","width":"1016px","height":"659px","nomeInstancia":"MovieClips/animaP31","classe":"animaP31"}]},{"desenhos":[{"tipo":"img","x":"232.65px","y":"275.15px","width":"308.45px","height":"69.8px","nomeInstancia":"transicao_32_0","classe":"transicao_32_0","nome":"eba01_05_32_0"},{"tipo":"img","x":"207.65px","y":"190.3px","width":"383.55px","height":"90.65px","nomeInstancia":"transicao_31_0","classe":"transicao_31_0","nome":"eba01_05_31_0"},{"nome":"eba01_05_31_1","tipo":"personagem","x":"0px","y":"0px","width":"1016px","height":"659px","nomeInstancia":"MovieClips/animaP31","classe":"animaP31"}]},{"desenhos":[{"tipo":"img","x":"416.55px","y":"294.35px","width":"382.9px","height":"54.1px","nomeInstancia":"transicao_33_0","classe":"transicao_33_0","nome":"eba01_05_33_0"},{"tipo":"img","x":"382.75px","y":"154.25px","width":"250.55px","height":"72.85px","nomeInstancia":"transicao_33_2","classe":"transicao_33_2","nome":"eba01_05_33_1"},{"nome":"eba01_05_33_2","tipo":"personagem","x":"0px","y":"0px","width":"1016px","height":"659px","nomeInstancia":"MovieClips/animaP33","classe":"animaP33"}]},{"desenhos":[{"tipo":"img","x":"464.45px","y":"341.85px","width":"352.35px","height":"123.8px","nomeInstancia":"transicao_34_0","classe":"transicao_34_0","nome":"eba01_05_34_0"},{"tipo":"img","x":"416.55px","y":"294.35px","width":"382.9px","height":"54.1px","nomeInstancia":"transicao_33_0","classe":"transicao_33_0","nome":"eba01_05_33_0"},{"tipo":"img","x":"382.75px","y":"154.25px","width":"250.55px","height":"72.85px","nomeInstancia":"transicao_33_2","classe":"transicao_33_2","nome":"eba01_05_33_1"},{"nome":"eba01_05_33_2","tipo":"personagem","x":"0px","y":"0px","width":"1016px","height":"659px","nomeInstancia":"MovieClips/animaP33","classe":"animaP33"}]},{"desenhos":[{"tipo":"img","x":"109.2px","y":"303.65px","width":"327.5px","height":"43.1px","nomeInstancia":"textConvertido_35_0","classe":"textConvertido_35_0","nome":"eba01_05_35_0"},{"tipo":"img","x":"567.4px","y":"303.65px","width":"312.25px","height":"179.9px","nomeInstancia":"transicao_35_1","classe":"transicao_35_1","nome":"eba01_05_35_1"}]},{"desenhos":[{"tipo":"img","x":"109.2px","y":"366.2px","width":"347.05px","height":"63.65px","nomeInstancia":"textConvertido_36_0","classe":"textConvertido_36_0","nome":"eba01_05_36_0"},{"tipo":"img","x":"109.2px","y":"303.65px","width":"327.5px","height":"43.1px","nomeInstancia":"textConvertido_35_0","classe":"textConvertido_35_0","nome":"eba01_05_35_0"},{"tipo":"img","x":"567.4px","y":"303.65px","width":"312.25px","height":"179.9px","nomeInstancia":"transicao_35_1","classe":"transicao_35_1","nome":"eba01_05_35_1"}]},{"desenhos":[{"tipo":"img","x":"109.2px","y":"449.3px","width":"327.5px","height":"22.55px","nomeInstancia":"textConvertido_37_0","classe":"textConvertido_37_0","nome":"eba01_05_37_0"},{"tipo":"img","x":"109.2px","y":"366.2px","width":"347.05px","height":"63.65px","nomeInstancia":"textConvertido_36_0","classe":"textConvertido_36_0","nome":"eba01_05_36_0"},{"tipo":"img","x":"109.2px","y":"303.65px","width":"327.5px","height":"43.1px","nomeInstancia":"textConvertido_35_0","classe":"textConvertido_35_0","nome":"eba01_05_35_0"},{"tipo":"img","x":"567.4px","y":"303.65px","width":"312.25px","height":"179.9px","nomeInstancia":"transicao_35_1","classe":"transicao_35_1","nome":"eba01_05_35_1"}]},{"desenhos":[{"tipo":"img","x":"376.35px","y":"244.25px","width":"397.2px","height":"54.1px","nomeInstancia":"transicao_38_0","classe":"transicao_38_0","nome":"eba01_05_38_0"},{"tipo":"img","x":"316.5px","y":"136.8px","width":"383.05px","height":"75.25px","nomeInstancia":"transicao_38_2","classe":"transicao_38_2","nome":"eba01_05_38_1"},{"nome":"eba01_05_38_2","tipo":"personagem","x":"0px","y":"0px","width":"1016px","height":"659px","nomeInstancia":"MovieClips/animaP38","classe":"animaP38"}]},{"desenhos":[{"tipo":"img","x":"424.35px","y":"423.7px","width":"398.65px","height":"132.9px","nomeInstancia":"hotWord_39_b","classe":"hotWord_39_b","nome":"eba01_05_39_0"},{"tipo":"img","x":"422.55px","y":"212.05px","width":"423.95px","height":"147.55px","nomeInstancia":"hotWord_39_a","classe":"hotWord_39_a","nome":"eba01_05_39_1"},{"tipo":"img","x":"424.35px","y":"290.65px","width":"384.05px","height":"163.3px","nomeInstancia":"transicao_39_2","classe":"transicao_39_2","nome":"eba01_05_39_2"},{"tipo":"img","x":"376.35px","y":"244.25px","width":"397.2px","height":"54.1px","nomeInstancia":"transicao_38_0","classe":"transicao_38_0","nome":"eba01_05_38_0"},{"tipo":"img","x":"316.5px","y":"136.8px","width":"383.05px","height":"75.25px","nomeInstancia":"transicao_38_2","classe":"transicao_38_2","nome":"eba01_05_38_1"},{"nome":"eba01_05_38_2","tipo":"personagem","x":"0px","y":"0px","width":"1016px","height":"659px","nomeInstancia":"MovieClips/animaP38","classe":"animaP38"}]},{"desenhos":[{"tipo":"img","x":"109.2px","y":"303.65px","width":"350.65px","height":"63.65px","nomeInstancia":"textConvertido_40_0","classe":"textConvertido_40_0","nome":"eba01_05_40_0"},{"tipo":"img","x":"516.25px","y":"226.3px","width":"393.6px","height":"286.25px","nomeInstancia":"transicao_40_1","classe":"transicao_40_1","nome":"eba01_05_40_1"}]},{"desenhos":[{"tipo":"img","x":"109.2px","y":"389.6px","width":"347.05px","height":"43.1px","nomeInstancia":"textConvertido_41_0","classe":"textConvertido_41_0","nome":"eba01_05_41_0"},{"tipo":"img","x":"109.2px","y":"303.65px","width":"350.65px","height":"63.65px","nomeInstancia":"textConvertido_40_0","classe":"textConvertido_40_0","nome":"eba01_05_40_0"},{"tipo":"img","x":"516.25px","y":"226.3px","width":"393.6px","height":"286.25px","nomeInstancia":"transicao_40_1","classe":"transicao_40_1","nome":"eba01_05_40_1"}]},{"desenhos":[{"tipo":"img","x":"573.6px","y":"284.7px","width":"350.65px","height":"63.65px","nomeInstancia":"textConvertido_42_0","classe":"textConvertido_42_0","nome":"eba01_05_42_0"},{"tipo":"img","x":"103.3px","y":"245.25px","width":"393.6px","height":"286.25px","nomeInstancia":"transicao_42_1","classe":"transicao_42_1","nome":"eba01_05_42_1"}]},{"desenhos":[{"tipo":"img","x":"506.55px","y":"182.75px","width":"440.65px","height":"228.5px","nomeInstancia":"hotWord_43","classe":"hotWord_43","nome":"eba01_05_43_0"},{"tipo":"img","x":"573.6px","y":"368.55px","width":"347.05px","height":"43.1px","nomeInstancia":"textConvertido_43_1","classe":"textConvertido_43_1","nome":"eba01_05_43_1"},{"tipo":"img","x":"573.6px","y":"284.7px","width":"350.65px","height":"63.65px","nomeInstancia":"textConvertido_42_0","classe":"textConvertido_42_0","nome":"eba01_05_42_0"},{"tipo":"img","x":"103.3px","y":"245.25px","width":"393.6px","height":"286.25px","nomeInstancia":"transicao_42_1","classe":"transicao_42_1","nome":"eba01_05_42_1"}]},{"desenhos":[{"tipo":"img","x":"506.55px","y":"182.75px","width":"440.65px","height":"228.5px","nomeInstancia":"hotWord_43","classe":"hotWord_43","nome":"eba01_05_43_0"},{"tipo":"img","x":"573.6px","y":"431.85px","width":"347.05px","height":"43.1px","nomeInstancia":"textConvertido_44_1","classe":"textConvertido_44_1","nome":"eba01_05_44_1"},{"tipo":"img","x":"573.6px","y":"368.55px","width":"347.05px","height":"43.1px","nomeInstancia":"textConvertido_43_1","classe":"textConvertido_43_1","nome":"eba01_05_43_1"},{"tipo":"img","x":"573.6px","y":"284.7px","width":"350.65px","height":"63.65px","nomeInstancia":"textConvertido_42_0","classe":"textConvertido_42_0","nome":"eba01_05_42_0"},{"tipo":"img","x":"103.3px","y":"245.25px","width":"393.6px","height":"286.25px","nomeInstancia":"transicao_42_1","classe":"transicao_42_1","nome":"eba01_05_42_1"}]},{"desenhos":[{"tipo":"img","x":"378.5px","y":"181.05px","width":"396.9px","height":"70.3px","nomeInstancia":"transicao_45_0","classe":"transicao_45_0","nome":"eba01_05_45_0"},{"nome":"eba01_05_45_1","tipo":"personagem","x":"0px","y":"0px","width":"1016px","height":"659px","nomeInstancia":"animaP45","classe":"animaP45"}]},{"desenhos":[{"tipo":"img","x":"216.15px","y":"274.7px","width":"487.35px","height":"131.6px","nomeInstancia":"transicao_46_1","classe":"transicao_46_1","nome":"eba01_05_46_0"},{"nome":"eba01_05_46_1","tipo":"personagem","x":"0px","y":"0px","width":"1016px","height":"659px","nomeInstancia":"animaP46","classe":"animaP46"},{"tipo":"img","x":"378.5px","y":"181.05px","width":"396.9px","height":"70.3px","nomeInstancia":"transicao_45_0","classe":"transicao_45_0","nome":"eba01_05_45_0"},{"tipo":"img","x":"741.2px","y":"119.5px","width":"255.7px","height":"302.15px","nomeInstancia":"Symbol 13","classe":"Symbol 13","nome":"eba01_05_46_3"}]},{"desenhos":[{"tipo":"img","x":"89.4px","y":"275.9px","width":"584.85px","height":"293.25px","nomeInstancia":"opcoes_subscripts_47","classe":"opcoes_subscripts_47","nome":"eba01_05_47_0"},{"tipo":"img","x":"89.4px","y":"285.3px","width":"861.3px","height":"189.5px","nomeInstancia":"textConvertido_47_1","classe":"textConvertido_47_1","nome":"eba01_05_47_1"},{"tipo":"img","x":"392.75px","y":"156.5px","width":"230.5px","height":"78.4px","nomeInstancia":"transicao_47_2","classe":"transicao_47_2","nome":"eba01_05_47_2"}]}]}