{"licao":"eba01_02","topico":"02","telas":[{"desenhos":[{"tipo":"img","x":"436.25px","y":"117.9px","width":"440.65px","height":"156.4px","nomeInstancia":"MovieClips/hotWord_1","classe":"hotWord_1","nome":"eba01_02_1_0"},{"tipo":"img","x":"391.15px","y":"197.8px","width":"465.35px","height":"133.75px","nomeInstancia":"MovieClips/fala01_02a","classe":"fala01_02a","nome":"eba01_02_1_1"},{"nome":"eba01_02_1_2","tipo":"personagem","x":"0px","y":"0px","width":"1016px","height":"659px","nomeInstancia":"MovieClips/animaP1","classe":"animaP1"}]},{"desenhos":[{"tipo":"img","x":"436.25px","y":"379.3px","width":"425.05px","height":"165.05px","nomeInstancia":"MovieClips/hotWord_2","classe":"hotWord_2","nome":"eba01_02_2_0"},{"tipo":"img","x":"436.25px","y":"117.9px","width":"440.65px","height":"156.4px","nomeInstancia":"MovieClips/hotWord_1","classe":"hotWord_1","nome":"eba01_02_1_0"},{"tipo":"img","x":"438.05px","y":"326.1px","width":"355.75px","height":"87.5px","nomeInstancia":"MovieClips/fala01_02b","classe":"fala01_02b","nome":"eba01_02_2_2"},{"tipo":"img","x":"391.15px","y":"197.8px","width":"465.35px","height":"133.75px","nomeInstancia":"MovieClips/fala01_02a","classe":"fala01_02a","nome":"eba01_02_1_1"},{"nome":"eba01_02_1_2","tipo":"personagem","x":"0px","y":"0px","width":"1016px","height":"659px","nomeInstancia":"MovieClips/animaP1","classe":"animaP1"}]},{"desenhos":[{"tipo":"img","x":"436.25px","y":"437.25px","width":"437.15px","height":"147.2px","nomeInstancia":"MovieClips/hotWord_3","classe":"hotWord_3","nome":"eba01_02_3_0"},{"tipo":"img","x":"436.25px","y":"379.3px","width":"425.05px","height":"165.05px","nomeInstancia":"MovieClips/hotWord_2","classe":"hotWord_2","nome":"eba01_02_2_0"},{"tipo":"img","x":"436.25px","y":"117.9px","width":"440.65px","height":"156.4px","nomeInstancia":"MovieClips/hotWord_1","classe":"hotWord_1","nome":"eba01_02_1_0"},{"tipo":"img","x":"438.05px","y":"407.65px","width":"355.75px","height":"82.5px","nomeInstancia":"MovieClips/fala01_02c","classe":"fala01_02c","nome":"eba01_02_3_3"},{"tipo":"img","x":"438.05px","y":"326.1px","width":"355.75px","height":"87.5px","nomeInstancia":"MovieClips/fala01_02b","classe":"fala01_02b","nome":"eba01_02_2_2"},{"tipo":"img","x":"391.15px","y":"197.8px","width":"465.35px","height":"133.75px","nomeInstancia":"MovieClips/fala01_02a","classe":"fala01_02a","nome":"eba01_02_1_1"},{"nome":"eba01_02_1_2","tipo":"personagem","x":"0px","y":"0px","width":"1016px","height":"659px","nomeInstancia":"MovieClips/animaP1","classe":"animaP1"}]},{"desenhos":[{"tipo":"img","x":"143.15px","y":"232.9px","width":"294.05px","height":"43.1px","nomeInstancia":"MovieClips/textConvertido_4_0","classe":"textConvertido_4_0","nome":"eba01_02_4_0"},{"tipo":"img","x":"640.65px","y":"254.75px","width":"200.55px","height":"200px","nomeInstancia":"MovieClips/01T03","classe":"01T03","nome":"eba01_02_4_1"}]},{"desenhos":[{"tipo":"img","x":"143.15px","y":"115.5px","width":"398.45px","height":"218.35px","nomeInstancia":"MovieClips/hotWord_5","classe":"hotWord_5","nome":"eba01_02_5_0"},{"tipo":"img","x":"143.15px","y":"292.65px","width":"321.75px","height":"63.65px","nomeInstancia":"MovieClips/textConvertido_5_1","classe":"textConvertido_5_1","nome":"eba01_02_5_1"},{"tipo":"img","x":"143.15px","y":"232.9px","width":"294.05px","height":"43.1px","nomeInstancia":"MovieClips/textConvertido_4_0","classe":"textConvertido_4_0","nome":"eba01_02_4_0"},{"tipo":"img","x":"640.65px","y":"254.75px","width":"200.55px","height":"200px","nomeInstancia":"MovieClips/01T03","classe":"01T03","nome":"eba01_02_4_1"}]},{"desenhos":[{"tipo":"img","x":"143.15px","y":"115.5px","width":"398.45px","height":"218.35px","nomeInstancia":"MovieClips/hotWord_5","classe":"hotWord_5","nome":"eba01_02_5_0"},{"tipo":"img","x":"143.15px","y":"372.95px","width":"325.75px","height":"125.3px","nomeInstancia":"MovieClips/textConvertido_6_1","classe":"textConvertido_6_1","nome":"eba01_02_6_1"},{"tipo":"img","x":"143.15px","y":"292.65px","width":"321.75px","height":"63.65px","nomeInstancia":"MovieClips/textConvertido_5_1","classe":"textConvertido_5_1","nome":"eba01_02_5_1"},{"tipo":"img","x":"143.15px","y":"232.9px","width":"294.05px","height":"43.1px","nomeInstancia":"MovieClips/textConvertido_4_0","classe":"textConvertido_4_0","nome":"eba01_02_4_0"},{"tipo":"img","x":"640.65px","y":"254.75px","width":"200.55px","height":"200px","nomeInstancia":"MovieClips/01T03","classe":"01T03","nome":"eba01_02_4_1"}]},{"desenhos":[{"tipo":"img","x":"566.5px","y":"334.85px","width":"336.1px","height":"63.65px","nomeInstancia":"MovieClips/textConvertido_7_1","classe":"textConvertido_7_1","nome":"eba01_02_7_0"},{"tipo":"img","x":"566.5px","y":"243.9px","width":"150.45px","height":"56.3px","nomeInstancia":"MovieClips/título0104","classe":"título0104","nome":"eba01_02_7_1"},{"tipo":"img","x":"115.15px","y":"207.45px","width":"311.9px","height":"311.9px","nomeInstancia":"MovieClips/01T04","classe":"01T04","nome":"eba01_02_7_2"}]},{"desenhos":[{"tipo":"img","x":"64.6px","y":"191.1px","width":"667.5px","height":"395.6px","nomeInstancia":"MovieClips/telaInfo_8","classe":"telaInfo_8","nome":"eba01_02_8_0"},{"tipo":"img","x":"566.5px","y":"423.15px","width":"334.95px","height":"63.65px","nomeInstancia":"MovieClips/textConvertido_8_1","classe":"textConvertido_8_1","nome":"eba01_02_8_1"},{"tipo":"img","x":"566.5px","y":"334.85px","width":"336.1px","height":"63.65px","nomeInstancia":"MovieClips/textConvertido_7_1","classe":"textConvertido_7_1","nome":"eba01_02_7_0"},{"tipo":"img","x":"566.5px","y":"243.9px","width":"150.45px","height":"56.3px","nomeInstancia":"MovieClips/título0104","classe":"título0104","nome":"eba01_02_7_1"},{"tipo":"img","x":"115.15px","y":"207.45px","width":"311.9px","height":"311.9px","nomeInstancia":"MovieClips/01T04","classe":"01T04","nome":"eba01_02_7_2"}]},{"desenhos":[{"tipo":"img","x":"106.7px","y":"307.45px","width":"336.1px","height":"43.1px","nomeInstancia":"MovieClips/textConvertido_9_0","classe":"textConvertido_9_0","nome":"eba01_02_9_0"},{"tipo":"img","x":"575.6px","y":"243.75px","width":"340.2px","height":"221.9px","nomeInstancia":"MovieClips/01T05","classe":"01T05","nome":"eba01_02_9_1"}]},{"desenhos":[{"tipo":"img","x":"106.7px","y":"384.35px","width":"351.95px","height":"43.1px","nomeInstancia":"MovieClips/textConvertido_10_0","classe":"textConvertido_10_0","nome":"eba01_02_10_0"},{"tipo":"img","x":"106.7px","y":"307.45px","width":"336.1px","height":"43.1px","nomeInstancia":"MovieClips/textConvertido_9_0","classe":"textConvertido_9_0","nome":"eba01_02_9_0"},{"tipo":"img","x":"575.6px","y":"243.75px","width":"340.2px","height":"221.9px","nomeInstancia":"MovieClips/01T05","classe":"01T05","nome":"eba01_02_9_1"}]},{"desenhos":[{"tipo":"img","x":"171.3px","y":"245.3px","width":"608.15px","height":"43.1px","nomeInstancia":"MovieClips/textConvertido_11_1","classe":"textConvertido_11_1","nome":"eba01_02_11_0"},{"tipo":"img","x":"171.3px","y":"309.75px","width":"673.4px","height":"22.55px","nomeInstancia":"MovieClips/textConvertido_11_0","classe":"textConvertido_11_0","nome":"eba01_02_11_1"},{"tipo":"img","x":"145.4px","y":"367.9px","width":"718.7px","height":"71.3px","nomeInstancia":"MovieClips/01T06","classe":"01T06","nome":"eba01_02_11_2"}]},{"desenhos":[{"tipo":"img","x":"507.6px","y":"307.45px","width":"336.1px","height":"43.1px","nomeInstancia":"MovieClips/textConvertido_12_0","classe":"textConvertido_12_0","nome":"eba01_02_12_0"},{"tipo":"img","x":"161.9px","y":"248.9px","width":"261.55px","height":"261.55px","nomeInstancia":"MovieClips/01T07","classe":"01T07","nome":"eba01_02_12_1"}]},{"desenhos":[{"tipo":"img","x":"507.6px","y":"368.8px","width":"371.95px","height":"84.2px","nomeInstancia":"MovieClips/textConvertido_13_0","classe":"textConvertido_13_0","nome":"eba01_02_13_0"},{"tipo":"img","x":"507.6px","y":"307.45px","width":"336.1px","height":"43.1px","nomeInstancia":"MovieClips/textConvertido_12_0","classe":"textConvertido_12_0","nome":"eba01_02_12_0"},{"tipo":"img","x":"161.9px","y":"248.9px","width":"261.55px","height":"261.55px","nomeInstancia":"MovieClips/01T07","classe":"01T07","nome":"eba01_02_12_1"}]},{"desenhos":[{"tipo":"img","x":"255.55px","y":"161.8px","width":"504.9px","height":"335.45px","nomeInstancia":"MovieClips/janeladestaque","classe":"janeladestaque","nome":"eba01_02_14_0"},{"tipo":"img","x":"507.6px","y":"368.8px","width":"371.95px","height":"84.2px","nomeInstancia":"MovieClips/textConvertido_13_0","classe":"textConvertido_13_0","nome":"eba01_02_13_0"},{"tipo":"img","x":"507.6px","y":"307.45px","width":"336.1px","height":"43.1px","nomeInstancia":"MovieClips/textConvertido_12_0","classe":"textConvertido_12_0","nome":"eba01_02_12_0"},{"tipo":"img","x":"161.9px","y":"248.9px","width":"261.55px","height":"261.55px","nomeInstancia":"MovieClips/01T07","classe":"01T07","nome":"eba01_02_12_1"}]},{"desenhos":[{"tipo":"img","x":"115.15px","y":"284.6px","width":"352.1px","height":"63.65px","nomeInstancia":"MovieClips/textConvertido_15_0","classe":"textConvertido_15_0","nome":"eba01_02_15_0"},{"tipo":"img","x":"546.45px","y":"235.55px","width":"317.55px","height":"257.15px","nomeInstancia":"MovieClips/shapeConvertido_15_1","classe":"shapeConvertido_15_1","nome":"eba01_02_15_1"}]},{"desenhos":[{"tipo":"img","x":"115.15px","y":"368.8px","width":"363.5px","height":"84.2px","nomeInstancia":"MovieClips/textConvertido_16_0","classe":"textConvertido_16_0","nome":"eba01_02_16_0"},{"tipo":"img","x":"115.15px","y":"284.6px","width":"352.1px","height":"63.65px","nomeInstancia":"MovieClips/textConvertido_15_0","classe":"textConvertido_15_0","nome":"eba01_02_15_0"},{"tipo":"img","x":"546.45px","y":"235.55px","width":"317.55px","height":"257.15px","nomeInstancia":"MovieClips/shapeConvertido_15_1","classe":"shapeConvertido_15_1","nome":"eba01_02_15_1"}]},{"desenhos":[{"tipo":"img","x":"424.8px","y":"194.3px","width":"331.1px","height":"74.1px","nomeInstancia":"MovieClips/fala0109a","classe":"fala0109a","nome":"eba01_02_17_0"},{"nome":"eba01_02_17_1","tipo":"personagem","x":"0px","y":"0px","width":"1016px","height":"659px","nomeInstancia":"MovieClips/animaP17","classe":"animaP17"}]},{"desenhos":[{"tipo":"img","x":"471.7px","y":"263.05px","width":"233.7px","height":"74.65px","nomeInstancia":"MovieClips/fala0109b","classe":"fala0109b","nome":"eba01_02_18_0"},{"tipo":"img","x":"424.8px","y":"194.3px","width":"331.1px","height":"74.1px","nomeInstancia":"MovieClips/fala0109a","classe":"fala0109a","nome":"eba01_02_17_0"},{"nome":"eba01_02_17_1","tipo":"personagem","x":"0px","y":"0px","width":"1016px","height":"659px","nomeInstancia":"MovieClips/animaP17","classe":"animaP17"}]},{"desenhos":[{"tipo":"img","x":"130.9px","y":"284.6px","width":"264.05px","height":"43.1px","nomeInstancia":"MovieClips/textConvertido_19_0","classe":"textConvertido_19_0","nome":"eba01_02_19_0"},{"tipo":"img","x":"489.3px","y":"198.7px","width":"383.85px","height":"328.95px","nomeInstancia":"MovieClips/Symbol 17","classe":"Symbol 17","nome":"eba01_02_19_1"}]},{"desenhos":[{"tipo":"img","x":"130.9px","y":"347.35px","width":"324.1px","height":"43.1px","nomeInstancia":"MovieClips/textConvertido_20_0","classe":"textConvertido_20_0","nome":"eba01_02_20_0"},{"tipo":"img","x":"130.9px","y":"284.6px","width":"264.05px","height":"43.1px","nomeInstancia":"MovieClips/textConvertido_19_0","classe":"textConvertido_19_0","nome":"eba01_02_19_0"},{"tipo":"img","x":"489.3px","y":"198.7px","width":"383.85px","height":"328.95px","nomeInstancia":"MovieClips/Symbol 17","classe":"Symbol 17","nome":"eba01_02_19_1"}]},{"desenhos":[{"tipo":"img","x":"284.3px","y":"192.65px","width":"614.35px","height":"344.1px","nomeInstancia":"MovieClips/telaInfo_miniNavegacao","classe":"telaInfo_miniNavegacao","nome":"eba01_02_21_0"},{"tipo":"img","x":"130.9px","y":"419.45px","width":"282.7px","height":"63.65px","nomeInstancia":"textConvertido_21_1","classe":"textConvertido_21_1","nome":"eba01_02_21_1"},{"tipo":"img","x":"130.9px","y":"347.35px","width":"324.1px","height":"43.1px","nomeInstancia":"MovieClips/textConvertido_20_0","classe":"textConvertido_20_0","nome":"eba01_02_20_0"},{"tipo":"img","x":"130.9px","y":"284.6px","width":"264.05px","height":"43.1px","nomeInstancia":"MovieClips/textConvertido_19_0","classe":"textConvertido_19_0","nome":"eba01_02_19_0"},{"tipo":"img","x":"489.3px","y":"198.7px","width":"383.85px","height":"328.95px","nomeInstancia":"MovieClips/Symbol 17","classe":"Symbol 17","nome":"eba01_02_19_1"}]},{"desenhos":[{"tipo":"img","x":"439.35px","y":"205.95px","width":"330.85px","height":"77.05px","nomeInstancia":"MovieClips/fala0111a","classe":"fala0111a","nome":"eba01_02_22_0"},{"nome":"eba01_02_22_1","tipo":"personagem","x":"0px","y":"0px","width":"1016px","height":"659px","nomeInstancia":"MovieClips/animaP22","classe":"animaP22"}]},{"desenhos":[{"tipo":"img","x":"486.25px","y":"277.8px","width":"355.75px","height":"111.25px","nomeInstancia":"MovieClips/fala0111b","classe":"fala0111b","nome":"eba01_02_23_0"},{"tipo":"img","x":"439.35px","y":"205.95px","width":"330.85px","height":"77.05px","nomeInstancia":"MovieClips/fala0111a","classe":"fala0111a","nome":"eba01_02_22_0"},{"nome":"eba01_02_22_1","tipo":"personagem","x":"0px","y":"0px","width":"1016px","height":"659px","nomeInstancia":"MovieClips/animaP22","classe":"animaP22"}]},{"desenhos":[{"tipo":"img","x":"115.15px","y":"298.75px","width":"343.75px","height":"84.2px","nomeInstancia":"MovieClips/textConvertido_24_0","classe":"textConvertido_24_0","nome":"eba01_02_24_0"},{"tipo":"img","x":"574.85px","y":"252.45px","width":"282.9px","height":"237.85px","nomeInstancia":"MovieClips/01T12","classe":"01T12","nome":"eba01_02_24_1"}]},{"desenhos":[{"tipo":"img","x":"284.3px","y":"192.65px","width":"679px","height":"385.2px","nomeInstancia":"MovieClips/telaInfo_25","classe":"telaInfo_25","nome":"eba01_02_25_0"},{"tipo":"img","x":"115.15px","y":"402.8px","width":"311.5px","height":"63.65px","nomeInstancia":"MovieClips/textConvertido_25_1","classe":"textConvertido_25_1","nome":"eba01_02_25_1"},{"tipo":"img","x":"115.15px","y":"298.75px","width":"343.75px","height":"84.2px","nomeInstancia":"MovieClips/textConvertido_24_0","classe":"textConvertido_24_0","nome":"eba01_02_24_0"},{"tipo":"img","x":"574.85px","y":"252.45px","width":"282.9px","height":"237.85px","nomeInstancia":"MovieClips/01T12","classe":"01T12","nome":"eba01_02_24_1"}]},{"desenhos":[{"tipo":"img","x":"258.2px","y":"240.55px","width":"668.5px","height":"347.2px","nomeInstancia":"MovieClips/dragDrop_26","classe":"dragDrop_26","nome":"eba01_02_26_0"},{"tipo":"img","x":"425.1px","y":"204px","width":"445.15px","height":"43.1px","nomeInstancia":"MovieClips/textConvertido_26_1","classe":"textConvertido_26_1","nome":"eba01_02_26_1"},{"tipo":"img","x":"158.4px","y":"183px","width":"230.5px","height":"78.4px","nomeInstancia":"MovieClips/exerciatndo","classe":"exerciatndo","nome":"eba01_02_26_2"}]}]}