{"licao":"eba01_06","topico":"06","telas":[{"desenhos":[{"tipo":"img","x":"180.85px","y":"259.3px","width":"422.9px","height":"90.75px","nomeInstancia":"MovieClips/transicao_1_0","classe":"transicao_1_0","nome":"eba01_06_1_0"},{"nome":"eba01_06_1_1","tipo":"personagem","x":"0px","y":"0px","width":"1016px","height":"659px","nomeInstancia":"MovieClips/animaP1","classe":"animaP1"}]},{"desenhos":[{"tipo":"img","x":"199px","y":"345.25px","width":"355.75px","height":"111.25px","nomeInstancia":"MovieClips/transicao_2_0","classe":"transicao_2_0","nome":"eba01_06_2_0"},{"tipo":"img","x":"180.85px","y":"259.3px","width":"422.9px","height":"90.75px","nomeInstancia":"MovieClips/transicao_1_0","classe":"transicao_1_0","nome":"eba01_06_1_0"},{"nome":"eba01_06_1_1","tipo":"personagem","x":"0px","y":"0px","width":"1016px","height":"659px","nomeInstancia":"MovieClips/animaP1","classe":"animaP1"}]},{"desenhos":[{"tipo":"img","x":"476.6px","y":"255.2px","width":"329.05px","height":"90.75px","nomeInstancia":"MovieClips/transicao_3_0","classe":"transicao_3_0","nome":"eba01_06_3_0"},{"nome":"eba01_06_3_1","tipo":"personagem","x":"0px","y":"0px","width":"1016px","height":"659px","nomeInstancia":"MovieClips/animaP4","classe":"animaP4"}]},{"desenhos":[{"tipo":"img","x":"524.3px","y":"341.15px","width":"200.05px","height":"81.6px","nomeInstancia":"MovieClips/transicao_4_0","classe":"transicao_4_0","nome":"eba01_06_4_0"},{"tipo":"img","x":"476.6px","y":"255.2px","width":"329.05px","height":"90.75px","nomeInstancia":"MovieClips/transicao_3_0","classe":"transicao_3_0","nome":"eba01_06_3_0"},{"nome":"eba01_06_3_1","tipo":"personagem","x":"0px","y":"0px","width":"1016px","height":"659px","nomeInstancia":"MovieClips/animaP4","classe":"animaP4"}]},{"desenhos":[{"tipo":"img","x":"121.2px","y":"291.75px","width":"350.65px","height":"43.1px","nomeInstancia":"MovieClips/textConvertido_5_0","classe":"textConvertido_5_0","nome":"eba01_06_5_0"},{"tipo":"img","x":"572.6px","y":"258.35px","width":"260.4px","height":"262.35px","nomeInstancia":"MovieClips/transicao_5_1","classe":"transicao_5_1","nome":"eba01_06_5_1"}]},{"desenhos":[{"tipo":"img","x":"121.2px","y":"192.75px","width":"454.45px","height":"228.15px","nomeInstancia":"MovieClips/hotWord6","classe":"hotWord6","nome":"eba01_06_6_0"},{"tipo":"img","x":"121.2px","y":"358.65px","width":"361.5px","height":"63.65px","nomeInstancia":"MovieClips/textConvertido_6_1","classe":"textConvertido_6_1","nome":"eba01_06_6_1"},{"tipo":"img","x":"121.2px","y":"291.75px","width":"350.65px","height":"43.1px","nomeInstancia":"MovieClips/textConvertido_5_0","classe":"textConvertido_5_0","nome":"eba01_06_5_0"},{"tipo":"img","x":"572.6px","y":"258.35px","width":"260.4px","height":"262.35px","nomeInstancia":"MovieClips/transicao_5_1","classe":"transicao_5_1","nome":"eba01_06_5_1"}]},{"desenhos":[{"tipo":"img","x":"121.2px","y":"192.75px","width":"454.45px","height":"228.15px","nomeInstancia":"MovieClips/hotWord6","classe":"hotWord6","nome":"eba01_06_6_0"},{"tipo":"img","x":"124.1px","y":"470.4px","width":"410.1px","height":"110px","nomeInstancia":"MovieClips/hotWord7","classe":"hotWord7","nome":"eba01_06_7_1"},{"tipo":"img","x":"121.2px","y":"446.1px","width":"347.05px","height":"43.1px","nomeInstancia":"MovieClips/textConvertido_7_2","classe":"textConvertido_7_2","nome":"eba01_06_7_2"},{"tipo":"img","x":"121.2px","y":"358.65px","width":"361.5px","height":"63.65px","nomeInstancia":"MovieClips/textConvertido_6_1","classe":"textConvertido_6_1","nome":"eba01_06_6_1"},{"tipo":"img","x":"121.2px","y":"291.75px","width":"350.65px","height":"43.1px","nomeInstancia":"MovieClips/textConvertido_5_0","classe":"textConvertido_5_0","nome":"eba01_06_5_0"},{"tipo":"img","x":"572.6px","y":"258.35px","width":"260.4px","height":"262.35px","nomeInstancia":"MovieClips/transicao_5_1","classe":"transicao_5_1","nome":"eba01_06_5_1"}]},{"desenhos":[{"tipo":"img","x":"521.95px","y":"350.45px","width":"300.05px","height":"43.1px","nomeInstancia":"MovieClips/textConvertido_8_0","classe":"textConvertido_8_0","nome":"eba01_06_8_0"},{"tipo":"img","x":"521.95px","y":"262.8px","width":"230.7px","height":"56.3px","nomeInstancia":"MovieClips/transicao_8_2","classe":"transicao_8_2","nome":"eba01_06_8_1"},{"tipo":"img","x":"220.75px","y":"279.65px","width":"188.25px","height":"188.25px","nomeInstancia":"MovieClips/transicao_8_1","classe":"transicao_8_1","nome":"eba01_06_8_2"}]},{"desenhos":[{"tipo":"img","x":"521.95px","y":"417.35px","width":"320.2px","height":"43.1px","nomeInstancia":"MovieClips/textConvertido_9_0","classe":"textConvertido_9_0","nome":"eba01_06_9_0"},{"tipo":"img","x":"521.95px","y":"350.45px","width":"300.05px","height":"43.1px","nomeInstancia":"MovieClips/textConvertido_8_0","classe":"textConvertido_8_0","nome":"eba01_06_8_0"},{"tipo":"img","x":"521.95px","y":"262.8px","width":"230.7px","height":"56.3px","nomeInstancia":"MovieClips/transicao_8_2","classe":"transicao_8_2","nome":"eba01_06_8_1"},{"tipo":"img","x":"220.75px","y":"279.65px","width":"188.25px","height":"188.25px","nomeInstancia":"MovieClips/transicao_8_1","classe":"transicao_8_1","nome":"eba01_06_8_2"}]},{"desenhos":[{"tipo":"img","x":"127.45px","y":"301.3px","width":"318.7px","height":"63.65px","nomeInstancia":"MovieClips/textConvertido_10_0","classe":"textConvertido_10_0","nome":"eba01_06_10_0"},{"tipo":"img","x":"549.95px","y":"240.95px","width":"318.7px","height":"274.9px","nomeInstancia":"MovieClips/transicao_10_1","classe":"transicao_10_1","nome":"eba01_06_10_1"}]},{"desenhos":[{"tipo":"img","x":"127.45px","y":"393.4px","width":"361.55px","height":"63.65px","nomeInstancia":"MovieClips/textConvertido_11_0","classe":"textConvertido_11_0","nome":"eba01_06_11_0"},{"tipo":"img","x":"127.45px","y":"301.3px","width":"318.7px","height":"63.65px","nomeInstancia":"MovieClips/textConvertido_10_0","classe":"textConvertido_10_0","nome":"eba01_06_10_0"},{"tipo":"img","x":"549.95px","y":"240.95px","width":"318.7px","height":"274.9px","nomeInstancia":"MovieClips/transicao_10_1","classe":"transicao_10_1","nome":"eba01_06_10_1"}]},{"desenhos":[{"tipo":"img","x":"255.55px","y":"161.8px","width":"504.9px","height":"335.45px","nomeInstancia":"MovieClips/destaque_12","classe":"destaque_12","nome":"eba01_06_12_0"},{"tipo":"img","x":"127.45px","y":"393.4px","width":"361.55px","height":"63.65px","nomeInstancia":"MovieClips/textConvertido_11_0","classe":"textConvertido_11_0","nome":"eba01_06_11_0"},{"tipo":"img","x":"127.45px","y":"301.3px","width":"318.7px","height":"63.65px","nomeInstancia":"MovieClips/textConvertido_10_0","classe":"textConvertido_10_0","nome":"eba01_06_10_0"},{"tipo":"img","x":"549.95px","y":"240.95px","width":"318.7px","height":"274.9px","nomeInstancia":"MovieClips/transicao_10_1","classe":"transicao_10_1","nome":"eba01_06_10_1"}]},{"desenhos":[{"tipo":"img","x":"431.4px","y":"189.15px","width":"413.95px","height":"73.9px","nomeInstancia":"MovieClips/transicao_13_0","classe":"transicao_13_0","nome":"eba01_06_13_0"},{"nome":"eba01_06_13_1","tipo":"personagem","x":"0px","y":"0px","width":"1016px","height":"659px","nomeInstancia":"MovieClips/animaP13","classe":"animaP13"}]},{"desenhos":[{"tipo":"img","x":"479.7px","y":"257.05px","width":"355.75px","height":"128.3px","nomeInstancia":"MovieClips/transicao_14_0","classe":"transicao_14_0","nome":"eba01_06_14_0"},{"tipo":"img","x":"431.4px","y":"189.15px","width":"413.95px","height":"73.9px","nomeInstancia":"MovieClips/transicao_13_0","classe":"transicao_13_0","nome":"eba01_06_13_0"},{"nome":"eba01_06_13_1","tipo":"personagem","x":"0px","y":"0px","width":"1016px","height":"659px","nomeInstancia":"MovieClips/animaP13","classe":"animaP13"}]},{"desenhos":[{"tipo":"img","x":"89.75px","y":"295.3px","width":"395.4px","height":"43.1px","nomeInstancia":"MovieClips/textConvertido_15_0","classe":"textConvertido_15_0","nome":"eba01_06_15_0"},{"tipo":"img","x":"575.15px","y":"243.65px","width":"314.15px","height":"269.5px","nomeInstancia":"MovieClips/transicao_15_1","classe":"transicao_15_1","nome":"eba01_06_15_1"}]},{"desenhos":[{"tipo":"img","x":"89.75px","y":"362.4px","width":"401.45px","height":"43.1px","nomeInstancia":"MovieClips/textConvertido_16_0","classe":"textConvertido_16_0","nome":"eba01_06_16_0"},{"tipo":"img","x":"89.75px","y":"295.3px","width":"395.4px","height":"43.1px","nomeInstancia":"MovieClips/textConvertido_15_0","classe":"textConvertido_15_0","nome":"eba01_06_15_0"},{"tipo":"img","x":"575.15px","y":"243.65px","width":"314.15px","height":"269.5px","nomeInstancia":"MovieClips/transicao_15_1","classe":"transicao_15_1","nome":"eba01_06_15_1"}]},{"desenhos":[{"tipo":"img","x":"89.75px","y":"429.5px","width":"437.65px","height":"43.1px","nomeInstancia":"MovieClips/textConvertido_17_0","classe":"textConvertido_17_0","nome":"eba01_06_17_0"},{"tipo":"img","x":"89.75px","y":"362.4px","width":"401.45px","height":"43.1px","nomeInstancia":"MovieClips/textConvertido_16_0","classe":"textConvertido_16_0","nome":"eba01_06_16_0"},{"tipo":"img","x":"89.75px","y":"295.3px","width":"395.4px","height":"43.1px","nomeInstancia":"MovieClips/textConvertido_15_0","classe":"textConvertido_15_0","nome":"eba01_06_15_0"},{"tipo":"img","x":"575.15px","y":"243.65px","width":"314.15px","height":"269.5px","nomeInstancia":"MovieClips/transicao_15_1","classe":"transicao_15_1","nome":"eba01_06_15_1"}]},{"desenhos":[{"tipo":"img","x":"572.5px","y":"288px","width":"361.7px","height":"63.65px","nomeInstancia":"MovieClips/textConvertido_18_0","classe":"textConvertido_18_0","nome":"eba01_06_18_0"},{"tipo":"img","x":"96.7px","y":"316.55px","width":"428.05px","height":"132.4px","nomeInstancia":"MovieClips/transicao_18_1","classe":"transicao_18_1","nome":"eba01_06_18_1"}]},{"desenhos":[{"tipo":"img","x":"572.5px","y":"368.35px","width":"370.15px","height":"43.1px","nomeInstancia":"MovieClips/textConvertido_19_0","classe":"textConvertido_19_0","nome":"eba01_06_19_0"},{"tipo":"img","x":"572.5px","y":"288px","width":"361.7px","height":"63.65px","nomeInstancia":"MovieClips/textConvertido_18_0","classe":"textConvertido_18_0","nome":"eba01_06_18_0"},{"tipo":"img","x":"96.7px","y":"316.55px","width":"428.05px","height":"132.4px","nomeInstancia":"MovieClips/transicao_18_1","classe":"transicao_18_1","nome":"eba01_06_18_1"}]},{"desenhos":[{"tipo":"img","x":"572.5px","y":"428.15px","width":"321.85px","height":"43.1px","nomeInstancia":"MovieClips/textConvertido_20_0","classe":"textConvertido_20_0","nome":"eba01_06_20_0"},{"tipo":"img","x":"572.5px","y":"368.35px","width":"370.15px","height":"43.1px","nomeInstancia":"MovieClips/textConvertido_19_0","classe":"textConvertido_19_0","nome":"eba01_06_19_0"},{"tipo":"img","x":"572.5px","y":"288px","width":"361.7px","height":"63.65px","nomeInstancia":"MovieClips/textConvertido_18_0","classe":"textConvertido_18_0","nome":"eba01_06_18_0"},{"tipo":"img","x":"96.7px","y":"316.55px","width":"428.05px","height":"132.4px","nomeInstancia":"MovieClips/transicao_18_1","classe":"transicao_18_1","nome":"eba01_06_18_1"}]},{"desenhos":[{"tipo":"img","x":"226.75px","y":"343.5px","width":"304.1px","height":"156.4px","nomeInstancia":"MovieClips/hotWord_21","classe":"hotWord_21","nome":"eba01_06_21_0"},{"tipo":"img","x":"187.55px","y":"286.25px","width":"418.95px","height":"131px","nomeInstancia":"MovieClips/transicao_21_1","classe":"transicao_21_1","nome":"eba01_06_21_1"},{"tipo":"img","x":"395.7px","y":"153.25px","width":"224.65px","height":"56.3px","nomeInstancia":"MovieClips/transicao_21_3","classe":"transicao_21_3","nome":"eba01_06_21_2"},{"nome":"eba01_06_21_3","tipo":"personagem","x":"0px","y":"0px","width":"1016px","height":"659px","nomeInstancia":"MovieClips/animaP21","classe":"animaP21"}]},{"desenhos":[{"tipo":"img","x":"226.75px","y":"343.5px","width":"304.1px","height":"156.4px","nomeInstancia":"MovieClips/hotWord_21","classe":"hotWord_21","nome":"eba01_06_21_0"},{"tipo":"img","x":"198.95px","y":"413.65px","width":"355.75px","height":"116px","nomeInstancia":"MovieClips/transicao_22_1","classe":"transicao_22_1","nome":"eba01_06_22_1"},{"tipo":"img","x":"187.55px","y":"286.25px","width":"418.95px","height":"131px","nomeInstancia":"MovieClips/transicao_21_1","classe":"transicao_21_1","nome":"eba01_06_21_1"},{"tipo":"img","x":"395.7px","y":"153.25px","width":"224.65px","height":"56.3px","nomeInstancia":"MovieClips/transicao_21_3","classe":"transicao_21_3","nome":"eba01_06_21_2"},{"nome":"eba01_06_21_3","tipo":"personagem","x":"0px","y":"0px","width":"1016px","height":"659px","nomeInstancia":"MovieClips/animaP21","classe":"animaP21"}]},{"desenhos":[{"tipo":"img","x":"518.1px","y":"306.15px","width":"361.7px","height":"43.1px","nomeInstancia":"MovieClips/textConvertido_23_0","classe":"textConvertido_23_0","nome":"eba01_06_23_0"},{"tipo":"img","x":"199.55px","y":"275.95px","width":"250.15px","height":"201.25px","nomeInstancia":"MovieClips/transicao_23_1","classe":"transicao_23_1","nome":"eba01_06_23_1"}]},{"desenhos":[{"tipo":"img","x":"68.05px","y":"191.1px","width":"664.05px","height":"381.6px","nomeInstancia":"MovieClips/telaInfo24","classe":"telaInfo24","nome":"eba01_06_24_0"},{"tipo":"img","x":"518.1px","y":"371.95px","width":"370.15px","height":"63.65px","nomeInstancia":"MovieClips/textConvertido_24_1","classe":"textConvertido_24_1","nome":"eba01_06_24_1"},{"tipo":"img","x":"518.1px","y":"306.15px","width":"361.7px","height":"43.1px","nomeInstancia":"MovieClips/textConvertido_23_0","classe":"textConvertido_23_0","nome":"eba01_06_23_0"},{"tipo":"img","x":"199.55px","y":"275.95px","width":"250.15px","height":"201.25px","nomeInstancia":"MovieClips/transicao_23_1","classe":"transicao_23_1","nome":"eba01_06_23_1"}]},{"desenhos":[{"tipo":"img","x":"108.35px","y":"318.25px","width":"361.7px","height":"43.1px","nomeInstancia":"MovieClips/textConvertido_25_0","classe":"textConvertido_25_0","nome":"eba01_06_25_0"},{"tipo":"img","x":"574.5px","y":"263.6px","width":"312.8px","height":"269.5px","nomeInstancia":"MovieClips/transicao_25_1","classe":"transicao_25_1","nome":"eba01_06_25_1"}]},{"desenhos":[{"tipo":"img","x":"108.35px","y":"384.05px","width":"370.15px","height":"63.65px","nomeInstancia":"MovieClips/textConvertido_26_0","classe":"textConvertido_26_0","nome":"eba01_06_26_0"},{"tipo":"img","x":"108.35px","y":"318.25px","width":"361.7px","height":"43.1px","nomeInstancia":"MovieClips/textConvertido_25_0","classe":"textConvertido_25_0","nome":"eba01_06_25_0"},{"tipo":"img","x":"574.5px","y":"263.6px","width":"312.8px","height":"269.5px","nomeInstancia":"MovieClips/transicao_25_1","classe":"transicao_25_1","nome":"eba01_06_25_1"}]},{"desenhos":[{"tipo":"img","x":"585.55px","y":"318px","width":"425.05px","height":"262.35px","nomeInstancia":"hotWord_27_b","classe":"hotWord_27_b","nome":"eba01_06_27_0"},{"tipo":"img","x":"585.55px","y":"195.8px","width":"407.8px","height":"118px","nomeInstancia":"MovieClips/hotWord27","classe":"hotWord27","nome":"eba01_06_27_1"},{"tipo":"img","x":"585.55px","y":"273.45px","width":"321.5px","height":"63.65px","nomeInstancia":"MovieClips/textConvertido_27_2","classe":"textConvertido_27_2","nome":"eba01_06_27_2"},{"tipo":"img","x":"60.6px","y":"317.6px","width":"471.85px","height":"146.2px","nomeInstancia":"MovieClips/transicao_27_3","classe":"transicao_27_3","nome":"eba01_06_27_3"}]},{"desenhos":[{"tipo":"img","x":"585.55px","y":"318px","width":"425.05px","height":"262.35px","nomeInstancia":"hotWord_27_b","classe":"hotWord_27_b","nome":"eba01_06_27_0"},{"tipo":"img","x":"585.55px","y":"195.8px","width":"407.8px","height":"118px","nomeInstancia":"MovieClips/hotWord27","classe":"hotWord27","nome":"eba01_06_27_1"},{"tipo":"img","x":"585.55px","y":"354.7px","width":"346.15px","height":"84.2px","nomeInstancia":"MovieClips/textConvertido_28_2","classe":"textConvertido_28_2","nome":"eba01_06_28_2"},{"tipo":"img","x":"585.55px","y":"273.45px","width":"321.5px","height":"63.65px","nomeInstancia":"MovieClips/textConvertido_27_2","classe":"textConvertido_27_2","nome":"eba01_06_27_2"},{"tipo":"img","x":"60.6px","y":"317.6px","width":"471.85px","height":"146.2px","nomeInstancia":"MovieClips/transicao_27_3","classe":"transicao_27_3","nome":"eba01_06_27_3"}]},{"desenhos":[{"tipo":"img","x":"585.55px","y":"318px","width":"425.05px","height":"262.35px","nomeInstancia":"hotWord_27_b","classe":"hotWord_27_b","nome":"eba01_06_27_0"},{"tipo":"img","x":"585.55px","y":"195.8px","width":"407.8px","height":"118px","nomeInstancia":"MovieClips/hotWord27","classe":"hotWord27","nome":"eba01_06_27_1"},{"tipo":"img","x":"585.55px","y":"456.5px","width":"346.15px","height":"43.1px","nomeInstancia":"MovieClips/textConvertido_29_2","classe":"textConvertido_29_2","nome":"eba01_06_29_2"},{"tipo":"img","x":"585.55px","y":"354.7px","width":"346.15px","height":"84.2px","nomeInstancia":"MovieClips/textConvertido_28_2","classe":"textConvertido_28_2","nome":"eba01_06_28_2"},{"tipo":"img","x":"585.55px","y":"273.45px","width":"321.5px","height":"63.65px","nomeInstancia":"MovieClips/textConvertido_27_2","classe":"textConvertido_27_2","nome":"eba01_06_27_2"},{"tipo":"img","x":"60.6px","y":"317.6px","width":"471.85px","height":"146.2px","nomeInstancia":"MovieClips/transicao_27_3","classe":"transicao_27_3","nome":"eba01_06_27_3"}]},{"desenhos":[{"tipo":"img","x":"234.6px","y":"193.55px","width":"357.35px","height":"93.35px","nomeInstancia":"MovieClips/transicao_30_0","classe":"transicao_30_0","nome":"eba01_06_30_0"},{"nome":"eba01_06_30_1","tipo":"personagem","x":"0px","y":"0px","width":"1016px","height":"659px","nomeInstancia":"MovieClips/animaP30","classe":"animaP30"}]},{"desenhos":[{"tipo":"img","x":"191.15px","y":"281.05px","width":"355.75px","height":"144.7px","nomeInstancia":"MovieClips/transicao_31_0","classe":"transicao_31_0","nome":"eba01_06_31_0"},{"tipo":"img","x":"234.6px","y":"193.55px","width":"357.35px","height":"93.35px","nomeInstancia":"MovieClips/transicao_30_0","classe":"transicao_30_0","nome":"eba01_06_30_0"},{"nome":"eba01_06_30_1","tipo":"personagem","x":"0px","y":"0px","width":"1016px","height":"659px","nomeInstancia":"MovieClips/animaP30","classe":"animaP30"}]},{"desenhos":[{"tipo":"img","x":"152.25px","y":"242.7px","width":"714.75px","height":"356px","nomeInstancia":"MovieClips/dragDrop_32","classe":"dragDrop_32","nome":"eba01_06_32_0"},{"tipo":"img","x":"392.75px","y":"156.5px","width":"230.5px","height":"78.4px","nomeInstancia":"MovieClips/transicao_32_1","classe":"transicao_32_1","nome":"eba01_06_32_1"}]}]}