{"licao":"eba01_03","topico":"03","telas":[{"desenhos":[{"tipo":"img","x":"420.65px","y":"235.05px","width":"401.1px","height":"76.1px","nomeInstancia":"transicao_1_0","classe":"transicao_1_0","nome":"eba01_03_1_0"},{"nome":"eba01_03_1_1","tipo":"personagem","x":"0px","y":"0px","width":"1016px","height":"659px","nomeInstancia":"animaP1","classe":"animaP1"}]},{"desenhos":[{"tipo":"img","x":"467px","y":"305.2px","width":"355.75px","height":"148.9px","nomeInstancia":"transicao_2_0","classe":"transicao_2_0","nome":"eba01_03_2_0"},{"tipo":"img","x":"420.65px","y":"235.05px","width":"401.1px","height":"76.1px","nomeInstancia":"transicao_1_0","classe":"transicao_1_0","nome":"eba01_03_1_0"},{"nome":"eba01_03_1_1","tipo":"personagem","x":"0px","y":"0px","width":"1016px","height":"659px","nomeInstancia":"animaP1","classe":"animaP1"}]},{"desenhos":[{"tipo":"img","x":"115.15px","y":"320.45px","width":"327.85px","height":"43.1px","nomeInstancia":"textConvertido_3_0","classe":"textConvertido_3_0","nome":"eba01_03_3_0"},{"tipo":"img","x":"556.75px","y":"266.1px","width":"397.1px","height":"232.3px","nomeInstancia":"transicao_3_1","classe":"transicao_3_1","nome":"eba01_03_3_1"}]},{"desenhos":[{"tipo":"img","x":"115.15px","y":"395.3px","width":"324.1px","height":"43.1px","nomeInstancia":"textConvertido_4_0","classe":"textConvertido_4_0","nome":"eba01_03_4_0"},{"tipo":"img","x":"115.15px","y":"320.45px","width":"327.85px","height":"43.1px","nomeInstancia":"textConvertido_3_0","classe":"textConvertido_3_0","nome":"eba01_03_3_0"},{"tipo":"img","x":"556.75px","y":"266.1px","width":"397.1px","height":"232.3px","nomeInstancia":"transicao_3_1","classe":"transicao_3_1","nome":"eba01_03_3_1"}]},{"desenhos":[{"tipo":"img","x":"609.4px","y":"278.15px","width":"348.4px","height":"43.1px","nomeInstancia":"textConvertido_5_0","classe":"textConvertido_5_0","nome":"eba01_03_5_0"},{"tipo":"img","x":"55.05px","y":"297.9px","width":"512.6px","height":"193.35px","nomeInstancia":"transicao_5_1","classe":"transicao_5_1","nome":"eba01_03_5_1"}]},{"desenhos":[{"tipo":"img","x":"609.4px","y":"342.6px","width":"338.35px","height":"63.65px","nomeInstancia":"textConvertido_6_0","classe":"textConvertido_6_0","nome":"eba01_03_6_0"},{"tipo":"img","x":"609.4px","y":"278.15px","width":"348.4px","height":"43.1px","nomeInstancia":"textConvertido_5_0","classe":"textConvertido_5_0","nome":"eba01_03_5_0"},{"tipo":"img","x":"55.05px","y":"297.9px","width":"512.6px","height":"193.35px","nomeInstancia":"transicao_5_1","classe":"transicao_5_1","nome":"eba01_03_5_1"}]},{"desenhos":[{"tipo":"img","x":"609.4px","y":"427.6px","width":"337.35px","height":"63.65px","nomeInstancia":"textConvertido_7_0","classe":"textConvertido_7_0","nome":"eba01_03_7_0"},{"tipo":"img","x":"609.4px","y":"342.6px","width":"338.35px","height":"63.65px","nomeInstancia":"textConvertido_6_0","classe":"textConvertido_6_0","nome":"eba01_03_6_0"},{"tipo":"img","x":"609.4px","y":"278.15px","width":"348.4px","height":"43.1px","nomeInstancia":"textConvertido_5_0","classe":"textConvertido_5_0","nome":"eba01_03_5_0"},{"tipo":"img","x":"55.05px","y":"297.9px","width":"512.6px","height":"193.35px","nomeInstancia":"transicao_5_1","classe":"transicao_5_1","nome":"eba01_03_5_1"}]},{"desenhos":[{"tipo":"img","x":"62.25px","y":"293.25px","width":"301.55px","height":"84.2px","nomeInstancia":"textConvertido_8_0","classe":"textConvertido_8_0","nome":"eba01_03_8_0"},{"tipo":"img","x":"408.45px","y":"250.6px","width":"560.55px","height":"211.35px","nomeInstancia":"transicao_8_1","classe":"transicao_8_1","nome":"eba01_03_8_1"}]},{"desenhos":[{"tipo":"img","x":"283.95px","y":"191.1px","width":"673.5px","height":"391.8px","nomeInstancia":"telaInfo_9","classe":"telaInfo_9","nome":"eba01_03_9_0"},{"tipo":"img","x":"62.25px","y":"403.05px","width":"314.65px","height":"43.1px","nomeInstancia":"textConvertido_9_1","classe":"textConvertido_9_1","nome":"eba01_03_9_1"},{"tipo":"img","x":"62.25px","y":"293.25px","width":"301.55px","height":"84.2px","nomeInstancia":"textConvertido_8_0","classe":"textConvertido_8_0","nome":"eba01_03_8_0"},{"tipo":"img","x":"408.45px","y":"250.6px","width":"560.55px","height":"211.35px","nomeInstancia":"transicao_8_1","classe":"transicao_8_1","nome":"eba01_03_8_1"}]},{"desenhos":[{"tipo":"img","x":"617.45px","y":"343.6px","width":"317.65px","height":"43.1px","nomeInstancia":"textConvertido_10_0","classe":"textConvertido_10_0","nome":"eba01_03_10_0"},{"tipo":"img","x":"621.55px","y":"252.45px","width":"327.9px","height":"54.8px","nomeInstancia":"transicao_10_2","classe":"transicao_10_2","nome":"eba01_03_10_1"},{"tipo":"img","x":"45.25px","y":"258.35px","width":"531.15px","height":"220.4px","nomeInstancia":"transicao_10_1","classe":"transicao_10_1","nome":"eba01_03_10_2"}]},{"desenhos":[{"tipo":"img","x":"617.45px","y":"415.1px","width":"312.6px","height":"63.65px","nomeInstancia":"textConvertido_11_0","classe":"textConvertido_11_0","nome":"eba01_03_11_0"},{"tipo":"img","x":"617.45px","y":"343.6px","width":"317.65px","height":"43.1px","nomeInstancia":"textConvertido_10_0","classe":"textConvertido_10_0","nome":"eba01_03_10_0"},{"tipo":"img","x":"621.55px","y":"252.45px","width":"327.9px","height":"54.8px","nomeInstancia":"transicao_10_2","classe":"transicao_10_2","nome":"eba01_03_10_1"},{"tipo":"img","x":"45.25px","y":"258.35px","width":"531.15px","height":"220.4px","nomeInstancia":"transicao_10_1","classe":"transicao_10_1","nome":"eba01_03_10_2"}]},{"desenhos":[{"tipo":"img","x":"92.45px","y":"179.75px","width":"440.65px","height":"186.95px","nomeInstancia":"hotWord_12","classe":"hotWord_12","nome":"eba01_03_12_0"},{"tipo":"img","x":"92.45px","y":"281.05px","width":"312.6px","height":"84.2px","nomeInstancia":"textConvertido_12_1","classe":"textConvertido_12_1","nome":"eba01_03_12_1"},{"tipo":"img","x":"445.45px","y":"183.85px","width":"494.6px","height":"367px","nomeInstancia":"transicao_12_2","classe":"transicao_12_2","nome":"eba01_03_12_2"}]},{"desenhos":[{"tipo":"img","x":"92.45px","y":"179.75px","width":"440.65px","height":"186.95px","nomeInstancia":"hotWord_12","classe":"hotWord_12","nome":"eba01_03_12_0"},{"tipo":"img","x":"92.45px","y":"385.85px","width":"312.6px","height":"43.1px","nomeInstancia":"textConvertido_13_1","classe":"textConvertido_13_1","nome":"eba01_03_13_1"},{"tipo":"img","x":"92.45px","y":"281.05px","width":"312.6px","height":"84.2px","nomeInstancia":"textConvertido_12_1","classe":"textConvertido_12_1","nome":"eba01_03_12_1"},{"tipo":"img","x":"445.45px","y":"183.85px","width":"494.6px","height":"367px","nomeInstancia":"transicao_12_2","classe":"transicao_12_2","nome":"eba01_03_12_2"}]},{"desenhos":[{"tipo":"img","x":"443.2px","y":"169.3px","width":"370px","height":"76.1px","nomeInstancia":"transicao_14_0","classe":"transicao_14_0","nome":"eba01_03_14_0"},{"nome":"eba01_03_14_1","tipo":"personagem","x":"0px","y":"0px","width":"1016px","height":"659px","nomeInstancia":"animaP14","classe":"animaP14"}]},{"desenhos":[{"tipo":"img","x":"489.6px","y":"239.5px","width":"355.75px","height":"111.25px","nomeInstancia":"transicao_15_0","classe":"transicao_15_0","nome":"eba01_03_15_0"},{"tipo":"img","x":"443.2px","y":"169.3px","width":"370px","height":"76.1px","nomeInstancia":"transicao_14_0","classe":"transicao_14_0","nome":"eba01_03_14_0"},{"nome":"eba01_03_14_1","tipo":"personagem","x":"0px","y":"0px","width":"1016px","height":"659px","nomeInstancia":"animaP14","classe":"animaP14"}]},{"desenhos":[{"tipo":"img","x":"256.9px","y":"271.3px","width":"374.55px","height":"88.75px","nomeInstancia":"transicao_16_0","classe":"transicao_16_0","nome":"eba01_03_16_0"},{"nome":"eba01_03_16_1","tipo":"personagem","x":"0px","y":"0px","width":"1016px","height":"659px","nomeInstancia":"animaP16","classe":"animaP16"}]},{"desenhos":[{"tipo":"img","x":"291.2px","y":"355.3px","width":"288.9px","height":"79.55px","nomeInstancia":"transicao_17_0","classe":"transicao_17_0","nome":"eba01_03_17_0"},{"tipo":"img","x":"256.9px","y":"271.3px","width":"374.55px","height":"88.75px","nomeInstancia":"transicao_16_0","classe":"transicao_16_0","nome":"eba01_03_16_0"},{"nome":"eba01_03_16_1","tipo":"personagem","x":"0px","y":"0px","width":"1016px","height":"659px","nomeInstancia":"animaP16","classe":"animaP16"}]},{"desenhos":[{"tipo":"img","x":"171.85px","y":"429.85px","width":"409.7px","height":"101.4px","nomeInstancia":"transicao_18_0","classe":"transicao_18_0","nome":"eba01_03_18_0"},{"tipo":"img","x":"291.2px","y":"355.3px","width":"288.9px","height":"79.55px","nomeInstancia":"transicao_17_0","classe":"transicao_17_0","nome":"eba01_03_17_0"},{"tipo":"img","x":"256.9px","y":"271.3px","width":"374.55px","height":"88.75px","nomeInstancia":"transicao_16_0","classe":"transicao_16_0","nome":"eba01_03_16_0"},{"nome":"eba01_03_16_1","tipo":"personagem","x":"0px","y":"0px","width":"1016px","height":"659px","nomeInstancia":"animaP16","classe":"animaP16"}]},{"desenhos":[{"tipo":"img","x":"575.05px","y":"266.15px","width":"312.6px","height":"63.65px","nomeInstancia":"textConvertido_19_0","classe":"textConvertido_19_0","nome":"eba01_03_19_0"},{"tipo":"img","x":"92.15px","y":"284.05px","width":"419.3px","height":"220.4px","nomeInstancia":"transicao_19_1","classe":"transicao_19_1","nome":"eba01_03_19_1"}]},{"desenhos":[{"tipo":"img","x":"575.05px","y":"343.2px","width":"312.6px","height":"63.65px","nomeInstancia":"textConvertido_20_0","classe":"textConvertido_20_0","nome":"eba01_03_20_0"},{"tipo":"img","x":"575.05px","y":"266.15px","width":"312.6px","height":"63.65px","nomeInstancia":"textConvertido_19_0","classe":"textConvertido_19_0","nome":"eba01_03_19_0"},{"tipo":"img","x":"92.15px","y":"284.05px","width":"419.3px","height":"220.4px","nomeInstancia":"transicao_19_1","classe":"transicao_19_1","nome":"eba01_03_19_1"}]},{"desenhos":[{"tipo":"img","x":"575.05px","y":"420.25px","width":"320.7px","height":"84.2px","nomeInstancia":"textConvertido_21_0","classe":"textConvertido_21_0","nome":"eba01_03_21_0"},{"tipo":"img","x":"575.05px","y":"343.2px","width":"312.6px","height":"63.65px","nomeInstancia":"textConvertido_20_0","classe":"textConvertido_20_0","nome":"eba01_03_20_0"},{"tipo":"img","x":"575.05px","y":"266.15px","width":"312.6px","height":"63.65px","nomeInstancia":"textConvertido_19_0","classe":"textConvertido_19_0","nome":"eba01_03_19_0"},{"tipo":"img","x":"92.15px","y":"284.05px","width":"419.3px","height":"220.4px","nomeInstancia":"transicao_19_1","classe":"transicao_19_1","nome":"eba01_03_19_1"}]},{"desenhos":[{"tipo":"img","x":"199.45px","y":"192.1px","width":"374.55px","height":"50.65px","nomeInstancia":"transicao_22_0","classe":"transicao_22_0","nome":"eba01_03_22_0"},{"nome":"eba01_03_22_1","tipo":"personagem","x":"0px","y":"0px","width":"1016px","height":"659px","nomeInstancia":"animaP23","classe":"animaP23"}]},{"desenhos":[{"tipo":"img","x":"302.85px","y":"238.4px","width":"193.15px","height":"79.55px","nomeInstancia":"transicao_23_0","classe":"transicao_23_0","nome":"eba01_03_23_0"},{"tipo":"img","x":"199.45px","y":"192.1px","width":"374.55px","height":"50.65px","nomeInstancia":"transicao_22_0","classe":"transicao_22_0","nome":"eba01_03_22_0"},{"nome":"eba01_03_22_1","tipo":"personagem","x":"0px","y":"0px","width":"1016px","height":"659px","nomeInstancia":"animaP23","classe":"animaP23"}]},{"desenhos":[{"tipo":"img","x":"400.85px","y":"239px","width":"233.95px","height":"50.65px","nomeInstancia":"transicao_24_0","classe":"transicao_24_0","nome":"eba01_03_24_0"},{"nome":"eba01_03_24_1","tipo":"personagem","x":"0px","y":"0px","width":"1016px","height":"659px","nomeInstancia":"animaP24","classe":"animaP24"}]},{"desenhos":[{"tipo":"img","x":"449.6px","y":"284.7px","width":"385.75px","height":"99.35px","nomeInstancia":"transicao_25_0","classe":"transicao_25_0","nome":"eba01_03_25_0"},{"tipo":"img","x":"400.85px","y":"239px","width":"233.95px","height":"50.65px","nomeInstancia":"transicao_24_0","classe":"transicao_24_0","nome":"eba01_03_24_0"},{"nome":"eba01_03_24_1","tipo":"personagem","x":"0px","y":"0px","width":"1016px","height":"659px","nomeInstancia":"animaP24","classe":"animaP24"}]},{"desenhos":[{"tipo":"img","x":"449.6px","y":"378.85px","width":"385.75px","height":"99.9px","nomeInstancia":"transicao_26_0","classe":"transicao_26_0","nome":"eba01_03_26_0"},{"tipo":"img","x":"449.6px","y":"284.7px","width":"385.75px","height":"99.35px","nomeInstancia":"transicao_25_0","classe":"transicao_25_0","nome":"eba01_03_25_0"},{"tipo":"img","x":"400.85px","y":"239px","width":"233.95px","height":"50.65px","nomeInstancia":"transicao_24_0","classe":"transicao_24_0","nome":"eba01_03_24_0"},{"nome":"eba01_03_24_1","tipo":"personagem","x":"0px","y":"0px","width":"1016px","height":"659px","nomeInstancia":"animaP24","classe":"animaP24"}]},{"desenhos":[{"tipo":"img","x":"176.45px","y":"306.3px","width":"492.9px","height":"262.85px","nomeInstancia":"opcoes_subscripts_27","classe":"opcoes_subscripts_27","nome":"eba01_03_27_0"},{"tipo":"img","x":"176.45px","y":"310px","width":"659.25px","height":"166.4px","nomeInstancia":"textConvertido_27_1","classe":"textConvertido_27_1","nome":"eba01_03_27_1"},{"tipo":"img","x":"392.75px","y":"187.75px","width":"230.5px","height":"78.4px","nomeInstancia":"transicao_27_4","classe":"transicao_27_4","nome":"eba01_03_27_2"},{"tipo":"img","x":"180.1px","y":"339.6px","width":"16.1px","height":"28.15px","nomeInstancia":"textConvertido_27_3","classe":"textConvertido_27_3","nome":"eba01_03_27_3"},{"tipo":"img","x":"223.85px","y":"339.6px","width":"14.6px","height":"28.15px","nomeInstancia":"textConvertido_27_2","classe":"textConvertido_27_2","nome":"eba01_03_27_4"}]}]}