{"licao":"eba01_00","topico":"00","telas":[{"desenhos":[{"tipo":"img","x":"434.6px","y":"175.95px","width":"398.8px","height":"88.9px","nomeInstancia":"transicao_1_0","classe":"transicao_1_0","nome":"eba01_00_1_0"},{"nome":"eba01_00_1_1","tipo":"personagem","x":"0px","y":"0px","width":"1016px","height":"659px","nomeInstancia":"animaP1","classe":"animaP1"}]},{"desenhos":[{"tipo":"img","x":"480.55px","y":"260.15px","width":"313.35px","height":"90.7px","nomeInstancia":"transicao_2_0","classe":"transicao_2_0","nome":"eba01_00_2_0"},{"tipo":"img","x":"434.6px","y":"175.95px","width":"398.8px","height":"88.9px","nomeInstancia":"transicao_1_0","classe":"transicao_1_0","nome":"eba01_00_1_0"},{"nome":"eba01_00_1_1","tipo":"personagem","x":"0px","y":"0px","width":"1016px","height":"659px","nomeInstancia":"animaP1","classe":"animaP1"}]},{"desenhos":[{"tipo":"img","x":"480.55px","y":"344.85px","width":"355.75px","height":"125.65px","nomeInstancia":"transicao_3_0","classe":"transicao_3_0","nome":"eba01_00_3_0"},{"tipo":"img","x":"480.55px","y":"260.15px","width":"313.35px","height":"90.7px","nomeInstancia":"transicao_2_0","classe":"transicao_2_0","nome":"eba01_00_2_0"},{"tipo":"img","x":"434.6px","y":"175.95px","width":"398.8px","height":"88.9px","nomeInstancia":"transicao_1_0","classe":"transicao_1_0","nome":"eba01_00_1_0"},{"nome":"eba01_00_1_1","tipo":"personagem","x":"0px","y":"0px","width":"1016px","height":"659px","nomeInstancia":"animaP1","classe":"animaP1"}]},{"desenhos":[{"tipo":"img","x":"183.8px","y":"193.85px","width":"461.35px","height":"70.65px","nomeInstancia":"transicao_4_0","classe":"transicao_4_0","nome":"eba01_00_4_0"},{"nome":"eba01_00_4_1","tipo":"personagem","x":"0px","y":"0px","width":"1016px","height":"659px","nomeInstancia":"animaP4","classe":"animaP4"}]},{"desenhos":[{"tipo":"img","x":"153.7px","y":"260.15px","width":"444.75px","height":"101.85px","nomeInstancia":"transicao_5_0","classe":"transicao_5_0","nome":"eba01_00_5_0"},{"tipo":"img","x":"183.8px","y":"193.85px","width":"461.35px","height":"70.65px","nomeInstancia":"transicao_4_0","classe":"transicao_4_0","nome":"eba01_00_4_0"},{"nome":"eba01_00_4_1","tipo":"personagem","x":"0px","y":"0px","width":"1016px","height":"659px","nomeInstancia":"animaP4","classe":"animaP4"}]},{"desenhos":[{"tipo":"img","x":"210.6px","y":"356.25px","width":"387.85px","height":"106.05px","nomeInstancia":"transicao_6_0","classe":"transicao_6_0","nome":"eba01_00_6_0"},{"tipo":"img","x":"153.7px","y":"260.15px","width":"444.75px","height":"101.85px","nomeInstancia":"transicao_5_0","classe":"transicao_5_0","nome":"eba01_00_5_0"},{"tipo":"img","x":"183.8px","y":"193.85px","width":"461.35px","height":"70.65px","nomeInstancia":"transicao_4_0","classe":"transicao_4_0","nome":"eba01_00_4_0"},{"nome":"eba01_00_4_1","tipo":"personagem","x":"0px","y":"0px","width":"1016px","height":"659px","nomeInstancia":"animaP4","classe":"animaP4"}]}]}