{"licao":"eli07_00","topico":"00","telas":[{"desenhos":[{"tipo":"img","x":"133.35px","y":"158.1px","width":"513.9px","height":"171.95px","nomeInstancia":"MovieClips/transicao_1_0","classe":"transicao_1_0","nome":"eli07_00_1_0"},{"nome":"eli07_00_1_1","tipo":"personagem","x":"0px","y":"0px","width":"1016px","height":"659px","nomeInstancia":"MovieClips/animaP01","classe":"animaP01"}]},{"desenhos":[{"tipo":"img","x":"154px","y":"323.15px","width":"445.45px","height":"128.95px","nomeInstancia":"MovieClips/transicao_2_0","classe":"transicao_2_0","nome":"eli07_00_2_0"},{"tipo":"img","x":"133.35px","y":"158.1px","width":"513.9px","height":"171.95px","nomeInstancia":"MovieClips/transicao_1_0","classe":"transicao_1_0","nome":"eli07_00_1_0"},{"nome":"eli07_00_1_1","tipo":"personagem","x":"0px","y":"0px","width":"1016px","height":"659px","nomeInstancia":"MovieClips/animaP01","classe":"animaP01"}]},{"desenhos":[{"tipo":"img","x":"254.6px","y":"446.85px","width":"344.85px","height":"75.4px","nomeInstancia":"MovieClips/transicao_3_0","classe":"transicao_3_0","nome":"eli07_00_3_0"},{"tipo":"img","x":"154px","y":"323.15px","width":"445.45px","height":"128.95px","nomeInstancia":"MovieClips/transicao_2_0","classe":"transicao_2_0","nome":"eli07_00_2_0"},{"tipo":"img","x":"133.35px","y":"158.1px","width":"513.9px","height":"171.95px","nomeInstancia":"MovieClips/transicao_1_0","classe":"transicao_1_0","nome":"eli07_00_1_0"},{"nome":"eli07_00_1_1","tipo":"personagem","x":"0px","y":"0px","width":"1016px","height":"659px","nomeInstancia":"MovieClips/animaP01","classe":"animaP01"}]}]}