{"licao":"eli07_02","topico":"02","telas":[{"desenhos":[{"tipo":"img","x":"103.75px","y":"282.35px","width":"343.75px","height":"84.2px","nomeInstancia":"MovieClips/textConvertido_1_0","classe":"textConvertido_1_0","nome":"eli07_02_1_0"},{"tipo":"img","x":"573.95px","y":"334.05px","width":"332px","height":"52.4px","nomeInstancia":"MovieClips/transicao_1_1","classe":"transicao_1_1","nome":"eli07_02_1_1"}]},{"desenhos":[{"tipo":"img","x":"248.65px","y":"213.95px","width":"611.8px","height":"330.2px","nomeInstancia":"MovieClips/telaInfo02","classe":"telaInfo02","nome":"eli07_02_2_0"},{"tipo":"img","x":"103.75px","y":"391.95px","width":"375.55px","height":"84.2px","nomeInstancia":"MovieClips/textConvertido_2_1","classe":"textConvertido_2_1","nome":"eli07_02_2_1"},{"tipo":"img","x":"103.75px","y":"282.35px","width":"343.75px","height":"84.2px","nomeInstancia":"MovieClips/textConvertido_1_0","classe":"textConvertido_1_0","nome":"eli07_02_1_0"},{"tipo":"img","x":"573.95px","y":"334.05px","width":"332px","height":"52.4px","nomeInstancia":"MovieClips/transicao_1_1","classe":"transicao_1_1","nome":"eli07_02_1_1"}]},{"desenhos":[{"tipo":"img","x":"500px","y":"252.55px","width":"456.45px","height":"43.1px","nomeInstancia":"MovieClips/textConvertido_3_0","classe":"textConvertido_3_0","nome":"eli07_02_3_0"},{"tipo":"img","x":"128.45px","y":"189.55px","width":"287.4px","height":"354px","nomeInstancia":"MovieClips/transicao_3_1","classe":"transicao_3_1","nome":"eli07_02_3_1"}]},{"desenhos":[{"tipo":"img","x":"500px","y":"320.55px","width":"451.35px","height":"84.2px","nomeInstancia":"MovieClips/textConvertido_4_0","classe":"textConvertido_4_0","nome":"eli07_02_4_0"},{"tipo":"img","x":"500px","y":"252.55px","width":"456.45px","height":"43.1px","nomeInstancia":"MovieClips/textConvertido_3_0","classe":"textConvertido_3_0","nome":"eli07_02_3_0"},{"tipo":"img","x":"128.45px","y":"189.55px","width":"287.4px","height":"354px","nomeInstancia":"MovieClips/transicao_3_1","classe":"transicao_3_1","nome":"eli07_02_3_1"}]},{"desenhos":[{"tipo":"img","x":"500px","y":"429.65px","width":"426px","height":"43.1px","nomeInstancia":"MovieClips/textConvertido_5_0","classe":"textConvertido_5_0","nome":"eli07_02_5_0"},{"tipo":"img","x":"500px","y":"320.55px","width":"451.35px","height":"84.2px","nomeInstancia":"MovieClips/textConvertido_4_0","classe":"textConvertido_4_0","nome":"eli07_02_4_0"},{"tipo":"img","x":"500px","y":"252.55px","width":"456.45px","height":"43.1px","nomeInstancia":"MovieClips/textConvertido_3_0","classe":"textConvertido_3_0","nome":"eli07_02_3_0"},{"tipo":"img","x":"128.45px","y":"189.55px","width":"287.4px","height":"354px","nomeInstancia":"MovieClips/transicao_3_1","classe":"transicao_3_1","nome":"eli07_02_3_1"}]},{"desenhos":[{"tipo":"img","x":"69.85px","y":"266.8px","width":"426px","height":"186.95px","nomeInstancia":"MovieClips/textConvertido_6_0","classe":"textConvertido_6_0","nome":"eli07_02_6_0"},{"tipo":"img","x":"520.8px","y":"155.35px","width":"438.25px","height":"409.8px","nomeInstancia":"MovieClips/transicao_6_1","classe":"transicao_6_1","nome":"eli07_02_6_1"}]},{"desenhos":[{"tipo":"img","x":"500px","y":"265.95px","width":"457.5px","height":"104.75px","nomeInstancia":"MovieClips/textConvertido_7_0","classe":"textConvertido_7_0","nome":"eli07_02_7_0"},{"tipo":"img","x":"97.7px","y":"241.95px","width":"316.95px","height":"293.15px","nomeInstancia":"MovieClips/transicao_7_1","classe":"transicao_7_1","nome":"eli07_02_7_1"}]},{"desenhos":[{"tipo":"img","x":"195.95px","y":"213.95px","width":"677.5px","height":"328.2px","nomeInstancia":"MovieClips/telaInfo08","classe":"telaInfo08","nome":"eli07_02_8_0"},{"tipo":"img","x":"500px","y":"387.9px","width":"426px","height":"63.65px","nomeInstancia":"MovieClips/textConvertido_8_1","classe":"textConvertido_8_1","nome":"eli07_02_8_1"},{"tipo":"img","x":"500px","y":"265.95px","width":"457.5px","height":"104.75px","nomeInstancia":"MovieClips/textConvertido_7_0","classe":"textConvertido_7_0","nome":"eli07_02_7_0"},{"tipo":"img","x":"97.7px","y":"241.95px","width":"316.95px","height":"293.15px","nomeInstancia":"MovieClips/transicao_7_1","classe":"transicao_7_1","nome":"eli07_02_7_1"}]},{"desenhos":[{"tipo":"img","x":"76px","y":"240.25px","width":"418.65px","height":"104.75px","nomeInstancia":"MovieClips/textConvertido_9_0","classe":"textConvertido_9_0","nome":"eli07_02_9_0"},{"tipo":"img","x":"569.95px","y":"170.45px","width":"347.7px","height":"381.8px","nomeInstancia":"MovieClips/transicao_9_1","classe":"transicao_9_1","nome":"eli07_02_9_1"}]},{"desenhos":[{"tipo":"img","x":"76px","y":"361.15px","width":"397.1px","height":"63.65px","nomeInstancia":"MovieClips/textConvertido_10_0","classe":"textConvertido_10_0","nome":"eli07_02_10_0"},{"tipo":"img","x":"76px","y":"240.25px","width":"418.65px","height":"104.75px","nomeInstancia":"MovieClips/textConvertido_9_0","classe":"textConvertido_9_0","nome":"eli07_02_9_0"},{"tipo":"img","x":"569.95px","y":"170.45px","width":"347.7px","height":"381.8px","nomeInstancia":"MovieClips/transicao_9_1","classe":"transicao_9_1","nome":"eli07_02_9_1"}]},{"desenhos":[{"tipo":"img","x":"76px","y":"440.95px","width":"391.95px","height":"43.1px","nomeInstancia":"MovieClips/textConvertido_11_0","classe":"textConvertido_11_0","nome":"eli07_02_11_0"},{"tipo":"img","x":"76px","y":"361.15px","width":"397.1px","height":"63.65px","nomeInstancia":"MovieClips/textConvertido_10_0","classe":"textConvertido_10_0","nome":"eli07_02_10_0"},{"tipo":"img","x":"76px","y":"240.25px","width":"418.65px","height":"104.75px","nomeInstancia":"MovieClips/textConvertido_9_0","classe":"textConvertido_9_0","nome":"eli07_02_9_0"},{"tipo":"img","x":"569.95px","y":"170.45px","width":"347.7px","height":"381.8px","nomeInstancia":"MovieClips/transicao_9_1","classe":"transicao_9_1","nome":"eli07_02_9_1"}]},{"desenhos":[{"tipo":"img","x":"500px","y":"245.4px","width":"426px","height":"63.65px","nomeInstancia":"MovieClips/textConvertido_12_0","classe":"textConvertido_12_0","nome":"eli07_02_12_0"},{"tipo":"img","x":"69.3px","y":"202.15px","width":"362.25px","height":"316.25px","nomeInstancia":"MovieClips/transicao_12_1","classe":"transicao_12_1","nome":"eli07_02_12_1"}]},{"desenhos":[{"tipo":"img","x":"500px","y":"326.2px","width":"389.75px","height":"63.65px","nomeInstancia":"MovieClips/textConvertido_13_0","classe":"textConvertido_13_0","nome":"eli07_02_13_0"},{"tipo":"img","x":"500px","y":"245.4px","width":"426px","height":"63.65px","nomeInstancia":"MovieClips/textConvertido_12_0","classe":"textConvertido_12_0","nome":"eli07_02_12_0"},{"tipo":"img","x":"69.3px","y":"202.15px","width":"362.25px","height":"316.25px","nomeInstancia":"MovieClips/transicao_12_1","classe":"transicao_12_1","nome":"eli07_02_12_1"}]},{"desenhos":[{"tipo":"img","x":"500px","y":"407px","width":"426px","height":"84.2px","nomeInstancia":"MovieClips/textConvertido_14_0","classe":"textConvertido_14_0","nome":"eli07_02_14_0"},{"tipo":"img","x":"500px","y":"326.2px","width":"389.75px","height":"63.65px","nomeInstancia":"MovieClips/textConvertido_13_0","classe":"textConvertido_13_0","nome":"eli07_02_13_0"},{"tipo":"img","x":"500px","y":"245.4px","width":"426px","height":"63.65px","nomeInstancia":"MovieClips/textConvertido_12_0","classe":"textConvertido_12_0","nome":"eli07_02_12_0"},{"tipo":"img","x":"69.3px","y":"202.15px","width":"362.25px","height":"316.25px","nomeInstancia":"MovieClips/transicao_12_1","classe":"transicao_12_1","nome":"eli07_02_12_1"}]},{"desenhos":[{"tipo":"img","x":"118.1px","y":"301.9px","width":"401.2px","height":"84.2px","nomeInstancia":"MovieClips/textConvertido_15_0","classe":"textConvertido_15_0","nome":"eli07_02_15_0"},{"tipo":"img","x":"611.15px","y":"228.8px","width":"261.8px","height":"261.9px","nomeInstancia":"MovieClips/transicao_15_1","classe":"transicao_15_1","nome":"eli07_02_15_1"}]},{"desenhos":[{"tipo":"img","x":"118.1px","y":"402.25px","width":"426px","height":"43.1px","nomeInstancia":"MovieClips/textConvertido_16_0","classe":"textConvertido_16_0","nome":"eli07_02_16_0"},{"tipo":"img","x":"118.1px","y":"301.9px","width":"401.2px","height":"84.2px","nomeInstancia":"MovieClips/textConvertido_15_0","classe":"textConvertido_15_0","nome":"eli07_02_15_0"},{"tipo":"img","x":"611.15px","y":"228.8px","width":"261.8px","height":"261.9px","nomeInstancia":"MovieClips/transicao_15_1","classe":"transicao_15_1","nome":"eli07_02_15_1"}]},{"desenhos":[{"tipo":"img","x":"80.2px","y":"216.9px","width":"882.2px","height":"350.6px","nomeInstancia":"MovieClips/opcoes17","classe":"opcoes17","nome":"eli07_02_17_0"},{"tipo":"img","x":"80.2px","y":"246.6px","width":"746.1px","height":"269.15px","nomeInstancia":"MovieClips/textConvertido_17_2","classe":"textConvertido_17_2","nome":"eli07_02_17_1"},{"tipo":"img","x":"80.2px","y":"126.1px","width":"214.45px","height":"91.7px","nomeInstancia":"MovieClips/transicao_17_1","classe":"transicao_17_1","nome":"eli07_02_17_2"}]}]}