{"licao":"eli07_04","topico":"04","telas":[{"desenhos":[{"tipo":"img","x":"124.25px","y":"259.8px","width":"347.85px","height":"63.65px","nomeInstancia":"MovieClips/textConvertido_1_0","classe":"textConvertido_1_0","nome":"eli07_04_1_0"},{"tipo":"img","x":"580px","y":"200.25px","width":"319.9px","height":"320px","nomeInstancia":"MovieClips/transicao_1_1","classe":"transicao_1_1","nome":"eli07_04_1_1"}]},{"desenhos":[{"tipo":"img","x":"124.25px","y":"344.2px","width":"398.15px","height":"63.65px","nomeInstancia":"MovieClips/textConvertido_2_0","classe":"textConvertido_2_0","nome":"eli07_04_2_0"},{"tipo":"img","x":"124.25px","y":"259.8px","width":"347.85px","height":"63.65px","nomeInstancia":"MovieClips/textConvertido_1_0","classe":"textConvertido_1_0","nome":"eli07_04_1_0"},{"tipo":"img","x":"580px","y":"200.25px","width":"319.9px","height":"320px","nomeInstancia":"MovieClips/transicao_1_1","classe":"transicao_1_1","nome":"eli07_04_1_1"}]},{"desenhos":[{"tipo":"img","x":"124.25px","y":"428.6px","width":"340.65px","height":"63.65px","nomeInstancia":"MovieClips/textConvertido_3_0","classe":"textConvertido_3_0","nome":"eli07_04_3_0"},{"tipo":"img","x":"124.25px","y":"344.2px","width":"398.15px","height":"63.65px","nomeInstancia":"MovieClips/textConvertido_2_0","classe":"textConvertido_2_0","nome":"eli07_04_2_0"},{"tipo":"img","x":"124.25px","y":"259.8px","width":"347.85px","height":"63.65px","nomeInstancia":"MovieClips/textConvertido_1_0","classe":"textConvertido_1_0","nome":"eli07_04_1_0"},{"tipo":"img","x":"580px","y":"200.25px","width":"319.9px","height":"320px","nomeInstancia":"MovieClips/transicao_1_1","classe":"transicao_1_1","nome":"eli07_04_1_1"}]},{"desenhos":[{"tipo":"img","x":"194.5px","y":"146.7px","width":"627px","height":"368.6px","nomeInstancia":"MovieClips/destaque_42_1","classe":"destaque_42_1","nome":"eli07_04_4_0"},{"tipo":"img","x":"124.25px","y":"428.6px","width":"340.65px","height":"63.65px","nomeInstancia":"MovieClips/textConvertido_3_0","classe":"textConvertido_3_0","nome":"eli07_04_3_0"},{"tipo":"img","x":"124.25px","y":"344.2px","width":"398.15px","height":"63.65px","nomeInstancia":"MovieClips/textConvertido_2_0","classe":"textConvertido_2_0","nome":"eli07_04_2_0"},{"tipo":"img","x":"124.25px","y":"259.8px","width":"347.85px","height":"63.65px","nomeInstancia":"MovieClips/textConvertido_1_0","classe":"textConvertido_1_0","nome":"eli07_04_1_0"},{"tipo":"img","x":"580px","y":"200.25px","width":"319.9px","height":"320px","nomeInstancia":"MovieClips/transicao_1_1","classe":"transicao_1_1","nome":"eli07_04_1_1"}]},{"desenhos":[{"tipo":"img","x":"386px","y":"212.7px","width":"502.7px","height":"143.2px","nomeInstancia":"MovieClips/transicao_5_0","classe":"transicao_5_0","nome":"eli07_04_5_0"},{"nome":"eli07_04_5_1","tipo":"personagem","x":"0px","y":"0px","width":"1016px","height":"659px","nomeInstancia":"MovieClips/animaP05","classe":"animaP05"}]},{"desenhos":[{"tipo":"img","x":"428.15px","y":"351.85px","width":"457.8px","height":"149.9px","nomeInstancia":"MovieClips/transicao_6_0","classe":"transicao_6_0","nome":"eli07_04_6_0"},{"tipo":"img","x":"386px","y":"212.7px","width":"502.7px","height":"143.2px","nomeInstancia":"MovieClips/transicao_5_0","classe":"transicao_5_0","nome":"eli07_04_5_0"},{"nome":"eli07_04_5_1","tipo":"personagem","x":"0px","y":"0px","width":"1016px","height":"659px","nomeInstancia":"MovieClips/animaP05","classe":"animaP05"}]},{"desenhos":[{"tipo":"img","x":"72.85px","y":"236.2px","width":"298.65px","height":"104.75px","nomeInstancia":"MovieClips/textConvertido_7_0","classe":"textConvertido_7_0","nome":"eli07_04_7_0"},{"tipo":"img","x":"464.15px","y":"241.35px","width":"488px","height":"228.4px","nomeInstancia":"MovieClips/transicao_7_1","classe":"transicao_7_1","nome":"eli07_04_7_1"}]},{"desenhos":[{"tipo":"img","x":"72.85px","y":"351.95px","width":"310.95px","height":"63.65px","nomeInstancia":"MovieClips/textConvertido_8_0","classe":"textConvertido_8_0","nome":"eli07_04_8_0"},{"tipo":"img","x":"72.85px","y":"236.2px","width":"298.65px","height":"104.75px","nomeInstancia":"MovieClips/textConvertido_7_0","classe":"textConvertido_7_0","nome":"eli07_04_7_0"},{"tipo":"img","x":"464.15px","y":"241.35px","width":"488px","height":"228.4px","nomeInstancia":"MovieClips/transicao_7_1","classe":"transicao_7_1","nome":"eli07_04_7_1"}]},{"desenhos":[{"tipo":"img","x":"72.85px","y":"426.6px","width":"314.05px","height":"63.65px","nomeInstancia":"MovieClips/textConvertido_9_0","classe":"textConvertido_9_0","nome":"eli07_04_9_0"},{"tipo":"img","x":"72.85px","y":"351.95px","width":"310.95px","height":"63.65px","nomeInstancia":"MovieClips/textConvertido_8_0","classe":"textConvertido_8_0","nome":"eli07_04_8_0"},{"tipo":"img","x":"72.85px","y":"236.2px","width":"298.65px","height":"104.75px","nomeInstancia":"MovieClips/textConvertido_7_0","classe":"textConvertido_7_0","nome":"eli07_04_7_0"},{"tipo":"img","x":"464.15px","y":"241.35px","width":"488px","height":"228.4px","nomeInstancia":"MovieClips/transicao_7_1","classe":"transicao_7_1","nome":"eli07_04_7_1"}]},{"desenhos":[{"tipo":"img","x":"579px","y":"337.75px","width":"343.6px","height":"84.2px","nomeInstancia":"MovieClips/textConvertido_10_0","classe":"textConvertido_10_0","nome":"eli07_04_10_0"},{"tipo":"img","x":"46.45px","y":"269.05px","width":"488px","height":"228.4px","nomeInstancia":"MovieClips/transicao_10_1","classe":"transicao_10_1","nome":"eli07_04_10_1"}]},{"desenhos":[{"tipo":"img","x":"99.6px","y":"179.75px","width":"556.15px","height":"131.95px","nomeInstancia":"MovieClips/transicao_11_0","classe":"transicao_11_0","nome":"eli07_04_11_0"},{"nome":"eli07_04_11_1","tipo":"personagem","x":"0px","y":"0px","width":"1016px","height":"659px","nomeInstancia":"MovieClips/animaP11","classe":"animaP11"}]},{"desenhos":[{"tipo":"img","x":"157.05px","y":"307.5px","width":"454.7px","height":"115px","nomeInstancia":"MovieClips/transicao_12_0","classe":"transicao_12_0","nome":"eli07_04_12_0"},{"tipo":"img","x":"99.6px","y":"179.75px","width":"556.15px","height":"131.95px","nomeInstancia":"MovieClips/transicao_11_0","classe":"transicao_11_0","nome":"eli07_04_11_0"},{"nome":"eli07_04_11_1","tipo":"personagem","x":"0px","y":"0px","width":"1016px","height":"659px","nomeInstancia":"MovieClips/animaP11","classe":"animaP11"}]},{"desenhos":[{"tipo":"img","x":"548.2px","y":"260.8px","width":"426px","height":"104.75px","nomeInstancia":"MovieClips/textConvertido_13_0","classe":"textConvertido_13_0","nome":"eli07_04_13_0"},{"tipo":"img","x":"35.1px","y":"251.6px","width":"488px","height":"228.4px","nomeInstancia":"MovieClips/transicao_13_1","classe":"transicao_13_1","nome":"eli07_04_13_1"}]},{"desenhos":[{"tipo":"img","x":"80.95px","y":"162.15px","width":"737.6px","height":"417.1px","nomeInstancia":"MovieClips/telaInfo14","classe":"telaInfo14","nome":"eli07_04_14_0"},{"tipo":"img","x":"548.2px","y":"387.9px","width":"426px","height":"63.65px","nomeInstancia":"MovieClips/textConvertido_14_1","classe":"textConvertido_14_1","nome":"eli07_04_14_1"},{"tipo":"img","x":"548.2px","y":"260.8px","width":"426px","height":"104.75px","nomeInstancia":"MovieClips/textConvertido_13_0","classe":"textConvertido_13_0","nome":"eli07_04_13_0"},{"tipo":"img","x":"35.1px","y":"251.6px","width":"488px","height":"228.4px","nomeInstancia":"MovieClips/transicao_13_1","classe":"transicao_13_1","nome":"eli07_04_13_1"}]},{"desenhos":[{"tipo":"img","x":"94.75px","y":"239.25px","width":"519.25px","height":"121.7px","nomeInstancia":"MovieClips/transicao_15_0","classe":"transicao_15_0","nome":"eli07_04_15_0"},{"nome":"eli07_04_15_1","tipo":"personagem","x":"0px","y":"0px","width":"1016px","height":"659px","nomeInstancia":"MovieClips/animaP15","classe":"animaP15"}]},{"desenhos":[{"tipo":"img","x":"122.45px","y":"357.8px","width":"445.45px","height":"132.45px","nomeInstancia":"MovieClips/transicao_16_0","classe":"transicao_16_0","nome":"eli07_04_16_0"},{"tipo":"img","x":"94.75px","y":"239.25px","width":"519.25px","height":"121.7px","nomeInstancia":"MovieClips/transicao_15_0","classe":"transicao_15_0","nome":"eli07_04_15_0"},{"nome":"eli07_04_15_1","tipo":"personagem","x":"0px","y":"0px","width":"1016px","height":"659px","nomeInstancia":"MovieClips/animaP15","classe":"animaP15"}]},{"desenhos":[{"tipo":"img","x":"158.35px","y":"141.2px","width":"708.85px","height":"63.65px","nomeInstancia":"MovieClips/textConvertido_17_0","classe":"textConvertido_17_0","nome":"eli07_04_17_0"},{"tipo":"img","x":"158.35px","y":"272.35px","width":"691.1px","height":"311.7px","nomeInstancia":"MovieClips/transicao_17_1","classe":"transicao_17_1","nome":"eli07_04_17_1"}]},{"desenhos":[{"tipo":"img","x":"158.35px","y":"217.95px","width":"723.3px","height":"22.55px","nomeInstancia":"MovieClips/textConvertido_18_0","classe":"textConvertido_18_0","nome":"eli07_04_18_0"},{"tipo":"img","x":"158.35px","y":"141.2px","width":"708.85px","height":"63.65px","nomeInstancia":"MovieClips/textConvertido_17_0","classe":"textConvertido_17_0","nome":"eli07_04_17_0"},{"tipo":"img","x":"158.35px","y":"272.35px","width":"691.1px","height":"311.7px","nomeInstancia":"MovieClips/transicao_17_1","classe":"transicao_17_1","nome":"eli07_04_17_1"}]},{"desenhos":[{"tipo":"img","x":"181.7px","y":"195.15px","width":"652.65px","height":"22.55px","nomeInstancia":"MovieClips/textConvertido_19_0","classe":"textConvertido_19_0","nome":"eli07_04_19_0"},{"tipo":"img","x":"227.3px","y":"265.65px","width":"561.4px","height":"246.4px","nomeInstancia":"MovieClips/transicao_19_1","classe":"transicao_19_1","nome":"eli07_04_19_1"}]},{"desenhos":[{"tipo":"img","x":"234.6px","y":"190px","width":"546.8px","height":"22.55px","nomeInstancia":"MovieClips/textConvertido_20_0","classe":"textConvertido_20_0","nome":"eli07_04_20_0"},{"tipo":"img","x":"261.75px","y":"231.9px","width":"492.5px","height":"315.2px","nomeInstancia":"MovieClips/transicao_20_1","classe":"transicao_20_1","nome":"eli07_04_20_1"}]},{"desenhos":[{"tipo":"img","x":"44.2px","y":"261.85px","width":"290.4px","height":"22.55px","nomeInstancia":"MovieClips/textConvertido_21_1","classe":"textConvertido_21_1","nome":"eli07_04_21_0"},{"tipo":"img","x":"44.2px","y":"309.8px","width":"316.05px","height":"43.1px","nomeInstancia":"MovieClips/textConvertido_21_0","classe":"textConvertido_21_0","nome":"eli07_04_21_1"},{"tipo":"img","x":"390.6px","y":"180.75px","width":"580.7px","height":"359px","nomeInstancia":"MovieClips/transicao_21_2","classe":"transicao_21_2","nome":"eli07_04_21_2"}]},{"desenhos":[{"tipo":"img","x":"44.2px","y":"371.1px","width":"360.15px","height":"84.2px","nomeInstancia":"MovieClips/textConvertido_22_0","classe":"textConvertido_22_0","nome":"eli07_04_22_0"},{"tipo":"img","x":"44.2px","y":"261.85px","width":"290.4px","height":"22.55px","nomeInstancia":"MovieClips/textConvertido_21_1","classe":"textConvertido_21_1","nome":"eli07_04_21_0"},{"tipo":"img","x":"44.2px","y":"309.8px","width":"316.05px","height":"43.1px","nomeInstancia":"MovieClips/textConvertido_21_0","classe":"textConvertido_21_0","nome":"eli07_04_21_1"},{"tipo":"img","x":"390.6px","y":"180.75px","width":"580.7px","height":"359px","nomeInstancia":"MovieClips/transicao_21_2","classe":"transicao_21_2","nome":"eli07_04_21_2"}]},{"desenhos":[{"tipo":"img","x":"80.2px","y":"216.9px","width":"882.2px","height":"350.6px","nomeInstancia":"MovieClips/opcoes23","classe":"opcoes23","nome":"eli07_04_23_0"},{"tipo":"img","x":"80.2px","y":"246.6px","width":"791.1px","height":"207.5px","nomeInstancia":"MovieClips/textConvertido_23_1","classe":"textConvertido_23_1","nome":"eli07_04_23_1"},{"tipo":"img","x":"80.2px","y":"126.1px","width":"214.45px","height":"91.7px","nomeInstancia":"MovieClips/transicao_23_2","classe":"transicao_23_2","nome":"eli07_04_23_2"}]},{"desenhos":[{"tipo":"img","x":"290.45px","y":"164.95px","width":"403.3px","height":"118.6px","nomeInstancia":"MovieClips/transicao_24_0","classe":"transicao_24_0","nome":"eli07_04_24_0"},{"tipo":"img","x":"38.55px","y":"120.3px","width":"190.6px","height":"83.85px","nomeInstancia":"MovieClips/transicao_24_2","classe":"transicao_24_2","nome":"eli07_04_24_1"},{"nome":"eli07_04_24_2","tipo":"personagem","x":"0px","y":"0px","width":"1016px","height":"659px","nomeInstancia":"MovieClips/animaP24","classe":"animaP24"}]},{"desenhos":[{"tipo":"img","x":"242.2px","y":"279.35px","width":"405.95px","height":"111.9px","nomeInstancia":"MovieClips/transicao_25_0","classe":"transicao_25_0","nome":"eli07_04_25_0"},{"tipo":"img","x":"290.45px","y":"164.95px","width":"403.3px","height":"118.6px","nomeInstancia":"MovieClips/transicao_24_0","classe":"transicao_24_0","nome":"eli07_04_24_0"},{"tipo":"img","x":"38.55px","y":"120.3px","width":"190.6px","height":"83.85px","nomeInstancia":"MovieClips/transicao_24_2","classe":"transicao_24_2","nome":"eli07_04_24_1"},{"nome":"eli07_04_24_2","tipo":"personagem","x":"0px","y":"0px","width":"1016px","height":"659px","nomeInstancia":"MovieClips/animaP24","classe":"animaP24"}]},{"desenhos":[{"tipo":"img","x":"272.2px","y":"122.3px","width":"471.6px","height":"475.35px","nomeInstancia":"MovieClips/transicao_26_0","classe":"transicao_26_0","nome":"eli07_04_26_0"}]}]}