{"licao":"eli07_03","topico":"03","telas":[{"desenhos":[{"tipo":"img","x":"76px","y":"244.35px","width":"383.75px","height":"63.65px","nomeInstancia":"MovieClips/textConvertido_1_0","classe":"textConvertido_1_0","nome":"eli07_03_1_0"},{"tipo":"img","x":"573.4px","y":"204.35px","width":"343.4px","height":"347.2px","nomeInstancia":"MovieClips/transicao_1_1","classe":"transicao_1_1","nome":"eli07_03_1_1"}]},{"desenhos":[{"tipo":"img","x":"76px","y":"325.65px","width":"403.25px","height":"84.2px","nomeInstancia":"MovieClips/textConvertido_2_0","classe":"textConvertido_2_0","nome":"eli07_03_2_0"},{"tipo":"img","x":"76px","y":"244.35px","width":"383.75px","height":"63.65px","nomeInstancia":"MovieClips/textConvertido_1_0","classe":"textConvertido_1_0","nome":"eli07_03_1_0"},{"tipo":"img","x":"573.4px","y":"204.35px","width":"343.4px","height":"347.2px","nomeInstancia":"MovieClips/transicao_1_1","classe":"transicao_1_1","nome":"eli07_03_1_1"}]},{"desenhos":[{"tipo":"img","x":"76px","y":"427.5px","width":"394.05px","height":"43.1px","nomeInstancia":"MovieClips/textConvertido_3_0","classe":"textConvertido_3_0","nome":"eli07_03_3_0"},{"tipo":"img","x":"76px","y":"325.65px","width":"403.25px","height":"84.2px","nomeInstancia":"MovieClips/textConvertido_2_0","classe":"textConvertido_2_0","nome":"eli07_03_2_0"},{"tipo":"img","x":"76px","y":"244.35px","width":"383.75px","height":"63.65px","nomeInstancia":"MovieClips/textConvertido_1_0","classe":"textConvertido_1_0","nome":"eli07_03_1_0"},{"tipo":"img","x":"573.4px","y":"204.35px","width":"343.4px","height":"347.2px","nomeInstancia":"MovieClips/transicao_1_1","classe":"transicao_1_1","nome":"eli07_03_1_1"}]},{"desenhos":[{"tipo":"img","x":"525.1px","y":"307px","width":"386.2px","height":"104.75px","nomeInstancia":"MovieClips/textConvertido_4_0","classe":"textConvertido_4_0","nome":"eli07_03_4_0"},{"tipo":"img","x":"106.4px","y":"190.95px","width":"343.4px","height":"347.2px","nomeInstancia":"MovieClips/transicao_4_1","classe":"transicao_4_1","nome":"eli07_03_4_1"}]},{"desenhos":[{"tipo":"img","x":"59.2px","y":"288.5px","width":"332.45px","height":"104.75px","nomeInstancia":"MovieClips/textConvertido_5_0","classe":"textConvertido_5_0","nome":"eli07_03_5_0"},{"tipo":"img","x":"446.05px","y":"238.1px","width":"513.9px","height":"268.45px","nomeInstancia":"MovieClips/transicao_5_1","classe":"transicao_5_1","nome":"eli07_03_5_1"}]},{"desenhos":[{"tipo":"img","x":"154.5px","y":"176.95px","width":"832.7px","height":"412.6px","nomeInstancia":"MovieClips/telaInfo06","classe":"telaInfo06","nome":"eli07_03_6_0"},{"tipo":"img","x":"59.2px","y":"411.45px","width":"371.45px","height":"43.1px","nomeInstancia":"MovieClips/textConvertido_6_1","classe":"textConvertido_6_1","nome":"eli07_03_6_1"},{"tipo":"img","x":"59.2px","y":"288.5px","width":"332.45px","height":"104.75px","nomeInstancia":"MovieClips/textConvertido_5_0","classe":"textConvertido_5_0","nome":"eli07_03_5_0"},{"tipo":"img","x":"446.05px","y":"238.1px","width":"513.9px","height":"268.45px","nomeInstancia":"MovieClips/transicao_5_1","classe":"transicao_5_1","nome":"eli07_03_5_1"}]},{"desenhos":[{"tipo":"img","x":"80.2px","y":"216.9px","width":"882.2px","height":"350.6px","nomeInstancia":"MovieClips/opcoes07","classe":"opcoes07","nome":"eli07_03_7_0"},{"tipo":"img","x":"80.2px","y":"246.6px","width":"746.1px","height":"228.05px","nomeInstancia":"MovieClips/textConvertido_7_1","classe":"textConvertido_7_1","nome":"eli07_03_7_1"},{"tipo":"img","x":"80.2px","y":"126.1px","width":"214.45px","height":"91.7px","nomeInstancia":"MovieClips/transicao_7_2","classe":"transicao_7_2","nome":"eli07_03_7_2"}]},{"desenhos":[{"tipo":"img","x":"120.2px","y":"331.25px","width":"280.65px","height":"63.65px","nomeInstancia":"MovieClips/textConvertido_8_0","classe":"textConvertido_8_0","nome":"eli07_03_8_0"},{"tipo":"img","x":"478px","y":"152.5px","width":"409.2px","height":"421.15px","nomeInstancia":"MovieClips/transicao_8_1","classe":"transicao_8_1","nome":"eli07_03_8_1"}]},{"desenhos":[{"tipo":"img","x":"610.95px","y":"300.6px","width":"304.4px","height":"63.65px","nomeInstancia":"MovieClips/textConvertido_9_0","classe":"textConvertido_9_0","nome":"eli07_03_9_0"},{"tipo":"img","x":"47px","y":"161.65px","width":"497.2px","height":"405.15px","nomeInstancia":"MovieClips/transicao_9_1","classe":"transicao_9_1","nome":"eli07_03_9_1"}]},{"desenhos":[{"tipo":"img","x":"69.45px","y":"319.3px","width":"274.3px","height":"125.3px","nomeInstancia":"MovieClips/textConvertido_10_0","classe":"textConvertido_10_0","nome":"eli07_03_10_0"},{"tipo":"img","x":"408.3px","y":"201.95px","width":"555.85px","height":"360px","nomeInstancia":"MovieClips/transicao_10_1","classe":"transicao_10_1","nome":"eli07_03_10_1"}]},{"desenhos":[{"tipo":"img","x":"565.9px","y":"336.65px","width":"290.85px","height":"63.65px","nomeInstancia":"MovieClips/textConvertido_11_0","classe":"textConvertido_11_0","nome":"eli07_03_11_0"},{"tipo":"img","x":"69.35px","y":"123.95px","width":"406.75px","height":"464.1px","nomeInstancia":"MovieClips/transicao_11_1","classe":"transicao_11_1","nome":"eli07_03_11_1"}]},{"desenhos":[{"tipo":"img","x":"111.15px","y":"127.4px","width":"766px","height":"459.65px","nomeInstancia":"MovieClips/dragDrop_submit_12","classe":"dragDrop_submit_12","nome":"eli07_03_12_0"},{"tipo":"img","x":"331.35px","y":"176px","width":"601.15px","height":"43.1px","nomeInstancia":"MovieClips/textConvertido_12_1","classe":"textConvertido_12_1","nome":"eli07_03_12_1"},{"tipo":"img","x":"92.15px","y":"127.4px","width":"214.45px","height":"91.7px","nomeInstancia":"MovieClips/transicao_12_2","classe":"transicao_12_2","nome":"eli07_03_12_2"}]}]}