{"licao":"elm01_03","topico":"03","telas":[{"desenhos":[{"tipo":"img","x":"48.65px","y":"236.7px","width":"321.55px","height":"145.85px","nomeInstancia":"textConvertido_1_0","classe":"textConvertido_1_0","nome":"elm01_03_1_0"},{"nome":"elm01_03_1_1","tipo":"png","x":"0px","y":"0px","width":"1016px","height":"659px","nomeInstancia":"MovieClips/anima1","classe":"anima1"}]},{"desenhos":[{"tipo":"img","x":"48.65px","y":"402.3px","width":"343.35px","height":"84.2px","nomeInstancia":"textConvertido_2_0","classe":"textConvertido_2_0","nome":"elm01_03_2_0"},{"tipo":"img","x":"48.65px","y":"236.7px","width":"321.55px","height":"145.85px","nomeInstancia":"textConvertido_1_0","classe":"textConvertido_1_0","nome":"elm01_03_1_0"},{"nome":"elm01_03_1_1","tipo":"png","x":"0px","y":"0px","width":"1016px","height":"659px","nomeInstancia":"MovieClips/anima1","classe":"anima1"}]},{"desenhos":[{"tipo":"img","x":"550px","y":"323.85px","width":"430.35px","height":"84.2px","nomeInstancia":"textConvertido_3_0","classe":"textConvertido_3_0","nome":"elm01_03_3_0"},{"tipo":"img","x":"70.2px","y":"222.2px","width":"430.75px","height":"311.6px","nomeInstancia":"transicao_3_1","classe":"transicao_3_1","nome":"elm01_03_3_1"}]},{"desenhos":[{"tipo":"img","x":"99.95px","y":"194.8px","width":"393.05px","height":"84.95px","nomeInstancia":"Symbol 2","classe":"Symbol 2","nome":"elm01_03_4_0"},{"tipo":"img","x":"89.65px","y":"256.7px","width":"358.4px","height":"84.2px","nomeInstancia":"textConvertido_4_1","classe":"textConvertido_4_1","nome":"elm01_03_4_1"},{"tipo":"img","x":"539.45px","y":"242.05px","width":"395.85px","height":"241.45px","nomeInstancia":"transicao_4_2","classe":"transicao_4_2","nome":"elm01_03_4_2"}]},{"desenhos":[{"tipo":"img","x":"89.65px","y":"364.65px","width":"366.4px","height":"104.75px","nomeInstancia":"textConvertido_5_0","classe":"textConvertido_5_0","nome":"elm01_03_5_0"},{"tipo":"img","x":"99.95px","y":"194.8px","width":"393.05px","height":"84.95px","nomeInstancia":"Symbol 2","classe":"Symbol 2","nome":"elm01_03_4_0"},{"tipo":"img","x":"89.65px","y":"256.7px","width":"358.4px","height":"84.2px","nomeInstancia":"textConvertido_4_1","classe":"textConvertido_4_1","nome":"elm01_03_4_1"},{"tipo":"img","x":"539.45px","y":"242.05px","width":"395.85px","height":"241.45px","nomeInstancia":"transicao_4_2","classe":"transicao_4_2","nome":"elm01_03_4_2"}]},{"desenhos":[{"tipo":"img","x":"188.9px","y":"194.7px","width":"640.5px","height":"265.3px","nomeInstancia":"MovieClips/telaInfo6","classe":"telaInfo6","nome":"elm01_03_6_0"},{"tipo":"img","x":"216.8px","y":"194.7px","width":"582.4px","height":"22.55px","nomeInstancia":"textConvertido_6_2","classe":"textConvertido_6_2","nome":"elm01_03_6_1"},{"tipo":"img","x":"318.8px","y":"495.7px","width":"378.4px","height":"22.55px","nomeInstancia":"textConvertido_6_1","classe":"textConvertido_6_1","nome":"elm01_03_6_2"},{"tipo":"img","x":"294.1px","y":"264.1px","width":"427.8px","height":"123.65px","nomeInstancia":"transicao_6_3","classe":"transicao_6_3","nome":"elm01_03_6_3"}]},{"desenhos":[{"tipo":"img","x":"471.15px","y":"276.15px","width":"441.2px","height":"63.65px","nomeInstancia":"textConvertido_7_0","classe":"textConvertido_7_0","nome":"elm01_03_7_0"},{"tipo":"img","x":"47.9px","y":"226.75px","width":"353.6px","height":"265.25px","nomeInstancia":"transicao_7_1","classe":"transicao_7_1","nome":"elm01_03_7_1"}]},{"desenhos":[{"tipo":"img","x":"471.15px","y":"369.15px","width":"476.2px","height":"104.75px","nomeInstancia":"textConvertido_8_0","classe":"textConvertido_8_0","nome":"elm01_03_8_0"},{"tipo":"img","x":"471.15px","y":"276.15px","width":"441.2px","height":"63.65px","nomeInstancia":"textConvertido_7_0","classe":"textConvertido_7_0","nome":"elm01_03_7_0"},{"tipo":"img","x":"47.9px","y":"226.75px","width":"353.6px","height":"265.25px","nomeInstancia":"transicao_7_1","classe":"transicao_7_1","nome":"elm01_03_7_1"}]},{"desenhos":[{"tipo":"img","x":"64.1px","y":"283.7px","width":"381.2px","height":"63.65px","nomeInstancia":"textConvertido_9_1","classe":"textConvertido_9_1","nome":"elm01_03_9_0"},{"tipo":"img","x":"287.4px","y":"169.7px","width":"441.2px","height":"22.55px","nomeInstancia":"textConvertido_9_0","classe":"textConvertido_9_0","nome":"elm01_03_9_1"},{"tipo":"img","x":"509.65px","y":"275.25px","width":"453.95px","height":"202.25px","nomeInstancia":"transicao_9_2","classe":"transicao_9_2","nome":"elm01_03_9_2"}]},{"desenhos":[{"tipo":"img","x":"64.1px","y":"376.7px","width":"401.2px","height":"84.2px","nomeInstancia":"textConvertido_10_0","classe":"textConvertido_10_0","nome":"elm01_03_10_0"},{"tipo":"img","x":"64.1px","y":"283.7px","width":"381.2px","height":"63.65px","nomeInstancia":"textConvertido_9_1","classe":"textConvertido_9_1","nome":"elm01_03_9_0"},{"tipo":"img","x":"287.4px","y":"169.7px","width":"441.2px","height":"22.55px","nomeInstancia":"textConvertido_9_0","classe":"textConvertido_9_0","nome":"elm01_03_9_1"},{"tipo":"img","x":"509.65px","y":"275.25px","width":"453.95px","height":"202.25px","nomeInstancia":"transicao_9_2","classe":"transicao_9_2","nome":"elm01_03_9_2"}]},{"desenhos":[{"tipo":"img","x":"507.8px","y":"197.7px","width":"440.2px","height":"104.75px","nomeInstancia":"textConvertido_11_1","classe":"textConvertido_11_1","nome":"elm01_03_11_0"},{"tipo":"img","x":"287.9px","y":"150.65px","width":"440.2px","height":"22.55px","nomeInstancia":"textConvertido_11_0","classe":"textConvertido_11_0","nome":"elm01_03_11_1"},{"tipo":"img","x":"73.2px","y":"229.35px","width":"378px","height":"245.8px","nomeInstancia":"transicao_11_2","classe":"transicao_11_2","nome":"elm01_03_11_2"}]},{"desenhos":[{"tipo":"img","x":"632.1px","y":"337.95px","width":"341px","height":"92.95px","nomeInstancia":"Symbol 3","classe":"Symbol 3","nome":"elm01_03_12_0"},{"tipo":"img","x":"507.8px","y":"324.2px","width":"446.2px","height":"104.75px","nomeInstancia":"textConvertido_12_1","classe":"textConvertido_12_1","nome":"elm01_03_12_1"},{"tipo":"img","x":"507.8px","y":"197.7px","width":"440.2px","height":"104.75px","nomeInstancia":"textConvertido_11_1","classe":"textConvertido_11_1","nome":"elm01_03_11_0"},{"tipo":"img","x":"287.9px","y":"150.65px","width":"440.2px","height":"22.55px","nomeInstancia":"textConvertido_11_0","classe":"textConvertido_11_0","nome":"elm01_03_11_1"},{"tipo":"img","x":"73.2px","y":"229.35px","width":"378px","height":"245.8px","nomeInstancia":"transicao_11_2","classe":"transicao_11_2","nome":"elm01_03_11_2"}]},{"desenhos":[{"tipo":"img","x":"507.8px","y":"450.7px","width":"446.2px","height":"84.2px","nomeInstancia":"textConvertido_13_0","classe":"textConvertido_13_0","nome":"elm01_03_13_0"},{"tipo":"img","x":"632.1px","y":"337.95px","width":"341px","height":"92.95px","nomeInstancia":"Symbol 3","classe":"Symbol 3","nome":"elm01_03_12_0"},{"tipo":"img","x":"507.8px","y":"324.2px","width":"446.2px","height":"104.75px","nomeInstancia":"textConvertido_12_1","classe":"textConvertido_12_1","nome":"elm01_03_12_1"},{"tipo":"img","x":"507.8px","y":"197.7px","width":"440.2px","height":"104.75px","nomeInstancia":"textConvertido_11_1","classe":"textConvertido_11_1","nome":"elm01_03_11_0"},{"tipo":"img","x":"287.9px","y":"150.65px","width":"440.2px","height":"22.55px","nomeInstancia":"textConvertido_11_0","classe":"textConvertido_11_0","nome":"elm01_03_11_1"},{"tipo":"img","x":"73.2px","y":"229.35px","width":"378px","height":"245.8px","nomeInstancia":"transicao_11_2","classe":"transicao_11_2","nome":"elm01_03_11_2"}]},{"desenhos":[{"tipo":"img","x":"118.85px","y":"300.7px","width":"359.15px","height":"63.65px","nomeInstancia":"textConvertido_14_1","classe":"textConvertido_14_1","nome":"elm01_03_14_0"},{"tipo":"img","x":"287.9px","y":"177.65px","width":"440.2px","height":"22.55px","nomeInstancia":"textConvertido_14_0","classe":"textConvertido_14_0","nome":"elm01_03_14_1"},{"tipo":"img","x":"608.75px","y":"213.5px","width":"247.7px","height":"286.9px","nomeInstancia":"transicao_14_2","classe":"transicao_14_2","nome":"elm01_03_14_2"}]},{"desenhos":[{"tipo":"img","x":"118.85px","y":"388.7px","width":"389.15px","height":"63.65px","nomeInstancia":"textConvertido_15_0","classe":"textConvertido_15_0","nome":"elm01_03_15_0"},{"tipo":"img","x":"118.85px","y":"300.7px","width":"359.15px","height":"63.65px","nomeInstancia":"textConvertido_14_1","classe":"textConvertido_14_1","nome":"elm01_03_14_0"},{"tipo":"img","x":"287.9px","y":"177.65px","width":"440.2px","height":"22.55px","nomeInstancia":"textConvertido_14_0","classe":"textConvertido_14_0","nome":"elm01_03_14_1"},{"tipo":"img","x":"608.75px","y":"213.5px","width":"247.7px","height":"286.9px","nomeInstancia":"transicao_14_2","classe":"transicao_14_2","nome":"elm01_03_14_2"}]},{"desenhos":[{"tipo":"img","x":"505.85px","y":"285.7px","width":"379.15px","height":"104.75px","nomeInstancia":"textConvertido_16_1","classe":"textConvertido_16_1","nome":"elm01_03_16_0"},{"tipo":"img","x":"287.9px","y":"177.65px","width":"440.2px","height":"22.55px","nomeInstancia":"textConvertido_16_0","classe":"textConvertido_16_0","nome":"elm01_03_16_1"},{"tipo":"img","x":"117.85px","y":"221.25px","width":"274.75px","height":"351.05px","nomeInstancia":"transicao_16_2","classe":"transicao_16_2","nome":"elm01_03_16_2"}]},{"desenhos":[{"tipo":"img","x":"505.85px","y":"422.65px","width":"381.15px","height":"84.2px","nomeInstancia":"textConvertido_17_0","classe":"textConvertido_17_0","nome":"elm01_03_17_0"},{"tipo":"img","x":"505.85px","y":"285.7px","width":"379.15px","height":"104.75px","nomeInstancia":"textConvertido_16_1","classe":"textConvertido_16_1","nome":"elm01_03_16_0"},{"tipo":"img","x":"287.9px","y":"177.65px","width":"440.2px","height":"22.55px","nomeInstancia":"textConvertido_16_0","classe":"textConvertido_16_0","nome":"elm01_03_16_1"},{"tipo":"img","x":"117.85px","y":"221.25px","width":"274.75px","height":"351.05px","nomeInstancia":"transicao_16_2","classe":"transicao_16_2","nome":"elm01_03_16_2"}]},{"desenhos":[{"tipo":"img","x":"102px","y":"276.55px","width":"426.5px","height":"91.7px","nomeInstancia":"transicao_18_0","classe":"transicao_18_0","nome":"elm01_03_18_0"},{"nome":"elm01_03_18_1","tipo":"personagem","x":"0px","y":"0px","width":"1016px","height":"659px","nomeInstancia":"MovieClips/animaP18","classe":"animaP18"}]},{"desenhos":[{"tipo":"img","x":"136.4px","y":"361.65px","width":"325.95px","height":"111.25px","nomeInstancia":"transicao_19_0","classe":"transicao_19_0","nome":"elm01_03_19_0"},{"tipo":"img","x":"102px","y":"276.55px","width":"426.5px","height":"91.7px","nomeInstancia":"transicao_18_0","classe":"transicao_18_0","nome":"elm01_03_18_0"},{"nome":"elm01_03_18_1","tipo":"personagem","x":"0px","y":"0px","width":"1016px","height":"659px","nomeInstancia":"MovieClips/animaP18","classe":"animaP18"}]},{"desenhos":[{"tipo":"img","x":"403.85px","y":"268.7px","width":"467.15px","height":"63.65px","nomeInstancia":"textConvertido_20_0","classe":"textConvertido_20_0","nome":"elm01_03_20_0"},{"nome":"elm01_03_20_1","tipo":"png","x":"0px","y":"0px","width":"1016px","height":"659px","nomeInstancia":"MovieClips/anima20","classe":"anima20"}]},{"desenhos":[{"tipo":"img","x":"403.85px","y":"345px","width":"480.15px","height":"43.1px","nomeInstancia":"textConvertido_21_0","classe":"textConvertido_21_0","nome":"elm01_03_21_0"},{"tipo":"img","x":"403.85px","y":"268.7px","width":"467.15px","height":"63.65px","nomeInstancia":"textConvertido_20_0","classe":"textConvertido_20_0","nome":"elm01_03_20_0"},{"nome":"elm01_03_20_1","tipo":"png","x":"0px","y":"0px","width":"1016px","height":"659px","nomeInstancia":"MovieClips/anima20","classe":"anima20"}]},{"desenhos":[{"tipo":"img","x":"141.2px","y":"157.2px","width":"821.3px","height":"421.05px","nomeInstancia":"MovieClips/telaInfo22","classe":"telaInfo22","nome":"elm01_03_22_0"},{"tipo":"img","x":"403.85px","y":"400.75px","width":"479.15px","height":"84.2px","nomeInstancia":"textConvertido_22_1","classe":"textConvertido_22_1","nome":"elm01_03_22_1"},{"tipo":"img","x":"403.85px","y":"345px","width":"480.15px","height":"43.1px","nomeInstancia":"textConvertido_21_0","classe":"textConvertido_21_0","nome":"elm01_03_21_0"},{"tipo":"img","x":"403.85px","y":"268.7px","width":"467.15px","height":"63.65px","nomeInstancia":"textConvertido_20_0","classe":"textConvertido_20_0","nome":"elm01_03_20_0"},{"nome":"elm01_03_20_1","tipo":"png","x":"0px","y":"0px","width":"1016px","height":"659px","nomeInstancia":"MovieClips/anima20","classe":"anima20"}]},{"desenhos":[{"tipo":"img","x":"173.85px","y":"259.7px","width":"405.15px","height":"125.3px","nomeInstancia":"textConvertido_23_0","classe":"textConvertido_23_0","nome":"elm01_03_23_0"},{"nome":"elm01_03_23_1","tipo":"png","x":"0px","y":"0px","width":"1016px","height":"659px","nomeInstancia":"MovieClips/anima23","classe":"anima23"}]},{"desenhos":[{"tipo":"img","x":"173.85px","y":"407.65px","width":"411.15px","height":"63.65px","nomeInstancia":"textConvertido_24_0","classe":"textConvertido_24_0","nome":"elm01_03_24_0"},{"tipo":"img","x":"173.85px","y":"259.7px","width":"405.15px","height":"125.3px","nomeInstancia":"textConvertido_23_0","classe":"textConvertido_23_0","nome":"elm01_03_23_0"},{"nome":"elm01_03_23_1","tipo":"png","x":"0px","y":"0px","width":"1016px","height":"659px","nomeInstancia":"MovieClips/anima23","classe":"anima23"}]},{"desenhos":[{"tipo":"img","x":"395.05px","y":"163px","width":"225.9px","height":"74.55px","nomeInstancia":"transicao_25_0","classe":"transicao_25_0","nome":"elm01_03_25_0"},{"tipo":"img","x":"83.7px","y":"246.6px","width":"598.95px","height":"310.35px","nomeInstancia":"MovieClips/opcoes25","classe":"opcoes25","nome":"elm01_03_25_1"},{"tipo":"img","x":"92.9px","y":"266.05px","width":"809.6px","height":"208.05px","nomeInstancia":"MovieClips/textConvertido_25_0","classe":"textConvertido_25_0","nome":"elm01_03_25_2"}]}]}