{"licao":"elm01_04","topico":"04","telas":[{"desenhos":[{"tipo":"img","x":"471.1px","y":"262.85px","width":"405.15px","height":"63.65px","nomeInstancia":"MovieClips/textConvertido_1_0","classe":"textConvertido_1_0","nome":"elm01_04_1_0"},{"tipo":"img","x":"197.3px","y":"278.35px","width":"158.6px","height":"200.5px","nomeInstancia":"MovieClips/transicao_1_1","classe":"transicao_1_1","nome":"elm01_04_1_1"}]},{"desenhos":[{"tipo":"img","x":"471.1px","y":"349.3px","width":"408.05px","height":"63.65px","nomeInstancia":"MovieClips/textConvertido_2_0","classe":"textConvertido_2_0","nome":"elm01_04_2_0"},{"tipo":"img","x":"471.1px","y":"262.85px","width":"405.15px","height":"63.65px","nomeInstancia":"MovieClips/textConvertido_1_0","classe":"textConvertido_1_0","nome":"elm01_04_1_0"},{"tipo":"img","x":"197.3px","y":"278.35px","width":"158.6px","height":"200.5px","nomeInstancia":"MovieClips/transicao_1_1","classe":"transicao_1_1","nome":"elm01_04_1_1"}]},{"desenhos":[{"tipo":"img","x":"167.4px","y":"122.85px","width":"683.5px","height":"415.65px","nomeInstancia":"MovieClips/telaInfo3","classe":"telaInfo3","nome":"elm01_04_3_0"},{"tipo":"img","x":"471.1px","y":"435.75px","width":"302.05px","height":"43.1px","nomeInstancia":"MovieClips/textConvertido_3_1","classe":"textConvertido_3_1","nome":"elm01_04_3_1"},{"tipo":"img","x":"471.1px","y":"349.3px","width":"408.05px","height":"63.65px","nomeInstancia":"MovieClips/textConvertido_2_0","classe":"textConvertido_2_0","nome":"elm01_04_2_0"},{"tipo":"img","x":"471.1px","y":"262.85px","width":"405.15px","height":"63.65px","nomeInstancia":"MovieClips/textConvertido_1_0","classe":"textConvertido_1_0","nome":"elm01_04_1_0"},{"tipo":"img","x":"197.3px","y":"278.35px","width":"158.6px","height":"200.5px","nomeInstancia":"MovieClips/transicao_1_1","classe":"transicao_1_1","nome":"elm01_04_1_1"}]},{"desenhos":[{"tipo":"img","x":"193.05px","y":"256.4px","width":"388.7px","height":"81.95px","nomeInstancia":"MovieClips/transicao_4_0","classe":"transicao_4_0","nome":"elm01_04_4_0"},{"nome":"elm01_04_4_1","tipo":"personagem","x":"0px","y":"0px","width":"1016px","height":"659px","nomeInstancia":"MovieClips/animaP4","classe":"animaP4"}]},{"desenhos":[{"tipo":"img","x":"127.05px","y":"333.55px","width":"405.4px","height":"130px","nomeInstancia":"MovieClips/transicao_5_0","classe":"transicao_5_0","nome":"elm01_04_5_0"},{"tipo":"img","x":"193.05px","y":"256.4px","width":"388.7px","height":"81.95px","nomeInstancia":"MovieClips/transicao_4_0","classe":"transicao_4_0","nome":"elm01_04_4_0"},{"nome":"elm01_04_4_1","tipo":"personagem","x":"0px","y":"0px","width":"1016px","height":"659px","nomeInstancia":"MovieClips/animaP4","classe":"animaP4"}]},{"desenhos":[{"tipo":"img","x":"327px","y":"183.05px","width":"362px","height":"22.55px","nomeInstancia":"MovieClips/textConvertido_6_1","classe":"textConvertido_6_1","nome":"elm01_04_6_0"},{"tipo":"img","x":"398.3px","y":"282.85px","width":"583.65px","height":"95.55px","nomeInstancia":"MovieClips/transicao_6_0","classe":"transicao_6_0","nome":"elm01_04_6_1"},{"nome":"elm01_04_6_2","tipo":"personagem","x":"0px","y":"0px","width":"1016px","height":"659px","nomeInstancia":"MovieClips/animaP6","classe":"animaP6"}]},{"desenhos":[{"tipo":"img","x":"444.3px","y":"372.9px","width":"500.85px","height":"68.65px","nomeInstancia":"MovieClips/transicao_7_0","classe":"transicao_7_0","nome":"elm01_04_7_0"},{"tipo":"img","x":"327px","y":"183.05px","width":"362px","height":"22.55px","nomeInstancia":"MovieClips/textConvertido_6_1","classe":"textConvertido_6_1","nome":"elm01_04_6_0"},{"tipo":"img","x":"398.3px","y":"282.85px","width":"583.65px","height":"95.55px","nomeInstancia":"MovieClips/transicao_6_0","classe":"transicao_6_0","nome":"elm01_04_6_1"},{"nome":"elm01_04_6_2","tipo":"personagem","x":"0px","y":"0px","width":"1016px","height":"659px","nomeInstancia":"MovieClips/animaP6","classe":"animaP6"}]},{"desenhos":[{"tipo":"img","x":"444.3px","y":"435.9px","width":"390.15px","height":"65.85px","nomeInstancia":"MovieClips/transicao_8_0","classe":"transicao_8_0","nome":"elm01_04_8_0"},{"tipo":"img","x":"444.3px","y":"372.9px","width":"500.85px","height":"68.65px","nomeInstancia":"MovieClips/transicao_7_0","classe":"transicao_7_0","nome":"elm01_04_7_0"},{"tipo":"img","x":"327px","y":"183.05px","width":"362px","height":"22.55px","nomeInstancia":"MovieClips/textConvertido_6_1","classe":"textConvertido_6_1","nome":"elm01_04_6_0"},{"tipo":"img","x":"398.3px","y":"282.85px","width":"583.65px","height":"95.55px","nomeInstancia":"MovieClips/transicao_6_0","classe":"transicao_6_0","nome":"elm01_04_6_1"},{"nome":"elm01_04_6_2","tipo":"personagem","x":"0px","y":"0px","width":"1016px","height":"659px","nomeInstancia":"MovieClips/animaP6","classe":"animaP6"}]},{"desenhos":[{"tipo":"img","x":"96.5px","y":"291.05px","width":"362px","height":"43.1px","nomeInstancia":"MovieClips/textConvertido_9_0","classe":"textConvertido_9_0","nome":"elm01_04_9_0"},{"tipo":"img","x":"551.95px","y":"262.45px","width":"376.55px","height":"193.15px","nomeInstancia":"MovieClips/transicao_9_1","classe":"transicao_9_1","nome":"elm01_04_9_1"}]},{"desenhos":[{"tipo":"img","x":"96.5px","y":"363.05px","width":"430.05px","height":"84.2px","nomeInstancia":"MovieClips/textConvertido_10_0","classe":"textConvertido_10_0","nome":"elm01_04_10_0"},{"tipo":"img","x":"96.5px","y":"291.05px","width":"362px","height":"43.1px","nomeInstancia":"MovieClips/textConvertido_9_0","classe":"textConvertido_9_0","nome":"elm01_04_9_0"},{"tipo":"img","x":"551.95px","y":"262.45px","width":"376.55px","height":"193.15px","nomeInstancia":"MovieClips/transicao_9_1","classe":"transicao_9_1","nome":"elm01_04_9_1"}]},{"desenhos":[{"tipo":"img","x":"548.65px","y":"268.05px","width":"362px","height":"84.2px","nomeInstancia":"MovieClips/textConvertido_11_0","classe":"textConvertido_11_0","nome":"elm01_04_11_0"},{"tipo":"img","x":"105.4px","y":"249.2px","width":"377.4px","height":"235.05px","nomeInstancia":"MovieClips/transicao_11_1","classe":"transicao_11_1","nome":"elm01_04_11_1"}]},{"desenhos":[{"tipo":"img","x":"127.9px","y":"153.6px","width":"721px","height":"351.45px","nomeInstancia":"MovieClips/telaInfo12_scroll","classe":"telaInfo12_scroll","nome":"elm01_04_12_0"},{"tipo":"img","x":"548.65px","y":"367.55px","width":"362px","height":"43.1px","nomeInstancia":"MovieClips/textConvertido_12_2","classe":"textConvertido_12_2","nome":"elm01_04_12_1"},{"tipo":"img","x":"548.65px","y":"425.95px","width":"362px","height":"43.1px","nomeInstancia":"MovieClips/textConvertido_12_1","classe":"textConvertido_12_1","nome":"elm01_04_12_2"},{"tipo":"img","x":"548.65px","y":"268.05px","width":"362px","height":"84.2px","nomeInstancia":"MovieClips/textConvertido_11_0","classe":"textConvertido_11_0","nome":"elm01_04_11_0"},{"tipo":"img","x":"105.4px","y":"249.2px","width":"377.4px","height":"235.05px","nomeInstancia":"MovieClips/transicao_11_1","classe":"transicao_11_1","nome":"elm01_04_11_1"}]},{"desenhos":[{"tipo":"img","x":"252.9px","y":"172.8px","width":"508.5px","height":"315.7px","nomeInstancia":"MovieClips/telaInfo13_scroll","classe":"telaInfo13_scroll","nome":"elm01_04_13_0"},{"tipo":"img","x":"285.05px","y":"194.05px","width":"445.9px","height":"22.55px","nomeInstancia":"MovieClips/textConvertido_13_2","classe":"textConvertido_13_2","nome":"elm01_04_13_1"},{"tipo":"img","x":"243.95px","y":"517.6px","width":"528.15px","height":"22.55px","nomeInstancia":"MovieClips/textConvertido_13_1","classe":"textConvertido_13_1","nome":"elm01_04_13_2"},{"tipo":"img","x":"309.55px","y":"253.85px","width":"396.95px","height":"194.45px","nomeInstancia":"MovieClips/transicao_13_3","classe":"transicao_13_3","nome":"elm01_04_13_3"}]},{"desenhos":[{"tipo":"img","x":"254.6px","y":"201.5px","width":"508.5px","height":"370.55px","nomeInstancia":"MovieClips/dragDrop_submit_14","classe":"dragDrop_submit_14","nome":"elm01_04_14_0"},{"tipo":"img","x":"124.5px","y":"229.75px","width":"767.05px","height":"43.1px","nomeInstancia":"MovieClips/textConvertido_14_11","classe":"textConvertido_14_11","nome":"elm01_04_14_1"},{"tipo":"img","x":"395.05px","y":"139.65px","width":"225.9px","height":"74.55px","nomeInstancia":"MovieClips/transicao_14_13","classe":"transicao_14_13","nome":"elm01_04_14_2"}]},{"desenhos":[{"tipo":"img","x":"467.45px","y":"260.1px","width":"417.4px","height":"74px","nomeInstancia":"MovieClips/transicao_15_0","classe":"transicao_15_0","nome":"elm01_04_15_0"},{"tipo":"img","x":"52px","y":"144.85px","width":"122.65px","height":"77.95px","nomeInstancia":"MovieClips/transicao_15_2","classe":"transicao_15_2","nome":"elm01_04_15_1"},{"nome":"elm01_04_15_2","tipo":"personagem","x":"0px","y":"0px","width":"1016px","height":"659px","nomeInstancia":"MovieClips/animaP15","classe":"animaP15"}]},{"desenhos":[{"tipo":"img","x":"513px","y":"328.25px","width":"437.65px","height":"111.25px","nomeInstancia":"MovieClips/transicao_16_0","classe":"transicao_16_0","nome":"elm01_04_16_0"},{"tipo":"img","x":"467.45px","y":"260.1px","width":"417.4px","height":"74px","nomeInstancia":"MovieClips/transicao_15_0","classe":"transicao_15_0","nome":"elm01_04_15_0"},{"tipo":"img","x":"52px","y":"144.85px","width":"122.65px","height":"77.95px","nomeInstancia":"MovieClips/transicao_15_2","classe":"transicao_15_2","nome":"elm01_04_15_1"},{"nome":"elm01_04_15_2","tipo":"personagem","x":"0px","y":"0px","width":"1016px","height":"659px","nomeInstancia":"MovieClips/animaP15","classe":"animaP15"}]},{"desenhos":[{"tipo":"img","x":"512.65px","y":"435.05px","width":"329.35px","height":"88.3px","nomeInstancia":"MovieClips/transicao_17_0","classe":"transicao_17_0","nome":"elm01_04_17_0"},{"tipo":"img","x":"513px","y":"328.25px","width":"437.65px","height":"111.25px","nomeInstancia":"MovieClips/transicao_16_0","classe":"transicao_16_0","nome":"elm01_04_16_0"},{"tipo":"img","x":"467.45px","y":"260.1px","width":"417.4px","height":"74px","nomeInstancia":"MovieClips/transicao_15_0","classe":"transicao_15_0","nome":"elm01_04_15_0"},{"tipo":"img","x":"52px","y":"144.85px","width":"122.65px","height":"77.95px","nomeInstancia":"MovieClips/transicao_15_2","classe":"transicao_15_2","nome":"elm01_04_15_1"},{"nome":"elm01_04_15_2","tipo":"personagem","x":"0px","y":"0px","width":"1016px","height":"659px","nomeInstancia":"MovieClips/animaP15","classe":"animaP15"}]},{"desenhos":[{"tipo":"img","x":"243.7px","y":"197.55px","width":"553.5px","height":"274.4px","nomeInstancia":"MovieClips/transicao_18_0","classe":"transicao_18_0","nome":"elm01_04_18_0"}]}]}