{"licao":"elm01_01","topico":"01","telas":[{"desenhos":[{"tipo":"img","x":"416px","y":"227px","width":"461px","height":"63.65px","nomeInstancia":"textConvertido_1_0","classe":"textConvertido_1_0","nome":"elm01_01_1_0"},{"nome":"elm01_01_1_1","tipo":"png","x":"0px","y":"0px","width":"1016px","height":"659px","nomeInstancia":"MovieClips/anima1","classe":"anima1"}]},{"desenhos":[{"tipo":"img","x":"416px","y":"312.15px","width":"472px","height":"84.2px","nomeInstancia":"textConvertido_2_0","classe":"textConvertido_2_0","nome":"elm01_01_2_0"},{"tipo":"img","x":"416px","y":"227px","width":"461px","height":"63.65px","nomeInstancia":"textConvertido_1_0","classe":"textConvertido_1_0","nome":"elm01_01_1_0"},{"nome":"elm01_01_1_1","tipo":"png","x":"0px","y":"0px","width":"1016px","height":"659px","nomeInstancia":"MovieClips/anima1","classe":"anima1"}]},{"desenhos":[{"tipo":"img","x":"416px","y":"417.85px","width":"472px","height":"84.2px","nomeInstancia":"textConvertido_3_0","classe":"textConvertido_3_0","nome":"elm01_01_3_0"},{"tipo":"img","x":"416px","y":"312.15px","width":"472px","height":"84.2px","nomeInstancia":"textConvertido_2_0","classe":"textConvertido_2_0","nome":"elm01_01_2_0"},{"tipo":"img","x":"416px","y":"227px","width":"461px","height":"63.65px","nomeInstancia":"textConvertido_1_0","classe":"textConvertido_1_0","nome":"elm01_01_1_0"},{"nome":"elm01_01_1_1","tipo":"png","x":"0px","y":"0px","width":"1016px","height":"659px","nomeInstancia":"MovieClips/anima1","classe":"anima1"}]},{"desenhos":[{"tipo":"img","x":"89px","y":"273px","width":"489px","height":"63.65px","nomeInstancia":"textConvertido_4_0","classe":"textConvertido_4_0","nome":"elm01_01_4_0"},{"nome":"elm01_01_4_1","tipo":"png","x":"0px","y":"0px","width":"1016px","height":"659px","nomeInstancia":"MovieClips/anima4","classe":"anima4"}]},{"desenhos":[{"tipo":"img","x":"89px","y":"358.15px","width":"491px","height":"84.2px","nomeInstancia":"textConvertido_5_0","classe":"textConvertido_5_0","nome":"elm01_01_5_0"},{"tipo":"img","x":"89px","y":"273px","width":"489px","height":"63.65px","nomeInstancia":"textConvertido_4_0","classe":"textConvertido_4_0","nome":"elm01_01_4_0"},{"nome":"elm01_01_4_1","tipo":"png","x":"0px","y":"0px","width":"1016px","height":"659px","nomeInstancia":"MovieClips/anima4","classe":"anima4"}]},{"desenhos":[{"tipo":"img","x":"487px","y":"238px","width":"443px","height":"125.3px","nomeInstancia":"textConvertido_6_0","classe":"textConvertido_6_0","nome":"elm01_01_6_0"},{"nome":"elm01_01_6_1","tipo":"png","x":"0px","y":"0px","width":"1016px","height":"659px","nomeInstancia":"MovieClips/anima6","classe":"anima6"}]},{"desenhos":[{"tipo":"img","x":"487px","y":"382.15px","width":"454px","height":"104.75px","nomeInstancia":"textConvertido_7_0","classe":"textConvertido_7_0","nome":"elm01_01_7_0"},{"tipo":"img","x":"487px","y":"238px","width":"443px","height":"125.3px","nomeInstancia":"textConvertido_6_0","classe":"textConvertido_6_0","nome":"elm01_01_6_0"},{"nome":"elm01_01_6_1","tipo":"png","x":"0px","y":"0px","width":"1016px","height":"659px","nomeInstancia":"MovieClips/anima6","classe":"anima6"}]},{"desenhos":[{"tipo":"img","x":"136.3px","y":"216.2px","width":"523.75px","height":"126.2px","nomeInstancia":"transicao_8_0","classe":"transicao_8_0","nome":"elm01_01_8_0"},{"nome":"elm01_01_8_1","tipo":"png","x":"0px","y":"0px","width":"1016px","height":"659px","nomeInstancia":"MovieClips/anima8","classe":"anima8"}]},{"desenhos":[{"tipo":"img","x":"153.2px","y":"335.9px","width":"401.4px","height":"100.4px","nomeInstancia":"transicao_9_0","classe":"transicao_9_0","nome":"elm01_01_9_0"},{"tipo":"img","x":"136.3px","y":"216.2px","width":"523.75px","height":"126.2px","nomeInstancia":"transicao_8_0","classe":"transicao_8_0","nome":"elm01_01_8_0"},{"nome":"elm01_01_8_1","tipo":"png","x":"0px","y":"0px","width":"1016px","height":"659px","nomeInstancia":"MovieClips/anima8","classe":"anima8"}]},{"desenhos":[{"tipo":"img","x":"68.75px","y":"429.4px","width":"485.85px","height":"100.4px","nomeInstancia":"transicao_10_0","classe":"transicao_10_0","nome":"elm01_01_10_0"},{"tipo":"img","x":"153.2px","y":"335.9px","width":"401.4px","height":"100.4px","nomeInstancia":"transicao_9_0","classe":"transicao_9_0","nome":"elm01_01_9_0"},{"tipo":"img","x":"136.3px","y":"216.2px","width":"523.75px","height":"126.2px","nomeInstancia":"transicao_8_0","classe":"transicao_8_0","nome":"elm01_01_8_0"},{"nome":"elm01_01_8_1","tipo":"png","x":"0px","y":"0px","width":"1016px","height":"659px","nomeInstancia":"MovieClips/anima8","classe":"anima8"}]},{"desenhos":[{"tipo":"img","x":"262.05px","y":"169.25px","width":"504.9px","height":"335.45px","nomeInstancia":"MovieClips/destaque11","classe":"destaque11","nome":"elm01_01_11_0"},{"tipo":"img","x":"68.75px","y":"429.4px","width":"485.85px","height":"100.4px","nomeInstancia":"transicao_10_0","classe":"transicao_10_0","nome":"elm01_01_10_0"},{"tipo":"img","x":"153.2px","y":"335.9px","width":"401.4px","height":"100.4px","nomeInstancia":"transicao_9_0","classe":"transicao_9_0","nome":"elm01_01_9_0"},{"tipo":"img","x":"136.3px","y":"216.2px","width":"523.75px","height":"126.2px","nomeInstancia":"transicao_8_0","classe":"transicao_8_0","nome":"elm01_01_8_0"},{"nome":"elm01_01_8_1","tipo":"png","x":"0px","y":"0px","width":"1016px","height":"659px","nomeInstancia":"MovieClips/anima8","classe":"anima8"}]},{"desenhos":[{"tipo":"img","x":"395.05px","y":"130.55px","width":"225.9px","height":"74.55px","nomeInstancia":"transicao_12_0","classe":"transicao_12_0","nome":"elm01_01_12_0"},{"tipo":"img","x":"93.15px","y":"245.35px","width":"829.75px","height":"337.6px","nomeInstancia":"MovieClips/dragDrop12","classe":"dragDrop12","nome":"elm01_01_12_1"},{"tipo":"img","x":"181.1px","y":"221px","width":"653.85px","height":"63.65px","nomeInstancia":"MovieClips/textConvertido_12_2","classe":"textConvertido_12_2","nome":"elm01_01_12_2"}]}]}