{"licao":"elm01_02","topico":"02","telas":[{"desenhos":[{"tipo":"img","x":"137.8px","y":"263.6px","width":"428.1px","height":"104.75px","nomeInstancia":"MovieClips/textConvertido_1_0","classe":"textConvertido_1_0","nome":"elm01_02_1_0"},{"tipo":"img","x":"594.35px","y":"184.3px","width":"324.05px","height":"308.3px","nomeInstancia":"MovieClips/transicao_1_1","classe":"transicao_1_1","nome":"elm01_02_1_1"}]},{"desenhos":[{"tipo":"img","x":"137.8px","y":"404.55px","width":"428.1px","height":"63.65px","nomeInstancia":"MovieClips/textConvertido_2_0","classe":"textConvertido_2_0","nome":"elm01_02_2_0"},{"tipo":"img","x":"137.8px","y":"263.6px","width":"428.1px","height":"104.75px","nomeInstancia":"MovieClips/textConvertido_1_0","classe":"textConvertido_1_0","nome":"elm01_02_1_0"},{"tipo":"img","x":"594.35px","y":"184.3px","width":"324.05px","height":"308.3px","nomeInstancia":"MovieClips/transicao_1_1","classe":"transicao_1_1","nome":"elm01_02_1_1"}]},{"desenhos":[{"tipo":"img","x":"480.9px","y":"260px","width":"381.1px","height":"63.65px","nomeInstancia":"MovieClips/textConvertido_3_0","classe":"textConvertido_3_0","nome":"elm01_02_3_0"},{"nome":"elm01_02_3_1","tipo":"png","x":"0px","y":"0px","width":"1016px","height":"659px","nomeInstancia":"MovieClips/anima3","classe":"anima3"}]},{"desenhos":[{"tipo":"img","x":"480.9px","y":"348.95px","width":"402.1px","height":"104.75px","nomeInstancia":"MovieClips/textConvertido_4_0","classe":"textConvertido_4_0","nome":"elm01_02_4_0"},{"tipo":"img","x":"480.9px","y":"260px","width":"381.1px","height":"63.65px","nomeInstancia":"MovieClips/textConvertido_3_0","classe":"textConvertido_3_0","nome":"elm01_02_3_0"},{"nome":"elm01_02_3_1","tipo":"png","x":"0px","y":"0px","width":"1016px","height":"659px","nomeInstancia":"MovieClips/anima3","classe":"anima3"}]},{"desenhos":[{"tipo":"img","x":"166.95px","y":"146.5px","width":"804.05px","height":"424.75px","nomeInstancia":"MovieClips/telaInfo5","classe":"telaInfo5","nome":"elm01_02_5_0"},{"tipo":"img","x":"126.9px","y":"266.05px","width":"381.1px","height":"145.85px","nomeInstancia":"MovieClips/textConvertido_5_2","classe":"textConvertido_5_2","nome":"elm01_02_5_1"},{"tipo":"img","x":"126.9px","y":"425px","width":"402.1px","height":"22.55px","nomeInstancia":"MovieClips/textConvertido_5_1","classe":"textConvertido_5_1","nome":"elm01_02_5_2"},{"tipo":"img","x":"576.8px","y":"178.5px","width":"210px","height":"199.75px","nomeInstancia":"MovieClips/transicao_5_3","classe":"transicao_5_3","nome":"elm01_02_5_3"}]},{"desenhos":[{"tipo":"img","x":"470.3px","y":"251.45px","width":"398.35px","height":"112.25px","nomeInstancia":"MovieClips/transicao_6_0","classe":"transicao_6_0","nome":"elm01_02_6_0"},{"nome":"elm01_02_6_1","tipo":"personagem","x":"0px","y":"0px","width":"1016px","height":"659px","nomeInstancia":"MovieClips/animaP6","classe":"animaP6"}]},{"desenhos":[{"tipo":"img","x":"515.55px","y":"359.3px","width":"355.75px","height":"111.25px","nomeInstancia":"MovieClips/transicao_7_0","classe":"transicao_7_0","nome":"elm01_02_7_0"},{"tipo":"img","x":"470.3px","y":"251.45px","width":"398.35px","height":"112.25px","nomeInstancia":"MovieClips/transicao_6_0","classe":"transicao_6_0","nome":"elm01_02_6_0"},{"nome":"elm01_02_6_1","tipo":"personagem","x":"0px","y":"0px","width":"1016px","height":"659px","nomeInstancia":"MovieClips/animaP6","classe":"animaP6"}]},{"desenhos":[{"tipo":"img","x":"121.9px","y":"291.5px","width":"339.1px","height":"125.3px","nomeInstancia":"MovieClips/textConvertido_8_0","classe":"textConvertido_8_0","nome":"elm01_02_8_0"},{"tipo":"img","x":"525.65px","y":"229.9px","width":"351.75px","height":"223.25px","nomeInstancia":"MovieClips/transicao_8_1","classe":"transicao_8_1","nome":"elm01_02_8_1"}]},{"desenhos":[{"tipo":"img","x":"526.9px","y":"223.5px","width":"412.1px","height":"145.85px","nomeInstancia":"MovieClips/textConvertido_9_0","classe":"textConvertido_9_0","nome":"elm01_02_9_0"},{"nome":"elm01_02_9_1","tipo":"png","x":"0px","y":"0px","width":"1016px","height":"659px","nomeInstancia":"MovieClips/anima9","classe":"anima9"}]},{"desenhos":[{"tipo":"img","x":"526.9px","y":"393.45px","width":"401.1px","height":"104.75px","nomeInstancia":"MovieClips/textConvertido_10_0","classe":"textConvertido_10_0","nome":"elm01_02_10_0"},{"tipo":"img","x":"526.9px","y":"223.5px","width":"412.1px","height":"145.85px","nomeInstancia":"MovieClips/textConvertido_9_0","classe":"textConvertido_9_0","nome":"elm01_02_9_0"},{"nome":"elm01_02_9_1","tipo":"png","x":"0px","y":"0px","width":"1016px","height":"659px","nomeInstancia":"MovieClips/anima9","classe":"anima9"}]},{"desenhos":[{"tipo":"img","x":"169.6px","y":"279.85px","width":"354.45px","height":"97.6px","nomeInstancia":"MovieClips/transicao_11_0","classe":"transicao_11_0","nome":"elm01_02_11_0"},{"nome":"elm01_02_11_1","tipo":"personagem","x":"0px","y":"0px","width":"1016px","height":"659px","nomeInstancia":"MovieClips/animaP11","classe":"animaP11"}]},{"desenhos":[{"tipo":"img","x":"144.75px","y":"370px","width":"341.85px","height":"113.45px","nomeInstancia":"MovieClips/transicao_12_0","classe":"transicao_12_0","nome":"elm01_02_12_0"},{"tipo":"img","x":"169.6px","y":"279.85px","width":"354.45px","height":"97.6px","nomeInstancia":"MovieClips/transicao_11_0","classe":"transicao_11_0","nome":"elm01_02_11_0"},{"nome":"elm01_02_11_1","tipo":"personagem","x":"0px","y":"0px","width":"1016px","height":"659px","nomeInstancia":"MovieClips/animaP11","classe":"animaP11"}]},{"desenhos":[{"tipo":"img","x":"526.9px","y":"232.45px","width":"412.1px","height":"63.65px","nomeInstancia":"MovieClips/textConvertido_13_1","classe":"textConvertido_13_1","nome":"elm01_02_13_0"},{"tipo":"img","x":"419.95px","y":"154.5px","width":"176.1px","height":"22.55px","nomeInstancia":"MovieClips/textConvertido_13_0","classe":"textConvertido_13_0","nome":"elm01_02_13_1"},{"tipo":"img","x":"35.5px","y":"308.05px","width":"461.3px","height":"121.6px","nomeInstancia":"MovieClips/transicao_13_2","classe":"transicao_13_2","nome":"elm01_02_13_2"}]},{"desenhos":[{"tipo":"img","x":"526.9px","y":"308.05px","width":"423.1px","height":"84.2px","nomeInstancia":"MovieClips/textConvertido_14_0","classe":"textConvertido_14_0","nome":"elm01_02_14_0"},{"tipo":"img","x":"526.9px","y":"232.45px","width":"412.1px","height":"63.65px","nomeInstancia":"MovieClips/textConvertido_13_1","classe":"textConvertido_13_1","nome":"elm01_02_13_0"},{"tipo":"img","x":"419.95px","y":"154.5px","width":"176.1px","height":"22.55px","nomeInstancia":"MovieClips/textConvertido_13_0","classe":"textConvertido_13_0","nome":"elm01_02_13_1"},{"tipo":"img","x":"35.5px","y":"308.05px","width":"461.3px","height":"121.6px","nomeInstancia":"MovieClips/transicao_13_2","classe":"transicao_13_2","nome":"elm01_02_13_2"}]},{"desenhos":[{"tipo":"img","x":"84.5px","y":"182.25px","width":"730.5px","height":"391.6px","nomeInstancia":"MovieClips/telaInfo15","classe":"telaInfo15","nome":"elm01_02_15_0"},{"tipo":"img","x":"526.9px","y":"404.2px","width":"412.1px","height":"84.2px","nomeInstancia":"MovieClips/textConvertido_15_2","classe":"textConvertido_15_2","nome":"elm01_02_15_1"},{"tipo":"img","x":"526.9px","y":"500.35px","width":"412.1px","height":"22.55px","nomeInstancia":"MovieClips/textConvertido_15_1","classe":"textConvertido_15_1","nome":"elm01_02_15_2"},{"tipo":"img","x":"526.9px","y":"308.05px","width":"423.1px","height":"84.2px","nomeInstancia":"MovieClips/textConvertido_14_0","classe":"textConvertido_14_0","nome":"elm01_02_14_0"},{"tipo":"img","x":"526.9px","y":"232.45px","width":"412.1px","height":"63.65px","nomeInstancia":"MovieClips/textConvertido_13_1","classe":"textConvertido_13_1","nome":"elm01_02_13_0"},{"tipo":"img","x":"419.95px","y":"154.5px","width":"176.1px","height":"22.55px","nomeInstancia":"MovieClips/textConvertido_13_0","classe":"textConvertido_13_0","nome":"elm01_02_13_1"},{"tipo":"img","x":"35.5px","y":"308.05px","width":"461.3px","height":"121.6px","nomeInstancia":"MovieClips/transicao_13_2","classe":"transicao_13_2","nome":"elm01_02_13_2"}]},{"desenhos":[{"tipo":"img","x":"86.1px","y":"218.45px","width":"412.1px","height":"84.2px","nomeInstancia":"MovieClips/textConvertido_16_0","classe":"textConvertido_16_0","nome":"elm01_02_16_0"},{"nome":"elm01_02_16_1","tipo":"png","x":"0px","y":"0px","width":"1016px","height":"659px","nomeInstancia":"MovieClips/anima16","classe":"anima16"}]},{"desenhos":[{"tipo":"img","x":"86.1px","y":"313.85px","width":"412.1px","height":"125.3px","nomeInstancia":"MovieClips/textConvertido_17_0","classe":"textConvertido_17_0","nome":"elm01_02_17_0"},{"tipo":"img","x":"86.1px","y":"218.45px","width":"412.1px","height":"84.2px","nomeInstancia":"MovieClips/textConvertido_16_0","classe":"textConvertido_16_0","nome":"elm01_02_16_0"},{"nome":"elm01_02_16_1","tipo":"png","x":"0px","y":"0px","width":"1016px","height":"659px","nomeInstancia":"MovieClips/anima16","classe":"anima16"}]},{"desenhos":[{"tipo":"img","x":"86.1px","y":"450.35px","width":"384.1px","height":"43.1px","nomeInstancia":"MovieClips/textConvertido_18_0","classe":"textConvertido_18_0","nome":"elm01_02_18_0"},{"tipo":"img","x":"86.1px","y":"313.85px","width":"412.1px","height":"125.3px","nomeInstancia":"MovieClips/textConvertido_17_0","classe":"textConvertido_17_0","nome":"elm01_02_17_0"},{"tipo":"img","x":"86.1px","y":"218.45px","width":"412.1px","height":"84.2px","nomeInstancia":"MovieClips/textConvertido_16_0","classe":"textConvertido_16_0","nome":"elm01_02_16_0"},{"nome":"elm01_02_16_1","tipo":"png","x":"0px","y":"0px","width":"1016px","height":"659px","nomeInstancia":"MovieClips/anima16","classe":"anima16"}]},{"desenhos":[{"tipo":"img","x":"547.9px","y":"218.45px","width":"412.1px","height":"63.65px","nomeInstancia":"MovieClips/textConvertido_19_0","classe":"textConvertido_19_0","nome":"elm01_02_19_0"},{"tipo":"img","x":"80.9px","y":"311.5px","width":"385.35px","height":"90.85px","nomeInstancia":"MovieClips/transicao_19_1","classe":"transicao_19_1","nome":"elm01_02_19_1"}]},{"desenhos":[{"tipo":"img","x":"547.9px","y":"298.05px","width":"400.1px","height":"125.3px","nomeInstancia":"MovieClips/textConvertido_20_0","classe":"textConvertido_20_0","nome":"elm01_02_20_0"},{"tipo":"img","x":"547.9px","y":"218.45px","width":"412.1px","height":"63.65px","nomeInstancia":"MovieClips/textConvertido_19_0","classe":"textConvertido_19_0","nome":"elm01_02_19_0"},{"tipo":"img","x":"80.9px","y":"311.5px","width":"385.35px","height":"90.85px","nomeInstancia":"MovieClips/transicao_19_1","classe":"transicao_19_1","nome":"elm01_02_19_1"}]},{"desenhos":[{"tipo":"img","x":"547.9px","y":"439.3px","width":"384.1px","height":"63.65px","nomeInstancia":"MovieClips/textConvertido_21_0","classe":"textConvertido_21_0","nome":"elm01_02_21_0"},{"tipo":"img","x":"547.9px","y":"298.05px","width":"400.1px","height":"125.3px","nomeInstancia":"MovieClips/textConvertido_20_0","classe":"textConvertido_20_0","nome":"elm01_02_20_0"},{"tipo":"img","x":"547.9px","y":"218.45px","width":"412.1px","height":"63.65px","nomeInstancia":"MovieClips/textConvertido_19_0","classe":"textConvertido_19_0","nome":"elm01_02_19_0"},{"tipo":"img","x":"80.9px","y":"311.5px","width":"385.35px","height":"90.85px","nomeInstancia":"MovieClips/transicao_19_1","classe":"transicao_19_1","nome":"elm01_02_19_1"}]},{"desenhos":[{"tipo":"img","x":"262.05px","y":"194.25px","width":"504.9px","height":"335.45px","nomeInstancia":"MovieClips/destaque22","classe":"destaque22","nome":"elm01_02_22_0"},{"tipo":"img","x":"547.9px","y":"439.3px","width":"384.1px","height":"63.65px","nomeInstancia":"MovieClips/textConvertido_21_0","classe":"textConvertido_21_0","nome":"elm01_02_21_0"},{"tipo":"img","x":"547.9px","y":"298.05px","width":"400.1px","height":"125.3px","nomeInstancia":"MovieClips/textConvertido_20_0","classe":"textConvertido_20_0","nome":"elm01_02_20_0"},{"tipo":"img","x":"547.9px","y":"218.45px","width":"412.1px","height":"63.65px","nomeInstancia":"MovieClips/textConvertido_19_0","classe":"textConvertido_19_0","nome":"elm01_02_19_0"},{"tipo":"img","x":"80.9px","y":"311.5px","width":"385.35px","height":"90.85px","nomeInstancia":"MovieClips/transicao_19_1","classe":"transicao_19_1","nome":"elm01_02_19_1"}]},{"desenhos":[{"tipo":"img","x":"224.8px","y":"271.95px","width":"389.45px","height":"69.2px","nomeInstancia":"MovieClips/transicao_23_0","classe":"transicao_23_0","nome":"elm01_02_23_0"},{"nome":"elm01_02_23_1","tipo":"personagem","x":"0px","y":"0px","width":"1016px","height":"659px","nomeInstancia":"MovieClips/animaP23","classe":"animaP23"}]},{"desenhos":[{"tipo":"img","x":"260.3px","y":"336.7px","width":"306px","height":"101.4px","nomeInstancia":"MovieClips/transicao_24_0","classe":"transicao_24_0","nome":"elm01_02_24_0"},{"tipo":"img","x":"224.8px","y":"271.95px","width":"389.45px","height":"69.2px","nomeInstancia":"MovieClips/transicao_23_0","classe":"transicao_23_0","nome":"elm01_02_23_0"},{"nome":"elm01_02_23_1","tipo":"personagem","x":"0px","y":"0px","width":"1016px","height":"659px","nomeInstancia":"MovieClips/animaP23","classe":"animaP23"}]},{"desenhos":[{"tipo":"img","x":"507.9px","y":"205.45px","width":"390.1px","height":"84.2px","nomeInstancia":"MovieClips/textConvertido_25_0","classe":"textConvertido_25_0","nome":"elm01_02_25_0"},{"tipo":"img","x":"87.95px","y":"242.95px","width":"337.05px","height":"232.3px","nomeInstancia":"MovieClips/transicao_25_1","classe":"transicao_25_1","nome":"elm01_02_25_1"}]},{"desenhos":[{"tipo":"img","x":"507.9px","y":"302.35px","width":"444.1px","height":"125.3px","nomeInstancia":"MovieClips/textConvertido_26_0","classe":"textConvertido_26_0","nome":"elm01_02_26_0"},{"tipo":"img","x":"507.9px","y":"205.45px","width":"390.1px","height":"84.2px","nomeInstancia":"MovieClips/textConvertido_25_0","classe":"textConvertido_25_0","nome":"elm01_02_25_0"},{"tipo":"img","x":"87.95px","y":"242.95px","width":"337.05px","height":"232.3px","nomeInstancia":"MovieClips/transicao_25_1","classe":"transicao_25_1","nome":"elm01_02_25_1"}]},{"desenhos":[{"tipo":"img","x":"507.9px","y":"440.35px","width":"424.1px","height":"84.2px","nomeInstancia":"MovieClips/textConvertido_27_0","classe":"textConvertido_27_0","nome":"elm01_02_27_0"},{"tipo":"img","x":"507.9px","y":"302.35px","width":"444.1px","height":"125.3px","nomeInstancia":"MovieClips/textConvertido_26_0","classe":"textConvertido_26_0","nome":"elm01_02_26_0"},{"tipo":"img","x":"507.9px","y":"205.45px","width":"390.1px","height":"84.2px","nomeInstancia":"MovieClips/textConvertido_25_0","classe":"textConvertido_25_0","nome":"elm01_02_25_0"},{"tipo":"img","x":"87.95px","y":"242.95px","width":"337.05px","height":"232.3px","nomeInstancia":"MovieClips/transicao_25_1","classe":"transicao_25_1","nome":"elm01_02_25_1"}]},{"desenhos":[{"tipo":"img","x":"255px","y":"227.95px","width":"440.65px","height":"83.55px","nomeInstancia":"MovieClips/Symbol 1","classe":"Symbol 1","nome":"elm01_02_28_0"},{"tipo":"img","x":"153.9px","y":"266.45px","width":"351.1px","height":"84.2px","nomeInstancia":"MovieClips/textConvertido_28_1","classe":"textConvertido_28_1","nome":"elm01_02_28_1"},{"tipo":"img","x":"591px","y":"221.95px","width":"301.05px","height":"307.05px","nomeInstancia":"MovieClips/transicao_28_2","classe":"transicao_28_2","nome":"elm01_02_28_2"}]},{"desenhos":[{"tipo":"img","x":"153.9px","y":"379.35px","width":"357.1px","height":"84.2px","nomeInstancia":"MovieClips/textConvertido_29_0","classe":"textConvertido_29_0","nome":"elm01_02_29_0"},{"tipo":"img","x":"255px","y":"227.95px","width":"440.65px","height":"83.55px","nomeInstancia":"MovieClips/Symbol 1","classe":"Symbol 1","nome":"elm01_02_28_0"},{"tipo":"img","x":"153.9px","y":"266.45px","width":"351.1px","height":"84.2px","nomeInstancia":"MovieClips/textConvertido_28_1","classe":"textConvertido_28_1","nome":"elm01_02_28_1"},{"tipo":"img","x":"591px","y":"221.95px","width":"301.05px","height":"307.05px","nomeInstancia":"MovieClips/transicao_28_2","classe":"transicao_28_2","nome":"elm01_02_28_2"}]},{"desenhos":[{"tipo":"img","x":"554px","y":"291.45px","width":"405.1px","height":"104.75px","nomeInstancia":"MovieClips/textConvertido_30_0","classe":"textConvertido_30_0","nome":"elm01_02_30_0"},{"tipo":"img","x":"40.05px","y":"291.4px","width":"476.65px","height":"146.5px","nomeInstancia":"MovieClips/transicao_30_1","classe":"transicao_30_1","nome":"elm01_02_30_1"}]},{"desenhos":[{"tipo":"img","x":"554px","y":"415.35px","width":"357.1px","height":"22.55px","nomeInstancia":"MovieClips/textConvertido_31_0","classe":"textConvertido_31_0","nome":"elm01_02_31_0"},{"tipo":"img","x":"554px","y":"291.45px","width":"405.1px","height":"104.75px","nomeInstancia":"MovieClips/textConvertido_30_0","classe":"textConvertido_30_0","nome":"elm01_02_30_0"},{"tipo":"img","x":"40.05px","y":"291.4px","width":"476.65px","height":"146.5px","nomeInstancia":"MovieClips/transicao_30_1","classe":"transicao_30_1","nome":"elm01_02_30_1"}]},{"desenhos":[{"tipo":"img","x":"89.9px","y":"178.45px","width":"412.1px","height":"104.75px","nomeInstancia":"MovieClips/textConvertido_32_0","classe":"textConvertido_32_0","nome":"elm01_02_32_0"},{"nome":"elm01_02_32_1","tipo":"png","x":"0px","y":"0px","width":"1016px","height":"659px","nomeInstancia":"MovieClips/anima32","classe":"anima32"}]},{"desenhos":[{"tipo":"img","x":"89.9px","y":"303.7px","width":"408.1px","height":"84.2px","nomeInstancia":"MovieClips/textConvertido_33_0","classe":"textConvertido_33_0","nome":"elm01_02_33_0"},{"tipo":"img","x":"89.9px","y":"178.45px","width":"412.1px","height":"104.75px","nomeInstancia":"MovieClips/textConvertido_32_0","classe":"textConvertido_32_0","nome":"elm01_02_32_0"},{"nome":"elm01_02_32_1","tipo":"png","x":"0px","y":"0px","width":"1016px","height":"659px","nomeInstancia":"MovieClips/anima32","classe":"anima32"}]},{"desenhos":[{"tipo":"img","x":"253.75px","y":"200.15px","width":"726.25px","height":"385.45px","nomeInstancia":"MovieClips/telaInfo34","classe":"telaInfo34","nome":"elm01_02_34_0"},{"tipo":"img","x":"89.9px","y":"408.4px","width":"409.1px","height":"104.75px","nomeInstancia":"MovieClips/textConvertido_34_2","classe":"textConvertido_34_2","nome":"elm01_02_34_1"},{"tipo":"img","x":"89.9px","y":"533.65px","width":"357.1px","height":"22.55px","nomeInstancia":"MovieClips/textConvertido_34_1","classe":"textConvertido_34_1","nome":"elm01_02_34_2"},{"tipo":"img","x":"89.9px","y":"303.7px","width":"408.1px","height":"84.2px","nomeInstancia":"MovieClips/textConvertido_33_0","classe":"textConvertido_33_0","nome":"elm01_02_33_0"},{"tipo":"img","x":"89.9px","y":"178.45px","width":"412.1px","height":"104.75px","nomeInstancia":"MovieClips/textConvertido_32_0","classe":"textConvertido_32_0","nome":"elm01_02_32_0"},{"nome":"elm01_02_32_1","tipo":"png","x":"0px","y":"0px","width":"1016px","height":"659px","nomeInstancia":"MovieClips/anima32","classe":"anima32"}]},{"desenhos":[{"tipo":"img","x":"98.9px","y":"152.45px","width":"630.1px","height":"63.65px","nomeInstancia":"MovieClips/textConvertido_35_0","classe":"textConvertido_35_0","nome":"elm01_02_35_0"},{"tipo":"img","x":"169.2px","y":"406.7px","width":"677.6px","height":"172.25px","nomeInstancia":"MovieClips/transicao_35_1","classe":"transicao_35_1","nome":"elm01_02_35_1"}]},{"desenhos":[{"tipo":"img","x":"225.9px","y":"227.6px","width":"581.1px","height":"63.65px","nomeInstancia":"MovieClips/textConvertido_36_0","classe":"textConvertido_36_0","nome":"elm01_02_36_0"},{"tipo":"img","x":"98.9px","y":"152.45px","width":"630.1px","height":"63.65px","nomeInstancia":"MovieClips/textConvertido_35_0","classe":"textConvertido_35_0","nome":"elm01_02_35_0"},{"tipo":"img","x":"169.2px","y":"406.7px","width":"677.6px","height":"172.25px","nomeInstancia":"MovieClips/transicao_35_1","classe":"transicao_35_1","nome":"elm01_02_35_1"}]},{"desenhos":[{"tipo":"img","x":"401.35px","y":"302.75px","width":"558.65px","height":"84.2px","nomeInstancia":"MovieClips/textConvertido_37_0","classe":"textConvertido_37_0","nome":"elm01_02_37_0"},{"tipo":"img","x":"225.9px","y":"227.6px","width":"581.1px","height":"63.65px","nomeInstancia":"MovieClips/textConvertido_36_0","classe":"textConvertido_36_0","nome":"elm01_02_36_0"},{"tipo":"img","x":"98.9px","y":"152.45px","width":"630.1px","height":"63.65px","nomeInstancia":"MovieClips/textConvertido_35_0","classe":"textConvertido_35_0","nome":"elm01_02_35_0"},{"tipo":"img","x":"169.2px","y":"406.7px","width":"677.6px","height":"172.25px","nomeInstancia":"MovieClips/transicao_35_1","classe":"transicao_35_1","nome":"elm01_02_35_1"}]},{"desenhos":[{"tipo":"img","x":"43.15px","y":"245.6px","width":"675.15px","height":"321.45px","nomeInstancia":"MovieClips/opcoes38","classe":"opcoes38","nome":"elm01_02_38_0"},{"tipo":"img","x":"92.95px","y":"344.35px","width":"472.1px","height":"145.85px","nomeInstancia":"MovieClips/textConvertido_38_2","classe":"textConvertido_38_2","nome":"elm01_02_38_1"},{"tipo":"img","x":"86.7px","y":"215.7px","width":"499.35px","height":"112.25px","nomeInstancia":"MovieClips/transicao_38_1","classe":"transicao_38_1","nome":"elm01_02_38_2"},{"nome":"elm01_02_38_3","tipo":"png","x":"0px","y":"0px","width":"1016px","height":"659px","nomeInstancia":"MovieClips/anima18","classe":"anima18"}]},{"desenhos":[{"tipo":"img","x":"476.85px","y":"219.7px","width":"431.15px","height":"63.65px","nomeInstancia":"MovieClips/textConvertido_39_0","classe":"textConvertido_39_0","nome":"elm01_02_39_0"},{"tipo":"img","x":"72px","y":"294.3px","width":"371.9px","height":"152.45px","nomeInstancia":"MovieClips/transicao_39_1","classe":"transicao_39_1","nome":"elm01_02_39_1"}]},{"desenhos":[{"tipo":"img","x":"476.85px","y":"302.9px","width":"436.15px","height":"63.65px","nomeInstancia":"MovieClips/textConvertido_40_0","classe":"textConvertido_40_0","nome":"elm01_02_40_0"},{"tipo":"img","x":"476.85px","y":"219.7px","width":"431.15px","height":"63.65px","nomeInstancia":"MovieClips/textConvertido_39_0","classe":"textConvertido_39_0","nome":"elm01_02_39_0"},{"tipo":"img","x":"72px","y":"294.3px","width":"371.9px","height":"152.45px","nomeInstancia":"MovieClips/transicao_39_1","classe":"transicao_39_1","nome":"elm01_02_39_1"}]},{"desenhos":[{"tipo":"img","x":"213.75px","y":"183.15px","width":"717.25px","height":"391.75px","nomeInstancia":"MovieClips/telaInfo41","classe":"telaInfo41","nome":"elm01_02_41_0"},{"tipo":"img","x":"476.85px","y":"386.1px","width":"454.15px","height":"84.2px","nomeInstancia":"MovieClips/textConvertido_41_2","classe":"textConvertido_41_2","nome":"elm01_02_41_1"},{"tipo":"img","x":"476.85px","y":"489.85px","width":"408.1px","height":"22.55px","nomeInstancia":"MovieClips/textConvertido_41_1","classe":"textConvertido_41_1","nome":"elm01_02_41_2"},{"tipo":"img","x":"476.85px","y":"302.9px","width":"436.15px","height":"63.65px","nomeInstancia":"MovieClips/textConvertido_40_0","classe":"textConvertido_40_0","nome":"elm01_02_40_0"},{"tipo":"img","x":"476.85px","y":"219.7px","width":"431.15px","height":"63.65px","nomeInstancia":"MovieClips/textConvertido_39_0","classe":"textConvertido_39_0","nome":"elm01_02_39_0"},{"tipo":"img","x":"72px","y":"294.3px","width":"371.9px","height":"152.45px","nomeInstancia":"MovieClips/transicao_39_1","classe":"transicao_39_1","nome":"elm01_02_39_1"}]},{"desenhos":[{"tipo":"img","x":"112.55px","y":"275.75px","width":"407.65px","height":"91.7px","nomeInstancia":"MovieClips/transicao_42_0","classe":"transicao_42_0","nome":"elm01_02_42_0"},{"nome":"elm01_02_42_1","tipo":"personagem","x":"0px","y":"0px","width":"1016px","height":"659px","nomeInstancia":"MovieClips/animaP42","classe":"animaP42"}]},{"desenhos":[{"tipo":"img","x":"217.3px","y":"362.95px","width":"256.45px","height":"89.55px","nomeInstancia":"MovieClips/transicao_43_0","classe":"transicao_43_0","nome":"elm01_02_43_0"},{"tipo":"img","x":"112.55px","y":"275.75px","width":"407.65px","height":"91.7px","nomeInstancia":"MovieClips/transicao_42_0","classe":"transicao_42_0","nome":"elm01_02_42_0"},{"nome":"elm01_02_42_1","tipo":"personagem","x":"0px","y":"0px","width":"1016px","height":"659px","nomeInstancia":"MovieClips/animaP42","classe":"animaP42"}]},{"desenhos":[{"tipo":"img","x":"113.35px","y":"201.3px","width":"650.05px","height":"258.7px","nomeInstancia":"MovieClips/telaInfo44","classe":"telaInfo44","nome":"elm01_02_44_0"},{"tipo":"img","x":"583.85px","y":"298.7px","width":"343.15px","height":"63.65px","nomeInstancia":"MovieClips/textConvertido_44_2","classe":"textConvertido_44_2","nome":"elm01_02_44_1"},{"tipo":"img","x":"583.85px","y":"392.7px","width":"278.15px","height":"43.1px","nomeInstancia":"MovieClips/textConvertido_44_1","classe":"textConvertido_44_1","nome":"elm01_02_44_2"},{"tipo":"img","x":"82.75px","y":"350.95px","width":"434.8px","height":"41.75px","nomeInstancia":"MovieClips/transicao_44_3","classe":"transicao_44_3","nome":"elm01_02_44_3"}]},{"desenhos":[{"tipo":"img","x":"254.9px","y":"201.3px","width":"706.4px","height":"258.7px","nomeInstancia":"MovieClips/telaInfo45","classe":"telaInfo45","nome":"elm01_02_45_0"},{"tipo":"img","x":"94.85px","y":"286.7px","width":"328.15px","height":"84.2px","nomeInstancia":"MovieClips/textConvertido_45_2","classe":"textConvertido_45_2","nome":"elm01_02_45_1"},{"tipo":"img","x":"94.85px","y":"392.65px","width":"349.15px","height":"22.55px","nomeInstancia":"MovieClips/textConvertido_45_1","classe":"textConvertido_45_1","nome":"elm01_02_45_2"},{"tipo":"img","x":"481.6px","y":"294.25px","width":"467.5px","height":"120.95px","nomeInstancia":"MovieClips/transicao_45_3","classe":"transicao_45_3","nome":"elm01_02_45_3"}]},{"desenhos":[{"tipo":"img","x":"118.35px","y":"201.3px","width":"742.55px","height":"260.85px","nomeInstancia":"MovieClips/telaInfo46","classe":"telaInfo46","nome":"elm01_02_46_0"},{"tipo":"img","x":"595.85px","y":"306.7px","width":"273.15px","height":"43.1px","nomeInstancia":"MovieClips/textConvertido_46_2","classe":"textConvertido_46_2","nome":"elm01_02_46_1"},{"tipo":"img","x":"595.85px","y":"371.7px","width":"273.15px","height":"43.1px","nomeInstancia":"MovieClips/textConvertido_46_1","classe":"textConvertido_46_1","nome":"elm01_02_46_2"},{"tipo":"img","x":"111.75px","y":"295.5px","width":"426.45px","height":"157.45px","nomeInstancia":"MovieClips/transicao_46_3","classe":"transicao_46_3","nome":"elm01_02_46_3"}]},{"desenhos":[{"tipo":"img","x":"104.75px","y":"277.75px","width":"420.25px","height":"112.25px","nomeInstancia":"MovieClips/transicao_47_0","classe":"transicao_47_0","nome":"elm01_02_47_0"},{"nome":"elm01_02_47_1","tipo":"personagem","x":"0px","y":"0px","width":"1016px","height":"659px","nomeInstancia":"MovieClips/animaP47","classe":"animaP47"}]},{"desenhos":[{"tipo":"img","x":"149.9px","y":"385.9px","width":"325.95px","height":"99.45px","nomeInstancia":"MovieClips/transicao_48_0","classe":"transicao_48_0","nome":"elm01_02_48_0"},{"tipo":"img","x":"104.75px","y":"277.75px","width":"420.25px","height":"112.25px","nomeInstancia":"MovieClips/transicao_47_0","classe":"transicao_47_0","nome":"elm01_02_47_0"},{"nome":"elm01_02_47_1","tipo":"personagem","x":"0px","y":"0px","width":"1016px","height":"659px","nomeInstancia":"MovieClips/animaP47","classe":"animaP47"}]},{"desenhos":[{"tipo":"img","x":"448.95px","y":"246.7px","width":"443.15px","height":"104.75px","nomeInstancia":"MovieClips/textConvertido_49_0","classe":"textConvertido_49_0","nome":"elm01_02_49_0"},{"nome":"elm01_02_49_1","tipo":"png","x":"0px","y":"0px","width":"1016px","height":"659px","nomeInstancia":"MovieClips/anima49","classe":"anima49"}]},{"desenhos":[{"tipo":"img","x":"448.95px","y":"371.3px","width":"443.15px","height":"63.65px","nomeInstancia":"MovieClips/textConvertido_50_0","classe":"textConvertido_50_0","nome":"elm01_02_50_0"},{"tipo":"img","x":"448.95px","y":"246.7px","width":"443.15px","height":"104.75px","nomeInstancia":"MovieClips/textConvertido_49_0","classe":"textConvertido_49_0","nome":"elm01_02_49_0"},{"nome":"elm01_02_49_1","tipo":"png","x":"0px","y":"0px","width":"1016px","height":"659px","nomeInstancia":"MovieClips/anima49","classe":"anima49"}]},{"desenhos":[{"tipo":"img","x":"448.95px","y":"454.8px","width":"451.15px","height":"43.1px","nomeInstancia":"MovieClips/textConvertido_51_0","classe":"textConvertido_51_0","nome":"elm01_02_51_0"},{"tipo":"img","x":"448.95px","y":"371.3px","width":"443.15px","height":"63.65px","nomeInstancia":"MovieClips/textConvertido_50_0","classe":"textConvertido_50_0","nome":"elm01_02_50_0"},{"tipo":"img","x":"448.95px","y":"246.7px","width":"443.15px","height":"104.75px","nomeInstancia":"MovieClips/textConvertido_49_0","classe":"textConvertido_49_0","nome":"elm01_02_49_0"},{"nome":"elm01_02_49_1","tipo":"png","x":"0px","y":"0px","width":"1016px","height":"659px","nomeInstancia":"MovieClips/anima49","classe":"anima49"}]},{"desenhos":[{"tipo":"img","x":"42px","y":"201.4px","width":"953.1px","height":"408.45px","nomeInstancia":"MovieClips/opcoes52","classe":"opcoes52","nome":"elm01_02_52_0"},{"tipo":"img","x":"42px","y":"280.25px","width":"452.25px","height":"329.05px","nomeInstancia":"MovieClips/Symbol 1 copy 5","classe":"Symbol 1 copy 5","nome":"elm01_02_52_1"},{"tipo":"img","x":"42px","y":"205.1px","width":"932.05px","height":"63.65px","nomeInstancia":"MovieClips/textConvertido_52_2","classe":"textConvertido_52_2","nome":"elm01_02_52_2"},{"tipo":"img","x":"395.05px","y":"123.25px","width":"225.9px","height":"74.55px","nomeInstancia":"MovieClips/transicao_52_3","classe":"transicao_52_3","nome":"elm01_02_52_3"}]}]}