{"config":{"convencoes":"maa00","label":"Mecanização Agrícola","principal":"wbtmaa","siglafla":"maa","corNavegacao":"#00432C","corTopico":"","corFundo":"#FBFFD5","temNota":true,"urlms":"engine!proxy.action"},"oas":[{"label":"Convenções","sigla":"maa00","teste":true,"arquivos":[{"nome":"Convenções","sigla":"_00","tipoNavegacao":"convencoes","demo":false,"moldura":"","navegacao":"","totalFrames":1}],"numTotalFrames":1},{"label":"Mecanização Agrícola","sigla":"maa01","teste":true,"arquivos":[{"nome":"Introdução","sigla":"_00","tipoNavegacao":"misto","demo":false,"moldura":"","navegacao":"","totalFrames":8},{"nome":"Objetivos","sigla":"_01","tipoNavegacao":"misto","demo":false,"moldura":"","navegacao":"","totalFrames":1},{"nome":"Histórico e conceitos","sigla":"_02","tipoNavegacao":"misto","demo":false,"moldura":"","navegacao":"","totalFrames":14},{"nome":"Reflexão sobre a mecanização e seus efeitos","sigla":"_03","tipoNavegacao":"misto","demo":false,"moldura":"","navegacao":"","totalFrames":46},{"nome":"O aumento da produção agrícola após a mecanização","sigla":"_04","tipoNavegacao":"misto","demo":false,"moldura":"","navegacao":"","totalFrames":21},{"nome":"Os efeitos no campo a partir da inserção das máquinas agrícolas","sigla":"_05","tipoNavegacao":"misto","demo":false,"moldura":"","navegacao":"","totalFrames":20},{"nome":"A exigência de conhecimento para trabalhar no campo","sigla":"_06","tipoNavegacao":"misto","demo":false,"moldura":"","navegacao":"","totalFrames":34}],"numTotalFrames":144},{"label":"Segurança","sigla":"maa02","teste":true,"arquivos":[{"nome":"Introdução","sigla":"_00","tipoNavegacao":"misto","demo":false,"moldura":"","navegacao":"","totalFrames":3},{"nome":"Objetivos","sigla":"_01","tipoNavegacao":"misto","demo":false,"moldura":"","navegacao":"","totalFrames":1},{"nome":"Segurança no trabalho com máquinas e equipamentos","sigla":"_02","tipoNavegacao":"misto","demo":false,"moldura":"","navegacao":"","totalFrames":39},{"nome":"Instalações e dispositivos elétricos","sigla":"_03","tipoNavegacao":"misto","demo":false,"moldura":"","navegacao":"","totalFrames":29},{"nome":"Riscos que dizem respeito ao ambiente trabalho","sigla":"_04","tipoNavegacao":"misto","demo":false,"moldura":"","navegacao":"","totalFrames":30},{"nome":"Riscos referentes ao trator","sigla":"_05","tipoNavegacao":"misto","demo":false,"moldura":"","navegacao":"","totalFrames":12},{"nome":"Manutenção, inspeção, ajustes e reparos","sigla":"_06","tipoNavegacao":"misto","demo":false,"moldura":"","navegacao":"","totalFrames":19},{"nome":"Riscos relacionados aos fatores humanos","sigla":"_07","tipoNavegacao":"misto","demo":false,"moldura":"","navegacao":"","totalFrames":13},{"nome":"Ações preventivas","sigla":"_08","tipoNavegacao":"misto","demo":false,"moldura":"","navegacao":"","totalFrames":30}],"numTotalFrames":176},{"label":"Máquinas e Implementos","sigla":"maa03","teste":true,"arquivos":[{"nome":"Introdução","sigla":"_00","tipoNavegacao":"misto","demo":false,"moldura":"","navegacao":"","totalFrames":4},{"nome":"Objetivos","sigla":"_01","tipoNavegacao":"misto","demo":false,"moldura":"","navegacao":"","totalFrames":1},{"nome":"Tratores agrícolas e manutenção","sigla":"_02","tipoNavegacao":"misto","demo":false,"moldura":"","navegacao":"","totalFrames":25},{"nome":"Regulagem e acoplamento","sigla":"_03","tipoNavegacao":"misto","demo":false,"moldura":"","navegacao":"","totalFrames":12},{"nome":"Sistema de direcionamento","sigla":"_04","tipoNavegacao":"misto","demo":false,"moldura":"","navegacao":"","totalFrames":20},{"nome":"Tração animal e implementos","sigla":"_05","tipoNavegacao":"misto","demo":false,"moldura":"","navegacao":"","totalFrames":12},{"nome":"Sistema de gerenciamento eletrônico e controle remoto","sigla":"_06","tipoNavegacao":"misto","demo":false,"moldura":"","navegacao":"","totalFrames":23}],"numTotalFrames":97},{"label":"Tração mecânica","sigla":"maa04","teste":true,"arquivos":[{"nome":"Introdução","sigla":"_00","tipoNavegacao":"misto","demo":false,"moldura":"","navegacao":"","totalFrames":2},{"nome":"Objetivos","sigla":"_01","tipoNavegacao":"misto","demo":false,"moldura":"","navegacao":"","totalFrames":1},{"nome":"Conceitos e fundamentos","sigla":"_02","tipoNavegacao":"misto","demo":false,"moldura":"","navegacao":"","totalFrames":18},{"nome":"A tração mecânica como alternativa no trabalho agrícola","sigla":"_03","tipoNavegacao":"misto","demo":false,"moldura":"","navegacao":"","totalFrames":20},{"nome":"Manutenção, inspeção, ajustes e reparos","sigla":"_04","tipoNavegacao":"misto","demo":false,"moldura":"","navegacao":"","totalFrames":25},{"nome":"Sinalização conforme a NR 12","sigla":"_05","tipoNavegacao":"misto","demo":false,"moldura":"","navegacao":"","totalFrames":13},{"nome":"Dispositivo de partida, acionamento e parada","sigla":"_06","tipoNavegacao":"misto","demo":false,"moldura":"","navegacao":"","totalFrames":13}],"numTotalFrames":92},{"label":"Operações agrícolas","sigla":"maa05","teste":true,"arquivos":[{"nome":"Introdução","sigla":"_00","tipoNavegacao":"misto","demo":false,"moldura":"","navegacao":"","totalFrames":2},{"nome":"Objetivos","sigla":"_01","tipoNavegacao":"misto","demo":false,"moldura":"","navegacao":"","totalFrames":1},{"nome":"Rendimento operacional e custos","sigla":"_02","tipoNavegacao":"misto","demo":false,"moldura":"","navegacao":"","totalFrames":30},{"nome":"Treinamento do operador","sigla":"_03","tipoNavegacao":"misto","demo":false,"moldura":"","navegacao":"","totalFrames":26},{"nome":"Aspecto ergonômico","sigla":"_04","tipoNavegacao":"misto","demo":false,"moldura":"","navegacao":"","totalFrames":53},{"nome":"Os cuidados antes do uso das máquinas","sigla":"_05","tipoNavegacao":"misto","demo":false,"moldura":"","navegacao":"","totalFrames":10},{"nome":"Mecanismo de acesso às máquinas","sigla":"_06","tipoNavegacao":"misto","demo":false,"moldura":"","navegacao":"","totalFrames":13}],"numTotalFrames":135},{"label":"Ferramentas e equipamentos","sigla":"maa06","teste":true,"arquivos":[{"nome":"Introdução","sigla":"_00","tipoNavegacao":"misto","demo":false,"moldura":"","navegacao":"","totalFrames":3},{"nome":"Objetivos","sigla":"_01","tipoNavegacao":"misto","demo":false,"moldura":"","navegacao":"","totalFrames":1},{"nome":"Tipos de ferramentas e equipamentos","sigla":"_02","tipoNavegacao":"misto","demo":false,"moldura":"","navegacao":"","totalFrames":18},{"nome":"Peças básicas de reposição","sigla":"_03","tipoNavegacao":"misto","demo":false,"moldura":"","navegacao":"","totalFrames":16},{"nome":"Uso de EPIs","sigla":"_04","tipoNavegacao":"misto","demo":false,"moldura":"","navegacao":"","totalFrames":16},{"nome":"Manual de instruções","sigla":"_05","tipoNavegacao":"misto","demo":false,"moldura":"","navegacao":"","totalFrames":14},{"nome":"Processo evolutivo das máquinas e dos equipamentos","sigla":"_06","tipoNavegacao":"misto","demo":false,"moldura":"","navegacao":"","totalFrames":19}],"numTotalFrames":87}]}