{"config":{"convencoes":"elm00","label":"Eletromagnetismo","principal":"wbtelm","siglafla":"elm","corNavegacao":"#112959","corTopico":"#F2EAE4","corFundo":"#FFFFFF","temNota":true,"urlms":"engine!proxy.action"},"oas":[{"label":"Convenções","sigla":"elm00","teste":true,"arquivos":[{"nome":"Convenções","sigla":"_00","tipoNavegacao":"convencoes","demo":false,"moldura":"","navegacao":"","totalFrames":1}],"numTotalFrames":1},{"label":"Magnetismo","sigla":"elm01","teste":true,"arquivos":[{"nome":"Introdução","sigla":"_00","tipoNavegacao":"misto","demo":false,"moldura":"","navegacao":"","totalFrames":10},{"nome":"Importância do magnetismo e do eletromagnetismo","sigla":"_01","tipoNavegacao":"misto","demo":false,"moldura":"","navegacao":"","totalFrames":12},{"nome":"Ímãs","sigla":"_02","tipoNavegacao":"misto","demo":false,"moldura":"","navegacao":"","totalFrames":52},{"nome":"Campo magnético","sigla":"_03","tipoNavegacao":"misto","demo":false,"moldura":"","navegacao":"","totalFrames":25},{"nome":"Fluxo magnético","sigla":"_04","tipoNavegacao":"misto","demo":false,"moldura":"","navegacao":"","totalFrames":18}],"numTotalFrames":117},{"label":"Eletromagnetismo","sigla":"elm02","teste":true,"arquivos":[{"nome":"Objetivos","sigla":"_00","tipoNavegacao":"misto","demo":false,"moldura":"","navegacao":"","totalFrames":1},{"nome":"Campo magnético criado por uma corrente elétrica","sigla":"_01","tipoNavegacao":"misto","demo":false,"moldura":"","navegacao":"","totalFrames":39},{"nome":"Regra da mão direita","sigla":"_02","tipoNavegacao":"misto","demo":false,"moldura":"","navegacao":"","totalFrames":13},{"nome":"Espiras e solenoides","sigla":"_03","tipoNavegacao":"misto","demo":false,"moldura":"","navegacao":"","totalFrames":46},{"nome":"Eletroímãs","sigla":"_04","tipoNavegacao":"misto","demo":false,"moldura":"","navegacao":"","totalFrames":35}],"numTotalFrames":134},{"label":"Força magnética","sigla":"elm03","teste":true,"arquivos":[{"nome":"Objetivos","sigla":"_00","tipoNavegacao":"misto","demo":false,"moldura":"","navegacao":"","totalFrames":1},{"nome":"Condutor conduzindo corrente em um campo magnético","sigla":"_01","tipoNavegacao":"misto","demo":false,"moldura":"","navegacao":"","totalFrames":28},{"nome":"Interação entre correntes","sigla":"_02","tipoNavegacao":"misto","demo":false,"moldura":"","navegacao":"","totalFrames":18},{"nome":"Funcionamento do galvanômetro","sigla":"_03","tipoNavegacao":"misto","demo":false,"moldura":"","navegacao":"","totalFrames":9},{"nome":"Funcionamento do motor cc (motor de corrente contínua)","sigla":"_04","tipoNavegacao":"misto","demo":false,"moldura":"","navegacao":"","totalFrames":18}],"numTotalFrames":74},{"label":"Tensão de indução eletromagnética","sigla":"elm04","teste":true,"arquivos":[{"nome":"Objetivos","sigla":"_00","tipoNavegacao":"misto","demo":false,"moldura":"","navegacao":"","totalFrames":1},{"nome":"Lei de Faraday","sigla":"_01","tipoNavegacao":"misto","demo":false,"moldura":"","navegacao":"","totalFrames":52},{"nome":"Lei de Lenz","sigla":"_02","tipoNavegacao":"misto","demo":false,"moldura":"","navegacao":"","totalFrames":24},{"nome":"Gerador","sigla":"_03","tipoNavegacao":"misto","demo":false,"moldura":"","navegacao":"","totalFrames":13},{"nome":"Transformador","sigla":"_04","tipoNavegacao":"misto","demo":false,"moldura":"","navegacao":"","totalFrames":17}],"numTotalFrames":107},{"label":"Materiais magnéticos","sigla":"elm05","teste":true,"arquivos":[{"nome":"Objetivos","sigla":"_00","tipoNavegacao":"misto","demo":false,"moldura":"","navegacao":"","totalFrames":1},{"nome":"Curvas de magnetização ","sigla":"_01","tipoNavegacao":"misto","demo":false,"moldura":"","navegacao":"","totalFrames":51},{"nome":"Permeabilidade magnética","sigla":"_02","tipoNavegacao":"misto","demo":false,"moldura":"","navegacao":"","totalFrames":13},{"nome":"Histerese magnética ","sigla":"_03","tipoNavegacao":"misto","demo":false,"moldura":"","navegacao":"","totalFrames":17},{"nome":"Classificação dos materiais magnéticos","sigla":"_04","tipoNavegacao":"misto","demo":false,"moldura":"","navegacao":"","totalFrames":16}],"numTotalFrames":98},{"label":"Circuito magnético","sigla":"elm06","teste":true,"arquivos":[{"nome":"Objetivos","sigla":"_00","tipoNavegacao":"misto","demo":false,"moldura":"","navegacao":"","totalFrames":1},{"nome":"Relutância ","sigla":"_01","tipoNavegacao":"misto","demo":false,"moldura":"","navegacao":"","totalFrames":30},{"nome":"Força magnetomotriz (ampère-espira) ","sigla":"_02","tipoNavegacao":"misto","demo":false,"moldura":"","navegacao":"","totalFrames":10},{"nome":"Leis de Ohm para circuitos magnéticos ","sigla":"_03","tipoNavegacao":"misto","demo":false,"moldura":"","navegacao":"","totalFrames":22},{"nome":"Correntes de Foucault ","sigla":"_04","tipoNavegacao":"misto","demo":false,"moldura":"","navegacao":"","totalFrames":13}],"numTotalFrames":76},{"label":"Indutância ","sigla":"elm07","teste":true,"arquivos":[{"nome":"Objetivos","sigla":"_00","tipoNavegacao":"misto","demo":false,"moldura":"","navegacao":"","totalFrames":1},{"nome":"Autoindutância ","sigla":"_01","tipoNavegacao":"misto","demo":false,"moldura":"","navegacao":"","totalFrames":45},{"nome":"Indutância mútua ","sigla":"_02","tipoNavegacao":"misto","demo":false,"moldura":"","navegacao":"","totalFrames":13},{"nome":"Reatância indutiva ","sigla":"_03","tipoNavegacao":"misto","demo":false,"moldura":"","navegacao":"","totalFrames":9},{"nome":"Funcionamento das bobinas ","sigla":"_04","tipoNavegacao":"misto","demo":false,"moldura":"","navegacao":"","totalFrames":31}],"numTotalFrames":99}]}