{"licao":"eba08_06","topico":"06","telas":[{"desenhos":[{"tipo":"img","x":"251.35px","y":"253.3px","width":"315.95px","height":"72.35px","nomeInstancia":"transicao_1_0","classe":"transicao_1_0","nome":"eba08_06_1_0"},{"nome":"eba08_06_1_1","tipo":"personagem","x":"0px","y":"0px","width":"1016px","height":"659px","nomeInstancia":"MovieClips/animaP1","classe":"animaP1"}]},{"desenhos":[{"tipo":"img","x":"133.35px","y":"320.65px","width":"384.55px","height":"131.95px","nomeInstancia":"transicao_2_0","classe":"transicao_2_0","nome":"eba08_06_2_0"},{"tipo":"img","x":"251.35px","y":"253.3px","width":"315.95px","height":"72.35px","nomeInstancia":"transicao_1_0","classe":"transicao_1_0","nome":"eba08_06_1_0"},{"nome":"eba08_06_1_1","tipo":"personagem","x":"0px","y":"0px","width":"1016px","height":"659px","nomeInstancia":"MovieClips/animaP1","classe":"animaP1"}]},{"desenhos":[{"tipo":"img","x":"586.25px","y":"350.3px","width":"390.75px","height":"43.1px","nomeInstancia":"textConvertido_3_0","classe":"textConvertido_3_0","nome":"eba08_06_3_0"},{"tipo":"img","x":"586.25px","y":"249.8px","width":"250.55px","height":"72.85px","nomeInstancia":"transicao_3_2","classe":"transicao_3_2","nome":"eba08_06_3_1"},{"tipo":"img","x":"61.7px","y":"287.9px","width":"454.85px","height":"201.15px","nomeInstancia":"transicao_3_1","classe":"transicao_3_1","nome":"eba08_06_3_2"}]},{"desenhos":[{"tipo":"img","x":"586.25px","y":"412.45px","width":"390.75px","height":"43.1px","nomeInstancia":"textConvertido_4_0","classe":"textConvertido_4_0","nome":"eba08_06_4_0"},{"tipo":"img","x":"586.25px","y":"350.3px","width":"390.75px","height":"43.1px","nomeInstancia":"textConvertido_3_0","classe":"textConvertido_3_0","nome":"eba08_06_3_0"},{"tipo":"img","x":"586.25px","y":"249.8px","width":"250.55px","height":"72.85px","nomeInstancia":"transicao_3_2","classe":"transicao_3_2","nome":"eba08_06_3_1"},{"tipo":"img","x":"61.7px","y":"287.9px","width":"454.85px","height":"201.15px","nomeInstancia":"transicao_3_1","classe":"transicao_3_1","nome":"eba08_06_3_2"}]},{"desenhos":[{"tipo":"img","x":"586.25px","y":"474.6px","width":"390.75px","height":"22.55px","nomeInstancia":"textConvertido_5_0","classe":"textConvertido_5_0","nome":"eba08_06_5_0"},{"tipo":"img","x":"586.25px","y":"412.45px","width":"390.75px","height":"43.1px","nomeInstancia":"textConvertido_4_0","classe":"textConvertido_4_0","nome":"eba08_06_4_0"},{"tipo":"img","x":"586.25px","y":"350.3px","width":"390.75px","height":"43.1px","nomeInstancia":"textConvertido_3_0","classe":"textConvertido_3_0","nome":"eba08_06_3_0"},{"tipo":"img","x":"586.25px","y":"249.8px","width":"250.55px","height":"72.85px","nomeInstancia":"transicao_3_2","classe":"transicao_3_2","nome":"eba08_06_3_1"},{"tipo":"img","x":"61.7px","y":"287.9px","width":"454.85px","height":"201.15px","nomeInstancia":"transicao_3_1","classe":"transicao_3_1","nome":"eba08_06_3_2"}]},{"desenhos":[{"tipo":"img","x":"65px","y":"278.15px","width":"368.35px","height":"63.65px","nomeInstancia":"textConvertido_6_0","classe":"textConvertido_6_0","nome":"eba08_06_6_0"},{"tipo":"img","x":"481.95px","y":"263.85px","width":"454.85px","height":"201.15px","nomeInstancia":"transicao_6_1","classe":"transicao_6_1","nome":"eba08_06_6_1"}]},{"desenhos":[{"tipo":"img","x":"56.85px","y":"191.1px","width":"675.25px","height":"392.7px","nomeInstancia":"MovieClips/telaInfo71570467166598","classe":"telaInfo71570467166598","nome":"eba08_06_7_0"},{"tipo":"img","x":"65px","y":"374.4px","width":"371.35px","height":"84.2px","nomeInstancia":"textConvertido_7_1","classe":"textConvertido_7_1","nome":"eba08_06_7_1"},{"tipo":"img","x":"65px","y":"278.15px","width":"368.35px","height":"63.65px","nomeInstancia":"textConvertido_6_0","classe":"textConvertido_6_0","nome":"eba08_06_6_0"},{"tipo":"img","x":"481.95px","y":"263.85px","width":"454.85px","height":"201.15px","nomeInstancia":"transicao_6_1","classe":"transicao_6_1","nome":"eba08_06_6_1"}]},{"desenhos":[{"tipo":"img","x":"566.5px","y":"259.05px","width":"368.35px","height":"63.65px","nomeInstancia":"textConvertido_8_0","classe":"textConvertido_8_0","nome":"eba08_06_8_0"},{"tipo":"img","x":"61.7px","y":"281.9px","width":"454.85px","height":"201.15px","nomeInstancia":"transicao_8_1","classe":"transicao_8_1","nome":"eba08_06_8_1"}]},{"desenhos":[{"tipo":"img","x":"566.5px","y":"346.8px","width":"371.35px","height":"63.65px","nomeInstancia":"textConvertido_9_0","classe":"textConvertido_9_0","nome":"eba08_06_9_0"},{"tipo":"img","x":"566.5px","y":"259.05px","width":"368.35px","height":"63.65px","nomeInstancia":"textConvertido_8_0","classe":"textConvertido_8_0","nome":"eba08_06_8_0"},{"tipo":"img","x":"61.7px","y":"281.9px","width":"454.85px","height":"201.15px","nomeInstancia":"transicao_8_1","classe":"transicao_8_1","nome":"eba08_06_8_1"}]},{"desenhos":[{"tipo":"img","x":"566.5px","y":"434.55px","width":"342.25px","height":"63.65px","nomeInstancia":"textConvertido_10_0","classe":"textConvertido_10_0","nome":"eba08_06_10_0"},{"tipo":"img","x":"566.5px","y":"346.8px","width":"371.35px","height":"63.65px","nomeInstancia":"textConvertido_9_0","classe":"textConvertido_9_0","nome":"eba08_06_9_0"},{"tipo":"img","x":"566.5px","y":"259.05px","width":"368.35px","height":"63.65px","nomeInstancia":"textConvertido_8_0","classe":"textConvertido_8_0","nome":"eba08_06_8_0"},{"tipo":"img","x":"61.7px","y":"281.9px","width":"454.85px","height":"201.15px","nomeInstancia":"transicao_8_1","classe":"transicao_8_1","nome":"eba08_06_8_1"}]},{"desenhos":[{"tipo":"img","x":"242.85px","y":"258.55px","width":"312.8px","height":"93.8px","nomeInstancia":"transicao_11_0","classe":"transicao_11_0","nome":"eba08_06_11_0"},{"nome":"eba08_06_11_1","tipo":"personagem","x":"0px","y":"0px","width":"1016px","height":"659px","nomeInstancia":"MovieClips/animaP11","classe":"animaP11"}]},{"desenhos":[{"tipo":"img","x":"510.35px","y":"289.15px","width":"379.35px","height":"84.2px","nomeInstancia":"textConvertido_12_0","classe":"textConvertido_12_0","nome":"eba08_06_12_0"},{"tipo":"img","x":"196.45px","y":"229.85px","width":"224px","height":"284.65px","nomeInstancia":"transicao_12_1","classe":"transicao_12_1","nome":"eba08_06_12_1"}]},{"desenhos":[{"tipo":"img","x":"192.1px","y":"145.05px","width":"764.3px","height":"445.8px","nomeInstancia":"MovieClips/telaInfo131570467252975","classe":"telaInfo131570467252975","nome":"eba08_06_13_0"},{"tipo":"img","x":"510.35px","y":"402px","width":"371.35px","height":"84.2px","nomeInstancia":"textConvertido_13_1","classe":"textConvertido_13_1","nome":"eba08_06_13_1"},{"tipo":"img","x":"510.35px","y":"289.15px","width":"379.35px","height":"84.2px","nomeInstancia":"textConvertido_12_0","classe":"textConvertido_12_0","nome":"eba08_06_12_0"},{"tipo":"img","x":"196.45px","y":"229.85px","width":"224px","height":"284.65px","nomeInstancia":"transicao_12_1","classe":"transicao_12_1","nome":"eba08_06_12_1"}]},{"desenhos":[{"tipo":"img","x":"273.1px","y":"227.05px","width":"315.1px","height":"70.4px","nomeInstancia":"transicao_14_0","classe":"transicao_14_0","nome":"eba08_06_14_0"},{"tipo":"img","x":"382.75px","y":"127.7px","width":"250.55px","height":"72.85px","nomeInstancia":"transicao_14_2","classe":"transicao_14_2","nome":"eba08_06_14_1"},{"nome":"eba08_06_14_2","tipo":"personagem","x":"0px","y":"0px","width":"1016px","height":"659px","nomeInstancia":"MovieClips/animaP14","classe":"animaP14"}]},{"desenhos":[{"tipo":"img","x":"181.45px","y":"293.1px","width":"355.75px","height":"79.2px","nomeInstancia":"transicao_15_0","classe":"transicao_15_0","nome":"eba08_06_15_0"},{"tipo":"img","x":"273.1px","y":"227.05px","width":"315.1px","height":"70.4px","nomeInstancia":"transicao_14_0","classe":"transicao_14_0","nome":"eba08_06_14_0"},{"tipo":"img","x":"382.75px","y":"127.7px","width":"250.55px","height":"72.85px","nomeInstancia":"transicao_14_2","classe":"transicao_14_2","nome":"eba08_06_14_1"},{"nome":"eba08_06_14_2","tipo":"personagem","x":"0px","y":"0px","width":"1016px","height":"659px","nomeInstancia":"MovieClips/animaP14","classe":"animaP14"}]},{"desenhos":[{"tipo":"img","x":"181.45px","y":"367.9px","width":"355.75px","height":"79.2px","nomeInstancia":"transicao_16_0","classe":"transicao_16_0","nome":"eba08_06_16_0"},{"tipo":"img","x":"181.45px","y":"293.1px","width":"355.75px","height":"79.2px","nomeInstancia":"transicao_15_0","classe":"transicao_15_0","nome":"eba08_06_15_0"},{"tipo":"img","x":"273.1px","y":"227.05px","width":"315.1px","height":"70.4px","nomeInstancia":"transicao_14_0","classe":"transicao_14_0","nome":"eba08_06_14_0"},{"tipo":"img","x":"382.75px","y":"127.7px","width":"250.55px","height":"72.85px","nomeInstancia":"transicao_14_2","classe":"transicao_14_2","nome":"eba08_06_14_1"},{"nome":"eba08_06_14_2","tipo":"personagem","x":"0px","y":"0px","width":"1016px","height":"659px","nomeInstancia":"MovieClips/animaP14","classe":"animaP14"}]},{"desenhos":[{"tipo":"img","x":"565.1px","y":"278.3px","width":"363.35px","height":"43.1px","nomeInstancia":"textConvertido_17_0","classe":"textConvertido_17_0","nome":"eba08_06_17_0"},{"tipo":"img","x":"99.3px","y":"249.75px","width":"398.35px","height":"253.5px","nomeInstancia":"transicao_17_1","classe":"transicao_17_1","nome":"eba08_06_17_1"}]},{"desenhos":[{"tipo":"img","x":"565.1px","y":"340px","width":"371.35px","height":"43.1px","nomeInstancia":"textConvertido_18_0","classe":"textConvertido_18_0","nome":"eba08_06_18_0"},{"tipo":"img","x":"565.1px","y":"278.3px","width":"363.35px","height":"43.1px","nomeInstancia":"textConvertido_17_0","classe":"textConvertido_17_0","nome":"eba08_06_17_0"},{"tipo":"img","x":"99.3px","y":"249.75px","width":"398.35px","height":"253.5px","nomeInstancia":"transicao_17_1","classe":"transicao_17_1","nome":"eba08_06_17_1"}]},{"desenhos":[{"tipo":"img","x":"283.95px","y":"191.1px","width":"681.35px","height":"395.75px","nomeInstancia":"MovieClips/telaInfo191570467310308","classe":"telaInfo191570467310308","nome":"eba08_06_19_0"},{"tipo":"img","x":"565.1px","y":"401.7px","width":"371.35px","height":"63.65px","nomeInstancia":"textConvertido_19_1","classe":"textConvertido_19_1","nome":"eba08_06_19_1"},{"tipo":"img","x":"565.1px","y":"340px","width":"371.35px","height":"43.1px","nomeInstancia":"textConvertido_18_0","classe":"textConvertido_18_0","nome":"eba08_06_18_0"},{"tipo":"img","x":"565.1px","y":"278.3px","width":"363.35px","height":"43.1px","nomeInstancia":"textConvertido_17_0","classe":"textConvertido_17_0","nome":"eba08_06_17_0"},{"tipo":"img","x":"99.3px","y":"249.75px","width":"398.35px","height":"253.5px","nomeInstancia":"transicao_17_1","classe":"transicao_17_1","nome":"eba08_06_17_1"}]},{"desenhos":[{"tipo":"img","x":"95.65px","y":"319.5px","width":"363.35px","height":"63.65px","nomeInstancia":"textConvertido_20_0","classe":"textConvertido_20_0","nome":"eba08_06_20_0"},{"tipo":"img","x":"95.65px","y":"240.7px","width":"220.15px","height":"56.3px","nomeInstancia":"transicao_20_2","classe":"transicao_20_2","nome":"eba08_06_20_1"},{"tipo":"img","x":"546.55px","y":"253.05px","width":"398.35px","height":"253.5px","nomeInstancia":"transicao_20_1","classe":"transicao_20_1","nome":"eba08_06_20_2"}]},{"desenhos":[{"tipo":"img","x":"192.2px","y":"401.75px","width":"553.65px","height":"179.75px","nomeInstancia":"MovieClips/hotWord41570467368356","classe":"hotWord41570467368356","nome":"eba08_06_21_0"},{"tipo":"img","x":"95.65px","y":"401.75px","width":"353.7px","height":"22.55px","nomeInstancia":"textConvertido_21_1","classe":"textConvertido_21_1","nome":"eba08_06_21_1"},{"tipo":"img","x":"95.65px","y":"319.5px","width":"363.35px","height":"63.65px","nomeInstancia":"textConvertido_20_0","classe":"textConvertido_20_0","nome":"eba08_06_20_0"},{"tipo":"img","x":"95.65px","y":"240.7px","width":"220.15px","height":"56.3px","nomeInstancia":"transicao_20_2","classe":"transicao_20_2","nome":"eba08_06_20_1"},{"tipo":"img","x":"546.55px","y":"253.05px","width":"398.35px","height":"253.5px","nomeInstancia":"transicao_20_1","classe":"transicao_20_1","nome":"eba08_06_20_2"}]},{"desenhos":[{"tipo":"img","x":"192.2px","y":"401.75px","width":"553.65px","height":"179.75px","nomeInstancia":"MovieClips/hotWord41570467368356","classe":"hotWord41570467368356","nome":"eba08_06_21_0"},{"tipo":"img","x":"95.65px","y":"442.9px","width":"346.25px","height":"63.65px","nomeInstancia":"textConvertido_22_1","classe":"textConvertido_22_1","nome":"eba08_06_22_1"},{"tipo":"img","x":"95.65px","y":"401.75px","width":"353.7px","height":"22.55px","nomeInstancia":"textConvertido_21_1","classe":"textConvertido_21_1","nome":"eba08_06_21_1"},{"tipo":"img","x":"95.65px","y":"319.5px","width":"363.35px","height":"63.65px","nomeInstancia":"textConvertido_20_0","classe":"textConvertido_20_0","nome":"eba08_06_20_0"},{"tipo":"img","x":"95.65px","y":"240.7px","width":"220.15px","height":"56.3px","nomeInstancia":"transicao_20_2","classe":"transicao_20_2","nome":"eba08_06_20_1"},{"tipo":"img","x":"546.55px","y":"253.05px","width":"398.35px","height":"253.5px","nomeInstancia":"transicao_20_1","classe":"transicao_20_1","nome":"eba08_06_20_2"}]},{"desenhos":[{"tipo":"img","x":"601.5px","y":"246.2px","width":"318.15px","height":"84.2px","nomeInstancia":"textConvertido_23_0","classe":"textConvertido_23_0","nome":"eba08_06_23_0"},{"tipo":"img","x":"93.4px","y":"253.05px","width":"398.35px","height":"253.5px","nomeInstancia":"transicao_23_1","classe":"transicao_23_1","nome":"eba08_06_23_1"}]},{"desenhos":[{"tipo":"img","x":"601.5px","y":"350.3px","width":"306.1px","height":"63.65px","nomeInstancia":"textConvertido_24_0","classe":"textConvertido_24_0","nome":"eba08_06_24_0"},{"tipo":"img","x":"601.5px","y":"246.2px","width":"318.15px","height":"84.2px","nomeInstancia":"textConvertido_23_0","classe":"textConvertido_23_0","nome":"eba08_06_23_0"},{"tipo":"img","x":"93.4px","y":"253.05px","width":"398.35px","height":"253.5px","nomeInstancia":"transicao_23_1","classe":"transicao_23_1","nome":"eba08_06_23_1"}]},{"desenhos":[{"tipo":"img","x":"601.5px","y":"433.85px","width":"315.1px","height":"63.65px","nomeInstancia":"textConvertido_25_0","classe":"textConvertido_25_0","nome":"eba08_06_25_0"},{"tipo":"img","x":"601.5px","y":"350.3px","width":"306.1px","height":"63.65px","nomeInstancia":"textConvertido_24_0","classe":"textConvertido_24_0","nome":"eba08_06_24_0"},{"tipo":"img","x":"601.5px","y":"246.2px","width":"318.15px","height":"84.2px","nomeInstancia":"textConvertido_23_0","classe":"textConvertido_23_0","nome":"eba08_06_23_0"},{"tipo":"img","x":"93.4px","y":"253.05px","width":"398.35px","height":"253.5px","nomeInstancia":"transicao_23_1","classe":"transicao_23_1","nome":"eba08_06_23_1"}]},{"desenhos":[{"tipo":"img","x":"119.55px","y":"278.35px","width":"318.15px","height":"63.65px","nomeInstancia":"textConvertido_26_0","classe":"textConvertido_26_0","nome":"eba08_06_26_0"},{"tipo":"img","x":"512.15px","y":"234px","width":"398.35px","height":"253.5px","nomeInstancia":"transicao_26_1","classe":"transicao_26_1","nome":"eba08_06_26_1"}]},{"desenhos":[{"tipo":"img","x":"119.55px","y":"382.45px","width":"306.1px","height":"84.2px","nomeInstancia":"textConvertido_27_0","classe":"textConvertido_27_0","nome":"eba08_06_27_0"},{"tipo":"img","x":"119.55px","y":"278.35px","width":"318.15px","height":"63.65px","nomeInstancia":"textConvertido_26_0","classe":"textConvertido_26_0","nome":"eba08_06_26_0"},{"tipo":"img","x":"512.15px","y":"234px","width":"398.35px","height":"253.5px","nomeInstancia":"transicao_26_1","classe":"transicao_26_1","nome":"eba08_06_26_1"}]},{"desenhos":[{"tipo":"img","x":"447.4px","y":"194.05px","width":"379.3px","height":"91.85px","nomeInstancia":"transicao_28_0","classe":"transicao_28_0","nome":"eba08_06_28_0"},{"nome":"eba08_06_28_1","tipo":"personagem","x":"0px","y":"0px","width":"1016px","height":"659px","nomeInstancia":"MovieClips/animaP28","classe":"animaP28"}]},{"desenhos":[{"tipo":"img","x":"493.8px","y":"279.3px","width":"355.75px","height":"150.2px","nomeInstancia":"transicao_29_0","classe":"transicao_29_0","nome":"eba08_06_29_0"},{"tipo":"img","x":"447.4px","y":"194.05px","width":"379.3px","height":"91.85px","nomeInstancia":"transicao_28_0","classe":"transicao_28_0","nome":"eba08_06_28_0"},{"nome":"eba08_06_28_1","tipo":"personagem","x":"0px","y":"0px","width":"1016px","height":"659px","nomeInstancia":"MovieClips/animaP28","classe":"animaP28"}]},{"desenhos":[{"tipo":"img","x":"473.8px","y":"423.1px","width":"355.75px","height":"108.25px","nomeInstancia":"transicao_30_0","classe":"transicao_30_0","nome":"eba08_06_30_0"},{"tipo":"img","x":"493.8px","y":"279.3px","width":"355.75px","height":"150.2px","nomeInstancia":"transicao_29_0","classe":"transicao_29_0","nome":"eba08_06_29_0"},{"tipo":"img","x":"447.4px","y":"194.05px","width":"379.3px","height":"91.85px","nomeInstancia":"transicao_28_0","classe":"transicao_28_0","nome":"eba08_06_28_0"},{"nome":"eba08_06_28_1","tipo":"personagem","x":"0px","y":"0px","width":"1016px","height":"659px","nomeInstancia":"MovieClips/animaP28","classe":"animaP28"}]},{"desenhos":[{"tipo":"img","x":"63.5px","y":"299.1px","width":"614.3px","height":"282.45px","nomeInstancia":"MovieClips/opcoes_31","classe":"opcoes_31","nome":"eba08_06_31_0"},{"tipo":"img","x":"392.75px","y":"159.15px","width":"230.5px","height":"78.4px","nomeInstancia":"transicao_31_3","classe":"transicao_31_3","nome":"eba08_06_31_1"},{"tipo":"img","x":"640.75px","y":"180.2px","width":"313.4px","height":"391px","nomeInstancia":"transicao_31_1","classe":"transicao_31_1","nome":"eba08_06_31_2"},{"tipo":"img","x":"63.5px","y":"272.45px","width":"547.85px","height":"248.6px","nomeInstancia":"textConvertido_31_2","classe":"textConvertido_31_2","nome":"eba08_06_31_3"}]}]}