{"licao":"eba08_01","topico":"01","telas":[{"desenhos":[{"tipo":"img","x":"430.45px","y":"198.8px","width":"353.35px","height":"70.45px","nomeInstancia":"transicao_1_0","classe":"transicao_1_0","nome":"eba08_01_1_0"},{"nome":"eba08_01_1_1","tipo":"personagem","x":"0px","y":"0px","width":"1016px","height":"659px","nomeInstancia":"animaP1","classe":"animaP1"}]},{"desenhos":[{"tipo":"img","x":"476.65px","y":"264.15px","width":"320px","height":"87.65px","nomeInstancia":"transicao_2_0","classe":"transicao_2_0","nome":"eba08_01_2_0"},{"tipo":"img","x":"430.45px","y":"198.8px","width":"353.35px","height":"70.45px","nomeInstancia":"transicao_1_0","classe":"transicao_1_0","nome":"eba08_01_1_0"},{"nome":"eba08_01_1_1","tipo":"personagem","x":"0px","y":"0px","width":"1016px","height":"659px","nomeInstancia":"animaP1","classe":"animaP1"}]},{"desenhos":[{"tipo":"img","x":"476.65px","y":"346.4px","width":"355.75px","height":"84.65px","nomeInstancia":"transicao_3_0","classe":"transicao_3_0","nome":"eba08_01_3_0"},{"tipo":"img","x":"476.65px","y":"264.15px","width":"320px","height":"87.65px","nomeInstancia":"transicao_2_0","classe":"transicao_2_0","nome":"eba08_01_2_0"},{"tipo":"img","x":"430.45px","y":"198.8px","width":"353.35px","height":"70.45px","nomeInstancia":"transicao_1_0","classe":"transicao_1_0","nome":"eba08_01_1_0"},{"nome":"eba08_01_1_1","tipo":"personagem","x":"0px","y":"0px","width":"1016px","height":"659px","nomeInstancia":"animaP1","classe":"animaP1"}]},{"desenhos":[{"tipo":"img","x":"232.1px","y":"181.05px","width":"421.8px","height":"108.35px","nomeInstancia":"transicao_4_0","classe":"transicao_4_0","nome":"eba08_01_4_0"},{"nome":"eba08_01_4_1","tipo":"personagem","x":"0px","y":"0px","width":"1016px","height":"659px","nomeInstancia":"animaP4","classe":"animaP4"}]},{"desenhos":[{"tipo":"img","x":"277.95px","y":"284.15px","width":"247.5px","height":"103.4px","nomeInstancia":"transicao_5_0","classe":"transicao_5_0","nome":"eba08_01_5_0"},{"tipo":"img","x":"232.1px","y":"181.05px","width":"421.8px","height":"108.35px","nomeInstancia":"transicao_4_0","classe":"transicao_4_0","nome":"eba08_01_4_0"},{"nome":"eba08_01_4_1","tipo":"personagem","x":"0px","y":"0px","width":"1016px","height":"659px","nomeInstancia":"animaP4","classe":"animaP4"}]}]}