{"licao":"eba08_05","topico":"05","telas":[{"desenhos":[{"tipo":"img","x":"480.1px","y":"279.75px","width":"366.5px","height":"43.1px","nomeInstancia":"textConvertido_1_0","classe":"textConvertido_1_0","nome":"eba08_05_1_0"},{"tipo":"img","x":"192.75px","y":"224.25px","width":"189.35px","height":"307.8px","nomeInstancia":"MovieClips/08T26","classe":"08T26","nome":"eba08_05_1_1"}]},{"desenhos":[{"tipo":"img","x":"480.1px","y":"345.35px","width":"359.45px","height":"63.65px","nomeInstancia":"textConvertido_2_0","classe":"textConvertido_2_0","nome":"eba08_05_2_0"},{"tipo":"img","x":"480.1px","y":"279.75px","width":"366.5px","height":"43.1px","nomeInstancia":"textConvertido_1_0","classe":"textConvertido_1_0","nome":"eba08_05_1_0"},{"tipo":"img","x":"192.75px","y":"224.25px","width":"189.35px","height":"307.8px","nomeInstancia":"MovieClips/08T26","classe":"08T26","nome":"eba08_05_1_1"}]},{"desenhos":[{"tipo":"img","x":"480.1px","y":"431.5px","width":"332.4px","height":"63.65px","nomeInstancia":"textConvertido_3_0","classe":"textConvertido_3_0","nome":"eba08_05_3_0"},{"tipo":"img","x":"480.1px","y":"345.35px","width":"359.45px","height":"63.65px","nomeInstancia":"textConvertido_2_0","classe":"textConvertido_2_0","nome":"eba08_05_2_0"},{"tipo":"img","x":"480.1px","y":"279.75px","width":"366.5px","height":"43.1px","nomeInstancia":"textConvertido_1_0","classe":"textConvertido_1_0","nome":"eba08_05_1_0"},{"tipo":"img","x":"192.75px","y":"224.25px","width":"189.35px","height":"307.8px","nomeInstancia":"MovieClips/08T26","classe":"08T26","nome":"eba08_05_1_1"}]},{"desenhos":[{"tipo":"img","x":"134.05px","y":"278.75px","width":"366.5px","height":"63.65px","nomeInstancia":"textConvertido_4_0","classe":"textConvertido_4_0","nome":"eba08_05_4_0"},{"tipo":"img","x":"640.1px","y":"214.25px","width":"189.35px","height":"307.8px","nomeInstancia":"MovieClips/Symbol 1","classe":"Symbol 1","nome":"eba08_05_4_1"}]},{"desenhos":[{"tipo":"img","x":"134.05px","y":"364.9px","width":"359.45px","height":"43.1px","nomeInstancia":"textConvertido_5_0","classe":"textConvertido_5_0","nome":"eba08_05_5_0"},{"tipo":"img","x":"134.05px","y":"278.75px","width":"366.5px","height":"63.65px","nomeInstancia":"textConvertido_4_0","classe":"textConvertido_4_0","nome":"eba08_05_4_0"},{"tipo":"img","x":"640.1px","y":"214.25px","width":"189.35px","height":"307.8px","nomeInstancia":"MovieClips/Symbol 1","classe":"Symbol 1","nome":"eba08_05_4_1"}]},{"desenhos":[{"tipo":"img","x":"134.05px","y":"430.5px","width":"356.45px","height":"43.1px","nomeInstancia":"textConvertido_6_0","classe":"textConvertido_6_0","nome":"eba08_05_6_0"},{"tipo":"img","x":"134.05px","y":"364.9px","width":"359.45px","height":"43.1px","nomeInstancia":"textConvertido_5_0","classe":"textConvertido_5_0","nome":"eba08_05_5_0"},{"tipo":"img","x":"134.05px","y":"278.75px","width":"366.5px","height":"63.65px","nomeInstancia":"textConvertido_4_0","classe":"textConvertido_4_0","nome":"eba08_05_4_0"},{"tipo":"img","x":"640.1px","y":"214.25px","width":"189.35px","height":"307.8px","nomeInstancia":"MovieClips/Symbol 1","classe":"Symbol 1","nome":"eba08_05_4_1"}]},{"desenhos":[{"tipo":"img","x":"406.9px","y":"198.1px","width":"457.15px","height":"71.4px","nomeInstancia":"MovieClips/fala0828a","classe":"fala0828a","nome":"eba08_05_7_0"},{"nome":"eba08_05_7_1","tipo":"personagem","x":"0px","y":"0px","width":"1016px","height":"659px","nomeInstancia":"MovieClips/animaP7","classe":"animaP7"}]},{"desenhos":[{"tipo":"img","x":"488.7px","y":"264.45px","width":"331.85px","height":"86.65px","nomeInstancia":"MovieClips/fala0828b","classe":"fala0828b","nome":"eba08_05_8_0"},{"tipo":"img","x":"406.9px","y":"198.1px","width":"457.15px","height":"71.4px","nomeInstancia":"MovieClips/fala0828a","classe":"fala0828a","nome":"eba08_05_7_0"},{"nome":"eba08_05_7_1","tipo":"personagem","x":"0px","y":"0px","width":"1016px","height":"659px","nomeInstancia":"MovieClips/animaP7","classe":"animaP7"}]},{"desenhos":[{"tipo":"img","x":"283.95px","y":"191.1px","width":"677.35px","height":"392.05px","nomeInstancia":"MovieClips/telaInfo91570461341921","classe":"telaInfo91570461341921","nome":"eba08_05_9_0"},{"tipo":"img","x":"488.3px","y":"346.4px","width":"274.45px","height":"86.65px","nomeInstancia":"MovieClips/fala0828c","classe":"fala0828c","nome":"eba08_05_9_1"},{"tipo":"img","x":"488.7px","y":"264.45px","width":"331.85px","height":"86.65px","nomeInstancia":"MovieClips/fala0828b","classe":"fala0828b","nome":"eba08_05_8_0"},{"tipo":"img","x":"406.9px","y":"198.1px","width":"457.15px","height":"71.4px","nomeInstancia":"MovieClips/fala0828a","classe":"fala0828a","nome":"eba08_05_7_0"},{"nome":"eba08_05_7_1","tipo":"personagem","x":"0px","y":"0px","width":"1016px","height":"659px","nomeInstancia":"MovieClips/animaP7","classe":"animaP7"}]},{"desenhos":[{"tipo":"img","x":"153.7px","y":"274.35px","width":"459.65px","height":"71.4px","nomeInstancia":"MovieClips/fala0829a","classe":"fala0829a","nome":"eba08_05_10_0"},{"nome":"eba08_05_10_1","tipo":"personagem","x":"0px","y":"0px","width":"1016px","height":"659px","nomeInstancia":"MovieClips/animaP10","classe":"animaP10"}]},{"desenhos":[{"tipo":"img","x":"182.3px","y":"341.25px","width":"381.55px","height":"107.35px","nomeInstancia":"MovieClips/fala0829b","classe":"fala0829b","nome":"eba08_05_11_0"},{"tipo":"img","x":"153.7px","y":"274.35px","width":"459.65px","height":"71.4px","nomeInstancia":"MovieClips/fala0829a","classe":"fala0829a","nome":"eba08_05_10_0"},{"nome":"eba08_05_10_1","tipo":"personagem","x":"0px","y":"0px","width":"1016px","height":"659px","nomeInstancia":"MovieClips/animaP10","classe":"animaP10"}]},{"desenhos":[{"tipo":"img","x":"227.4px","y":"444.1px","width":"335.95px","height":"86.65px","nomeInstancia":"MovieClips/fala0829c","classe":"fala0829c","nome":"eba08_05_12_0"},{"tipo":"img","x":"182.3px","y":"341.25px","width":"381.55px","height":"107.35px","nomeInstancia":"MovieClips/fala0829b","classe":"fala0829b","nome":"eba08_05_11_0"},{"tipo":"img","x":"153.7px","y":"274.35px","width":"459.65px","height":"71.4px","nomeInstancia":"MovieClips/fala0829a","classe":"fala0829a","nome":"eba08_05_10_0"},{"nome":"eba08_05_10_1","tipo":"personagem","x":"0px","y":"0px","width":"1016px","height":"659px","nomeInstancia":"MovieClips/animaP10","classe":"animaP10"}]},{"desenhos":[{"tipo":"img","x":"408.4px","y":"251.55px","width":"471.7px","height":"87.95px","nomeInstancia":"MovieClips/Symbol 5","classe":"Symbol 5","nome":"eba08_05_13_0"},{"nome":"eba08_05_13_1","tipo":"personagem","x":"0px","y":"0px","width":"1016px","height":"659px","nomeInstancia":"MovieClips/animaP13","classe":"animaP13"}]},{"desenhos":[{"tipo":"img","x":"478.05px","y":"334.95px","width":"402.45px","height":"87.65px","nomeInstancia":"MovieClips/fala0830b","classe":"fala0830b","nome":"eba08_05_14_0"},{"tipo":"img","x":"408.4px","y":"251.55px","width":"471.7px","height":"87.95px","nomeInstancia":"MovieClips/Symbol 5","classe":"Symbol 5","nome":"eba08_05_13_0"},{"nome":"eba08_05_13_1","tipo":"personagem","x":"0px","y":"0px","width":"1016px","height":"659px","nomeInstancia":"MovieClips/animaP13","classe":"animaP13"}]},{"desenhos":[{"tipo":"img","x":"574.6px","y":"418.6px","width":"192.95px","height":"62.05px","nomeInstancia":"MovieClips/fala0830c","classe":"fala0830c","nome":"eba08_05_15_0"},{"tipo":"img","x":"478.05px","y":"334.95px","width":"402.45px","height":"87.65px","nomeInstancia":"MovieClips/fala0830b","classe":"fala0830b","nome":"eba08_05_14_0"},{"tipo":"img","x":"408.4px","y":"251.55px","width":"471.7px","height":"87.95px","nomeInstancia":"MovieClips/Symbol 5","classe":"Symbol 5","nome":"eba08_05_13_0"},{"nome":"eba08_05_13_1","tipo":"personagem","x":"0px","y":"0px","width":"1016px","height":"659px","nomeInstancia":"MovieClips/animaP13","classe":"animaP13"}]},{"desenhos":[{"tipo":"img","x":"159.75px","y":"191.1px","width":"602.4px","height":"344.85px","nomeInstancia":"MovieClips/telaInfo161570461483606","classe":"telaInfo161570461483606","nome":"eba08_05_16_0"},{"tipo":"img","x":"577.15px","y":"487.45px","width":"170.55px","height":"22.55px","nomeInstancia":"textConvertido_16_1","classe":"textConvertido_16_1","nome":"eba08_05_16_1"},{"tipo":"img","x":"566.6px","y":"418.6px","width":"192.95px","height":"62.05px","nomeInstancia":"MovieClips/fala0830c","classe":"fala0830c","nome":"eba08_05_15_0"},{"tipo":"img","x":"478.05px","y":"334.95px","width":"402.45px","height":"87.65px","nomeInstancia":"MovieClips/fala0830b","classe":"fala0830b","nome":"eba08_05_14_0"},{"tipo":"img","x":"408.4px","y":"251.55px","width":"471.7px","height":"87.95px","nomeInstancia":"MovieClips/Symbol 5","classe":"Symbol 5","nome":"eba08_05_13_0"}]},{"desenhos":[{"tipo":"img","x":"236.85px","y":"191.1px","width":"495.25px","height":"378.05px","nomeInstancia":"MovieClips/opcoes_17","classe":"opcoes_17","nome":"eba08_05_17_0"},{"tipo":"img","x":"236.85px","y":"286.85px","width":"571.6px","height":"170.95px","nomeInstancia":"textConvertido_17_1","classe":"textConvertido_17_1","nome":"eba08_05_17_1"},{"tipo":"img","x":"392.75px","y":"156.5px","width":"230.5px","height":"78.4px","nomeInstancia":"MovieClips/exerciatndo","classe":"exerciatndo","nome":"eba08_05_17_2"}]},{"desenhos":[{"tipo":"img","x":"254.15px","y":"284.6px","width":"334.05px","height":"84.85px","nomeInstancia":"MovieClips/fala0832a","classe":"fala0832a","nome":"eba08_05_18_0"},{"nome":"eba08_05_18_1","tipo":"personagem","x":"0px","y":"0px","width":"1016px","height":"659px","nomeInstancia":"MovieClips/animaP18","classe":"animaP18"},{"tipo":"img","x":"332.95px","y":"147.45px","width":"349.55px","height":"72.85px","nomeInstancia":"MovieClips/título0332","classe":"título0332","nome":"eba08_05_18_2"}]},{"desenhos":[{"tipo":"img","x":"216.35px","y":"365.1px","width":"322.15px","height":"87.65px","nomeInstancia":"MovieClips/fala0832b","classe":"fala0832b","nome":"eba08_05_19_0"},{"tipo":"img","x":"254.15px","y":"284.6px","width":"334.05px","height":"84.85px","nomeInstancia":"MovieClips/fala0832a","classe":"fala0832a","nome":"eba08_05_18_0"},{"nome":"eba08_05_18_1","tipo":"personagem","x":"0px","y":"0px","width":"1016px","height":"659px","nomeInstancia":"MovieClips/animaP18","classe":"animaP18"},{"tipo":"img","x":"332.95px","y":"147.45px","width":"349.55px","height":"72.85px","nomeInstancia":"MovieClips/título0332","classe":"título0332","nome":"eba08_05_18_2"}]},{"desenhos":[{"tipo":"img","x":"439.95px","y":"196.4px","width":"422.45px","height":"84.85px","nomeInstancia":"MovieClips/Symbol 11","classe":"Symbol 11","nome":"eba08_05_20_0"},{"nome":"eba08_05_20_1","tipo":"personagem","x":"0px","y":"0px","width":"1016px","height":"659px","nomeInstancia":"MovieClips/animaP20","classe":"animaP20"}]},{"desenhos":[{"tipo":"img","x":"484.3px","y":"275.6px","width":"396.2px","height":"123.95px","nomeInstancia":"MovieClips/fala0833b","classe":"fala0833b","nome":"eba08_05_21_0"},{"tipo":"img","x":"439.95px","y":"196.4px","width":"422.45px","height":"84.85px","nomeInstancia":"MovieClips/Symbol 11","classe":"Symbol 11","nome":"eba08_05_20_0"},{"nome":"eba08_05_20_1","tipo":"personagem","x":"0px","y":"0px","width":"1016px","height":"659px","nomeInstancia":"MovieClips/animaP20","classe":"animaP20"}]},{"desenhos":[{"tipo":"img","x":"92.85px","y":"290.4px","width":"389.1px","height":"63.65px","nomeInstancia":"textConvertido_22_0","classe":"textConvertido_22_0","nome":"eba08_05_22_0"},{"tipo":"img","x":"564.5px","y":"300.3px","width":"347.6px","height":"175.45px","nomeInstancia":"MovieClips/Symbol 12","classe":"Symbol 12","nome":"eba08_05_22_1"}]},{"desenhos":[{"tipo":"img","x":"92.85px","y":"371.8px","width":"359.45px","height":"43.1px","nomeInstancia":"textConvertido_23_0","classe":"textConvertido_23_0","nome":"eba08_05_23_0"},{"tipo":"img","x":"92.85px","y":"290.4px","width":"389.1px","height":"63.65px","nomeInstancia":"textConvertido_22_0","classe":"textConvertido_22_0","nome":"eba08_05_22_0"},{"tipo":"img","x":"564.5px","y":"300.3px","width":"347.6px","height":"175.45px","nomeInstancia":"MovieClips/Symbol 12","classe":"Symbol 12","nome":"eba08_05_22_1"}]},{"desenhos":[{"tipo":"img","x":"92.85px","y":"432.65px","width":"362.8px","height":"43.1px","nomeInstancia":"textConvertido_24_0","classe":"textConvertido_24_0","nome":"eba08_05_24_0"},{"tipo":"img","x":"92.85px","y":"371.8px","width":"359.45px","height":"43.1px","nomeInstancia":"textConvertido_23_0","classe":"textConvertido_23_0","nome":"eba08_05_23_0"},{"tipo":"img","x":"92.85px","y":"290.4px","width":"389.1px","height":"63.65px","nomeInstancia":"textConvertido_22_0","classe":"textConvertido_22_0","nome":"eba08_05_22_0"},{"tipo":"img","x":"564.5px","y":"300.3px","width":"347.6px","height":"175.45px","nomeInstancia":"MovieClips/Symbol 12","classe":"Symbol 12","nome":"eba08_05_22_1"}]},{"desenhos":[{"tipo":"img","x":"255.55px","y":"161.8px","width":"504.9px","height":"335.45px","nomeInstancia":"MovieClips/destaque_25","classe":"destaque_25","nome":"eba08_05_25_0"},{"tipo":"img","x":"92.85px","y":"432.65px","width":"362.8px","height":"43.1px","nomeInstancia":"textConvertido_24_0","classe":"textConvertido_24_0","nome":"eba08_05_24_0"},{"tipo":"img","x":"92.85px","y":"371.8px","width":"359.45px","height":"43.1px","nomeInstancia":"textConvertido_23_0","classe":"textConvertido_23_0","nome":"eba08_05_23_0"},{"tipo":"img","x":"92.85px","y":"290.4px","width":"389.1px","height":"63.65px","nomeInstancia":"textConvertido_22_0","classe":"textConvertido_22_0","nome":"eba08_05_22_0"},{"tipo":"img","x":"564.5px","y":"300.3px","width":"347.6px","height":"175.45px","nomeInstancia":"MovieClips/Symbol 12","classe":"Symbol 12","nome":"eba08_05_22_1"}]},{"desenhos":[{"tipo":"img","x":"519.15px","y":"290.4px","width":"426.1px","height":"63.65px","nomeInstancia":"textConvertido_26_0","classe":"textConvertido_26_0","nome":"eba08_05_26_0"},{"tipo":"img","x":"108.7px","y":"300.3px","width":"347.6px","height":"175.45px","nomeInstancia":"MovieClips/Symbol 13","classe":"Symbol 13","nome":"eba08_05_26_1"}]},{"desenhos":[{"tipo":"img","x":"519.15px","y":"374.35px","width":"359.45px","height":"43.1px","nomeInstancia":"textConvertido_27_0","classe":"textConvertido_27_0","nome":"eba08_05_27_0"},{"tipo":"img","x":"519.15px","y":"290.4px","width":"426.1px","height":"63.65px","nomeInstancia":"textConvertido_26_0","classe":"textConvertido_26_0","nome":"eba08_05_26_0"},{"tipo":"img","x":"108.7px","y":"300.3px","width":"347.6px","height":"175.45px","nomeInstancia":"MovieClips/Symbol 13","classe":"Symbol 13","nome":"eba08_05_26_1"}]},{"desenhos":[{"tipo":"img","x":"72.5px","y":"191.1px","width":"659.6px","height":"395.15px","nomeInstancia":"MovieClips/telaInfo281570461660071","classe":"telaInfo281570461660071","nome":"eba08_05_28_0"},{"tipo":"img","x":"519.15px","y":"437.75px","width":"430.3px","height":"43.1px","nomeInstancia":"textConvertido_28_1","classe":"textConvertido_28_1","nome":"eba08_05_28_1"},{"tipo":"img","x":"519.15px","y":"374.35px","width":"359.45px","height":"43.1px","nomeInstancia":"textConvertido_27_0","classe":"textConvertido_27_0","nome":"eba08_05_27_0"},{"tipo":"img","x":"519.15px","y":"290.4px","width":"426.1px","height":"63.65px","nomeInstancia":"textConvertido_26_0","classe":"textConvertido_26_0","nome":"eba08_05_26_0"},{"tipo":"img","x":"108.7px","y":"300.3px","width":"347.6px","height":"175.45px","nomeInstancia":"MovieClips/Symbol 13","classe":"Symbol 13","nome":"eba08_05_26_1"}]},{"desenhos":[{"tipo":"img","x":"255.55px","y":"161.8px","width":"504.9px","height":"335.45px","nomeInstancia":"MovieClips/destaque_29","classe":"destaque_29","nome":"eba08_05_29_0"},{"tipo":"img","x":"519.15px","y":"437.75px","width":"430.3px","height":"43.1px","nomeInstancia":"textConvertido_28_1","classe":"textConvertido_28_1","nome":"eba08_05_28_1"},{"tipo":"img","x":"519.15px","y":"374.35px","width":"359.45px","height":"43.1px","nomeInstancia":"textConvertido_27_0","classe":"textConvertido_27_0","nome":"eba08_05_27_0"},{"tipo":"img","x":"519.15px","y":"290.4px","width":"426.1px","height":"63.65px","nomeInstancia":"textConvertido_26_0","classe":"textConvertido_26_0","nome":"eba08_05_26_0"},{"tipo":"img","x":"108.7px","y":"300.3px","width":"347.6px","height":"175.45px","nomeInstancia":"MovieClips/Symbol 13","classe":"Symbol 13","nome":"eba08_05_26_1"}]},{"desenhos":[{"tipo":"img","x":"381.15px","y":"190.3px","width":"223.05px","height":"49.95px","nomeInstancia":"MovieClips/fala0836a","classe":"fala0836a","nome":"eba08_05_30_0"},{"nome":"eba08_05_30_1","tipo":"personagem","x":"0px","y":"0px","width":"1016px","height":"659px","nomeInstancia":"MovieClips/animaP30","classe":"animaP30"}]},{"desenhos":[{"tipo":"img","x":"197.05px","y":"234.2px","width":"355.75px","height":"128.85px","nomeInstancia":"MovieClips/fala0836b","classe":"fala0836b","nome":"eba08_05_31_0"},{"tipo":"img","x":"381.15px","y":"190.3px","width":"223.05px","height":"49.95px","nomeInstancia":"MovieClips/fala0836a","classe":"fala0836a","nome":"eba08_05_30_0"},{"nome":"eba08_05_30_1","tipo":"personagem","x":"0px","y":"0px","width":"1016px","height":"659px","nomeInstancia":"MovieClips/animaP30","classe":"animaP30"}]},{"desenhos":[{"tipo":"img","x":"473.9px","y":"296px","width":"426.1px","height":"63.65px","nomeInstancia":"textConvertido_32_0","classe":"textConvertido_32_0","nome":"eba08_05_32_0"},{"tipo":"img","x":"88.3px","y":"279.9px","width":"316.65px","height":"211.15px","nomeInstancia":"MovieClips/08T37","classe":"08T37","nome":"eba08_05_32_1"},{"tipo":"img","x":"473.6px","y":"197.55px","width":"250.55px","height":"72.85px","nomeInstancia":"MovieClips/título0837","classe":"título0837","nome":"eba08_05_32_2"}]},{"desenhos":[{"tipo":"img","x":"473.9px","y":"379.95px","width":"402.95px","height":"43.1px","nomeInstancia":"textConvertido_33_0","classe":"textConvertido_33_0","nome":"eba08_05_33_0"},{"tipo":"img","x":"473.9px","y":"296px","width":"426.1px","height":"63.65px","nomeInstancia":"textConvertido_32_0","classe":"textConvertido_32_0","nome":"eba08_05_32_0"},{"tipo":"img","x":"88.3px","y":"279.9px","width":"316.65px","height":"211.15px","nomeInstancia":"MovieClips/08T37","classe":"08T37","nome":"eba08_05_32_1"},{"tipo":"img","x":"473.6px","y":"197.55px","width":"250.55px","height":"72.85px","nomeInstancia":"MovieClips/título0837","classe":"título0837","nome":"eba08_05_32_2"}]},{"desenhos":[{"tipo":"img","x":"283.95px","y":"191.1px","width":"688.35px","height":"396.75px","nomeInstancia":"MovieClips/telaInfo341570461695575","classe":"telaInfo341570461695575","nome":"eba08_05_34_0"},{"tipo":"img","x":"473.9px","y":"443.35px","width":"468.2px","height":"43.1px","nomeInstancia":"textConvertido_34_1","classe":"textConvertido_34_1","nome":"eba08_05_34_1"},{"tipo":"img","x":"473.9px","y":"379.95px","width":"402.95px","height":"43.1px","nomeInstancia":"textConvertido_33_0","classe":"textConvertido_33_0","nome":"eba08_05_33_0"},{"tipo":"img","x":"473.9px","y":"296px","width":"426.1px","height":"63.65px","nomeInstancia":"textConvertido_32_0","classe":"textConvertido_32_0","nome":"eba08_05_32_0"},{"tipo":"img","x":"88.3px","y":"279.9px","width":"316.65px","height":"211.15px","nomeInstancia":"MovieClips/08T37","classe":"08T37","nome":"eba08_05_32_1"},{"tipo":"img","x":"473.6px","y":"197.55px","width":"250.55px","height":"72.85px","nomeInstancia":"MovieClips/título0837","classe":"título0837","nome":"eba08_05_32_2"}]},{"desenhos":[{"tipo":"img","x":"75.7px","y":"296px","width":"390.75px","height":"63.65px","nomeInstancia":"textConvertido_35_0","classe":"textConvertido_35_0","nome":"eba08_05_35_0"},{"tipo":"img","x":"566.65px","y":"305.7px","width":"342.25px","height":"211.15px","nomeInstancia":"MovieClips/Symbol 20","classe":"Symbol 20","nome":"eba08_05_35_1"},{"tipo":"img","x":"75.4px","y":"197.55px","width":"250.55px","height":"72.85px","nomeInstancia":"MovieClips/título0838","classe":"título0838","nome":"eba08_05_35_2"}]},{"desenhos":[{"tipo":"img","x":"75.7px","y":"379.45px","width":"402.95px","height":"84.2px","nomeInstancia":"textConvertido_36_0","classe":"textConvertido_36_0","nome":"eba08_05_36_0"},{"tipo":"img","x":"75.7px","y":"296px","width":"390.75px","height":"63.65px","nomeInstancia":"textConvertido_35_0","classe":"textConvertido_35_0","nome":"eba08_05_35_0"},{"tipo":"img","x":"566.65px","y":"305.7px","width":"342.25px","height":"211.15px","nomeInstancia":"MovieClips/Symbol 20","classe":"Symbol 20","nome":"eba08_05_35_1"},{"tipo":"img","x":"75.4px","y":"197.55px","width":"250.55px","height":"72.85px","nomeInstancia":"MovieClips/título0838","classe":"título0838","nome":"eba08_05_35_2"}]},{"desenhos":[{"tipo":"img","x":"75.7px","y":"483.45px","width":"385.75px","height":"43.1px","nomeInstancia":"textConvertido_37_0","classe":"textConvertido_37_0","nome":"eba08_05_37_0"},{"tipo":"img","x":"75.7px","y":"379.45px","width":"402.95px","height":"84.2px","nomeInstancia":"textConvertido_36_0","classe":"textConvertido_36_0","nome":"eba08_05_36_0"},{"tipo":"img","x":"75.7px","y":"296px","width":"390.75px","height":"63.65px","nomeInstancia":"textConvertido_35_0","classe":"textConvertido_35_0","nome":"eba08_05_35_0"},{"tipo":"img","x":"566.65px","y":"305.7px","width":"342.25px","height":"211.15px","nomeInstancia":"MovieClips/Symbol 20","classe":"Symbol 20","nome":"eba08_05_35_1"},{"tipo":"img","x":"75.4px","y":"197.55px","width":"250.55px","height":"72.85px","nomeInstancia":"MovieClips/título0838","classe":"título0838","nome":"eba08_05_35_2"}]},{"desenhos":[{"tipo":"img","x":"402.4px","y":"186px","width":"451.2px","height":"112.25px","nomeInstancia":"MovieClips/fala0739a","classe":"fala0739a","nome":"eba08_05_38_0"},{"nome":"eba08_05_38_1","tipo":"personagem","x":"0px","y":"0px","width":"1016px","height":"659px","nomeInstancia":"MovieClips/animaP38","classe":"animaP38"}]},{"desenhos":[{"tipo":"img","x":"472.25px","y":"293.15px","width":"355.75px","height":"111.25px","nomeInstancia":"MovieClips/fala0739b","classe":"fala0739b","nome":"eba08_05_39_0"},{"tipo":"img","x":"402.4px","y":"186px","width":"451.2px","height":"112.25px","nomeInstancia":"MovieClips/fala0739a","classe":"fala0739a","nome":"eba08_05_38_0"},{"nome":"eba08_05_38_1","tipo":"personagem","x":"0px","y":"0px","width":"1016px","height":"659px","nomeInstancia":"MovieClips/animaP38","classe":"animaP38"}]},{"desenhos":[{"tipo":"img","x":"283.95px","y":"191.1px","width":"664.5px","height":"396.4px","nomeInstancia":"MovieClips/telaInfo401570461744235","classe":"telaInfo401570461744235","nome":"eba08_05_40_0"},{"tipo":"img","x":"472.25px","y":"399.55px","width":"355.75px","height":"111.25px","nomeInstancia":"MovieClips/fala0739c","classe":"fala0739c","nome":"eba08_05_40_1"},{"tipo":"img","x":"472.25px","y":"293.15px","width":"355.75px","height":"111.25px","nomeInstancia":"MovieClips/fala0739b","classe":"fala0739b","nome":"eba08_05_39_0"},{"tipo":"img","x":"402.4px","y":"186px","width":"451.2px","height":"112.25px","nomeInstancia":"MovieClips/fala0739a","classe":"fala0739a","nome":"eba08_05_38_0"},{"nome":"eba08_05_38_1","tipo":"personagem","x":"0px","y":"0px","width":"1016px","height":"659px","nomeInstancia":"MovieClips/animaP38","classe":"animaP38"}]},{"desenhos":[{"tipo":"img","x":"49.85px","y":"295.7px","width":"722.3px","height":"273.45px","nomeInstancia":"MovieClips/opcoes_41","classe":"opcoes_41","nome":"eba08_05_41_0"},{"tipo":"img","x":"49.85px","y":"287.85px","width":"441.1px","height":"226.6px","nomeInstancia":"textConvertido_41_1","classe":"textConvertido_41_1","nome":"eba08_05_41_1"},{"tipo":"img","x":"539.2px","y":"287.85px","width":"441.8px","height":"182.15px","nomeInstancia":"MovieClips/Symbol 26","classe":"Symbol 26","nome":"eba08_05_41_2"},{"tipo":"img","x":"402.75px","y":"156.5px","width":"230.5px","height":"78.4px","nomeInstancia":"MovieClips/exerciatndo","classe":"exerciatndo","nome":"eba08_05_17_2"}]}]}