{"licao":"eba08_03","topico":"03","telas":[{"desenhos":[{"tipo":"img","x":"71.5px","y":"256.85px","width":"324.75px","height":"84.2px","nomeInstancia":"textConvertido_1_0","classe":"textConvertido_1_0","nome":"eba08_03_1_0"},{"tipo":"img","x":"439.1px","y":"277.65px","width":"517.8px","height":"156.95px","nomeInstancia":"transicao_1_1","classe":"transicao_1_1","nome":"eba08_03_1_1"}]},{"desenhos":[{"tipo":"img","x":"71.5px","y":"377.4px","width":"312.75px","height":"104.75px","nomeInstancia":"textConvertido_2_0","classe":"textConvertido_2_0","nome":"eba08_03_2_0"},{"tipo":"img","x":"71.5px","y":"256.85px","width":"324.75px","height":"84.2px","nomeInstancia":"textConvertido_1_0","classe":"textConvertido_1_0","nome":"eba08_03_1_0"},{"tipo":"img","x":"439.1px","y":"277.65px","width":"517.8px","height":"156.95px","nomeInstancia":"transicao_1_1","classe":"transicao_1_1","nome":"eba08_03_1_1"}]},{"desenhos":[{"tipo":"img","x":"538.8px","y":"261.9px","width":"385.9px","height":"84.2px","nomeInstancia":"textConvertido_3_0","classe":"textConvertido_3_0","nome":"eba08_03_3_0"},{"tipo":"img","x":"72.25px","y":"229.5px","width":"360.05px","height":"279.35px","nomeInstancia":"transicao_3_1","classe":"transicao_3_1","nome":"eba08_03_3_1"}]},{"desenhos":[{"tipo":"img","x":"538.8px","y":"365.75px","width":"362.85px","height":"43.1px","nomeInstancia":"textConvertido_4_0","classe":"textConvertido_4_0","nome":"eba08_03_4_0"},{"tipo":"img","x":"538.8px","y":"261.9px","width":"385.9px","height":"84.2px","nomeInstancia":"textConvertido_3_0","classe":"textConvertido_3_0","nome":"eba08_03_3_0"},{"tipo":"img","x":"72.25px","y":"229.5px","width":"360.05px","height":"279.35px","nomeInstancia":"transicao_3_1","classe":"transicao_3_1","nome":"eba08_03_3_1"}]},{"desenhos":[{"tipo":"img","x":"538.8px","y":"428.5px","width":"383.9px","height":"43.1px","nomeInstancia":"textConvertido_5_0","classe":"textConvertido_5_0","nome":"eba08_03_5_0"},{"tipo":"img","x":"538.8px","y":"365.75px","width":"362.85px","height":"43.1px","nomeInstancia":"textConvertido_4_0","classe":"textConvertido_4_0","nome":"eba08_03_4_0"},{"tipo":"img","x":"538.8px","y":"261.9px","width":"385.9px","height":"84.2px","nomeInstancia":"textConvertido_3_0","classe":"textConvertido_3_0","nome":"eba08_03_3_0"},{"tipo":"img","x":"72.25px","y":"229.5px","width":"360.05px","height":"279.35px","nomeInstancia":"transicao_3_1","classe":"transicao_3_1","nome":"eba08_03_3_1"}]},{"desenhos":[{"tipo":"img","x":"216.65px","y":"198.1px","width":"385.95px","height":"75.3px","nomeInstancia":"transicao_6_0","classe":"transicao_6_0","nome":"eba08_03_6_0"},{"nome":"eba08_03_6_1","tipo":"personagem","x":"0px","y":"0px","width":"1016px","height":"659px","nomeInstancia":"animaP6","classe":"animaP6"}]},{"desenhos":[{"tipo":"img","x":"194.9px","y":"267.8px","width":"335.85px","height":"111.25px","nomeInstancia":"transicao_7_0","classe":"transicao_7_0","nome":"eba08_03_7_0"},{"tipo":"img","x":"216.65px","y":"198.1px","width":"385.95px","height":"75.3px","nomeInstancia":"transicao_6_0","classe":"transicao_6_0","nome":"eba08_03_6_0"},{"nome":"eba08_03_6_1","tipo":"personagem","x":"0px","y":"0px","width":"1016px","height":"659px","nomeInstancia":"animaP6","classe":"animaP6"}]},{"desenhos":[{"tipo":"img","x":"283.95px","y":"191.1px","width":"668.45px","height":"396.95px","nomeInstancia":"telaInfo81570459877790","classe":"telaInfo81570459877790","nome":"eba08_03_8_0"},{"tipo":"img","x":"194.9px","y":"373.45px","width":"335.85px","height":"111.25px","nomeInstancia":"transicao_8_1","classe":"transicao_8_1","nome":"eba08_03_8_1"},{"tipo":"img","x":"194.9px","y":"267.8px","width":"335.85px","height":"111.25px","nomeInstancia":"transicao_7_0","classe":"transicao_7_0","nome":"eba08_03_7_0"},{"tipo":"img","x":"216.65px","y":"198.1px","width":"385.95px","height":"75.3px","nomeInstancia":"transicao_6_0","classe":"transicao_6_0","nome":"eba08_03_6_0"},{"nome":"eba08_03_6_1","tipo":"personagem","x":"0px","y":"0px","width":"1016px","height":"659px","nomeInstancia":"animaP6","classe":"animaP6"}]},{"desenhos":[{"tipo":"img","x":"99.15px","y":"188.75px","width":"817.7px","height":"22.55px","nomeInstancia":"textConvertido_9_0","classe":"textConvertido_9_0","nome":"eba08_03_9_0"},{"tipo":"img","x":"174.15px","y":"248.35px","width":"667.75px","height":"232.85px","nomeInstancia":"transicao_9_1","classe":"transicao_9_1","nome":"eba08_03_9_1"}]},{"desenhos":[{"tipo":"img","x":"135.65px","y":"422px","width":"468.75px","height":"118.25px","nomeInstancia":"hotWord41570459928894","classe":"hotWord41570459928894","nome":"eba08_03_10_0"},{"tipo":"img","x":"487.6px","y":"422.15px","width":"411.25px","height":"120.2px","nomeInstancia":"hotWord41570459972746","classe":"hotWord41570459972746","nome":"eba08_03_10_1"},{"tipo":"img","x":"99.15px","y":"518.25px","width":"750.5px","height":"43.1px","nomeInstancia":"textConvertido_10_2","classe":"textConvertido_10_2","nome":"eba08_03_10_2"},{"tipo":"img","x":"99.15px","y":"188.75px","width":"817.7px","height":"22.55px","nomeInstancia":"textConvertido_9_0","classe":"textConvertido_9_0","nome":"eba08_03_9_0"},{"tipo":"img","x":"174.15px","y":"248.35px","width":"667.75px","height":"232.85px","nomeInstancia":"transicao_9_1","classe":"transicao_9_1","nome":"eba08_03_9_1"}]},{"desenhos":[{"tipo":"img","x":"438.2px","y":"207.55px","width":"206.55px","height":"54.9px","nomeInstancia":"transicao_11_0","classe":"transicao_11_0","nome":"eba08_03_11_0"},{"nome":"eba08_03_11_1","tipo":"personagem","x":"0px","y":"0px","width":"1016px","height":"659px","nomeInstancia":"animaP11","classe":"animaP11"}]},{"desenhos":[{"tipo":"img","x":"484.75px","y":"257.15px","width":"390.5px","height":"91.55px","nomeInstancia":"transicao_12_0","classe":"transicao_12_0","nome":"eba08_03_12_0"},{"tipo":"img","x":"438.2px","y":"207.55px","width":"206.55px","height":"54.9px","nomeInstancia":"transicao_11_0","classe":"transicao_11_0","nome":"eba08_03_11_0"},{"nome":"eba08_03_11_1","tipo":"personagem","x":"0px","y":"0px","width":"1016px","height":"659px","nomeInstancia":"animaP11","classe":"animaP11"}]},{"desenhos":[{"tipo":"img","x":"485.35px","y":"343.4px","width":"304.1px","height":"57.1px","nomeInstancia":"transicao_13_0","classe":"transicao_13_0","nome":"eba08_03_13_0"},{"tipo":"img","x":"484.75px","y":"257.15px","width":"390.5px","height":"91.55px","nomeInstancia":"transicao_12_0","classe":"transicao_12_0","nome":"eba08_03_12_0"},{"tipo":"img","x":"438.2px","y":"207.55px","width":"206.55px","height":"54.9px","nomeInstancia":"transicao_11_0","classe":"transicao_11_0","nome":"eba08_03_11_0"},{"nome":"eba08_03_11_1","tipo":"personagem","x":"0px","y":"0px","width":"1016px","height":"659px","nomeInstancia":"animaP11","classe":"animaP11"}]},{"desenhos":[{"tipo":"img","x":"84.15px","y":"312.95px","width":"351.25px","height":"22.55px","nomeInstancia":"textConvertido_14_0","classe":"textConvertido_14_0","nome":"eba08_03_14_0"},{"tipo":"img","x":"523.3px","y":"284.9px","width":"422.2px","height":"182.65px","nomeInstancia":"transicao_14_1","classe":"transicao_14_1","nome":"eba08_03_14_1"}]},{"desenhos":[{"tipo":"img","x":"87.15px","y":"203.85px","width":"451.7px","height":"176.8px","nomeInstancia":"hotWord41570460036539","classe":"hotWord41570460036539","nome":"eba08_03_15_0"},{"tipo":"img","x":"84.15px","y":"357.1px","width":"339.2px","height":"63.65px","nomeInstancia":"textConvertido_15_1","classe":"textConvertido_15_1","nome":"eba08_03_15_1"},{"tipo":"img","x":"84.15px","y":"312.95px","width":"351.25px","height":"22.55px","nomeInstancia":"textConvertido_14_0","classe":"textConvertido_14_0","nome":"eba08_03_14_0"},{"tipo":"img","x":"523.3px","y":"284.9px","width":"422.2px","height":"182.65px","nomeInstancia":"transicao_14_1","classe":"transicao_14_1","nome":"eba08_03_14_1"}]},{"desenhos":[{"tipo":"img","x":"535.25px","y":"288.85px","width":"351.25px","height":"84.2px","nomeInstancia":"textConvertido_16_0","classe":"textConvertido_16_0","nome":"eba08_03_16_0"},{"tipo":"img","x":"130.05px","y":"298.95px","width":"315.7px","height":"137.3px","nomeInstancia":"transicao_16_1","classe":"transicao_16_1","nome":"eba08_03_16_1"}]},{"desenhos":[{"tipo":"img","x":"535.25px","y":"392.25px","width":"356.9px","height":"63.65px","nomeInstancia":"textConvertido_17_0","classe":"textConvertido_17_0","nome":"eba08_03_17_0"},{"tipo":"img","x":"535.25px","y":"288.85px","width":"351.25px","height":"84.2px","nomeInstancia":"textConvertido_16_0","classe":"textConvertido_16_0","nome":"eba08_03_16_0"},{"tipo":"img","x":"130.05px","y":"298.95px","width":"315.7px","height":"137.3px","nomeInstancia":"transicao_16_1","classe":"transicao_16_1","nome":"eba08_03_16_1"}]},{"desenhos":[{"tipo":"img","x":"110.35px","y":"279.75px","width":"351.25px","height":"43.1px","nomeInstancia":"textConvertido_18_0","classe":"textConvertido_18_0","nome":"eba08_03_18_0"},{"tipo":"img","x":"546.95px","y":"232.35px","width":"339.65px","height":"270.55px","nomeInstancia":"transicao_18_1","classe":"transicao_18_1","nome":"eba08_03_18_1"}]},{"desenhos":[{"tipo":"img","x":"110.35px","y":"342.45px","width":"349.75px","height":"43.1px","nomeInstancia":"textConvertido_19_0","classe":"textConvertido_19_0","nome":"eba08_03_19_0"},{"tipo":"img","x":"110.35px","y":"279.75px","width":"351.25px","height":"43.1px","nomeInstancia":"textConvertido_18_0","classe":"textConvertido_18_0","nome":"eba08_03_18_0"},{"tipo":"img","x":"546.95px","y":"232.35px","width":"339.65px","height":"270.55px","nomeInstancia":"transicao_18_1","classe":"transicao_18_1","nome":"eba08_03_18_1"}]},{"desenhos":[{"tipo":"img","x":"110.35px","y":"405.15px","width":"356.9px","height":"63.65px","nomeInstancia":"textConvertido_20_0","classe":"textConvertido_20_0","nome":"eba08_03_20_0"},{"tipo":"img","x":"110.35px","y":"342.45px","width":"349.75px","height":"43.1px","nomeInstancia":"textConvertido_19_0","classe":"textConvertido_19_0","nome":"eba08_03_19_0"},{"tipo":"img","x":"110.35px","y":"279.75px","width":"351.25px","height":"43.1px","nomeInstancia":"textConvertido_18_0","classe":"textConvertido_18_0","nome":"eba08_03_18_0"},{"tipo":"img","x":"546.95px","y":"232.35px","width":"339.65px","height":"270.55px","nomeInstancia":"transicao_18_1","classe":"transicao_18_1","nome":"eba08_03_18_1"}]},{"desenhos":[{"tipo":"img","x":"131.9px","y":"325.8px","width":"554.85px","height":"255.4px","nomeInstancia":"vouf_21","classe":"vouf_21","nome":"eba08_03_21_0"},{"tipo":"img","x":"89.4px","y":"287.85px","width":"861.3px","height":"208.05px","nomeInstancia":"textConvertido_21_1","classe":"textConvertido_21_1","nome":"eba08_03_21_1"},{"tipo":"img","x":"392.75px","y":"156.5px","width":"230.5px","height":"78.4px","nomeInstancia":"transicao_21_2","classe":"transicao_21_2","nome":"eba08_03_21_2"}]}]}