{"licao":"eba08_07","topico":"07","telas":[{"desenhos":[{"tipo":"img","x":"260.3px","y":"194.05px","width":"398.95px","height":"70.4px","nomeInstancia":"MovieClips/transicao_1_0","classe":"transicao_1_0","nome":"eba08_07_1_0"},{"tipo":"img","x":"60.75px","y":"160.1px","width":"130.05px","height":"56.3px","nomeInstancia":"MovieClips/transicao_1_2","classe":"transicao_1_2","nome":"eba08_07_1_1"},{"nome":"eba08_07_1_2","tipo":"personagem","x":"0px","y":"0px","width":"1016px","height":"659px","nomeInstancia":"MovieClips/animaP1","classe":"animaP1"}]},{"desenhos":[{"tipo":"img","x":"253.35px","y":"259.05px","width":"355.75px","height":"78.75px","nomeInstancia":"MovieClips/transicao_2_0","classe":"transicao_2_0","nome":"eba08_07_2_0"},{"tipo":"img","x":"260.3px","y":"194.05px","width":"398.95px","height":"70.4px","nomeInstancia":"MovieClips/transicao_1_0","classe":"transicao_1_0","nome":"eba08_07_1_0"},{"tipo":"img","x":"60.75px","y":"160.1px","width":"130.05px","height":"56.3px","nomeInstancia":"MovieClips/transicao_1_2","classe":"transicao_1_2","nome":"eba08_07_1_1"},{"nome":"eba08_07_1_2","tipo":"personagem","x":"0px","y":"0px","width":"1016px","height":"659px","nomeInstancia":"MovieClips/animaP1","classe":"animaP1"}]},{"desenhos":[{"tipo":"img","x":"253.35px","y":"332.2px","width":"355.75px","height":"78.75px","nomeInstancia":"MovieClips/transicao_3_0","classe":"transicao_3_0","nome":"eba08_07_3_0"},{"tipo":"img","x":"253.35px","y":"259.05px","width":"355.75px","height":"78.75px","nomeInstancia":"MovieClips/transicao_2_0","classe":"transicao_2_0","nome":"eba08_07_2_0"},{"tipo":"img","x":"260.3px","y":"194.05px","width":"398.95px","height":"70.4px","nomeInstancia":"MovieClips/transicao_1_0","classe":"transicao_1_0","nome":"eba08_07_1_0"},{"tipo":"img","x":"60.75px","y":"160.1px","width":"130.05px","height":"56.3px","nomeInstancia":"MovieClips/transicao_1_2","classe":"transicao_1_2","nome":"eba08_07_1_1"},{"nome":"eba08_07_1_2","tipo":"personagem","x":"0px","y":"0px","width":"1016px","height":"659px","nomeInstancia":"MovieClips/animaP1","classe":"animaP1"}]},{"desenhos":[{"tipo":"img","x":"387.5px","y":"231.6px","width":"440.7px","height":"107.3px","nomeInstancia":"MovieClips/transicao_5_1","classe":"transicao_5_1","nome":"eba08_07_4_0"},{"nome":"eba08_07_4_1","tipo":"personagem","x":"0px","y":"0px","width":"1016px","height":"659px","nomeInstancia":"MovieClips/animaP4","classe":"animaP4"}]},{"desenhos":[{"tipo":"img","x":"437.75px","y":"334.1px","width":"397.45px","height":"119.2px","nomeInstancia":"MovieClips/transicao_5_0","classe":"transicao_5_0","nome":"eba08_07_5_0"},{"tipo":"img","x":"387.5px","y":"231.6px","width":"440.7px","height":"107.3px","nomeInstancia":"MovieClips/transicao_5_1","classe":"transicao_5_1","nome":"eba08_07_4_0"},{"nome":"eba08_07_4_1","tipo":"personagem","x":"0px","y":"0px","width":"1016px","height":"659px","nomeInstancia":"MovieClips/animaP4","classe":"animaP4"}]},{"desenhos":[{"tipo":"img","x":"479.45px","y":"449.3px","width":"355.75px","height":"78.75px","nomeInstancia":"MovieClips/transicao_6_0","classe":"transicao_6_0","nome":"eba08_07_6_0"},{"tipo":"img","x":"437.75px","y":"334.1px","width":"397.45px","height":"119.2px","nomeInstancia":"MovieClips/transicao_5_0","classe":"transicao_5_0","nome":"eba08_07_5_0"},{"tipo":"img","x":"387.5px","y":"231.6px","width":"440.7px","height":"107.3px","nomeInstancia":"MovieClips/transicao_5_1","classe":"transicao_5_1","nome":"eba08_07_4_0"},{"nome":"eba08_07_4_1","tipo":"personagem","x":"0px","y":"0px","width":"1016px","height":"659px","nomeInstancia":"MovieClips/animaP4","classe":"animaP4"}]},{"desenhos":[{"tipo":"img","x":"220.75px","y":"175.85px","width":"574.55px","height":"308.7px","nomeInstancia":"MovieClips/transicao_7_0","classe":"transicao_7_0","nome":"eba08_07_7_0"}]}]}