{"licao":"eba08_04","topico":"04","telas":[{"desenhos":[{"tipo":"img","x":"617.9px","y":"279.75px","width":"381.2px","height":"43.1px","nomeInstancia":"MovieClips/textConvertido_1_0","classe":"textConvertido_1_0","nome":"eba08_04_1_0"},{"tipo":"img","x":"36.75px","y":"245.8px","width":"551.2px","height":"224.5px","nomeInstancia":"transicao_1_1","classe":"transicao_1_1","nome":"eba08_04_1_1"}]},{"desenhos":[{"tipo":"img","x":"617.9px","y":"343.2px","width":"371.8px","height":"63.65px","nomeInstancia":"MovieClips/textConvertido_2_0","classe":"textConvertido_2_0","nome":"eba08_04_2_0"},{"tipo":"img","x":"617.9px","y":"279.75px","width":"381.2px","height":"43.1px","nomeInstancia":"MovieClips/textConvertido_1_0","classe":"textConvertido_1_0","nome":"eba08_04_1_0"},{"tipo":"img","x":"36.75px","y":"245.8px","width":"551.2px","height":"224.5px","nomeInstancia":"transicao_1_1","classe":"transicao_1_1","nome":"eba08_04_1_1"}]},{"desenhos":[{"tipo":"img","x":"617.9px","y":"427.2px","width":"356.9px","height":"43.1px","nomeInstancia":"MovieClips/textConvertido_3_0","classe":"textConvertido_3_0","nome":"eba08_04_3_0"},{"tipo":"img","x":"617.9px","y":"343.2px","width":"371.8px","height":"63.65px","nomeInstancia":"MovieClips/textConvertido_2_0","classe":"textConvertido_2_0","nome":"eba08_04_2_0"},{"tipo":"img","x":"617.9px","y":"279.75px","width":"381.2px","height":"43.1px","nomeInstancia":"MovieClips/textConvertido_1_0","classe":"textConvertido_1_0","nome":"eba08_04_1_0"},{"tipo":"img","x":"36.75px","y":"245.8px","width":"551.2px","height":"224.5px","nomeInstancia":"transicao_1_1","classe":"transicao_1_1","nome":"eba08_04_1_1"}]},{"desenhos":[{"tipo":"img","x":"36.75px","y":"272.7px","width":"381.2px","height":"84.2px","nomeInstancia":"MovieClips/textConvertido_4_0","classe":"textConvertido_4_0","nome":"eba08_04_4_0"},{"tipo":"img","x":"441.6px","y":"253.05px","width":"551.2px","height":"224.5px","nomeInstancia":"transicao_4_1","classe":"transicao_4_1","nome":"eba08_04_4_1"}]},{"desenhos":[{"tipo":"img","x":"36.75px","y":"375.45px","width":"353.1px","height":"43.1px","nomeInstancia":"MovieClips/textConvertido_5_0","classe":"textConvertido_5_0","nome":"eba08_04_5_0"},{"tipo":"img","x":"36.75px","y":"272.7px","width":"381.2px","height":"84.2px","nomeInstancia":"MovieClips/textConvertido_4_0","classe":"textConvertido_4_0","nome":"eba08_04_4_0"},{"tipo":"img","x":"441.6px","y":"253.05px","width":"551.2px","height":"224.5px","nomeInstancia":"transicao_4_1","classe":"transicao_4_1","nome":"eba08_04_4_1"}]},{"desenhos":[{"tipo":"img","x":"36.75px","y":"437.1px","width":"356.9px","height":"63.65px","nomeInstancia":"MovieClips/textConvertido_6_0","classe":"textConvertido_6_0","nome":"eba08_04_6_0"},{"tipo":"img","x":"36.75px","y":"375.45px","width":"353.1px","height":"43.1px","nomeInstancia":"MovieClips/textConvertido_5_0","classe":"textConvertido_5_0","nome":"eba08_04_5_0"},{"tipo":"img","x":"36.75px","y":"272.7px","width":"381.2px","height":"84.2px","nomeInstancia":"MovieClips/textConvertido_4_0","classe":"textConvertido_4_0","nome":"eba08_04_4_0"},{"tipo":"img","x":"441.6px","y":"253.05px","width":"551.2px","height":"224.5px","nomeInstancia":"transicao_4_1","classe":"transicao_4_1","nome":"eba08_04_4_1"}]},{"desenhos":[{"tipo":"img","x":"600.75px","y":"318.8px","width":"233.75px","height":"43.1px","nomeInstancia":"MovieClips/textConvertido_7_0","classe":"textConvertido_7_0","nome":"eba08_04_7_0"},{"tipo":"img","x":"131.15px","y":"326.8px","width":"368.5px","height":"118.85px","nomeInstancia":"transicao_7_1","classe":"transicao_7_1","nome":"eba08_04_7_1"}]},{"desenhos":[{"tipo":"img","x":"600.75px","y":"386.45px","width":"277.9px","height":"43.1px","nomeInstancia":"MovieClips/textConvertido_8_0","classe":"textConvertido_8_0","nome":"eba08_04_8_0"},{"tipo":"img","x":"600.75px","y":"318.8px","width":"233.75px","height":"43.1px","nomeInstancia":"MovieClips/textConvertido_7_0","classe":"textConvertido_7_0","nome":"eba08_04_7_0"},{"tipo":"img","x":"131.15px","y":"326.8px","width":"368.5px","height":"118.85px","nomeInstancia":"transicao_7_1","classe":"transicao_7_1","nome":"eba08_04_7_1"}]},{"desenhos":[{"tipo":"img","x":"115.15px","y":"282.7px","width":"288.95px","height":"43.1px","nomeInstancia":"MovieClips/textConvertido_9_0","classe":"textConvertido_9_0","nome":"eba08_04_9_0"},{"tipo":"img","x":"523.95px","y":"331.75px","width":"368.5px","height":"118.85px","nomeInstancia":"transicao_9_1","classe":"transicao_9_1","nome":"eba08_04_9_1"}]},{"desenhos":[{"tipo":"img","x":"115.15px","y":"345.35px","width":"294.1px","height":"63.65px","nomeInstancia":"MovieClips/textConvertido_10_0","classe":"textConvertido_10_0","nome":"eba08_04_10_0"},{"tipo":"img","x":"115.15px","y":"282.7px","width":"288.95px","height":"43.1px","nomeInstancia":"MovieClips/textConvertido_9_0","classe":"textConvertido_9_0","nome":"eba08_04_9_0"},{"tipo":"img","x":"523.95px","y":"331.75px","width":"368.5px","height":"118.85px","nomeInstancia":"transicao_9_1","classe":"transicao_9_1","nome":"eba08_04_9_1"}]},{"desenhos":[{"tipo":"img","x":"115.15px","y":"428.55px","width":"321.2px","height":"63.65px","nomeInstancia":"MovieClips/textConvertido_11_0","classe":"textConvertido_11_0","nome":"eba08_04_11_0"},{"tipo":"img","x":"115.15px","y":"345.35px","width":"294.1px","height":"63.65px","nomeInstancia":"MovieClips/textConvertido_10_0","classe":"textConvertido_10_0","nome":"eba08_04_10_0"},{"tipo":"img","x":"115.15px","y":"282.7px","width":"288.95px","height":"43.1px","nomeInstancia":"MovieClips/textConvertido_9_0","classe":"textConvertido_9_0","nome":"eba08_04_9_0"},{"tipo":"img","x":"523.95px","y":"331.75px","width":"368.5px","height":"118.85px","nomeInstancia":"transicao_9_1","classe":"transicao_9_1","nome":"eba08_04_9_1"}]},{"desenhos":[{"tipo":"img","x":"78.85px","y":"156.3px","width":"904.65px","height":"433.95px","nomeInstancia":"dragDrop","classe":"dragDrop","nome":"eba08_04_12_0"},{"tipo":"img","x":"311.8px","y":"230.2px","width":"502.4px","height":"41.1px","nomeInstancia":"textConvertido_12_0","classe":"textConvertido_12_0","nome":"eba08_04_12_1"},{"tipo":"img","x":"447.75px","y":"132.6px","width":"230.5px","height":"78.4px","nomeInstancia":"transicao_12_2","classe":"transicao_12_2","nome":"eba08_04_12_2"}]}]}