{"licao":"eba08_02","topico":"02","telas":[{"desenhos":[{"tipo":"img","x":"427.1px","y":"265.9px","width":"355.25px","height":"86.95px","nomeInstancia":"MovieClips/transicao_1_0","classe":"transicao_1_0","nome":"eba08_02_1_0"},{"nome":"eba08_02_1_1","tipo":"personagem","x":"0px","y":"0px","width":"1016px","height":"659px","nomeInstancia":"MovieClips/animaP1","classe":"animaP1"}]},{"desenhos":[{"tipo":"img","x":"475.7px","y":"348.85px","width":"358.75px","height":"106.35px","nomeInstancia":"MovieClips/transicao_2_0","classe":"transicao_2_0","nome":"eba08_02_2_0"},{"tipo":"img","x":"427.1px","y":"265.9px","width":"355.25px","height":"86.95px","nomeInstancia":"MovieClips/transicao_1_0","classe":"transicao_1_0","nome":"eba08_02_1_0"},{"nome":"eba08_02_1_1","tipo":"personagem","x":"0px","y":"0px","width":"1016px","height":"659px","nomeInstancia":"MovieClips/animaP1","classe":"animaP1"}]},{"desenhos":[{"tipo":"img","x":"206.7px","y":"237.8px","width":"403.15px","height":"86.95px","nomeInstancia":"MovieClips/transicao_3_0","classe":"transicao_3_0","nome":"eba08_02_3_0"},{"nome":"eba08_02_3_1","tipo":"personagem","x":"0px","y":"0px","width":"1016px","height":"659px","nomeInstancia":"MovieClips/animaP3","classe":"animaP3"}]},{"desenhos":[{"tipo":"img","x":"225.2px","y":"320.75px","width":"246.5px","height":"59px","nomeInstancia":"MovieClips/transicao_4_0","classe":"transicao_4_0","nome":"eba08_02_4_0"},{"tipo":"img","x":"206.7px","y":"237.8px","width":"403.15px","height":"86.95px","nomeInstancia":"MovieClips/transicao_3_0","classe":"transicao_3_0","nome":"eba08_02_3_0"},{"nome":"eba08_02_3_1","tipo":"personagem","x":"0px","y":"0px","width":"1016px","height":"659px","nomeInstancia":"MovieClips/animaP3","classe":"animaP3"}]},{"desenhos":[{"tipo":"img","x":"207.15px","y":"374.9px","width":"339.85px","height":"100.4px","nomeInstancia":"MovieClips/transicao_5_0","classe":"transicao_5_0","nome":"eba08_02_5_0"},{"tipo":"img","x":"225.2px","y":"320.75px","width":"246.5px","height":"59px","nomeInstancia":"MovieClips/transicao_4_0","classe":"transicao_4_0","nome":"eba08_02_4_0"},{"tipo":"img","x":"206.7px","y":"237.8px","width":"403.15px","height":"86.95px","nomeInstancia":"MovieClips/transicao_3_0","classe":"transicao_3_0","nome":"eba08_02_3_0"},{"nome":"eba08_02_3_1","tipo":"personagem","x":"0px","y":"0px","width":"1016px","height":"659px","nomeInstancia":"MovieClips/animaP3","classe":"animaP3"}]},{"desenhos":[{"tipo":"img","x":"556.75px","y":"239.8px","width":"365.05px","height":"63.65px","nomeInstancia":"MovieClips/textConvertido_6_0","classe":"textConvertido_6_0","nome":"eba08_02_6_0"},{"tipo":"img","x":"93px","y":"237.5px","width":"340.7px","height":"260px","nomeInstancia":"MovieClips/transicao_6_1","classe":"transicao_6_1","nome":"eba08_02_6_1"}]},{"desenhos":[{"tipo":"img","x":"556.75px","y":"326.55px","width":"337.75px","height":"63.65px","nomeInstancia":"MovieClips/textConvertido_7_0","classe":"textConvertido_7_0","nome":"eba08_02_7_0"},{"tipo":"img","x":"556.75px","y":"239.8px","width":"365.05px","height":"63.65px","nomeInstancia":"MovieClips/textConvertido_6_0","classe":"textConvertido_6_0","nome":"eba08_02_6_0"},{"tipo":"img","x":"93px","y":"237.5px","width":"340.7px","height":"260px","nomeInstancia":"MovieClips/transicao_6_1","classe":"transicao_6_1","nome":"eba08_02_6_1"}]},{"desenhos":[{"tipo":"img","x":"283.95px","y":"191.1px","width":"679.5px","height":"401.75px","nomeInstancia":"MovieClips/telaInfo81570458980811","classe":"telaInfo81570458980811","nome":"eba08_02_8_0"},{"tipo":"img","x":"556.75px","y":"413.3px","width":"354.05px","height":"84.2px","nomeInstancia":"MovieClips/textConvertido_8_1","classe":"textConvertido_8_1","nome":"eba08_02_8_1"},{"tipo":"img","x":"556.75px","y":"326.55px","width":"337.75px","height":"63.65px","nomeInstancia":"MovieClips/textConvertido_7_0","classe":"textConvertido_7_0","nome":"eba08_02_7_0"},{"tipo":"img","x":"556.75px","y":"239.8px","width":"365.05px","height":"63.65px","nomeInstancia":"MovieClips/textConvertido_6_0","classe":"textConvertido_6_0","nome":"eba08_02_6_0"},{"tipo":"img","x":"93px","y":"237.5px","width":"340.7px","height":"260px","nomeInstancia":"MovieClips/transicao_6_1","classe":"transicao_6_1","nome":"eba08_02_6_1"}]},{"desenhos":[{"tipo":"img","x":"170.65px","y":"250.25px","width":"434.35px","height":"112.25px","nomeInstancia":"MovieClips/transicao_9_0","classe":"transicao_9_0","nome":"eba08_02_9_0"},{"nome":"eba08_02_9_1","tipo":"personagem","x":"0px","y":"0px","width":"1016px","height":"659px","nomeInstancia":"MovieClips/animaP9","classe":"animaP9"}]},{"desenhos":[{"tipo":"img","x":"201.75px","y":"358.4px","width":"355.75px","height":"111.25px","nomeInstancia":"MovieClips/transicao_10_0","classe":"transicao_10_0","nome":"eba08_02_10_0"},{"tipo":"img","x":"170.65px","y":"250.25px","width":"434.35px","height":"112.25px","nomeInstancia":"MovieClips/transicao_9_0","classe":"transicao_9_0","nome":"eba08_02_9_0"},{"nome":"eba08_02_9_1","tipo":"personagem","x":"0px","y":"0px","width":"1016px","height":"659px","nomeInstancia":"MovieClips/animaP9","classe":"animaP9"}]},{"desenhos":[{"tipo":"img","x":"631.15px","y":"241.8px","width":"307.7px","height":"43.1px","nomeInstancia":"MovieClips/textConvertido_11_0","classe":"textConvertido_11_0","nome":"eba08_02_11_0"},{"tipo":"img","x":"50.3px","y":"271.65px","width":"521.15px","height":"239.05px","nomeInstancia":"MovieClips/transicao_11_1","classe":"transicao_11_1","nome":"eba08_02_11_1"}]},{"desenhos":[{"tipo":"img","x":"631.15px","y":"300.7px","width":"293.65px","height":"104.75px","nomeInstancia":"MovieClips/textConvertido_12_0","classe":"textConvertido_12_0","nome":"eba08_02_12_0"},{"tipo":"img","x":"631.15px","y":"241.8px","width":"307.7px","height":"43.1px","nomeInstancia":"MovieClips/textConvertido_11_0","classe":"textConvertido_11_0","nome":"eba08_02_11_0"},{"tipo":"img","x":"50.3px","y":"271.65px","width":"521.15px","height":"239.05px","nomeInstancia":"MovieClips/transicao_11_1","classe":"transicao_11_1","nome":"eba08_02_11_1"}]},{"desenhos":[{"tipo":"img","x":"631.15px","y":"421.25px","width":"292.65px","height":"84.2px","nomeInstancia":"MovieClips/textConvertido_13_0","classe":"textConvertido_13_0","nome":"eba08_02_13_0"},{"tipo":"img","x":"631.15px","y":"300.7px","width":"293.65px","height":"104.75px","nomeInstancia":"MovieClips/textConvertido_12_0","classe":"textConvertido_12_0","nome":"eba08_02_12_0"},{"tipo":"img","x":"631.15px","y":"241.8px","width":"307.7px","height":"43.1px","nomeInstancia":"MovieClips/textConvertido_11_0","classe":"textConvertido_11_0","nome":"eba08_02_11_0"},{"tipo":"img","x":"50.3px","y":"271.65px","width":"521.15px","height":"239.05px","nomeInstancia":"MovieClips/transicao_11_1","classe":"transicao_11_1","nome":"eba08_02_11_1"}]},{"desenhos":[{"tipo":"img","x":"69.95px","y":"252.85px","width":"308.55px","height":"63.65px","nomeInstancia":"MovieClips/textConvertido_14_0","classe":"textConvertido_14_0","nome":"eba08_02_14_0"},{"tipo":"img","x":"410.7px","y":"267.9px","width":"521.15px","height":"239.05px","nomeInstancia":"MovieClips/transicao_14_1","classe":"transicao_14_1","nome":"eba08_02_14_1"}]},{"desenhos":[{"tipo":"img","x":"69.95px","y":"337.8px","width":"304.55px","height":"84.2px","nomeInstancia":"MovieClips/textConvertido_15_0","classe":"textConvertido_15_0","nome":"eba08_02_15_0"},{"tipo":"img","x":"69.95px","y":"252.85px","width":"308.55px","height":"63.65px","nomeInstancia":"MovieClips/textConvertido_14_0","classe":"textConvertido_14_0","nome":"eba08_02_14_0"},{"tipo":"img","x":"410.7px","y":"267.9px","width":"521.15px","height":"239.05px","nomeInstancia":"MovieClips/transicao_14_1","classe":"transicao_14_1","nome":"eba08_02_14_1"}]},{"desenhos":[{"tipo":"img","x":"69.95px","y":"443.3px","width":"292.65px","height":"63.65px","nomeInstancia":"MovieClips/textConvertido_16_0","classe":"textConvertido_16_0","nome":"eba08_02_16_0"},{"tipo":"img","x":"69.95px","y":"337.8px","width":"304.55px","height":"84.2px","nomeInstancia":"MovieClips/textConvertido_15_0","classe":"textConvertido_15_0","nome":"eba08_02_15_0"},{"tipo":"img","x":"69.95px","y":"252.85px","width":"308.55px","height":"63.65px","nomeInstancia":"MovieClips/textConvertido_14_0","classe":"textConvertido_14_0","nome":"eba08_02_14_0"},{"tipo":"img","x":"410.7px","y":"267.9px","width":"521.15px","height":"239.05px","nomeInstancia":"MovieClips/transicao_14_1","classe":"transicao_14_1","nome":"eba08_02_14_1"}]},{"desenhos":[{"tipo":"img","x":"631.15px","y":"228.75px","width":"303.5px","height":"104.75px","nomeInstancia":"MovieClips/textConvertido_17_0","classe":"textConvertido_17_0","nome":"eba08_02_17_0"},{"tipo":"img","x":"50.3px","y":"258.6px","width":"521.15px","height":"239.05px","nomeInstancia":"MovieClips/transicao_17_1","classe":"transicao_17_1","nome":"eba08_02_17_1"}]},{"desenhos":[{"tipo":"img","x":"631.15px","y":"349.3px","width":"324.6px","height":"43.1px","nomeInstancia":"MovieClips/textConvertido_18_0","classe":"textConvertido_18_0","nome":"eba08_02_18_0"},{"tipo":"img","x":"631.15px","y":"228.75px","width":"303.5px","height":"104.75px","nomeInstancia":"MovieClips/textConvertido_17_0","classe":"textConvertido_17_0","nome":"eba08_02_17_0"},{"tipo":"img","x":"50.3px","y":"258.6px","width":"521.15px","height":"239.05px","nomeInstancia":"MovieClips/transicao_17_1","classe":"transicao_17_1","nome":"eba08_02_17_1"}]},{"desenhos":[{"tipo":"img","x":"631.15px","y":"408.2px","width":"321.6px","height":"104.75px","nomeInstancia":"MovieClips/textConvertido_19_0","classe":"textConvertido_19_0","nome":"eba08_02_19_0"},{"tipo":"img","x":"631.15px","y":"349.3px","width":"324.6px","height":"43.1px","nomeInstancia":"MovieClips/textConvertido_18_0","classe":"textConvertido_18_0","nome":"eba08_02_18_0"},{"tipo":"img","x":"631.15px","y":"228.75px","width":"303.5px","height":"104.75px","nomeInstancia":"MovieClips/textConvertido_17_0","classe":"textConvertido_17_0","nome":"eba08_02_17_0"},{"tipo":"img","x":"50.3px","y":"258.6px","width":"521.15px","height":"239.05px","nomeInstancia":"MovieClips/transicao_17_1","classe":"transicao_17_1","nome":"eba08_02_17_1"}]},{"desenhos":[{"tipo":"img","x":"119.65px","y":"230.1px","width":"776.75px","height":"379.65px","nomeInstancia":"MovieClips/dragDrop","classe":"dragDrop","nome":"eba08_02_20_0"},{"tipo":"img","x":"392.75px","y":"143.9px","width":"230.5px","height":"78.4px","nomeInstancia":"MovieClips/transicao_20_1","classe":"transicao_20_1","nome":"eba08_02_20_1"}]}]}