{"licao":"elm05_03","topico":"03","telas":[{"desenhos":[{"tipo":"img","x":"112px","y":"211.8px","width":"389.1px","height":"84.2px","nomeInstancia":"textConvertido_1_0","classe":"textConvertido_1_0","nome":"elm05_03_1_0"},{"tipo":"img","x":"566.1px","y":"211.8px","width":"347.25px","height":"294.85px","nomeInstancia":"transicao_1_1","classe":"transicao_1_1","nome":"elm05_03_1_1"}]},{"desenhos":[{"tipo":"img","x":"112px","y":"310.55px","width":"368px","height":"63.65px","nomeInstancia":"textConvertido_2_0","classe":"textConvertido_2_0","nome":"elm05_03_2_0"},{"tipo":"img","x":"112px","y":"211.8px","width":"389.1px","height":"84.2px","nomeInstancia":"textConvertido_1_0","classe":"textConvertido_1_0","nome":"elm05_03_1_0"},{"tipo":"img","x":"566.1px","y":"211.8px","width":"347.25px","height":"294.85px","nomeInstancia":"transicao_1_1","classe":"transicao_1_1","nome":"elm05_03_1_1"}]},{"desenhos":[{"tipo":"img","x":"112px","y":"388.75px","width":"400px","height":"125.3px","nomeInstancia":"textConvertido_3_0","classe":"textConvertido_3_0","nome":"elm05_03_3_0"},{"tipo":"img","x":"112px","y":"310.55px","width":"368px","height":"63.65px","nomeInstancia":"textConvertido_2_0","classe":"textConvertido_2_0","nome":"elm05_03_2_0"},{"tipo":"img","x":"112px","y":"211.8px","width":"389.1px","height":"84.2px","nomeInstancia":"textConvertido_1_0","classe":"textConvertido_1_0","nome":"elm05_03_1_0"},{"tipo":"img","x":"566.1px","y":"211.8px","width":"347.25px","height":"294.85px","nomeInstancia":"transicao_1_1","classe":"transicao_1_1","nome":"elm05_03_1_1"}]},{"desenhos":[{"tipo":"img","x":"466.65px","y":"269.8px","width":"444.2px","height":"89.75px","nomeInstancia":"transicao_4_0","classe":"transicao_4_0","nome":"elm05_03_4_0"},{"nome":"elm05_03_4_1","tipo":"personagem","x":"0px","y":"0px","width":"1016px","height":"659px","nomeInstancia":"MovieClips/animaP4","classe":"animaP4"}]},{"desenhos":[{"tipo":"img","x":"511.9px","y":"354.9px","width":"355.75px","height":"121.15px","nomeInstancia":"transicao_5_0","classe":"transicao_5_0","nome":"elm05_03_5_0"},{"tipo":"img","x":"466.65px","y":"269.8px","width":"444.2px","height":"89.75px","nomeInstancia":"transicao_4_0","classe":"transicao_4_0","nome":"elm05_03_4_0"},{"nome":"elm05_03_4_1","tipo":"personagem","x":"0px","y":"0px","width":"1016px","height":"659px","nomeInstancia":"MovieClips/animaP4","classe":"animaP4"}]},{"desenhos":[{"tipo":"img","x":"55.95px","y":"279.35px","width":"458.05px","height":"84.2px","nomeInstancia":"textConvertido_6_0","classe":"textConvertido_6_0","nome":"elm05_03_6_0"},{"tipo":"img","x":"550.6px","y":"217.3px","width":"385.5px","height":"275.95px","nomeInstancia":"transicao_6_1","classe":"transicao_6_1","nome":"elm05_03_6_1"}]},{"desenhos":[{"tipo":"img","x":"55.95px","y":"315.15px","width":"440.65px","height":"156.4px","nomeInstancia":"Symbol 1","classe":"Symbol 1","nome":"elm05_03_7_0"},{"tipo":"img","x":"55.95px","y":"387.35px","width":"436.05px","height":"84.2px","nomeInstancia":"textConvertido_7_1","classe":"textConvertido_7_1","nome":"elm05_03_7_1"},{"tipo":"img","x":"55.95px","y":"279.35px","width":"458.05px","height":"84.2px","nomeInstancia":"textConvertido_6_0","classe":"textConvertido_6_0","nome":"elm05_03_6_0"},{"tipo":"img","x":"550.6px","y":"217.3px","width":"385.5px","height":"275.95px","nomeInstancia":"transicao_6_1","classe":"transicao_6_1","nome":"elm05_03_6_1"}]},{"desenhos":[{"tipo":"img","x":"156.25px","y":"176.85px","width":"630.35px","height":"335px","nomeInstancia":"MovieClips/telaInfo8","classe":"telaInfo8","nome":"elm05_03_8_0"},{"tipo":"img","x":"535.95px","y":"313.35px","width":"340.05px","height":"43.1px","nomeInstancia":"textConvertido_8_2","classe":"textConvertido_8_2","nome":"elm05_03_8_1"},{"tipo":"img","x":"535.95px","y":"382.4px","width":"366.05px","height":"22.55px","nomeInstancia":"textConvertido_8_1","classe":"textConvertido_8_1","nome":"elm05_03_8_2"},{"tipo":"img","x":"129.2px","y":"208.7px","width":"347.4px","height":"295.2px","nomeInstancia":"transicao_8_3","classe":"transicao_8_3","nome":"elm05_03_8_3"}]},{"desenhos":[{"tipo":"img","x":"105px","y":"207.35px","width":"364px","height":"84.2px","nomeInstancia":"textConvertido_9_0","classe":"textConvertido_9_0","nome":"elm05_03_9_0"},{"tipo":"img","x":"491.1px","y":"240.85px","width":"458.55px","height":"249.5px","nomeInstancia":"transicao_9_1","classe":"transicao_9_1","nome":"elm05_03_9_1"}]},{"desenhos":[{"tipo":"img","x":"105px","y":"312.05px","width":"364px","height":"63.65px","nomeInstancia":"textConvertido_10_0","classe":"textConvertido_10_0","nome":"elm05_03_10_0"},{"tipo":"img","x":"105px","y":"207.35px","width":"364px","height":"84.2px","nomeInstancia":"textConvertido_9_0","classe":"textConvertido_9_0","nome":"elm05_03_9_0"},{"tipo":"img","x":"491.1px","y":"240.85px","width":"458.55px","height":"249.5px","nomeInstancia":"transicao_9_1","classe":"transicao_9_1","nome":"elm05_03_9_1"}]},{"desenhos":[{"tipo":"img","x":"105px","y":"396.2px","width":"343px","height":"145.85px","nomeInstancia":"textConvertido_11_0","classe":"textConvertido_11_0","nome":"elm05_03_11_0"},{"tipo":"img","x":"105px","y":"312.05px","width":"364px","height":"63.65px","nomeInstancia":"textConvertido_10_0","classe":"textConvertido_10_0","nome":"elm05_03_10_0"},{"tipo":"img","x":"105px","y":"207.35px","width":"364px","height":"84.2px","nomeInstancia":"textConvertido_9_0","classe":"textConvertido_9_0","nome":"elm05_03_9_0"},{"tipo":"img","x":"491.1px","y":"240.85px","width":"458.55px","height":"249.5px","nomeInstancia":"transicao_9_1","classe":"transicao_9_1","nome":"elm05_03_9_1"}]},{"desenhos":[{"tipo":"img","x":"562px","y":"255.35px","width":"386px","height":"63.65px","nomeInstancia":"textConvertido_12_1","classe":"textConvertido_12_1","nome":"elm05_03_12_0"},{"tipo":"img","x":"315px","y":"186.35px","width":"386px","height":"22.55px","nomeInstancia":"textConvertido_12_0","classe":"textConvertido_12_0","nome":"elm05_03_12_1"},{"tipo":"img","x":"50.05px","y":"275.25px","width":"440.95px","height":"206.25px","nomeInstancia":"transicao_12_2","classe":"transicao_12_2","nome":"elm05_03_12_2"}]},{"desenhos":[{"tipo":"img","x":"562px","y":"335.75px","width":"364px","height":"63.65px","nomeInstancia":"textConvertido_13_0","classe":"textConvertido_13_0","nome":"elm05_03_13_0"},{"tipo":"img","x":"562px","y":"255.35px","width":"386px","height":"63.65px","nomeInstancia":"textConvertido_12_1","classe":"textConvertido_12_1","nome":"elm05_03_12_0"},{"tipo":"img","x":"315px","y":"186.35px","width":"386px","height":"22.55px","nomeInstancia":"textConvertido_12_0","classe":"textConvertido_12_0","nome":"elm05_03_12_1"},{"tipo":"img","x":"50.05px","y":"275.25px","width":"440.95px","height":"206.25px","nomeInstancia":"transicao_12_2","classe":"transicao_12_2","nome":"elm05_03_12_2"}]},{"desenhos":[{"tipo":"img","x":"562px","y":"416.15px","width":"390px","height":"84.2px","nomeInstancia":"textConvertido_14_0","classe":"textConvertido_14_0","nome":"elm05_03_14_0"},{"tipo":"img","x":"562px","y":"335.75px","width":"364px","height":"63.65px","nomeInstancia":"textConvertido_13_0","classe":"textConvertido_13_0","nome":"elm05_03_13_0"},{"tipo":"img","x":"562px","y":"255.35px","width":"386px","height":"63.65px","nomeInstancia":"textConvertido_12_1","classe":"textConvertido_12_1","nome":"elm05_03_12_0"},{"tipo":"img","x":"315px","y":"186.35px","width":"386px","height":"22.55px","nomeInstancia":"textConvertido_12_0","classe":"textConvertido_12_0","nome":"elm05_03_12_1"},{"tipo":"img","x":"50.05px","y":"275.25px","width":"440.95px","height":"206.25px","nomeInstancia":"transicao_12_2","classe":"transicao_12_2","nome":"elm05_03_12_2"}]},{"desenhos":[{"tipo":"img","x":"79.05px","y":"229.35px","width":"368.95px","height":"166.4px","nomeInstancia":"textConvertido_15_0","classe":"textConvertido_15_0","nome":"elm05_03_15_0"},{"tipo":"img","x":"491.05px","y":"245.25px","width":"440.95px","height":"206.25px","nomeInstancia":"transicao_15_1","classe":"transicao_15_1","nome":"elm05_03_15_1"}]},{"desenhos":[{"tipo":"img","x":"79.05px","y":"420.15px","width":"357.95px","height":"63.65px","nomeInstancia":"textConvertido_16_0","classe":"textConvertido_16_0","nome":"elm05_03_16_0"},{"tipo":"img","x":"79.05px","y":"229.35px","width":"368.95px","height":"166.4px","nomeInstancia":"textConvertido_15_0","classe":"textConvertido_15_0","nome":"elm05_03_15_0"},{"tipo":"img","x":"491.05px","y":"245.25px","width":"440.95px","height":"206.25px","nomeInstancia":"transicao_15_1","classe":"transicao_15_1","nome":"elm05_03_15_1"}]},{"desenhos":[{"tipo":"img","x":"77.65px","y":"205.75px","width":"701.6px","height":"351.2px","nomeInstancia":"MovieClips/opcoes17","classe":"opcoes17","nome":"elm05_03_17_0"},{"tipo":"img","x":"89.4px","y":"163px","width":"225.9px","height":"74.55px","nomeInstancia":"transicao_17_1","classe":"transicao_17_1","nome":"elm05_03_17_1"},{"tipo":"img","x":"89.4px","y":"279.2px","width":"861.3px","height":"170.95px","nomeInstancia":"MovieClips/textConvertido_17_1","classe":"textConvertido_17_1","nome":"elm05_03_17_2"},{"tipo":"img","x":"348px","y":"213px","width":"556px","height":"22.55px","nomeInstancia":"MovieClips/textConvertido_17_0","classe":"textConvertido_17_0","nome":"elm05_03_17_3"}]}]}