{"licao":"elm05_01","topico":"01","telas":[{"desenhos":[{"tipo":"img","x":"118px","y":"252.8px","width":"336px","height":"84.2px","nomeInstancia":"MovieClips/textConvertido_1_1","classe":"textConvertido_1_1","nome":"elm05_01_1_0"},{"tipo":"img","x":"118px","y":"369.75px","width":"303px","height":"104.75px","nomeInstancia":"MovieClips/textConvertido_1_0","classe":"textConvertido_1_0","nome":"elm05_01_1_1"},{"tipo":"img","x":"528.85px","y":"200.75px","width":"411.75px","height":"295.6px","nomeInstancia":"MovieClips/transicao_1_2","classe":"transicao_1_2","nome":"elm05_01_1_2"}]},{"desenhos":[{"tipo":"img","x":"550.2px","y":"245.8px","width":"374px","height":"43.1px","nomeInstancia":"MovieClips/textConvertido_2_0","classe":"textConvertido_2_0","nome":"elm05_01_2_0"},{"tipo":"img","x":"79.2px","y":"228.2px","width":"427.15px","height":"264.7px","nomeInstancia":"MovieClips/transicao_2_1","classe":"transicao_2_1","nome":"elm05_01_2_1"}]},{"desenhos":[{"tipo":"img","x":"550.2px","y":"306.7px","width":"397px","height":"84.2px","nomeInstancia":"MovieClips/textConvertido_3_0","classe":"textConvertido_3_0","nome":"elm05_01_3_0"},{"tipo":"img","x":"550.2px","y":"245.8px","width":"374px","height":"43.1px","nomeInstancia":"MovieClips/textConvertido_2_0","classe":"textConvertido_2_0","nome":"elm05_01_2_0"},{"tipo":"img","x":"79.2px","y":"228.2px","width":"427.15px","height":"264.7px","nomeInstancia":"MovieClips/transicao_2_1","classe":"transicao_2_1","nome":"elm05_01_2_1"}]},{"desenhos":[{"tipo":"img","x":"550.2px","y":"408.7px","width":"397px","height":"84.2px","nomeInstancia":"MovieClips/textConvertido_4_0","classe":"textConvertido_4_0","nome":"elm05_01_4_0"},{"tipo":"img","x":"550.2px","y":"306.7px","width":"397px","height":"84.2px","nomeInstancia":"MovieClips/textConvertido_3_0","classe":"textConvertido_3_0","nome":"elm05_01_3_0"},{"tipo":"img","x":"550.2px","y":"245.8px","width":"374px","height":"43.1px","nomeInstancia":"MovieClips/textConvertido_2_0","classe":"textConvertido_2_0","nome":"elm05_01_2_0"},{"tipo":"img","x":"79.2px","y":"228.2px","width":"427.15px","height":"264.7px","nomeInstancia":"MovieClips/transicao_2_1","classe":"transicao_2_1","nome":"elm05_01_2_1"}]},{"desenhos":[{"tipo":"img","x":"131.65px","y":"268.75px","width":"447.3px","height":"112.25px","nomeInstancia":"MovieClips/transicao_5_0","classe":"transicao_5_0","nome":"elm05_01_5_0"},{"nome":"elm05_01_5_1","tipo":"personagem","x":"0px","y":"0px","width":"1016px","height":"659px","nomeInstancia":"MovieClips/animaP5","classe":"animaP5"}]},{"desenhos":[{"tipo":"img","x":"115.05px","y":"374.9px","width":"416.35px","height":"112.5px","nomeInstancia":"MovieClips/transicao_6_0","classe":"transicao_6_0","nome":"elm05_01_6_0"},{"tipo":"img","x":"131.65px","y":"268.75px","width":"447.3px","height":"112.25px","nomeInstancia":"MovieClips/transicao_5_0","classe":"transicao_5_0","nome":"elm05_01_5_0"},{"nome":"elm05_01_5_1","tipo":"personagem","x":"0px","y":"0px","width":"1016px","height":"659px","nomeInstancia":"MovieClips/animaP5","classe":"animaP5"}]},{"desenhos":[{"tipo":"img","x":"321px","y":"184.8px","width":"374px","height":"22.55px","nomeInstancia":"MovieClips/textConvertido_7_1","classe":"textConvertido_7_1","nome":"elm05_01_7_0"},{"tipo":"img","x":"458px","y":"322.7px","width":"404px","height":"63.65px","nomeInstancia":"MovieClips/textConvertido_7_0","classe":"textConvertido_7_0","nome":"elm05_01_7_1"},{"nome":"elm05_01_7_2","tipo":"png","x":"0px","y":"0px","width":"1016px","height":"659px","nomeInstancia":"MovieClips/anima7","classe":"anima7"}]},{"desenhos":[{"tipo":"img","x":"458px","y":"404.65px","width":"430px","height":"43.1px","nomeInstancia":"MovieClips/textConvertido_8_0","classe":"textConvertido_8_0","nome":"elm05_01_8_0"},{"tipo":"img","x":"321px","y":"184.8px","width":"374px","height":"22.55px","nomeInstancia":"MovieClips/textConvertido_7_1","classe":"textConvertido_7_1","nome":"elm05_01_7_0"},{"tipo":"img","x":"458px","y":"322.7px","width":"404px","height":"63.65px","nomeInstancia":"MovieClips/textConvertido_7_0","classe":"textConvertido_7_0","nome":"elm05_01_7_1"},{"nome":"elm05_01_7_2","tipo":"png","x":"0px","y":"0px","width":"1016px","height":"659px","nomeInstancia":"MovieClips/anima7","classe":"anima7"}]},{"desenhos":[{"tipo":"img","x":"95px","y":"236.7px","width":"414px","height":"104.75px","nomeInstancia":"MovieClips/textConvertido_9_0","classe":"textConvertido_9_0","nome":"elm05_01_9_0"},{"tipo":"img","x":"543.8px","y":"201.95px","width":"416.2px","height":"303.95px","nomeInstancia":"MovieClips/transicao_9_1","classe":"transicao_9_1","nome":"elm05_01_9_1"}]},{"desenhos":[{"tipo":"img","x":"95px","y":"355.7px","width":"430px","height":"63.65px","nomeInstancia":"MovieClips/textConvertido_10_0","classe":"textConvertido_10_0","nome":"elm05_01_10_0"},{"tipo":"img","x":"95px","y":"236.7px","width":"414px","height":"104.75px","nomeInstancia":"MovieClips/textConvertido_9_0","classe":"textConvertido_9_0","nome":"elm05_01_9_0"},{"tipo":"img","x":"543.8px","y":"201.95px","width":"416.2px","height":"303.95px","nomeInstancia":"MovieClips/transicao_9_1","classe":"transicao_9_1","nome":"elm05_01_9_1"}]},{"desenhos":[{"tipo":"img","x":"95px","y":"433.6px","width":"430px","height":"63.65px","nomeInstancia":"MovieClips/textConvertido_11_0","classe":"textConvertido_11_0","nome":"elm05_01_11_0"},{"tipo":"img","x":"95px","y":"355.7px","width":"430px","height":"63.65px","nomeInstancia":"MovieClips/textConvertido_10_0","classe":"textConvertido_10_0","nome":"elm05_01_10_0"},{"tipo":"img","x":"95px","y":"236.7px","width":"414px","height":"104.75px","nomeInstancia":"MovieClips/textConvertido_9_0","classe":"textConvertido_9_0","nome":"elm05_01_9_0"},{"tipo":"img","x":"543.8px","y":"201.95px","width":"416.2px","height":"303.95px","nomeInstancia":"MovieClips/transicao_9_1","classe":"transicao_9_1","nome":"elm05_01_9_1"}]},{"desenhos":[{"tipo":"img","x":"93px","y":"201.7px","width":"830px","height":"43.1px","nomeInstancia":"MovieClips/textConvertido_12_0","classe":"textConvertido_12_0","nome":"elm05_01_12_0"},{"tipo":"img","x":"185.55px","y":"314.3px","width":"667.85px","height":"168.85px","nomeInstancia":"MovieClips/transicao_12_1","classe":"transicao_12_1","nome":"elm05_01_12_1"}]},{"desenhos":[{"tipo":"img","x":"468.55px","y":"263.7px","width":"414px","height":"63.65px","nomeInstancia":"MovieClips/textConvertido_13_0","classe":"textConvertido_13_0","nome":"elm05_01_13_0"},{"nome":"elm05_01_13_1","tipo":"png","x":"0px","y":"0px","width":"1016px","height":"659px","nomeInstancia":"MovieClips/anima13","classe":"anima13"}]},{"desenhos":[{"tipo":"img","x":"468.55px","y":"344.95px","width":"454px","height":"43.1px","nomeInstancia":"MovieClips/textConvertido_14_0","classe":"textConvertido_14_0","nome":"elm05_01_14_0"},{"tipo":"img","x":"468.55px","y":"263.7px","width":"414px","height":"63.65px","nomeInstancia":"MovieClips/textConvertido_13_0","classe":"textConvertido_13_0","nome":"elm05_01_13_0"},{"nome":"elm05_01_13_1","tipo":"png","x":"0px","y":"0px","width":"1016px","height":"659px","nomeInstancia":"MovieClips/anima13","classe":"anima13"}]},{"desenhos":[{"tipo":"img","x":"468.55px","y":"405.65px","width":"430px","height":"63.65px","nomeInstancia":"MovieClips/textConvertido_15_0","classe":"textConvertido_15_0","nome":"elm05_01_15_0"},{"tipo":"img","x":"468.55px","y":"344.95px","width":"454px","height":"43.1px","nomeInstancia":"MovieClips/textConvertido_14_0","classe":"textConvertido_14_0","nome":"elm05_01_14_0"},{"tipo":"img","x":"468.55px","y":"263.7px","width":"414px","height":"63.65px","nomeInstancia":"MovieClips/textConvertido_13_0","classe":"textConvertido_13_0","nome":"elm05_01_13_0"},{"nome":"elm05_01_13_1","tipo":"png","x":"0px","y":"0px","width":"1016px","height":"659px","nomeInstancia":"MovieClips/anima13","classe":"anima13"}]},{"desenhos":[{"tipo":"img","x":"87.3px","y":"217.4px","width":"561px","height":"96.3px","nomeInstancia":"MovieClips/transicao_16_0","classe":"transicao_16_0","nome":"elm05_01_16_0"},{"nome":"elm05_01_16_1","tipo":"personagem","x":"0px","y":"0px","width":"1016px","height":"659px","nomeInstancia":"MovieClips/animaP16","classe":"animaP16"}]},{"desenhos":[{"tipo":"img","x":"87.45px","y":"298.85px","width":"518.65px","height":"150.9px","nomeInstancia":"MovieClips/transicao_17_0","classe":"transicao_17_0","nome":"elm05_01_17_0"},{"tipo":"img","x":"87.3px","y":"217.4px","width":"561px","height":"96.3px","nomeInstancia":"MovieClips/transicao_16_0","classe":"transicao_16_0","nome":"elm05_01_16_0"},{"nome":"elm05_01_16_1","tipo":"personagem","x":"0px","y":"0px","width":"1016px","height":"659px","nomeInstancia":"MovieClips/animaP16","classe":"animaP16"}]},{"desenhos":[{"tipo":"img","x":"87.45px","y":"443.8px","width":"518.65px","height":"87.5px","nomeInstancia":"MovieClips/transicao_18_0","classe":"transicao_18_0","nome":"elm05_01_18_0"},{"tipo":"img","x":"87.45px","y":"298.85px","width":"518.65px","height":"150.9px","nomeInstancia":"MovieClips/transicao_17_0","classe":"transicao_17_0","nome":"elm05_01_17_0"},{"tipo":"img","x":"87.3px","y":"217.4px","width":"561px","height":"96.3px","nomeInstancia":"MovieClips/transicao_16_0","classe":"transicao_16_0","nome":"elm05_01_16_0"},{"nome":"elm05_01_16_1","tipo":"personagem","x":"0px","y":"0px","width":"1016px","height":"659px","nomeInstancia":"MovieClips/animaP16","classe":"animaP16"}]},{"desenhos":[{"tipo":"img","x":"221px","y":"208.7px","width":"574px","height":"22.55px","nomeInstancia":"MovieClips/textConvertido_19_0","classe":"textConvertido_19_0","nome":"elm05_01_19_0"},{"nome":"elm05_01_19_1","tipo":"png","x":"0px","y":"0px","width":"1016px","height":"659px","nomeInstancia":"MovieClips/anima19","classe":"anima19"}]},{"desenhos":[{"tipo":"img","x":"474px","y":"261.7px","width":"432px","height":"63.65px","nomeInstancia":"MovieClips/textConvertido_20_0","classe":"textConvertido_20_0","nome":"elm05_01_20_0"},{"nome":"elm05_01_20_1","tipo":"png","x":"0px","y":"0px","width":"1016px","height":"659px","nomeInstancia":"MovieClips/anima20","classe":"anima20"}]},{"desenhos":[{"tipo":"img","x":"474px","y":"342.15px","width":"454px","height":"63.65px","nomeInstancia":"MovieClips/textConvertido_21_0","classe":"textConvertido_21_0","nome":"elm05_01_21_0"},{"tipo":"img","x":"474px","y":"261.7px","width":"432px","height":"63.65px","nomeInstancia":"MovieClips/textConvertido_20_0","classe":"textConvertido_20_0","nome":"elm05_01_20_0"},{"nome":"elm05_01_20_1","tipo":"png","x":"0px","y":"0px","width":"1016px","height":"659px","nomeInstancia":"MovieClips/anima20","classe":"anima20"}]},{"desenhos":[{"tipo":"img","x":"474px","y":"422.6px","width":"430px","height":"43.1px","nomeInstancia":"MovieClips/textConvertido_22_0","classe":"textConvertido_22_0","nome":"elm05_01_22_0"},{"tipo":"img","x":"474px","y":"342.15px","width":"454px","height":"63.65px","nomeInstancia":"MovieClips/textConvertido_21_0","classe":"textConvertido_21_0","nome":"elm05_01_21_0"},{"tipo":"img","x":"474px","y":"261.7px","width":"432px","height":"63.65px","nomeInstancia":"MovieClips/textConvertido_20_0","classe":"textConvertido_20_0","nome":"elm05_01_20_0"},{"nome":"elm05_01_20_1","tipo":"png","x":"0px","y":"0px","width":"1016px","height":"659px","nomeInstancia":"MovieClips/anima20","classe":"anima20"}]},{"desenhos":[{"tipo":"img","x":"120.05px","y":"251.7px","width":"329.95px","height":"63.65px","nomeInstancia":"MovieClips/textConvertido_23_0","classe":"textConvertido_23_0","nome":"elm05_01_23_0"},{"tipo":"img","x":"488.55px","y":"211.65px","width":"451.4px","height":"312.9px","nomeInstancia":"MovieClips/transicao_23_1","classe":"transicao_23_1","nome":"elm05_01_23_1"}]},{"desenhos":[{"tipo":"img","x":"120.05px","y":"332.15px","width":"325.95px","height":"63.65px","nomeInstancia":"MovieClips/textConvertido_24_0","classe":"textConvertido_24_0","nome":"elm05_01_24_0"},{"tipo":"img","x":"120.05px","y":"251.7px","width":"329.95px","height":"63.65px","nomeInstancia":"MovieClips/textConvertido_23_0","classe":"textConvertido_23_0","nome":"elm05_01_23_0"},{"tipo":"img","x":"488.55px","y":"211.65px","width":"451.4px","height":"312.9px","nomeInstancia":"MovieClips/transicao_23_1","classe":"transicao_23_1","nome":"elm05_01_23_1"}]},{"desenhos":[{"tipo":"img","x":"120.05px","y":"412.6px","width":"316.95px","height":"63.65px","nomeInstancia":"MovieClips/textConvertido_25_0","classe":"textConvertido_25_0","nome":"elm05_01_25_0"},{"tipo":"img","x":"120.05px","y":"332.15px","width":"325.95px","height":"63.65px","nomeInstancia":"MovieClips/textConvertido_24_0","classe":"textConvertido_24_0","nome":"elm05_01_24_0"},{"tipo":"img","x":"120.05px","y":"251.7px","width":"329.95px","height":"63.65px","nomeInstancia":"MovieClips/textConvertido_23_0","classe":"textConvertido_23_0","nome":"elm05_01_23_0"},{"tipo":"img","x":"488.55px","y":"211.65px","width":"451.4px","height":"312.9px","nomeInstancia":"MovieClips/transicao_23_1","classe":"transicao_23_1","nome":"elm05_01_23_1"}]},{"desenhos":[{"tipo":"img","x":"411.05px","y":"281.7px","width":"445.95px","height":"43.1px","nomeInstancia":"MovieClips/textConvertido_26_0","classe":"textConvertido_26_0","nome":"elm05_01_26_0"},{"tipo":"img","x":"119.45px","y":"209.1px","width":"248.1px","height":"316.75px","nomeInstancia":"MovieClips/transicao_26_1","classe":"transicao_26_1","nome":"elm05_01_26_1"}]},{"desenhos":[{"tipo":"img","x":"411.05px","y":"348.85px","width":"460.95px","height":"63.65px","nomeInstancia":"MovieClips/textConvertido_27_0","classe":"textConvertido_27_0","nome":"elm05_01_27_0"},{"tipo":"img","x":"411.05px","y":"281.7px","width":"445.95px","height":"43.1px","nomeInstancia":"MovieClips/textConvertido_26_0","classe":"textConvertido_26_0","nome":"elm05_01_26_0"},{"tipo":"img","x":"119.45px","y":"209.1px","width":"248.1px","height":"316.75px","nomeInstancia":"MovieClips/transicao_26_1","classe":"transicao_26_1","nome":"elm05_01_26_1"}]},{"desenhos":[{"tipo":"img","x":"411.05px","y":"436.55px","width":"528.9px","height":"22.55px","nomeInstancia":"MovieClips/textConvertido_28_0","classe":"textConvertido_28_0","nome":"elm05_01_28_0"},{"tipo":"img","x":"411.05px","y":"348.85px","width":"460.95px","height":"63.65px","nomeInstancia":"MovieClips/textConvertido_27_0","classe":"textConvertido_27_0","nome":"elm05_01_27_0"},{"tipo":"img","x":"411.05px","y":"281.7px","width":"445.95px","height":"43.1px","nomeInstancia":"MovieClips/textConvertido_26_0","classe":"textConvertido_26_0","nome":"elm05_01_26_0"},{"tipo":"img","x":"119.45px","y":"209.1px","width":"248.1px","height":"316.75px","nomeInstancia":"MovieClips/transicao_26_1","classe":"transicao_26_1","nome":"elm05_01_26_1"}]},{"desenhos":[{"tipo":"img","x":"78.05px","y":"225.7px","width":"463.95px","height":"43.1px","nomeInstancia":"MovieClips/textConvertido_29_0","classe":"textConvertido_29_0","nome":"elm05_01_29_0"},{"tipo":"img","x":"591.55px","y":"225.7px","width":"361.6px","height":"256px","nomeInstancia":"MovieClips/transicao_29_1","classe":"transicao_29_1","nome":"elm05_01_29_1"}]},{"desenhos":[{"tipo":"img","x":"78.05px","y":"286.25px","width":"477.95px","height":"84.2px","nomeInstancia":"MovieClips/textConvertido_30_0","classe":"textConvertido_30_0","nome":"elm05_01_30_0"},{"tipo":"img","x":"78.05px","y":"225.7px","width":"463.95px","height":"43.1px","nomeInstancia":"MovieClips/textConvertido_29_0","classe":"textConvertido_29_0","nome":"elm05_01_29_0"},{"tipo":"img","x":"591.55px","y":"225.7px","width":"361.6px","height":"256px","nomeInstancia":"MovieClips/transicao_29_1","classe":"transicao_29_1","nome":"elm05_01_29_1"}]},{"desenhos":[{"tipo":"img","x":"254.25px","y":"201.1px","width":"691.65px","height":"377.55px","nomeInstancia":"MovieClips/telaInfo31","classe":"telaInfo31","nome":"elm05_01_31_0"},{"tipo":"img","x":"78.05px","y":"387.9px","width":"472.95px","height":"84.2px","nomeInstancia":"MovieClips/textConvertido_31_2","classe":"textConvertido_31_2","nome":"elm05_01_31_1"},{"tipo":"img","x":"78.05px","y":"489.55px","width":"463.95px","height":"22.55px","nomeInstancia":"MovieClips/textConvertido_31_1","classe":"textConvertido_31_1","nome":"elm05_01_31_2"},{"tipo":"img","x":"78.05px","y":"286.25px","width":"477.95px","height":"84.2px","nomeInstancia":"MovieClips/textConvertido_30_0","classe":"textConvertido_30_0","nome":"elm05_01_30_0"},{"tipo":"img","x":"78.05px","y":"225.7px","width":"463.95px","height":"43.1px","nomeInstancia":"MovieClips/textConvertido_29_0","classe":"textConvertido_29_0","nome":"elm05_01_29_0"},{"tipo":"img","x":"591.55px","y":"225.7px","width":"361.6px","height":"256px","nomeInstancia":"MovieClips/transicao_29_1","classe":"transicao_29_1","nome":"elm05_01_29_1"}]},{"desenhos":[{"tipo":"img","x":"375.1px","y":"218.95px","width":"436.45px","height":"60.4px","nomeInstancia":"MovieClips/transicao_32_0","classe":"transicao_32_0","nome":"elm05_01_32_0"},{"nome":"elm05_01_32_1","tipo":"personagem","x":"0px","y":"0px","width":"1016px","height":"659px","nomeInstancia":"MovieClips/animaP32","classe":"animaP32"}]},{"desenhos":[{"tipo":"img","x":"456.9px","y":"274.45px","width":"355.75px","height":"156.4px","nomeInstancia":"MovieClips/transicao_33_0","classe":"transicao_33_0","nome":"elm05_01_33_0"},{"tipo":"img","x":"375.1px","y":"218.95px","width":"436.45px","height":"60.4px","nomeInstancia":"MovieClips/transicao_32_0","classe":"transicao_32_0","nome":"elm05_01_32_0"},{"nome":"elm05_01_32_1","tipo":"personagem","x":"0px","y":"0px","width":"1016px","height":"659px","nomeInstancia":"MovieClips/animaP32","classe":"animaP32"}]},{"desenhos":[{"tipo":"img","x":"456.9px","y":"422.25px","width":"448px","height":"84.2px","nomeInstancia":"MovieClips/textConvertido_34_0","classe":"textConvertido_34_0","nome":"elm05_01_34_0"},{"tipo":"img","x":"456.9px","y":"274.45px","width":"355.75px","height":"156.4px","nomeInstancia":"MovieClips/transicao_33_0","classe":"transicao_33_0","nome":"elm05_01_33_0"},{"tipo":"img","x":"375.1px","y":"218.95px","width":"436.45px","height":"60.4px","nomeInstancia":"MovieClips/transicao_32_0","classe":"transicao_32_0","nome":"elm05_01_32_0"},{"nome":"elm05_01_32_1","tipo":"personagem","x":"0px","y":"0px","width":"1016px","height":"659px","nomeInstancia":"MovieClips/animaP32","classe":"animaP32"}]},{"desenhos":[{"tipo":"img","x":"74.3px","y":"243.7px","width":"426.95px","height":"63.65px","nomeInstancia":"MovieClips/textConvertido_35_0","classe":"textConvertido_35_0","nome":"elm05_01_35_0"},{"tipo":"img","x":"538.55px","y":"243.15px","width":"395.8px","height":"241.95px","nomeInstancia":"MovieClips/transicao_35_1","classe":"transicao_35_1","nome":"elm05_01_35_1"}]},{"desenhos":[{"tipo":"img","x":"74.3px","y":"322.3px","width":"430.95px","height":"63.65px","nomeInstancia":"MovieClips/textConvertido_36_0","classe":"textConvertido_36_0","nome":"elm05_01_36_0"},{"tipo":"img","x":"74.3px","y":"243.7px","width":"426.95px","height":"63.65px","nomeInstancia":"MovieClips/textConvertido_35_0","classe":"textConvertido_35_0","nome":"elm05_01_35_0"},{"tipo":"img","x":"538.55px","y":"243.15px","width":"395.8px","height":"241.95px","nomeInstancia":"MovieClips/transicao_35_1","classe":"transicao_35_1","nome":"elm05_01_35_1"}]},{"desenhos":[{"tipo":"img","x":"74.3px","y":"400.9px","width":"452.95px","height":"84.2px","nomeInstancia":"MovieClips/textConvertido_37_0","classe":"textConvertido_37_0","nome":"elm05_01_37_0"},{"tipo":"img","x":"74.3px","y":"322.3px","width":"430.95px","height":"63.65px","nomeInstancia":"MovieClips/textConvertido_36_0","classe":"textConvertido_36_0","nome":"elm05_01_36_0"},{"tipo":"img","x":"74.3px","y":"243.7px","width":"426.95px","height":"63.65px","nomeInstancia":"MovieClips/textConvertido_35_0","classe":"textConvertido_35_0","nome":"elm05_01_35_0"},{"tipo":"img","x":"538.55px","y":"243.15px","width":"395.8px","height":"241.95px","nomeInstancia":"MovieClips/transicao_35_1","classe":"transicao_35_1","nome":"elm05_01_35_1"}]},{"desenhos":[{"tipo":"img","x":"521.05px","y":"304.55px","width":"372.95px","height":"63.65px","nomeInstancia":"MovieClips/textConvertido_38_0","classe":"textConvertido_38_0","nome":"elm05_01_38_0"},{"tipo":"img","x":"116.1px","y":"205.5px","width":"347.25px","height":"294.85px","nomeInstancia":"MovieClips/transicao_38_1","classe":"transicao_38_1","nome":"elm05_01_38_1"}]},{"desenhos":[{"tipo":"img","x":"521.05px","y":"395.15px","width":"364.95px","height":"84.2px","nomeInstancia":"MovieClips/textConvertido_39_0","classe":"textConvertido_39_0","nome":"elm05_01_39_0"},{"tipo":"img","x":"521.05px","y":"304.55px","width":"372.95px","height":"63.65px","nomeInstancia":"MovieClips/textConvertido_38_0","classe":"textConvertido_38_0","nome":"elm05_01_38_0"},{"tipo":"img","x":"116.1px","y":"205.5px","width":"347.25px","height":"294.85px","nomeInstancia":"MovieClips/transicao_38_1","classe":"transicao_38_1","nome":"elm05_01_38_1"}]},{"desenhos":[{"tipo":"img","x":"91.05px","y":"232.7px","width":"465.95px","height":"125.3px","nomeInstancia":"MovieClips/textConvertido_40_0","classe":"textConvertido_40_0","nome":"elm05_01_40_0"},{"tipo":"img","x":"592.2px","y":"223.15px","width":"347.25px","height":"294.85px","nomeInstancia":"MovieClips/transicao_40_1","classe":"transicao_40_1","nome":"elm05_01_40_1"}]},{"desenhos":[{"tipo":"img","x":"91.05px","y":"379.3px","width":"451.95px","height":"63.65px","nomeInstancia":"MovieClips/textConvertido_41_0","classe":"textConvertido_41_0","nome":"elm05_01_41_0"},{"tipo":"img","x":"91.05px","y":"232.7px","width":"465.95px","height":"125.3px","nomeInstancia":"MovieClips/textConvertido_40_0","classe":"textConvertido_40_0","nome":"elm05_01_40_0"},{"tipo":"img","x":"592.2px","y":"223.15px","width":"347.25px","height":"294.85px","nomeInstancia":"MovieClips/transicao_40_1","classe":"transicao_40_1","nome":"elm05_01_40_1"}]},{"desenhos":[{"tipo":"img","x":"91.05px","y":"464.25px","width":"443.95px","height":"43.1px","nomeInstancia":"MovieClips/textConvertido_42_0","classe":"textConvertido_42_0","nome":"elm05_01_42_0"},{"tipo":"img","x":"91.05px","y":"379.3px","width":"451.95px","height":"63.65px","nomeInstancia":"MovieClips/textConvertido_41_0","classe":"textConvertido_41_0","nome":"elm05_01_41_0"},{"tipo":"img","x":"91.05px","y":"232.7px","width":"465.95px","height":"125.3px","nomeInstancia":"MovieClips/textConvertido_40_0","classe":"textConvertido_40_0","nome":"elm05_01_40_0"},{"tipo":"img","x":"592.2px","y":"223.15px","width":"347.25px","height":"294.85px","nomeInstancia":"MovieClips/transicao_40_1","classe":"transicao_40_1","nome":"elm05_01_40_1"}]},{"desenhos":[{"tipo":"img","x":"307.1px","y":"224.2px","width":"414.85px","height":"275.6px","nomeInstancia":"MovieClips/destaque43","classe":"destaque43","nome":"elm05_01_43_0"},{"tipo":"img","x":"91.05px","y":"464.25px","width":"443.95px","height":"43.1px","nomeInstancia":"MovieClips/textConvertido_42_0","classe":"textConvertido_42_0","nome":"elm05_01_42_0"},{"tipo":"img","x":"91.05px","y":"379.3px","width":"451.95px","height":"63.65px","nomeInstancia":"MovieClips/textConvertido_41_0","classe":"textConvertido_41_0","nome":"elm05_01_41_0"},{"tipo":"img","x":"91.05px","y":"232.7px","width":"465.95px","height":"125.3px","nomeInstancia":"MovieClips/textConvertido_40_0","classe":"textConvertido_40_0","nome":"elm05_01_40_0"},{"tipo":"img","x":"592.2px","y":"223.15px","width":"347.25px","height":"294.85px","nomeInstancia":"MovieClips/transicao_40_1","classe":"transicao_40_1","nome":"elm05_01_40_1"}]},{"desenhos":[{"tipo":"img","x":"348.1px","y":"199.65px","width":"508.35px","height":"96.6px","nomeInstancia":"MovieClips/transicao_44_0","classe":"transicao_44_0","nome":"elm05_01_44_0"},{"nome":"elm05_01_44_1","tipo":"personagem","x":"0px","y":"0px","width":"1016px","height":"659px","nomeInstancia":"MovieClips/animaP44","classe":"animaP44"}]},{"desenhos":[{"tipo":"img","x":"392.95px","y":"289.7px","width":"506.7px","height":"109.3px","nomeInstancia":"MovieClips/transicao_45_0","classe":"transicao_45_0","nome":"elm05_01_45_0"},{"tipo":"img","x":"348.1px","y":"199.65px","width":"508.35px","height":"96.6px","nomeInstancia":"MovieClips/transicao_44_0","classe":"transicao_44_0","nome":"elm05_01_44_0"},{"nome":"elm05_01_44_1","tipo":"personagem","x":"0px","y":"0px","width":"1016px","height":"659px","nomeInstancia":"MovieClips/animaP44","classe":"animaP44"}]},{"desenhos":[{"tipo":"img","x":"392.95px","y":"392.65px","width":"491.85px","height":"127.05px","nomeInstancia":"MovieClips/transicao_46_0","classe":"transicao_46_0","nome":"elm05_01_46_0"},{"tipo":"img","x":"392.95px","y":"289.7px","width":"506.7px","height":"109.3px","nomeInstancia":"MovieClips/transicao_45_0","classe":"transicao_45_0","nome":"elm05_01_45_0"},{"tipo":"img","x":"348.1px","y":"199.65px","width":"508.35px","height":"96.6px","nomeInstancia":"MovieClips/transicao_44_0","classe":"transicao_44_0","nome":"elm05_01_44_0"},{"nome":"elm05_01_44_1","tipo":"personagem","x":"0px","y":"0px","width":"1016px","height":"659px","nomeInstancia":"MovieClips/animaP44","classe":"animaP44"}]},{"desenhos":[{"tipo":"img","x":"235.85px","y":"239.75px","width":"376.2px","height":"96.6px","nomeInstancia":"MovieClips/transicao_47_0","classe":"transicao_47_0","nome":"elm05_01_47_0"},{"nome":"elm05_01_47_1","tipo":"personagem","x":"0px","y":"0px","width":"1016px","height":"659px","nomeInstancia":"MovieClips/animaP47","classe":"animaP47"}]},{"desenhos":[{"tipo":"img","x":"181.95px","y":"329.9px","width":"381.3px","height":"192.25px","nomeInstancia":"MovieClips/transicao_48_0","classe":"transicao_48_0","nome":"elm05_01_48_0"},{"tipo":"img","x":"235.85px","y":"239.75px","width":"376.2px","height":"96.6px","nomeInstancia":"MovieClips/transicao_47_0","classe":"transicao_47_0","nome":"elm05_01_47_0"},{"nome":"elm05_01_47_1","tipo":"personagem","x":"0px","y":"0px","width":"1016px","height":"659px","nomeInstancia":"MovieClips/animaP47","classe":"animaP47"}]},{"desenhos":[{"tipo":"img","x":"478.25px","y":"254.7px","width":"475.95px","height":"125.3px","nomeInstancia":"MovieClips/textConvertido_49_0","classe":"textConvertido_49_0","nome":"elm05_01_49_0"},{"tipo":"img","x":"43.4px","y":"184.05px","width":"407.45px","height":"306.6px","nomeInstancia":"MovieClips/transicao_49_1","classe":"transicao_49_1","nome":"elm05_01_49_1"}]},{"desenhos":[{"tipo":"img","x":"478.25px","y":"409.65px","width":"498.95px","height":"63.65px","nomeInstancia":"MovieClips/textConvertido_50_0","classe":"textConvertido_50_0","nome":"elm05_01_50_0"},{"tipo":"img","x":"478.25px","y":"254.7px","width":"475.95px","height":"125.3px","nomeInstancia":"MovieClips/textConvertido_49_0","classe":"textConvertido_49_0","nome":"elm05_01_49_0"},{"tipo":"img","x":"43.4px","y":"184.05px","width":"407.45px","height":"306.6px","nomeInstancia":"MovieClips/transicao_49_1","classe":"transicao_49_1","nome":"elm05_01_49_1"}]},{"desenhos":[{"tipo":"img","x":"85.4px","y":"223.1px","width":"637.7px","height":"366.55px","nomeInstancia":"MovieClips/opcoes51","classe":"opcoes51","nome":"elm05_01_51_0"},{"tipo":"img","x":"89.4px","y":"285.05px","width":"861.3px","height":"189.5px","nomeInstancia":"MovieClips/textConvertido_51_1","classe":"textConvertido_51_1","nome":"elm05_01_51_1"},{"tipo":"img","x":"89.4px","y":"163px","width":"262.6px","height":"74.55px","nomeInstancia":"MovieClips/transicao_51_3","classe":"transicao_51_3","nome":"elm05_01_51_2"}]}]}