{"licao":"wbtelm","telas":[{"desenhos":[{"tipo":"img","x":"414px","y":"279.8px","width":"174.55px","height":"126.05px","nomeInstancia":"MovieClips/Symbol 1 copy 2","classe":"Symbol 1 copy 2","nome":"wbtelm_1_0"}]},{"desenhos":[{"tipo":"img","x":"267.35px","y":"195.25px","width":"507.5px","height":"333.65px","nomeInstancia":"MovieClips/Symbol 5 copy 2","classe":"Symbol 5 copy 2","nome":"wbtelm_2_0"}]},{"desenhos":[{"tipo":"img","x":"41.45px","y":"172.15px","width":"964.8px","height":"402.4px","nomeInstancia":"MovieClips/Symbol 2 copy 2","classe":"Symbol 2 copy 2","nome":"wbtelm_3_0"}]},{"desenhos":[{"tipo":"img","x":"169.05px","y":"178.1px","width":"692.6px","height":"335.1px","nomeInstancia":"MovieClips/Symbol 8 copy","classe":"Symbol 8 copy","nome":"wbtelm_4_0"}]},{"desenhos":[{"tipo":"img","x":"261.65px","y":"234.05px","width":"493.05px","height":"369.95px","nomeInstancia":"MovieClips/Symbol 11 copy","classe":"Symbol 11 copy","nome":"wbtelm_5_0"}]},{"desenhos":[{"tipo":"img","x":"0px","y":"-15.6px","width":"1016px","height":"659px","nomeInstancia":"MovieClips/Símbolo 13","classe":"Símbolo 13","nome":"wbtelm_6_0"}]},{"desenhos":[{"tipo":"img","x":"321.6px","y":"280.65px","width":"372.8px","height":"140.05px","nomeInstancia":"MovieClips/Símbolo 44","classe":"Símbolo 44","nome":"wbtelm_7_0"}]}]}