{"licao":"eba07_07","topico":"07","telas":[{"desenhos":[{"tipo":"img","x":"402.6px","y":"215.65px","width":"374.1px","height":"88.95px","nomeInstancia":"transicao_1_0","classe":"transicao_1_0","nome":"eba07_07_1_0"},{"nome":"eba07_07_1_1","tipo":"personagem","x":"0px","y":"0px","width":"1016px","height":"659px","nomeInstancia":"MovieClips/animaP1","classe":"animaP1"}]},{"desenhos":[{"tipo":"img","x":"468.15px","y":"298.95px","width":"355.75px","height":"99.95px","nomeInstancia":"transicao_2_0","classe":"transicao_2_0","nome":"eba07_07_2_0"},{"tipo":"img","x":"402.6px","y":"215.65px","width":"374.1px","height":"88.95px","nomeInstancia":"transicao_1_0","classe":"transicao_1_0","nome":"eba07_07_1_0"},{"nome":"eba07_07_1_1","tipo":"personagem","x":"0px","y":"0px","width":"1016px","height":"659px","nomeInstancia":"MovieClips/animaP1","classe":"animaP1"}]},{"desenhos":[{"tipo":"img","x":"129.55px","y":"288.3px","width":"335.7px","height":"43.1px","nomeInstancia":"textConvertido_3_0","classe":"textConvertido_3_0","nome":"eba07_07_3_0"},{"tipo":"img","x":"627.05px","y":"249.95px","width":"196.55px","height":"268.5px","nomeInstancia":"transicao_3_1","classe":"transicao_3_1","nome":"eba07_07_3_1"}]},{"desenhos":[{"tipo":"img","x":"129.55px","y":"352.15px","width":"346.25px","height":"84.2px","nomeInstancia":"textConvertido_4_0","classe":"textConvertido_4_0","nome":"eba07_07_4_0"},{"tipo":"img","x":"129.55px","y":"288.3px","width":"335.7px","height":"43.1px","nomeInstancia":"textConvertido_3_0","classe":"textConvertido_3_0","nome":"eba07_07_3_0"},{"tipo":"img","x":"627.05px","y":"249.95px","width":"196.55px","height":"268.5px","nomeInstancia":"transicao_3_1","classe":"transicao_3_1","nome":"eba07_07_3_1"}]},{"desenhos":[{"tipo":"img","x":"129.55px","y":"457.1px","width":"366.4px","height":"43.1px","nomeInstancia":"textConvertido_5_0","classe":"textConvertido_5_0","nome":"eba07_07_5_0"},{"tipo":"img","x":"129.55px","y":"352.15px","width":"346.25px","height":"84.2px","nomeInstancia":"textConvertido_4_0","classe":"textConvertido_4_0","nome":"eba07_07_4_0"},{"tipo":"img","x":"129.55px","y":"288.3px","width":"335.7px","height":"43.1px","nomeInstancia":"textConvertido_3_0","classe":"textConvertido_3_0","nome":"eba07_07_3_0"},{"tipo":"img","x":"627.05px","y":"249.95px","width":"196.55px","height":"268.5px","nomeInstancia":"transicao_3_1","classe":"transicao_3_1","nome":"eba07_07_3_1"}]},{"desenhos":[{"tipo":"img","x":"405.3px","y":"180.25px","width":"413.95px","height":"89.95px","nomeInstancia":"transicao_6_0","classe":"transicao_6_0","nome":"eba07_07_6_0"},{"nome":"eba07_07_6_1","tipo":"personagem","x":"0px","y":"0px","width":"1016px","height":"659px","nomeInstancia":"MovieClips/animaP6","classe":"animaP6"}]},{"desenhos":[{"tipo":"img","x":"451.7px","y":"265.15px","width":"355.75px","height":"131px","nomeInstancia":"transicao_7_0","classe":"transicao_7_0","nome":"eba07_07_7_0"},{"tipo":"img","x":"405.3px","y":"180.25px","width":"413.95px","height":"89.95px","nomeInstancia":"transicao_6_0","classe":"transicao_6_0","nome":"eba07_07_6_0"},{"nome":"eba07_07_6_1","tipo":"personagem","x":"0px","y":"0px","width":"1016px","height":"659px","nomeInstancia":"MovieClips/animaP6","classe":"animaP6"}]},{"desenhos":[{"tipo":"img","x":"451.7px","y":"391.1px","width":"257px","height":"81px","nomeInstancia":"transicao_8_0","classe":"transicao_8_0","nome":"eba07_07_8_0"},{"tipo":"img","x":"451.7px","y":"265.15px","width":"355.75px","height":"131px","nomeInstancia":"transicao_7_0","classe":"transicao_7_0","nome":"eba07_07_7_0"},{"tipo":"img","x":"405.3px","y":"180.25px","width":"413.95px","height":"89.95px","nomeInstancia":"transicao_6_0","classe":"transicao_6_0","nome":"eba07_07_6_0"},{"nome":"eba07_07_6_1","tipo":"personagem","x":"0px","y":"0px","width":"1016px","height":"659px","nomeInstancia":"MovieClips/animaP6","classe":"animaP6"}]},{"desenhos":[{"tipo":"img","x":"251.9px","y":"272.35px","width":"322.05px","height":"67.55px","nomeInstancia":"transicao_9_0","classe":"transicao_9_0","nome":"eba07_07_9_0"},{"nome":"eba07_07_9_1","tipo":"personagem","x":"0px","y":"0px","width":"1016px","height":"659px","nomeInstancia":"MovieClips/animaP9","classe":"animaP9"}]},{"desenhos":[{"tipo":"img","x":"297.35px","y":"335.15px","width":"168.75px","height":"60.35px","nomeInstancia":"transicao_10_0","classe":"transicao_10_0","nome":"eba07_07_10_0"},{"tipo":"img","x":"251.9px","y":"272.35px","width":"322.05px","height":"67.55px","nomeInstancia":"transicao_9_0","classe":"transicao_9_0","nome":"eba07_07_9_0"},{"nome":"eba07_07_9_1","tipo":"personagem","x":"0px","y":"0px","width":"1016px","height":"659px","nomeInstancia":"MovieClips/animaP9","classe":"animaP9"}]},{"desenhos":[{"tipo":"img","x":"565.75px","y":"310.35px","width":"292.3px","height":"63.65px","nomeInstancia":"textConvertido_11_0","classe":"textConvertido_11_0","nome":"eba07_07_11_0"},{"tipo":"img","x":"159.45px","y":"219.45px","width":"294.75px","height":"319.35px","nomeInstancia":"transicao_11_1","classe":"transicao_11_1","nome":"eba07_07_11_1"}]},{"desenhos":[{"tipo":"img","x":"283.95px","y":"191.1px","width":"671.95px","height":"389.7px","nomeInstancia":"MovieClips/telaInfo121570455673725","classe":"telaInfo121570455673725","nome":"eba07_07_12_0"},{"tipo":"img","x":"565.75px","y":"401.05px","width":"294.2px","height":"63.65px","nomeInstancia":"textConvertido_12_1","classe":"textConvertido_12_1","nome":"eba07_07_12_1"},{"tipo":"img","x":"565.75px","y":"310.35px","width":"292.3px","height":"63.65px","nomeInstancia":"textConvertido_11_0","classe":"textConvertido_11_0","nome":"eba07_07_11_0"},{"tipo":"img","x":"159.45px","y":"219.45px","width":"294.75px","height":"319.35px","nomeInstancia":"transicao_11_1","classe":"transicao_11_1","nome":"eba07_07_11_1"}]},{"desenhos":[{"tipo":"img","x":"212.8px","y":"349.6px","width":"154.35px","height":"48.85px","nomeInstancia":"transicao_13_2","classe":"transicao_13_2","nome":"eba07_07_13_0"},{"tipo":"img","x":"212.8px","y":"218.85px","width":"119.5px","height":"48.85px","nomeInstancia":"transicao_13_1","classe":"transicao_13_1","nome":"eba07_07_13_1"},{"tipo":"img","x":"115.15px","y":"287.1px","width":"314.8px","height":"43.1px","nomeInstancia":"textConvertido_13_2","classe":"textConvertido_13_2","nome":"eba07_07_13_2"},{"tipo":"img","x":"593.25px","y":"182.95px","width":"314.15px","height":"360.5px","nomeInstancia":"transicao_13_3","classe":"transicao_13_3","nome":"eba07_07_13_3"}]},{"desenhos":[{"tipo":"img","x":"115.15px","y":"417.85px","width":"306.8px","height":"43.1px","nomeInstancia":"textConvertido_14_0","classe":"textConvertido_14_0","nome":"eba07_07_14_0"},{"tipo":"img","x":"212.8px","y":"349.6px","width":"154.35px","height":"48.85px","nomeInstancia":"transicao_13_2","classe":"transicao_13_2","nome":"eba07_07_13_0"},{"tipo":"img","x":"212.8px","y":"218.85px","width":"119.5px","height":"48.85px","nomeInstancia":"transicao_13_1","classe":"transicao_13_1","nome":"eba07_07_13_1"},{"tipo":"img","x":"115.15px","y":"287.1px","width":"314.8px","height":"43.1px","nomeInstancia":"textConvertido_13_2","classe":"textConvertido_13_2","nome":"eba07_07_13_2"},{"tipo":"img","x":"593.25px","y":"182.95px","width":"314.15px","height":"360.5px","nomeInstancia":"transicao_13_3","classe":"transicao_13_3","nome":"eba07_07_13_3"}]},{"desenhos":[{"tipo":"img","x":"115.15px","y":"480.35px","width":"340.05px","height":"43.1px","nomeInstancia":"textConvertido_15_0","classe":"textConvertido_15_0","nome":"eba07_07_15_0"},{"tipo":"img","x":"115.15px","y":"417.85px","width":"306.8px","height":"43.1px","nomeInstancia":"textConvertido_14_0","classe":"textConvertido_14_0","nome":"eba07_07_14_0"},{"tipo":"img","x":"212.8px","y":"349.6px","width":"154.35px","height":"48.85px","nomeInstancia":"transicao_13_2","classe":"transicao_13_2","nome":"eba07_07_13_0"},{"tipo":"img","x":"212.8px","y":"218.85px","width":"119.5px","height":"48.85px","nomeInstancia":"transicao_13_1","classe":"transicao_13_1","nome":"eba07_07_13_1"},{"tipo":"img","x":"115.15px","y":"287.1px","width":"314.8px","height":"43.1px","nomeInstancia":"textConvertido_13_2","classe":"textConvertido_13_2","nome":"eba07_07_13_2"},{"tipo":"img","x":"593.25px","y":"182.95px","width":"314.15px","height":"360.5px","nomeInstancia":"transicao_13_3","classe":"transicao_13_3","nome":"eba07_07_13_3"}]},{"desenhos":[{"tipo":"img","x":"442.65px","y":"187.85px","width":"279.6px","height":"70.35px","nomeInstancia":"transicao_16_0","classe":"transicao_16_0","nome":"eba07_07_16_0"},{"nome":"eba07_07_16_1","tipo":"personagem","x":"0px","y":"0px","width":"1016px","height":"659px","nomeInstancia":"MovieClips/animaP16","classe":"animaP16"}]},{"desenhos":[{"tipo":"img","x":"494.5px","y":"252.8px","width":"334.9px","height":"111.25px","nomeInstancia":"transicao_17_0","classe":"transicao_17_0","nome":"eba07_07_17_0"},{"tipo":"img","x":"442.65px","y":"187.85px","width":"279.6px","height":"70.35px","nomeInstancia":"transicao_16_0","classe":"transicao_16_0","nome":"eba07_07_16_0"},{"nome":"eba07_07_16_1","tipo":"personagem","x":"0px","y":"0px","width":"1016px","height":"659px","nomeInstancia":"MovieClips/animaP16","classe":"animaP16"}]},{"desenhos":[{"tipo":"img","x":"69.3px","y":"191.1px","width":"662.8px","height":"397.3px","nomeInstancia":"MovieClips/telaInfo181570455704307","classe":"telaInfo181570455704307","nome":"eba07_07_18_0"},{"tipo":"img","x":"494.2px","y":"358.2px","width":"281.8px","height":"130.15px","nomeInstancia":"transicao_18_1","classe":"transicao_18_1","nome":"eba07_07_18_1"},{"tipo":"img","x":"494.5px","y":"252.8px","width":"334.9px","height":"111.25px","nomeInstancia":"transicao_17_0","classe":"transicao_17_0","nome":"eba07_07_17_0"},{"tipo":"img","x":"442.65px","y":"187.85px","width":"279.6px","height":"70.35px","nomeInstancia":"transicao_16_0","classe":"transicao_16_0","nome":"eba07_07_16_0"},{"nome":"eba07_07_16_1","tipo":"personagem","x":"0px","y":"0px","width":"1016px","height":"659px","nomeInstancia":"MovieClips/animaP16","classe":"animaP16"}]},{"desenhos":[{"tipo":"img","x":"221.05px","y":"187.85px","width":"373.8px","height":"172.8px","nomeInstancia":"transicao_19_0","classe":"transicao_19_0","nome":"eba07_07_19_0"},{"nome":"eba07_07_19_1","tipo":"personagem","x":"0px","y":"0px","width":"1016px","height":"659px","nomeInstancia":"MovieClips/animaP19","classe":"animaP19"}]},{"desenhos":[{"tipo":"img","x":"208.45px","y":"355.4px","width":"334.9px","height":"129.95px","nomeInstancia":"transicao_20_0","classe":"transicao_20_0","nome":"eba07_07_20_0"},{"tipo":"img","x":"221.05px","y":"187.85px","width":"373.8px","height":"172.8px","nomeInstancia":"transicao_19_0","classe":"transicao_19_0","nome":"eba07_07_19_0"},{"nome":"eba07_07_19_1","tipo":"personagem","x":"0px","y":"0px","width":"1016px","height":"659px","nomeInstancia":"MovieClips/animaP19","classe":"animaP19"}]},{"desenhos":[{"tipo":"img","x":"590.35px","y":"249.9px","width":"266.9px","height":"73.3px","nomeInstancia":"transicao_21_0","classe":"transicao_21_0","nome":"eba07_07_21_0"},{"tipo":"img","x":"128.15px","y":"230.2px","width":"260.3px","height":"268.5px","nomeInstancia":"transicao_21_2","classe":"transicao_21_2","nome":"eba07_07_21_1"},{"nome":"eba07_07_21_2","tipo":"personagem","x":"0px","y":"0px","width":"1016px","height":"659px","nomeInstancia":"MovieClips/animaP21","classe":"animaP21"}]},{"desenhos":[{"tipo":"img","x":"263.4px","y":"274.45px","width":"228.2px","height":"73.3px","nomeInstancia":"transicao_22_0","classe":"transicao_22_0","nome":"eba07_07_22_0"},{"tipo":"img","x":"412.3px","y":"134.75px","width":"191.45px","height":"56.3px","nomeInstancia":"transicao_22_2","classe":"transicao_22_2","nome":"eba07_07_22_1"},{"nome":"eba07_07_22_2","tipo":"personagem","x":"0px","y":"0px","width":"1016px","height":"659px","nomeInstancia":"MovieClips/animaP22","classe":"animaP22"}]},{"desenhos":[{"tipo":"img","x":"164.1px","y":"153.75px","width":"687.8px","height":"410.75px","nomeInstancia":"MovieClips/telaInfo_miniNavegacao_23","classe":"telaInfo_miniNavegacao_23","nome":"eba07_07_23_0"},{"tipo":"img","x":"263.4px","y":"362.95px","width":"177.95px","height":"43.1px","nomeInstancia":"textConvertido_23_1","classe":"textConvertido_23_1","nome":"eba07_07_23_1"},{"tipo":"img","x":"263.4px","y":"274.45px","width":"228.2px","height":"73.3px","nomeInstancia":"transicao_22_0","classe":"transicao_22_0","nome":"eba07_07_22_0"},{"tipo":"img","x":"412.3px","y":"134.75px","width":"191.45px","height":"56.3px","nomeInstancia":"transicao_23_3","classe":"transicao_23_3","nome":"eba07_07_23_3"}]},{"desenhos":[{"tipo":"img","x":"514.8px","y":"261.8px","width":"413.95px","height":"68.55px","nomeInstancia":"transicao_24_0","classe":"transicao_24_0","nome":"eba07_07_24_0"},{"tipo":"img","x":"413.2px","y":"139.6px","width":"189.65px","height":"56.3px","nomeInstancia":"transicao_24_2","classe":"transicao_24_2","nome":"eba07_07_24_1"},{"nome":"eba07_07_24_2","tipo":"personagem","x":"0px","y":"0px","width":"1016px","height":"659px","nomeInstancia":"MovieClips/animaP24","classe":"animaP24"}]},{"desenhos":[{"tipo":"img","x":"562.35px","y":"326.45px","width":"267.9px","height":"86.55px","nomeInstancia":"transicao_25_0","classe":"transicao_25_0","nome":"eba07_07_25_0"},{"tipo":"img","x":"514.8px","y":"261.8px","width":"413.95px","height":"68.55px","nomeInstancia":"transicao_24_0","classe":"transicao_24_0","nome":"eba07_07_24_0"},{"tipo":"img","x":"413.2px","y":"139.6px","width":"189.65px","height":"56.3px","nomeInstancia":"transicao_24_2","classe":"transicao_24_2","nome":"eba07_07_24_1"},{"nome":"eba07_07_24_2","tipo":"personagem","x":"0px","y":"0px","width":"1016px","height":"659px","nomeInstancia":"MovieClips/animaP24","classe":"animaP24"}]},{"desenhos":[{"tipo":"img","x":"232.1px","y":"191.1px","width":"500px","height":"358.35px","nomeInstancia":"MovieClips/telaInfo_miniNavegacao_26","classe":"telaInfo_miniNavegacao_26","nome":"eba07_07_26_0"},{"tipo":"img","x":"562.35px","y":"326.45px","width":"267.9px","height":"86.55px","nomeInstancia":"transicao_26_2","classe":"transicao_26_2","nome":"eba07_07_26_1"},{"tipo":"img","x":"495.15px","y":"426.15px","width":"279.75px","height":"22.55px","nomeInstancia":"textConvertido_26_1","classe":"textConvertido_26_1","nome":"eba07_07_26_2"},{"tipo":"img","x":"514.8px","y":"261.8px","width":"413.95px","height":"68.55px","nomeInstancia":"transicao_24_0","classe":"transicao_24_0","nome":"eba07_07_24_0"},{"tipo":"img","x":"413.2px","y":"139.6px","width":"189.65px","height":"56.3px","nomeInstancia":"transicao_26_4","classe":"transicao_26_4","nome":"eba07_07_26_4"}]},{"desenhos":[{"tipo":"img","x":"89.4px","y":"269.6px","width":"574.25px","height":"299.55px","nomeInstancia":"MovieClips/opcoes_27","classe":"opcoes_27","nome":"eba07_07_27_0"},{"tipo":"img","x":"89.4px","y":"287.85px","width":"861.3px","height":"170.95px","nomeInstancia":"textConvertido_27_1","classe":"textConvertido_27_1","nome":"eba07_07_27_1"},{"tipo":"img","x":"392.75px","y":"156.5px","width":"230.5px","height":"78.4px","nomeInstancia":"transicao_27_2","classe":"transicao_27_2","nome":"eba07_07_27_2"}]}]}