{"licao":"eba07_03","topico":"03","telas":[{"desenhos":[{"tipo":"img","x":"444.15px","y":"216.2px","width":"413.95px","height":"71.4px","nomeInstancia":"transicao_1_0","classe":"transicao_1_0","nome":"eba07_03_1_0"},{"nome":"eba07_03_1_1","tipo":"personagem","x":"0px","y":"0px","width":"1016px","height":"659px","nomeInstancia":"animaP1","classe":"animaP1"}]},{"desenhos":[{"tipo":"img","x":"491.55px","y":"281.55px","width":"378.6px","height":"103.05px","nomeInstancia":"transicao_2_0","classe":"transicao_2_0","nome":"eba07_03_2_0"},{"tipo":"img","x":"444.15px","y":"216.2px","width":"413.95px","height":"71.4px","nomeInstancia":"transicao_1_0","classe":"transicao_1_0","nome":"eba07_03_1_0"},{"nome":"eba07_03_1_1","tipo":"personagem","x":"0px","y":"0px","width":"1016px","height":"659px","nomeInstancia":"animaP1","classe":"animaP1"}]},{"desenhos":[{"tipo":"img","x":"491.55px","y":"379.45px","width":"378.6px","height":"99.9px","nomeInstancia":"transicao_3_0","classe":"transicao_3_0","nome":"eba07_03_3_0"},{"tipo":"img","x":"491.55px","y":"281.55px","width":"378.6px","height":"103.05px","nomeInstancia":"transicao_2_0","classe":"transicao_2_0","nome":"eba07_03_2_0"},{"tipo":"img","x":"444.15px","y":"216.2px","width":"413.95px","height":"71.4px","nomeInstancia":"transicao_1_0","classe":"transicao_1_0","nome":"eba07_03_1_0"},{"nome":"eba07_03_1_1","tipo":"personagem","x":"0px","y":"0px","width":"1016px","height":"659px","nomeInstancia":"animaP1","classe":"animaP1"}]},{"desenhos":[{"tipo":"img","x":"317.6px","y":"200.9px","width":"273.75px","height":"70.4px","nomeInstancia":"transicao_4_0","classe":"transicao_4_0","nome":"eba07_03_4_0"},{"nome":"eba07_03_4_1","tipo":"personagem","x":"0px","y":"0px","width":"1016px","height":"659px","nomeInstancia":"animaP4","classe":"animaP4"}]},{"desenhos":[{"tipo":"img","x":"194.45px","y":"264.65px","width":"347.25px","height":"123.75px","nomeInstancia":"transicao_5_0","classe":"transicao_5_0","nome":"eba07_03_5_0"},{"tipo":"img","x":"317.6px","y":"200.9px","width":"273.75px","height":"70.4px","nomeInstancia":"transicao_4_0","classe":"transicao_4_0","nome":"eba07_03_4_0"},{"nome":"eba07_03_4_1","tipo":"personagem","x":"0px","y":"0px","width":"1016px","height":"659px","nomeInstancia":"animaP4","classe":"animaP4"}]},{"desenhos":[{"tipo":"img","x":"534.25px","y":"301.55px","width":"357.3px","height":"63.65px","nomeInstancia":"textConvertido_6_0","classe":"textConvertido_6_0","nome":"eba07_03_6_0"},{"tipo":"img","x":"168.1px","y":"250.5px","width":"271.2px","height":"264.3px","nomeInstancia":"transicao_6_1","classe":"transicao_6_1","nome":"eba07_03_6_1"}]},{"desenhos":[{"tipo":"img","x":"534.25px","y":"394.85px","width":"353.1px","height":"63.65px","nomeInstancia":"textConvertido_7_0","classe":"textConvertido_7_0","nome":"eba07_03_7_0"},{"tipo":"img","x":"534.25px","y":"301.55px","width":"357.3px","height":"63.65px","nomeInstancia":"textConvertido_6_0","classe":"textConvertido_6_0","nome":"eba07_03_6_0"},{"tipo":"img","x":"168.1px","y":"250.5px","width":"271.2px","height":"264.3px","nomeInstancia":"transicao_6_1","classe":"transicao_6_1","nome":"eba07_03_6_1"}]},{"desenhos":[{"tipo":"img","x":"196.75px","y":"258.65px","width":"411.6px","height":"71.4px","nomeInstancia":"transicao_8_0","classe":"transicao_8_0","nome":"eba07_03_8_0"},{"nome":"eba07_03_8_1","tipo":"personagem","x":"0px","y":"0px","width":"1016px","height":"659px","nomeInstancia":"animaP8","classe":"animaP8"}]},{"desenhos":[{"tipo":"img","x":"136.8px","y":"323.65px","width":"427.55px","height":"103.05px","nomeInstancia":"transicao_9_0","classe":"transicao_9_0","nome":"eba07_03_9_0"},{"tipo":"img","x":"196.75px","y":"258.65px","width":"411.6px","height":"71.4px","nomeInstancia":"transicao_8_0","classe":"transicao_8_0","nome":"eba07_03_8_0"},{"nome":"eba07_03_8_1","tipo":"personagem","x":"0px","y":"0px","width":"1016px","height":"659px","nomeInstancia":"animaP8","classe":"animaP8"}]},{"desenhos":[{"tipo":"img","x":"186.35px","y":"421.55px","width":"378.6px","height":"99.9px","nomeInstancia":"transicao_10_0","classe":"transicao_10_0","nome":"eba07_03_10_0"},{"tipo":"img","x":"136.8px","y":"323.65px","width":"427.55px","height":"103.05px","nomeInstancia":"transicao_9_0","classe":"transicao_9_0","nome":"eba07_03_9_0"},{"tipo":"img","x":"196.75px","y":"258.65px","width":"411.6px","height":"71.4px","nomeInstancia":"transicao_8_0","classe":"transicao_8_0","nome":"eba07_03_8_0"},{"nome":"eba07_03_8_1","tipo":"personagem","x":"0px","y":"0px","width":"1016px","height":"659px","nomeInstancia":"animaP8","classe":"animaP8"}]},{"desenhos":[{"tipo":"img","x":"475.65px","y":"312px","width":"418.05px","height":"43.1px","nomeInstancia":"textConvertido_11_0","classe":"textConvertido_11_0","nome":"eba07_03_11_0"},{"tipo":"img","x":"147.8px","y":"334.1px","width":"204.65px","height":"107.25px","nomeInstancia":"transicao_11_1","classe":"transicao_11_1","nome":"eba07_03_11_1"}]},{"desenhos":[{"tipo":"img","x":"475.65px","y":"382.15px","width":"453.85px","height":"22.55px","nomeInstancia":"textConvertido_12_0","classe":"textConvertido_12_0","nome":"eba07_03_12_0"},{"tipo":"img","x":"475.65px","y":"312px","width":"418.05px","height":"43.1px","nomeInstancia":"textConvertido_11_0","classe":"textConvertido_11_0","nome":"eba07_03_11_0"},{"tipo":"img","x":"147.8px","y":"334.1px","width":"204.65px","height":"107.25px","nomeInstancia":"transicao_11_1","classe":"transicao_11_1","nome":"eba07_03_11_1"}]},{"desenhos":[{"tipo":"img","x":"475.65px","y":"431.75px","width":"319.05px","height":"43.1px","nomeInstancia":"textConvertido_13_0","classe":"textConvertido_13_0","nome":"eba07_03_13_0"},{"tipo":"img","x":"475.65px","y":"382.15px","width":"453.85px","height":"22.55px","nomeInstancia":"textConvertido_12_0","classe":"textConvertido_12_0","nome":"eba07_03_12_0"},{"tipo":"img","x":"475.65px","y":"312px","width":"418.05px","height":"43.1px","nomeInstancia":"textConvertido_11_0","classe":"textConvertido_11_0","nome":"eba07_03_11_0"},{"tipo":"img","x":"147.8px","y":"334.1px","width":"204.65px","height":"107.25px","nomeInstancia":"transicao_11_1","classe":"transicao_11_1","nome":"eba07_03_11_1"}]},{"desenhos":[{"tipo":"img","x":"110.6px","y":"279.4px","width":"433.6px","height":"63.65px","nomeInstancia":"textConvertido_14_0","classe":"textConvertido_14_0","nome":"eba07_03_14_0"}]},{"desenhos":[{"tipo":"img","x":"110.6px","y":"363.1px","width":"408.35px","height":"43.1px","nomeInstancia":"textConvertido_15_0","classe":"textConvertido_15_0","nome":"eba07_03_15_0"},{"tipo":"img","x":"110.6px","y":"279.4px","width":"433.6px","height":"63.65px","nomeInstancia":"textConvertido_14_0","classe":"textConvertido_14_0","nome":"eba07_03_14_0"}]},{"desenhos":[{"tipo":"img","x":"659.4px","y":"327.8px","width":"204.65px","height":"107.25px","nomeInstancia":"transicao_16_1","classe":"transicao_16_1","nome":"eba07_03_16_0"},{"tipo":"img","x":"110.6px","y":"426.25px","width":"441px","height":"63.65px","nomeInstancia":"textConvertido_16_1","classe":"textConvertido_16_1","nome":"eba07_03_16_1"},{"tipo":"img","x":"110.6px","y":"363.1px","width":"408.35px","height":"43.1px","nomeInstancia":"textConvertido_15_0","classe":"textConvertido_15_0","nome":"eba07_03_15_0"},{"tipo":"img","x":"110.6px","y":"279.4px","width":"433.6px","height":"63.65px","nomeInstancia":"textConvertido_14_0","classe":"textConvertido_14_0","nome":"eba07_03_14_0"}]},{"desenhos":[{"tipo":"img","x":"443.7px","y":"275.2px","width":"427.9px","height":"43.1px","nomeInstancia":"textConvertido_17_0","classe":"textConvertido_17_0","nome":"eba07_03_17_0"},{"tipo":"img","x":"135.15px","y":"223.4px","width":"218.15px","height":"286px","nomeInstancia":"transicao_17_1","classe":"transicao_17_1","nome":"eba07_03_17_1"}]},{"desenhos":[{"tipo":"img","x":"443.7px","y":"335.15px","width":"460.55px","height":"63.65px","nomeInstancia":"textConvertido_18_0","classe":"textConvertido_18_0","nome":"eba07_03_18_0"},{"tipo":"img","x":"443.7px","y":"275.2px","width":"427.9px","height":"43.1px","nomeInstancia":"textConvertido_17_0","classe":"textConvertido_17_0","nome":"eba07_03_17_0"},{"tipo":"img","x":"135.15px","y":"223.4px","width":"218.15px","height":"286px","nomeInstancia":"transicao_17_1","classe":"transicao_17_1","nome":"eba07_03_17_1"}]},{"desenhos":[{"tipo":"img","x":"443.7px","y":"415.65px","width":"471.05px","height":"63.65px","nomeInstancia":"textConvertido_19_0","classe":"textConvertido_19_0","nome":"eba07_03_19_0"},{"tipo":"img","x":"443.7px","y":"335.15px","width":"460.55px","height":"63.65px","nomeInstancia":"textConvertido_18_0","classe":"textConvertido_18_0","nome":"eba07_03_18_0"},{"tipo":"img","x":"443.7px","y":"275.2px","width":"427.9px","height":"43.1px","nomeInstancia":"textConvertido_17_0","classe":"textConvertido_17_0","nome":"eba07_03_17_0"},{"tipo":"img","x":"135.15px","y":"223.4px","width":"218.15px","height":"286px","nomeInstancia":"transicao_17_1","classe":"transicao_17_1","nome":"eba07_03_17_1"}]},{"desenhos":[{"tipo":"img","x":"89.75px","y":"324.1px","width":"572.45px","height":"259.8px","nomeInstancia":"vouf_20","classe":"vouf_20","nome":"eba07_03_20_0"},{"tipo":"img","x":"40.95px","y":"261px","width":"940.05px","height":"245.15px","nomeInstancia":"textConvertido_20_1","classe":"textConvertido_20_1","nome":"eba07_03_20_1"},{"tipo":"img","x":"392.75px","y":"156.5px","width":"230.5px","height":"78.4px","nomeInstancia":"transicao_20_2","classe":"transicao_20_2","nome":"eba07_03_20_2"}]}]}