{"licao":"eba07_01","topico":"01","telas":[{"desenhos":[{"tipo":"img","x":"393.35px","y":"216.35px","width":"444.65px","height":"74.15px","nomeInstancia":"transicao_1_0","classe":"transicao_1_0","nome":"eba07_01_1_0"},{"nome":"eba07_01_1_1","tipo":"personagem","x":"0px","y":"0px","width":"1016px","height":"659px","nomeInstancia":"animaP3","classe":"animaP3"}]},{"desenhos":[{"tipo":"img","x":"440px","y":"285.5px","width":"414.65px","height":"130.1px","nomeInstancia":"transicao_2_0","classe":"transicao_2_0","nome":"eba07_01_2_0"},{"tipo":"img","x":"393.35px","y":"216.35px","width":"444.65px","height":"74.15px","nomeInstancia":"transicao_1_0","classe":"transicao_1_0","nome":"eba07_01_1_0"},{"nome":"eba07_01_1_1","tipo":"personagem","x":"0px","y":"0px","width":"1016px","height":"659px","nomeInstancia":"animaP3","classe":"animaP3"}]},{"desenhos":[{"tipo":"img","x":"440px","y":"411.05px","width":"383.25px","height":"105.55px","nomeInstancia":"transicao_3_0","classe":"transicao_3_0","nome":"eba07_01_3_0"},{"tipo":"img","x":"440px","y":"285.5px","width":"414.65px","height":"130.1px","nomeInstancia":"transicao_2_0","classe":"transicao_2_0","nome":"eba07_01_2_0"},{"tipo":"img","x":"393.35px","y":"216.35px","width":"444.65px","height":"74.15px","nomeInstancia":"transicao_1_0","classe":"transicao_1_0","nome":"eba07_01_1_0"},{"nome":"eba07_01_1_1","tipo":"personagem","x":"0px","y":"0px","width":"1016px","height":"659px","nomeInstancia":"animaP3","classe":"animaP3"}]}]}