{"licao":"eba07_08","topico":"08","telas":[{"desenhos":[{"tipo":"img","x":"209.3px","y":"181.05px","width":"444.5px","height":"74.35px","nomeInstancia":"MovieClips/transicao_1_0","classe":"transicao_1_0","nome":"eba07_08_1_0"},{"tipo":"img","x":"60.75px","y":"160.1px","width":"130.05px","height":"56.3px","nomeInstancia":"MovieClips/transicao_1_2","classe":"transicao_1_2","nome":"eba07_08_1_1"},{"nome":"eba07_08_1_2","tipo":"personagem","x":"0px","y":"0px","width":"1016px","height":"659px","nomeInstancia":"MovieClips/animaP1","classe":"animaP1"}]},{"desenhos":[{"tipo":"img","x":"228.65px","y":"250.1px","width":"355.75px","height":"133px","nomeInstancia":"MovieClips/transicao_2_0","classe":"transicao_2_0","nome":"eba07_08_2_0"},{"tipo":"img","x":"209.3px","y":"181.05px","width":"444.5px","height":"74.35px","nomeInstancia":"MovieClips/transicao_1_0","classe":"transicao_1_0","nome":"eba07_08_1_0"},{"tipo":"img","x":"60.75px","y":"160.1px","width":"130.05px","height":"56.3px","nomeInstancia":"MovieClips/transicao_1_2","classe":"transicao_1_2","nome":"eba07_08_1_1"},{"nome":"eba07_08_1_2","tipo":"personagem","x":"0px","y":"0px","width":"1016px","height":"659px","nomeInstancia":"MovieClips/animaP1","classe":"animaP1"}]},{"desenhos":[{"tipo":"img","x":"228.65px","y":"378.1px","width":"355.75px","height":"101.45px","nomeInstancia":"MovieClips/transicao_3_0","classe":"transicao_3_0","nome":"eba07_08_3_0"},{"tipo":"img","x":"228.65px","y":"250.1px","width":"355.75px","height":"133px","nomeInstancia":"MovieClips/transicao_2_0","classe":"transicao_2_0","nome":"eba07_08_2_0"},{"tipo":"img","x":"209.3px","y":"181.05px","width":"444.5px","height":"74.35px","nomeInstancia":"MovieClips/transicao_1_0","classe":"transicao_1_0","nome":"eba07_08_1_0"},{"tipo":"img","x":"60.75px","y":"160.1px","width":"130.05px","height":"56.3px","nomeInstancia":"MovieClips/transicao_1_2","classe":"transicao_1_2","nome":"eba07_08_1_1"},{"nome":"eba07_08_1_2","tipo":"personagem","x":"0px","y":"0px","width":"1016px","height":"659px","nomeInstancia":"MovieClips/animaP1","classe":"animaP1"}]},{"desenhos":[{"tipo":"img","x":"408.1px","y":"193.35px","width":"444.5px","height":"87.95px","nomeInstancia":"MovieClips/transicao_4_0","classe":"transicao_4_0","nome":"eba07_08_4_0"},{"nome":"eba07_08_4_1","tipo":"personagem","x":"0px","y":"0px","width":"1016px","height":"659px","nomeInstancia":"MovieClips/animaP4","classe":"animaP4"}]},{"desenhos":[{"tipo":"img","x":"475.1px","y":"277.3px","width":"336.8px","height":"88.65px","nomeInstancia":"MovieClips/transicao_5_0","classe":"transicao_5_0","nome":"eba07_08_5_0"},{"tipo":"img","x":"408.1px","y":"193.35px","width":"444.5px","height":"87.95px","nomeInstancia":"MovieClips/transicao_4_0","classe":"transicao_4_0","nome":"eba07_08_4_0"},{"nome":"eba07_08_4_1","tipo":"personagem","x":"0px","y":"0px","width":"1016px","height":"659px","nomeInstancia":"MovieClips/animaP4","classe":"animaP4"}]},{"desenhos":[{"tipo":"img","x":"247.95px","y":"151.4px","width":"520.15px","height":"356.2px","nomeInstancia":"MovieClips/transicao_6_0","classe":"transicao_6_0","nome":"eba07_08_6_0"}]}]}