{"licao":"eba07_06","topico":"06","telas":[{"desenhos":[{"tipo":"img","x":"185.1px","y":"249.25px","width":"464.1px","height":"73.2px","nomeInstancia":"transicao_1_0","classe":"transicao_1_0","nome":"eba07_06_1_0"},{"nome":"eba07_06_1_1","tipo":"personagem","x":"0px","y":"0px","width":"1016px","height":"659px","nomeInstancia":"animaP1","classe":"animaP1"}]},{"desenhos":[{"tipo":"img","x":"244.95px","y":"317.15px","width":"355.75px","height":"80.15px","nomeInstancia":"transicao_2_0","classe":"transicao_2_0","nome":"eba07_06_2_0"},{"tipo":"img","x":"185.1px","y":"249.25px","width":"464.1px","height":"73.2px","nomeInstancia":"transicao_1_0","classe":"transicao_1_0","nome":"eba07_06_1_0"},{"nome":"eba07_06_1_1","tipo":"personagem","x":"0px","y":"0px","width":"1016px","height":"659px","nomeInstancia":"animaP1","classe":"animaP1"}]},{"desenhos":[{"tipo":"img","x":"283.95px","y":"191.1px","width":"682.45px","height":"398.35px","nomeInstancia":"telaInfo31570454623930","classe":"telaInfo31570454623930","nome":"eba07_06_3_0"},{"tipo":"img","x":"297.15px","y":"391.6px","width":"303.55px","height":"98.15px","nomeInstancia":"transicao_3_1","classe":"transicao_3_1","nome":"eba07_06_3_1"},{"tipo":"img","x":"244.95px","y":"317.15px","width":"355.75px","height":"80.15px","nomeInstancia":"transicao_2_0","classe":"transicao_2_0","nome":"eba07_06_2_0"},{"tipo":"img","x":"185.1px","y":"249.25px","width":"464.1px","height":"73.2px","nomeInstancia":"transicao_1_0","classe":"transicao_1_0","nome":"eba07_06_1_0"},{"nome":"eba07_06_1_1","tipo":"personagem","x":"0px","y":"0px","width":"1016px","height":"659px","nomeInstancia":"animaP1","classe":"animaP1"}]},{"desenhos":[{"tipo":"img","x":"435.2px","y":"218.8px","width":"383.8px","height":"86.25px","nomeInstancia":"transicao_4_0","classe":"transicao_4_0","nome":"eba07_06_4_0"},{"nome":"eba07_06_4_1","tipo":"personagem","x":"0px","y":"0px","width":"1016px","height":"659px","nomeInstancia":"animaP4","classe":"animaP4"}]},{"desenhos":[{"tipo":"img","x":"483.9px","y":"299.9px","width":"355.75px","height":"80.15px","nomeInstancia":"transicao_5_0","classe":"transicao_5_0","nome":"eba07_06_5_0"},{"tipo":"img","x":"435.2px","y":"218.8px","width":"383.8px","height":"86.25px","nomeInstancia":"transicao_4_0","classe":"transicao_4_0","nome":"eba07_06_4_0"},{"nome":"eba07_06_4_1","tipo":"personagem","x":"0px","y":"0px","width":"1016px","height":"659px","nomeInstancia":"animaP4","classe":"animaP4"}]},{"desenhos":[{"tipo":"img","x":"483.9px","y":"375.25px","width":"233.9px","height":"59.5px","nomeInstancia":"transicao_6_0","classe":"transicao_6_0","nome":"eba07_06_6_0"},{"tipo":"img","x":"483.9px","y":"299.9px","width":"355.75px","height":"80.15px","nomeInstancia":"transicao_5_0","classe":"transicao_5_0","nome":"eba07_06_5_0"},{"tipo":"img","x":"435.2px","y":"218.8px","width":"383.8px","height":"86.25px","nomeInstancia":"transicao_4_0","classe":"transicao_4_0","nome":"eba07_06_4_0"},{"nome":"eba07_06_4_1","tipo":"personagem","x":"0px","y":"0px","width":"1016px","height":"659px","nomeInstancia":"animaP4","classe":"animaP4"}]},{"desenhos":[{"tipo":"img","x":"286.4px","y":"195.45px","width":"345.9px","height":"64px","nomeInstancia":"transicao_7_0","classe":"transicao_7_0","nome":"eba07_06_7_0"},{"nome":"eba07_06_7_1","tipo":"personagem","x":"0px","y":"0px","width":"1016px","height":"659px","nomeInstancia":"animaP7","classe":"animaP7"}]},{"desenhos":[{"tipo":"img","x":"213.6px","y":"253.95px","width":"368.1px","height":"147.1px","nomeInstancia":"transicao_8_0","classe":"transicao_8_0","nome":"eba07_06_8_0"},{"tipo":"img","x":"286.4px","y":"195.45px","width":"345.9px","height":"64px","nomeInstancia":"transicao_7_0","classe":"transicao_7_0","nome":"eba07_06_7_0"},{"nome":"eba07_06_7_1","tipo":"personagem","x":"0px","y":"0px","width":"1016px","height":"659px","nomeInstancia":"animaP7","classe":"animaP7"}]},{"desenhos":[{"tipo":"img","x":"553.05px","y":"286.25px","width":"299.25px","height":"63.65px","nomeInstancia":"textConvertido_9_0","classe":"textConvertido_9_0","nome":"eba07_06_9_0"},{"tipo":"img","x":"193px","y":"277.55px","width":"177.15px","height":"220.5px","nomeInstancia":"transicao_9_1","classe":"transicao_9_1","nome":"eba07_06_9_1"}]},{"desenhos":[{"tipo":"img","x":"553.05px","y":"365.15px","width":"320.35px","height":"84.2px","nomeInstancia":"textConvertido_10_0","classe":"textConvertido_10_0","nome":"eba07_06_10_0"},{"tipo":"img","x":"553.05px","y":"286.25px","width":"299.25px","height":"63.65px","nomeInstancia":"textConvertido_9_0","classe":"textConvertido_9_0","nome":"eba07_06_9_0"},{"tipo":"img","x":"193px","y":"277.55px","width":"177.15px","height":"220.5px","nomeInstancia":"transicao_9_1","classe":"transicao_9_1","nome":"eba07_06_9_1"}]},{"desenhos":[{"tipo":"img","x":"553.05px","y":"464.6px","width":"299.4px","height":"22.55px","nomeInstancia":"textConvertido_11_0","classe":"textConvertido_11_0","nome":"eba07_06_11_0"},{"tipo":"img","x":"553.05px","y":"365.15px","width":"320.35px","height":"84.2px","nomeInstancia":"textConvertido_10_0","classe":"textConvertido_10_0","nome":"eba07_06_10_0"},{"tipo":"img","x":"553.05px","y":"286.25px","width":"299.25px","height":"63.65px","nomeInstancia":"textConvertido_9_0","classe":"textConvertido_9_0","nome":"eba07_06_9_0"},{"tipo":"img","x":"193px","y":"277.55px","width":"177.15px","height":"220.5px","nomeInstancia":"transicao_9_1","classe":"transicao_9_1","nome":"eba07_06_9_1"}]},{"desenhos":[{"tipo":"img","x":"143.9px","y":"247.9px","width":"354.6px","height":"84.2px","nomeInstancia":"textConvertido_12_0","classe":"textConvertido_12_0","nome":"eba07_06_12_0"},{"tipo":"img","x":"639.75px","y":"258.35px","width":"177.15px","height":"220.5px","nomeInstancia":"transicao_12_1","classe":"transicao_12_1","nome":"eba07_06_12_1"}]},{"desenhos":[{"tipo":"img","x":"143.9px","y":"352.6px","width":"346.95px","height":"63.65px","nomeInstancia":"textConvertido_13_0","classe":"textConvertido_13_0","nome":"eba07_06_13_0"},{"tipo":"img","x":"143.9px","y":"247.9px","width":"354.6px","height":"84.2px","nomeInstancia":"textConvertido_12_0","classe":"textConvertido_12_0","nome":"eba07_06_12_0"},{"tipo":"img","x":"639.75px","y":"258.35px","width":"177.15px","height":"220.5px","nomeInstancia":"transicao_12_1","classe":"transicao_12_1","nome":"eba07_06_12_1"}]},{"desenhos":[{"tipo":"img","x":"143.9px","y":"436.75px","width":"336.4px","height":"63.65px","nomeInstancia":"textConvertido_14_0","classe":"textConvertido_14_0","nome":"eba07_06_14_0"},{"tipo":"img","x":"143.9px","y":"352.6px","width":"346.95px","height":"63.65px","nomeInstancia":"textConvertido_13_0","classe":"textConvertido_13_0","nome":"eba07_06_13_0"},{"tipo":"img","x":"143.9px","y":"247.9px","width":"354.6px","height":"84.2px","nomeInstancia":"textConvertido_12_0","classe":"textConvertido_12_0","nome":"eba07_06_12_0"},{"tipo":"img","x":"639.75px","y":"258.35px","width":"177.15px","height":"220.5px","nomeInstancia":"transicao_12_1","classe":"transicao_12_1","nome":"eba07_06_12_1"}]},{"desenhos":[{"tipo":"img","x":"431.25px","y":"257.45px","width":"434.2px","height":"128.05px","nomeInstancia":"transicao_15_0","classe":"transicao_15_0","nome":"eba07_06_15_0"},{"nome":"eba07_06_15_1","tipo":"personagem","x":"0px","y":"0px","width":"1016px","height":"659px","nomeInstancia":"animaP15","classe":"animaP15"}]},{"desenhos":[{"tipo":"img","x":"548.15px","y":"380.4px","width":"176.9px","height":"64.15px","nomeInstancia":"transicao_16_0","classe":"transicao_16_0","nome":"eba07_06_16_0"},{"tipo":"img","x":"431.25px","y":"257.45px","width":"434.2px","height":"128.05px","nomeInstancia":"transicao_15_0","classe":"transicao_15_0","nome":"eba07_06_15_0"},{"nome":"eba07_06_15_1","tipo":"personagem","x":"0px","y":"0px","width":"1016px","height":"659px","nomeInstancia":"animaP15","classe":"animaP15"}]},{"desenhos":[{"tipo":"img","x":"143.9px","y":"269px","width":"300.95px","height":"63.65px","nomeInstancia":"textConvertido_17_0","classe":"textConvertido_17_0","nome":"eba07_06_17_0"}]},{"desenhos":[{"tipo":"img","x":"143.9px","y":"352.85px","width":"298.05px","height":"63.65px","nomeInstancia":"textConvertido_18_0","classe":"textConvertido_18_0","nome":"eba07_06_18_0"},{"tipo":"img","x":"143.9px","y":"269px","width":"300.95px","height":"63.65px","nomeInstancia":"textConvertido_17_0","classe":"textConvertido_17_0","nome":"eba07_06_17_0"}]},{"desenhos":[{"tipo":"img","x":"283.95px","y":"191.1px","width":"668.2px","height":"388.2px","nomeInstancia":"telaInfo191570454772674","classe":"telaInfo191570454772674","nome":"eba07_06_19_0"},{"tipo":"img","x":"143.9px","y":"436.7px","width":"357.5px","height":"43.1px","nomeInstancia":"textConvertido_19_1","classe":"textConvertido_19_1","nome":"eba07_06_19_1"},{"tipo":"img","x":"143.9px","y":"352.85px","width":"298.05px","height":"63.65px","nomeInstancia":"textConvertido_18_0","classe":"textConvertido_18_0","nome":"eba07_06_18_0"},{"tipo":"img","x":"143.9px","y":"269px","width":"300.95px","height":"63.65px","nomeInstancia":"textConvertido_17_0","classe":"textConvertido_17_0","nome":"eba07_06_17_0"},{"tipo":"img","x":"635.95px","y":"311.9px","width":"208.2px","height":"130.85px","nomeInstancia":"transicao_19_4","classe":"transicao_19_4","nome":"eba07_06_19_4"}]},{"desenhos":[{"tipo":"img","x":"494.5px","y":"296px","width":"367.95px","height":"63.65px","nomeInstancia":"textConvertido_20_0","classe":"textConvertido_20_0","nome":"eba07_06_20_0"},{"tipo":"img","x":"494.5px","y":"214.95px","width":"236.9px","height":"56.3px","nomeInstancia":"transicao_20_1","classe":"transicao_20_1","nome":"eba07_06_20_1"}]},{"desenhos":[{"tipo":"img","x":"494.5px","y":"380.7px","width":"383.6px","height":"84.2px","nomeInstancia":"textConvertido_21_0","classe":"textConvertido_21_0","nome":"eba07_06_21_0"},{"tipo":"img","x":"494.5px","y":"296px","width":"367.95px","height":"63.65px","nomeInstancia":"textConvertido_20_0","classe":"textConvertido_20_0","nome":"eba07_06_20_0"},{"tipo":"img","x":"494.5px","y":"214.95px","width":"236.9px","height":"56.3px","nomeInstancia":"transicao_20_1","classe":"transicao_20_1","nome":"eba07_06_20_1"}]},{"desenhos":[{"tipo":"img","x":"170.4px","y":"327.5px","width":"208.2px","height":"101.95px","nomeInstancia":"transicao_22_1","classe":"transicao_22_1","nome":"eba07_06_22_0"},{"tipo":"img","x":"494.5px","y":"485.95px","width":"400.55px","height":"22.55px","nomeInstancia":"textConvertido_22_1","classe":"textConvertido_22_1","nome":"eba07_06_22_1"},{"tipo":"img","x":"494.5px","y":"380.7px","width":"383.6px","height":"84.2px","nomeInstancia":"textConvertido_21_0","classe":"textConvertido_21_0","nome":"eba07_06_21_0"},{"tipo":"img","x":"494.5px","y":"296px","width":"367.95px","height":"63.65px","nomeInstancia":"textConvertido_20_0","classe":"textConvertido_20_0","nome":"eba07_06_20_0"},{"tipo":"img","x":"494.5px","y":"214.95px","width":"236.9px","height":"56.3px","nomeInstancia":"transicao_20_1","classe":"transicao_20_1","nome":"eba07_06_20_1"}]},{"desenhos":[{"tipo":"img","x":"60.65px","y":"337.95px","width":"360.95px","height":"63.65px","nomeInstancia":"textConvertido_23_0","classe":"textConvertido_23_0","nome":"eba07_06_23_0"},{"tipo":"img","x":"60.65px","y":"256.9px","width":"202.15px","height":"56.3px","nomeInstancia":"transicao_23_1","classe":"transicao_23_1","nome":"eba07_06_23_1"}]},{"desenhos":[{"tipo":"img","x":"462.8px","y":"337.95px","width":"499.9px","height":"162.35px","nomeInstancia":"transicao_24_1","classe":"transicao_24_1","nome":"eba07_06_24_0"},{"tipo":"img","x":"60.65px","y":"422.65px","width":"336.8px","height":"63.65px","nomeInstancia":"textConvertido_24_1","classe":"textConvertido_24_1","nome":"eba07_06_24_1"},{"tipo":"img","x":"60.65px","y":"337.95px","width":"360.95px","height":"63.65px","nomeInstancia":"textConvertido_23_0","classe":"textConvertido_23_0","nome":"eba07_06_23_0"},{"tipo":"img","x":"60.65px","y":"256.9px","width":"202.15px","height":"56.3px","nomeInstancia":"transicao_23_1","classe":"transicao_23_1","nome":"eba07_06_23_1"}]},{"desenhos":[{"tipo":"img","x":"399.45px","y":"202.25px","width":"461.45px","height":"54.05px","nomeInstancia":"transicao_25_0","classe":"transicao_25_0","nome":"eba07_06_25_0"},{"nome":"eba07_06_25_1","tipo":"personagem","x":"0px","y":"0px","width":"1016px","height":"659px","nomeInstancia":"animaP26","classe":"animaP26"}]},{"desenhos":[{"tipo":"img","x":"446.3px","y":"251.05px","width":"462.1px","height":"134.05px","nomeInstancia":"transicao_26_0","classe":"transicao_26_0","nome":"eba07_06_26_0"},{"tipo":"img","x":"399.45px","y":"202.25px","width":"461.45px","height":"54.05px","nomeInstancia":"transicao_25_0","classe":"transicao_25_0","nome":"eba07_06_25_0"},{"nome":"eba07_06_25_1","tipo":"personagem","x":"0px","y":"0px","width":"1016px","height":"659px","nomeInstancia":"animaP26","classe":"animaP26"}]},{"desenhos":[{"tipo":"img","x":"469.9px","y":"380.5px","width":"422.5px","height":"85.45px","nomeInstancia":"transicao_27_0","classe":"transicao_27_0","nome":"eba07_06_27_0"},{"tipo":"img","x":"446.3px","y":"251.05px","width":"462.1px","height":"134.05px","nomeInstancia":"transicao_26_0","classe":"transicao_26_0","nome":"eba07_06_26_0"},{"tipo":"img","x":"399.45px","y":"202.25px","width":"461.45px","height":"54.05px","nomeInstancia":"transicao_25_0","classe":"transicao_25_0","nome":"eba07_06_25_0"},{"nome":"eba07_06_25_1","tipo":"personagem","x":"0px","y":"0px","width":"1016px","height":"659px","nomeInstancia":"animaP26","classe":"animaP26"}]},{"desenhos":[{"tipo":"img","x":"67.2px","y":"295.75px","width":"332.6px","height":"22.55px","nomeInstancia":"textConvertido_28_0","classe":"textConvertido_28_0","nome":"eba07_06_28_0"},{"tipo":"img","x":"443.7px","y":"317.3px","width":"531.8px","height":"107.25px","nomeInstancia":"transicao_28_1","classe":"transicao_28_1","nome":"eba07_06_28_1"}]},{"desenhos":[{"tipo":"img","x":"67.2px","y":"340.35px","width":"286.55px","height":"84.2px","nomeInstancia":"textConvertido_29_0","classe":"textConvertido_29_0","nome":"eba07_06_29_0"},{"tipo":"img","x":"67.2px","y":"295.75px","width":"332.6px","height":"22.55px","nomeInstancia":"textConvertido_28_0","classe":"textConvertido_28_0","nome":"eba07_06_28_0"},{"tipo":"img","x":"443.7px","y":"317.3px","width":"531.8px","height":"107.25px","nomeInstancia":"transicao_28_1","classe":"transicao_28_1","nome":"eba07_06_28_1"}]},{"desenhos":[{"tipo":"img","x":"67.2px","y":"446.6px","width":"336.8px","height":"43.1px","nomeInstancia":"textConvertido_30_0","classe":"textConvertido_30_0","nome":"eba07_06_30_0"},{"tipo":"img","x":"67.2px","y":"340.35px","width":"286.55px","height":"84.2px","nomeInstancia":"textConvertido_29_0","classe":"textConvertido_29_0","nome":"eba07_06_29_0"},{"tipo":"img","x":"67.2px","y":"295.75px","width":"332.6px","height":"22.55px","nomeInstancia":"textConvertido_28_0","classe":"textConvertido_28_0","nome":"eba07_06_28_0"},{"tipo":"img","x":"443.7px","y":"317.3px","width":"531.8px","height":"107.25px","nomeInstancia":"transicao_28_1","classe":"transicao_28_1","nome":"eba07_06_28_1"}]},{"desenhos":[{"tipo":"img","x":"152.55px","y":"242.7px","width":"711.5px","height":"351.05px","nomeInstancia":"dragDrop","classe":"dragDrop","nome":"eba07_06_31_0"},{"tipo":"img","x":"392.75px","y":"156.5px","width":"230.5px","height":"78.4px","nomeInstancia":"transicao_31_1","classe":"transicao_31_1","nome":"eba07_06_31_1"}]}]}