{"licao":"eba07_05","topico":"05","telas":[{"desenhos":[{"tipo":"img","x":"624.3px","y":"321.6px","width":"343.5px","height":"63.65px","nomeInstancia":"textConvertido_1_0","classe":"textConvertido_1_0","nome":"eba07_05_1_0"},{"tipo":"img","x":"29.1px","y":"249.85px","width":"547.6px","height":"264.4px","nomeInstancia":"transicao_1_1","classe":"transicao_1_1","nome":"eba07_05_1_1"}]},{"desenhos":[{"tipo":"img","x":"624.3px","y":"413.6px","width":"332px","height":"22.55px","nomeInstancia":"textConvertido_2_0","classe":"textConvertido_2_0","nome":"eba07_05_2_0"},{"tipo":"img","x":"624.3px","y":"321.6px","width":"343.5px","height":"63.65px","nomeInstancia":"textConvertido_1_0","classe":"textConvertido_1_0","nome":"eba07_05_1_0"},{"tipo":"img","x":"29.1px","y":"249.85px","width":"547.6px","height":"264.4px","nomeInstancia":"transicao_1_1","classe":"transicao_1_1","nome":"eba07_05_1_1"}]},{"desenhos":[{"tipo":"img","x":"42.85px","y":"261.2px","width":"299.4px","height":"84.2px","nomeInstancia":"textConvertido_3_0","classe":"textConvertido_3_0","nome":"eba07_05_3_0"},{"tipo":"img","x":"415.45px","y":"233.55px","width":"547.6px","height":"264.4px","nomeInstancia":"transicao_3_1","classe":"transicao_3_1","nome":"eba07_05_3_1"}]},{"desenhos":[{"tipo":"img","x":"42.85px","y":"361.3px","width":"301.3px","height":"43.1px","nomeInstancia":"textConvertido_4_0","classe":"textConvertido_4_0","nome":"eba07_05_4_0"},{"tipo":"img","x":"42.85px","y":"261.2px","width":"299.4px","height":"84.2px","nomeInstancia":"textConvertido_3_0","classe":"textConvertido_3_0","nome":"eba07_05_3_0"},{"tipo":"img","x":"415.45px","y":"233.55px","width":"547.6px","height":"264.4px","nomeInstancia":"transicao_3_1","classe":"transicao_3_1","nome":"eba07_05_3_1"}]},{"desenhos":[{"tipo":"img","x":"258px","y":"191.1px","width":"705.05px","height":"403.1px","nomeInstancia":"telaInfo51570452784447","classe":"telaInfo51570452784447","nome":"eba07_05_5_0"},{"tipo":"img","x":"42.85px","y":"420.3px","width":"309px","height":"63.65px","nomeInstancia":"textConvertido_5_1","classe":"textConvertido_5_1","nome":"eba07_05_5_1"},{"tipo":"img","x":"42.85px","y":"361.3px","width":"301.3px","height":"43.1px","nomeInstancia":"textConvertido_4_0","classe":"textConvertido_4_0","nome":"eba07_05_4_0"},{"tipo":"img","x":"42.85px","y":"261.2px","width":"299.4px","height":"84.2px","nomeInstancia":"textConvertido_3_0","classe":"textConvertido_3_0","nome":"eba07_05_3_0"},{"tipo":"img","x":"415.45px","y":"233.55px","width":"547.6px","height":"264.4px","nomeInstancia":"transicao_3_1","classe":"transicao_3_1","nome":"eba07_05_3_1"}]},{"desenhos":[{"tipo":"img","x":"591.15px","y":"249.65px","width":"289.9px","height":"63.65px","nomeInstancia":"textConvertido_6_0","classe":"textConvertido_6_0","nome":"eba07_05_6_0"},{"tipo":"img","x":"115.15px","y":"257.35px","width":"370px","height":"240.15px","nomeInstancia":"transicao_6_1","classe":"transicao_6_1","nome":"eba07_05_6_1"}]},{"desenhos":[{"tipo":"img","x":"589.25px","y":"334.05px","width":"290.4px","height":"104.75px","nomeInstancia":"textConvertido_7_0","classe":"textConvertido_7_0","nome":"eba07_05_7_0"},{"tipo":"img","x":"591.15px","y":"249.65px","width":"289.9px","height":"63.65px","nomeInstancia":"textConvertido_6_0","classe":"textConvertido_6_0","nome":"eba07_05_6_0"},{"tipo":"img","x":"115.15px","y":"257.35px","width":"370px","height":"240.15px","nomeInstancia":"transicao_6_1","classe":"transicao_6_1","nome":"eba07_05_6_1"}]},{"desenhos":[{"tipo":"img","x":"591.15px","y":"459.55px","width":"287.45px","height":"43.1px","nomeInstancia":"textConvertido_8_0","classe":"textConvertido_8_0","nome":"eba07_05_8_0"},{"tipo":"img","x":"589.25px","y":"334.05px","width":"290.4px","height":"104.75px","nomeInstancia":"textConvertido_7_0","classe":"textConvertido_7_0","nome":"eba07_05_7_0"},{"tipo":"img","x":"591.15px","y":"249.65px","width":"289.9px","height":"63.65px","nomeInstancia":"textConvertido_6_0","classe":"textConvertido_6_0","nome":"eba07_05_6_0"},{"tipo":"img","x":"115.15px","y":"257.35px","width":"370px","height":"240.15px","nomeInstancia":"transicao_6_1","classe":"transicao_6_1","nome":"eba07_05_6_1"}]},{"desenhos":[{"tipo":"img","x":"103.35px","y":"271.75px","width":"376.65px","height":"63.65px","nomeInstancia":"textConvertido_9_0","classe":"textConvertido_9_0","nome":"eba07_05_9_0"}]},{"desenhos":[{"tipo":"img","x":"101.45px","y":"357.45px","width":"414.35px","height":"84.2px","nomeInstancia":"textConvertido_10_0","classe":"textConvertido_10_0","nome":"eba07_05_10_0"},{"tipo":"img","x":"103.35px","y":"271.75px","width":"376.65px","height":"63.65px","nomeInstancia":"textConvertido_9_0","classe":"textConvertido_9_0","nome":"eba07_05_9_0"}]},{"desenhos":[{"tipo":"img","x":"639.3px","y":"313.3px","width":"206.3px","height":"107.25px","nomeInstancia":"transicao_11_1","classe":"transicao_11_1","nome":"eba07_05_11_0"},{"tipo":"img","x":"103.35px","y":"463.7px","width":"287.45px","height":"22.55px","nomeInstancia":"textConvertido_11_1","classe":"textConvertido_11_1","nome":"eba07_05_11_1"},{"tipo":"img","x":"101.45px","y":"357.45px","width":"414.35px","height":"84.2px","nomeInstancia":"textConvertido_10_0","classe":"textConvertido_10_0","nome":"eba07_05_10_0"},{"tipo":"img","x":"103.35px","y":"271.75px","width":"376.65px","height":"63.65px","nomeInstancia":"textConvertido_9_0","classe":"textConvertido_9_0","nome":"eba07_05_9_0"}]},{"desenhos":[{"tipo":"img","x":"456px","y":"257.6px","width":"389.8px","height":"91.85px","nomeInstancia":"transicao_12_0","classe":"transicao_12_0","nome":"eba07_05_12_0"},{"nome":"eba07_05_12_1","tipo":"personagem","x":"0px","y":"0px","width":"1016px","height":"659px","nomeInstancia":"animaP12","classe":"animaP12"}]},{"desenhos":[{"tipo":"img","x":"525.55px","y":"344.75px","width":"355.75px","height":"124.7px","nomeInstancia":"transicao_13_0","classe":"transicao_13_0","nome":"eba07_05_13_0"},{"tipo":"img","x":"456px","y":"257.6px","width":"389.8px","height":"91.85px","nomeInstancia":"transicao_12_0","classe":"transicao_12_0","nome":"eba07_05_12_0"},{"nome":"eba07_05_12_1","tipo":"personagem","x":"0px","y":"0px","width":"1016px","height":"659px","nomeInstancia":"animaP12","classe":"animaP12"}]},{"desenhos":[{"tipo":"img","x":"220.7px","y":"254.45px","width":"389.35px","height":"107.2px","nomeInstancia":"transicao_14_0","classe":"transicao_14_0","nome":"eba07_05_14_0"},{"nome":"eba07_05_14_1","tipo":"personagem","x":"0px","y":"0px","width":"1016px","height":"659px","nomeInstancia":"animaP14","classe":"animaP14"}]},{"desenhos":[{"tipo":"img","x":"218.4px","y":"356.3px","width":"344.65px","height":"82.25px","nomeInstancia":"transicao_15_0","classe":"transicao_15_0","nome":"eba07_05_15_0"},{"tipo":"img","x":"220.7px","y":"254.45px","width":"389.35px","height":"107.2px","nomeInstancia":"transicao_14_0","classe":"transicao_14_0","nome":"eba07_05_14_0"},{"nome":"eba07_05_14_1","tipo":"personagem","x":"0px","y":"0px","width":"1016px","height":"659px","nomeInstancia":"animaP14","classe":"animaP14"}]},{"desenhos":[{"tipo":"img","x":"166.2px","y":"433.15px","width":"396.75px","height":"98.75px","nomeInstancia":"transicao_16_0","classe":"transicao_16_0","nome":"eba07_05_16_0"},{"tipo":"img","x":"218.4px","y":"356.3px","width":"344.65px","height":"82.25px","nomeInstancia":"transicao_15_0","classe":"transicao_15_0","nome":"eba07_05_15_0"},{"tipo":"img","x":"220.7px","y":"254.45px","width":"389.35px","height":"107.2px","nomeInstancia":"transicao_14_0","classe":"transicao_14_0","nome":"eba07_05_14_0"},{"nome":"eba07_05_14_1","tipo":"personagem","x":"0px","y":"0px","width":"1016px","height":"659px","nomeInstancia":"animaP14","classe":"animaP14"}]},{"desenhos":[{"tipo":"img","x":"437.8px","y":"196.85px","width":"308.45px","height":"63.35px","nomeInstancia":"transicao_17_0","classe":"transicao_17_0","nome":"eba07_05_17_0"},{"nome":"eba07_05_17_1","tipo":"personagem","x":"0px","y":"0px","width":"1016px","height":"659px","nomeInstancia":"animaP17","classe":"animaP17"}]},{"desenhos":[{"tipo":"img","x":"487.3px","y":"254.95px","width":"382.1px","height":"102.95px","nomeInstancia":"transicao_18_0","classe":"transicao_18_0","nome":"eba07_05_18_0"},{"tipo":"img","x":"437.8px","y":"196.85px","width":"308.45px","height":"63.35px","nomeInstancia":"transicao_17_0","classe":"transicao_17_0","nome":"eba07_05_17_0"},{"nome":"eba07_05_17_1","tipo":"personagem","x":"0px","y":"0px","width":"1016px","height":"659px","nomeInstancia":"animaP17","classe":"animaP17"}]},{"desenhos":[{"tipo":"img","x":"487.3px","y":"353.15px","width":"396.75px","height":"98.75px","nomeInstancia":"transicao_19_0","classe":"transicao_19_0","nome":"eba07_05_19_0"},{"tipo":"img","x":"487.3px","y":"254.95px","width":"382.1px","height":"102.95px","nomeInstancia":"transicao_18_0","classe":"transicao_18_0","nome":"eba07_05_18_0"},{"tipo":"img","x":"437.8px","y":"196.85px","width":"308.45px","height":"63.35px","nomeInstancia":"transicao_17_0","classe":"transicao_17_0","nome":"eba07_05_17_0"},{"nome":"eba07_05_17_1","tipo":"personagem","x":"0px","y":"0px","width":"1016px","height":"659px","nomeInstancia":"animaP17","classe":"animaP17"}]},{"desenhos":[{"tipo":"img","x":"186.7px","y":"195.8px","width":"408.85px","height":"63.35px","nomeInstancia":"transicao_20_0","classe":"transicao_20_0","nome":"eba07_05_20_0"},{"nome":"eba07_05_20_1","tipo":"personagem","x":"0px","y":"0px","width":"1016px","height":"659px","nomeInstancia":"animaP20","classe":"animaP20"}]},{"desenhos":[{"tipo":"img","x":"283.95px","y":"191.1px","width":"667.8px","height":"394.65px","nomeInstancia":"telaInfo211570452842254","classe":"telaInfo211570452842254","nome":"eba07_05_21_0"},{"tipo":"img","x":"128.4px","y":"254.95px","width":"416.55px","height":"125.7px","nomeInstancia":"transicao_21_1","classe":"transicao_21_1","nome":"eba07_05_21_1"},{"tipo":"img","x":"186.7px","y":"195.8px","width":"408.85px","height":"63.35px","nomeInstancia":"transicao_20_0","classe":"transicao_20_0","nome":"eba07_05_20_0"},{"nome":"eba07_05_20_1","tipo":"personagem","x":"0px","y":"0px","width":"1016px","height":"659px","nomeInstancia":"animaP20","classe":"animaP20"}]},{"desenhos":[{"tipo":"img","x":"420.1px","y":"229.7px","width":"486.65px","height":"92.95px","nomeInstancia":"transicao_22_0","classe":"transicao_22_0","nome":"eba07_05_22_0"},{"tipo":"img","x":"382.75px","y":"135.7px","width":"250.55px","height":"72.85px","nomeInstancia":"transicao_22_2","classe":"transicao_22_2","nome":"eba07_05_22_1"},{"nome":"eba07_05_22_2","tipo":"personagem","x":"0px","y":"0px","width":"1016px","height":"659px","nomeInstancia":"animaP22","classe":"animaP22"}]},{"desenhos":[{"tipo":"img","x":"469.6px","y":"319.8px","width":"367.5px","height":"64.65px","nomeInstancia":"transicao_23_0","classe":"transicao_23_0","nome":"eba07_05_23_0"},{"tipo":"img","x":"420.1px","y":"229.7px","width":"486.65px","height":"92.95px","nomeInstancia":"transicao_22_0","classe":"transicao_22_0","nome":"eba07_05_22_0"},{"tipo":"img","x":"382.75px","y":"135.7px","width":"250.55px","height":"72.85px","nomeInstancia":"transicao_22_2","classe":"transicao_22_2","nome":"eba07_05_22_1"},{"nome":"eba07_05_22_2","tipo":"personagem","x":"0px","y":"0px","width":"1016px","height":"659px","nomeInstancia":"animaP22","classe":"animaP22"}]},{"desenhos":[{"tipo":"img","x":"50.55px","y":"191.1px","width":"681.55px","height":"396.15px","nomeInstancia":"telaInfo241570452871996","classe":"telaInfo241570452871996","nome":"eba07_05_24_0"},{"tipo":"img","x":"469.6px","y":"380.25px","width":"440.55px","height":"122.6px","nomeInstancia":"transicao_24_1","classe":"transicao_24_1","nome":"eba07_05_24_1"},{"tipo":"img","x":"469.6px","y":"319.8px","width":"367.5px","height":"64.65px","nomeInstancia":"transicao_23_0","classe":"transicao_23_0","nome":"eba07_05_23_0"},{"tipo":"img","x":"420.1px","y":"229.7px","width":"486.65px","height":"92.95px","nomeInstancia":"transicao_22_0","classe":"transicao_22_0","nome":"eba07_05_22_0"},{"tipo":"img","x":"382.75px","y":"135.7px","width":"250.55px","height":"72.85px","nomeInstancia":"transicao_22_2","classe":"transicao_22_2","nome":"eba07_05_22_1"},{"nome":"eba07_05_22_2","tipo":"personagem","x":"0px","y":"0px","width":"1016px","height":"659px","nomeInstancia":"animaP22","classe":"animaP22"}]},{"desenhos":[{"tipo":"img","x":"143.7px","y":"250.55px","width":"467.45px","height":"75.05px","nomeInstancia":"transicao_25_0","classe":"transicao_25_0","nome":"eba07_05_25_0"},{"nome":"eba07_05_25_1","tipo":"personagem","x":"0px","y":"0px","width":"1016px","height":"659px","nomeInstancia":"animaP25","classe":"animaP25"}]},{"desenhos":[{"tipo":"img","x":"143.7px","y":"319.8px","width":"415.8px","height":"106.1px","nomeInstancia":"transicao_26_0","classe":"transicao_26_0","nome":"eba07_05_26_0"},{"tipo":"img","x":"143.7px","y":"250.55px","width":"467.45px","height":"75.05px","nomeInstancia":"transicao_25_0","classe":"transicao_25_0","nome":"eba07_05_25_0"},{"nome":"eba07_05_25_1","tipo":"personagem","x":"0px","y":"0px","width":"1016px","height":"659px","nomeInstancia":"animaP25","classe":"animaP25"}]},{"desenhos":[{"tipo":"img","x":"143.7px","y":"422px","width":"364.85px","height":"101.9px","nomeInstancia":"transicao_27_0","classe":"transicao_27_0","nome":"eba07_05_27_0"},{"tipo":"img","x":"143.7px","y":"319.8px","width":"415.8px","height":"106.1px","nomeInstancia":"transicao_26_0","classe":"transicao_26_0","nome":"eba07_05_26_0"},{"tipo":"img","x":"143.7px","y":"250.55px","width":"467.45px","height":"75.05px","nomeInstancia":"transicao_25_0","classe":"transicao_25_0","nome":"eba07_05_25_0"},{"nome":"eba07_05_25_1","tipo":"personagem","x":"0px","y":"0px","width":"1016px","height":"659px","nomeInstancia":"animaP25","classe":"animaP25"}]},{"desenhos":[{"tipo":"img","x":"439.25px","y":"189.5px","width":"358.9px","height":"77.4px","nomeInstancia":"transicao_28_0","classe":"transicao_28_0","nome":"eba07_05_28_0"},{"nome":"eba07_05_28_1","tipo":"personagem","x":"0px","y":"0px","width":"1016px","height":"659px","nomeInstancia":"animaP28","classe":"animaP28"}]},{"desenhos":[{"tipo":"img","x":"488.85px","y":"263px","width":"255.4px","height":"83.5px","nomeInstancia":"transicao_29_0","classe":"transicao_29_0","nome":"eba07_05_29_0"},{"tipo":"img","x":"439.25px","y":"189.5px","width":"358.9px","height":"77.4px","nomeInstancia":"transicao_28_0","classe":"transicao_28_0","nome":"eba07_05_28_0"},{"nome":"eba07_05_28_1","tipo":"personagem","x":"0px","y":"0px","width":"1016px","height":"659px","nomeInstancia":"animaP28","classe":"animaP28"}]},{"desenhos":[{"tipo":"img","x":"89.4px","y":"269.6px","width":"647.6px","height":"299.55px","nomeInstancia":"opcoes_30","classe":"opcoes_30","nome":"eba07_05_30_0"},{"tipo":"img","x":"392.75px","y":"156.5px","width":"230.5px","height":"78.4px","nomeInstancia":"transicao_30_2","classe":"transicao_30_2","nome":"eba07_05_30_1"},{"tipo":"img","x":"89.4px","y":"287.85px","width":"808.9px","height":"152.4px","nomeInstancia":"textConvertido_30_2","classe":"textConvertido_30_2","nome":"eba07_05_30_2"}]}]}