{"licao":"eba07_02","topico":"02","telas":[{"desenhos":[{"tipo":"img","x":"82.55px","y":"268px","width":"369px","height":"84.2px","nomeInstancia":"textConvertido_1_0","classe":"textConvertido_1_0","nome":"eba07_02_1_0"},{"tipo":"img","x":"536.85px","y":"331.7px","width":"399.6px","height":"132.9px","nomeInstancia":"MovieClips/07T03","classe":"07T03","nome":"eba07_02_1_1"}]},{"desenhos":[{"tipo":"img","x":"82.55px","y":"371.95px","width":"366.3px","height":"43.1px","nomeInstancia":"textConvertido_2_0","classe":"textConvertido_2_0","nome":"eba07_02_2_0"},{"tipo":"img","x":"82.55px","y":"268px","width":"369px","height":"84.2px","nomeInstancia":"textConvertido_1_0","classe":"textConvertido_1_0","nome":"eba07_02_1_0"},{"tipo":"img","x":"536.85px","y":"331.7px","width":"399.6px","height":"132.9px","nomeInstancia":"MovieClips/07T03","classe":"07T03","nome":"eba07_02_1_1"}]},{"desenhos":[{"tipo":"img","x":"82.55px","y":"434.8px","width":"363.45px","height":"63.65px","nomeInstancia":"textConvertido_3_0","classe":"textConvertido_3_0","nome":"eba07_02_3_0"},{"tipo":"img","x":"82.55px","y":"371.95px","width":"366.3px","height":"43.1px","nomeInstancia":"textConvertido_2_0","classe":"textConvertido_2_0","nome":"eba07_02_2_0"},{"tipo":"img","x":"82.55px","y":"268px","width":"369px","height":"84.2px","nomeInstancia":"textConvertido_1_0","classe":"textConvertido_1_0","nome":"eba07_02_1_0"},{"tipo":"img","x":"536.85px","y":"331.7px","width":"399.6px","height":"132.9px","nomeInstancia":"MovieClips/07T03","classe":"07T03","nome":"eba07_02_1_1"}]},{"desenhos":[{"tipo":"img","x":"399.25px","y":"195.65px","width":"464.8px","height":"90.85px","nomeInstancia":"MovieClips/fala0704a","classe":"fala0704a","nome":"eba07_02_4_0"},{"nome":"eba07_02_4_1","tipo":"personagem","x":"0px","y":"0px","width":"1016px","height":"659px","nomeInstancia":"animaP4","classe":"animaP4"}]},{"desenhos":[{"tipo":"img","x":"446.15px","y":"281.75px","width":"394.65px","height":"66.95px","nomeInstancia":"MovieClips/fala0704b","classe":"fala0704b","nome":"eba07_02_5_0"},{"tipo":"img","x":"399.25px","y":"195.65px","width":"464.8px","height":"90.85px","nomeInstancia":"MovieClips/fala0704a","classe":"fala0704a","nome":"eba07_02_4_0"},{"nome":"eba07_02_4_1","tipo":"personagem","x":"0px","y":"0px","width":"1016px","height":"659px","nomeInstancia":"animaP4","classe":"animaP4"}]},{"desenhos":[{"tipo":"img","x":"446.5px","y":"343px","width":"314.85px","height":"100.85px","nomeInstancia":"MovieClips/fala0704c","classe":"fala0704c","nome":"eba07_02_6_0"},{"tipo":"img","x":"446.15px","y":"281.75px","width":"394.65px","height":"66.95px","nomeInstancia":"MovieClips/fala0704b","classe":"fala0704b","nome":"eba07_02_5_0"},{"tipo":"img","x":"399.25px","y":"195.65px","width":"464.8px","height":"90.85px","nomeInstancia":"MovieClips/fala0704a","classe":"fala0704a","nome":"eba07_02_4_0"},{"nome":"eba07_02_4_1","tipo":"personagem","x":"0px","y":"0px","width":"1016px","height":"659px","nomeInstancia":"animaP4","classe":"animaP4"}]},{"desenhos":[{"tipo":"img","x":"167.25px","y":"238.75px","width":"449.2px","height":"70.4px","nomeInstancia":"MovieClips/fala0705a","classe":"fala0705a","nome":"eba07_02_7_0"},{"nome":"eba07_02_7_1","tipo":"personagem","x":"0px","y":"0px","width":"1016px","height":"659px","nomeInstancia":"animaP7","classe":"animaP7"}]},{"desenhos":[{"tipo":"img","x":"149.7px","y":"140.4px","width":"440.65px","height":"213.2px","nomeInstancia":"hotWord41570449323027","classe":"hotWord41570449323027","nome":"eba07_02_8_0"},{"tipo":"img","x":"174.85px","y":"303.8px","width":"394.65px","height":"147px","nomeInstancia":"MovieClips/fala0705b","classe":"fala0705b","nome":"eba07_02_8_1"},{"tipo":"img","x":"167.25px","y":"238.75px","width":"449.2px","height":"70.4px","nomeInstancia":"MovieClips/fala0705a","classe":"fala0705a","nome":"eba07_02_7_0"},{"nome":"eba07_02_7_1","tipo":"personagem","x":"0px","y":"0px","width":"1016px","height":"659px","nomeInstancia":"animaP7","classe":"animaP7"}]},{"desenhos":[{"tipo":"img","x":"283.95px","y":"191.1px","width":"668.05px","height":"400.25px","nomeInstancia":"telaInfo91570449442608","classe":"telaInfo91570449442608","nome":"eba07_02_9_0"},{"tipo":"img","x":"149.7px","y":"140.4px","width":"440.65px","height":"213.2px","nomeInstancia":"hotWord41570449323027","classe":"hotWord41570449323027","nome":"eba07_02_8_0"},{"tipo":"img","x":"255px","y":"445.1px","width":"314.85px","height":"100.85px","nomeInstancia":"MovieClips/fala0705c","classe":"fala0705c","nome":"eba07_02_9_2"},{"tipo":"img","x":"174.85px","y":"303.8px","width":"394.65px","height":"147px","nomeInstancia":"MovieClips/fala0705b","classe":"fala0705b","nome":"eba07_02_8_1"},{"tipo":"img","x":"167.25px","y":"238.75px","width":"449.2px","height":"70.4px","nomeInstancia":"MovieClips/fala0705a","classe":"fala0705a","nome":"eba07_02_7_0"},{"nome":"eba07_02_7_1","tipo":"personagem","x":"0px","y":"0px","width":"1016px","height":"659px","nomeInstancia":"animaP7","classe":"animaP7"}]},{"desenhos":[{"tipo":"img","x":"507.25px","y":"290.95px","width":"369px","height":"22.55px","nomeInstancia":"textConvertido_10_0","classe":"textConvertido_10_0","nome":"eba07_02_10_0"},{"tipo":"img","x":"167.3px","y":"264.75px","width":"187.95px","height":"215.35px","nomeInstancia":"MovieClips/07T06","classe":"07T06","nome":"eba07_02_10_1"}]},{"desenhos":[{"tipo":"img","x":"507.25px","y":"333.15px","width":"410.2px","height":"63.65px","nomeInstancia":"textConvertido_11_0","classe":"textConvertido_11_0","nome":"eba07_02_11_0"},{"tipo":"img","x":"507.25px","y":"290.95px","width":"369px","height":"22.55px","nomeInstancia":"textConvertido_10_0","classe":"textConvertido_10_0","nome":"eba07_02_10_0"},{"tipo":"img","x":"167.3px","y":"264.75px","width":"187.95px","height":"215.35px","nomeInstancia":"MovieClips/07T06","classe":"07T06","nome":"eba07_02_10_1"}]},{"desenhos":[{"tipo":"img","x":"507.25px","y":"416.45px","width":"384.3px","height":"63.65px","nomeInstancia":"textConvertido_12_0","classe":"textConvertido_12_0","nome":"eba07_02_12_0"},{"tipo":"img","x":"507.25px","y":"333.15px","width":"410.2px","height":"63.65px","nomeInstancia":"textConvertido_11_0","classe":"textConvertido_11_0","nome":"eba07_02_11_0"},{"tipo":"img","x":"507.25px","y":"290.95px","width":"369px","height":"22.55px","nomeInstancia":"textConvertido_10_0","classe":"textConvertido_10_0","nome":"eba07_02_10_0"},{"tipo":"img","x":"167.3px","y":"264.75px","width":"187.95px","height":"215.35px","nomeInstancia":"MovieClips/07T06","classe":"07T06","nome":"eba07_02_10_1"}]},{"desenhos":[{"tipo":"img","x":"142.05px","y":"290.95px","width":"283.65px","height":"43.1px","nomeInstancia":"textConvertido_13_0","classe":"textConvertido_13_0","nome":"eba07_02_13_0"},{"tipo":"img","x":"614.05px","y":"264.75px","width":"187.95px","height":"215.35px","nomeInstancia":"Symbol 10","classe":"Symbol 10","nome":"eba07_02_13_1"}]},{"desenhos":[{"tipo":"img","x":"142.05px","y":"353.7px","width":"301.85px","height":"43.1px","nomeInstancia":"textConvertido_14_0","classe":"textConvertido_14_0","nome":"eba07_02_14_0"},{"tipo":"img","x":"142.05px","y":"290.95px","width":"283.65px","height":"43.1px","nomeInstancia":"textConvertido_13_0","classe":"textConvertido_13_0","nome":"eba07_02_13_0"},{"tipo":"img","x":"614.05px","y":"264.75px","width":"187.95px","height":"215.35px","nomeInstancia":"Symbol 10","classe":"Symbol 10","nome":"eba07_02_13_1"}]},{"desenhos":[{"tipo":"img","x":"142.05px","y":"416.45px","width":"320.05px","height":"63.65px","nomeInstancia":"textConvertido_15_0","classe":"textConvertido_15_0","nome":"eba07_02_15_0"},{"tipo":"img","x":"142.05px","y":"353.7px","width":"301.85px","height":"43.1px","nomeInstancia":"textConvertido_14_0","classe":"textConvertido_14_0","nome":"eba07_02_14_0"},{"tipo":"img","x":"142.05px","y":"290.95px","width":"283.65px","height":"43.1px","nomeInstancia":"textConvertido_13_0","classe":"textConvertido_13_0","nome":"eba07_02_13_0"},{"tipo":"img","x":"614.05px","y":"264.75px","width":"187.95px","height":"215.35px","nomeInstancia":"Symbol 10","classe":"Symbol 10","nome":"eba07_02_13_1"}]},{"desenhos":[{"tipo":"img","x":"478px","y":"302.45px","width":"393.9px","height":"63.65px","nomeInstancia":"textConvertido_16_0","classe":"textConvertido_16_0","nome":"eba07_02_16_0"},{"tipo":"img","x":"167.3px","y":"275.3px","width":"187.95px","height":"215.35px","nomeInstancia":"Symbol 11","classe":"Symbol 11","nome":"eba07_02_16_1"}]},{"desenhos":[{"tipo":"img","x":"478px","y":"385.5px","width":"424.6px","height":"43.1px","nomeInstancia":"textConvertido_17_0","classe":"textConvertido_17_0","nome":"eba07_02_17_0"},{"tipo":"img","x":"478px","y":"302.45px","width":"393.9px","height":"63.65px","nomeInstancia":"textConvertido_16_0","classe":"textConvertido_16_0","nome":"eba07_02_16_0"},{"tipo":"img","x":"167.3px","y":"275.3px","width":"187.95px","height":"215.35px","nomeInstancia":"Symbol 11","classe":"Symbol 11","nome":"eba07_02_16_1"}]},{"desenhos":[{"tipo":"img","x":"478px","y":"448px","width":"408.3px","height":"22.55px","nomeInstancia":"textConvertido_18_0","classe":"textConvertido_18_0","nome":"eba07_02_18_0"},{"tipo":"img","x":"478px","y":"385.5px","width":"424.6px","height":"43.1px","nomeInstancia":"textConvertido_17_0","classe":"textConvertido_17_0","nome":"eba07_02_17_0"},{"tipo":"img","x":"478px","y":"302.45px","width":"393.9px","height":"63.65px","nomeInstancia":"textConvertido_16_0","classe":"textConvertido_16_0","nome":"eba07_02_16_0"},{"tipo":"img","x":"167.3px","y":"275.3px","width":"187.95px","height":"215.35px","nomeInstancia":"Symbol 11","classe":"Symbol 11","nome":"eba07_02_16_1"}]},{"desenhos":[{"tipo":"img","x":"133.9px","y":"300.8px","width":"519.9px","height":"44.4px","nomeInstancia":"MovieClips/fala0709a","classe":"fala0709a","nome":"eba07_02_19_0"},{"nome":"eba07_02_19_1","tipo":"personagem","x":"0px","y":"0px","width":"1016px","height":"659px","nomeInstancia":"animaP19","classe":"animaP19"}]},{"desenhos":[{"tipo":"img","x":"82.6px","y":"341.05px","width":"526.65px","height":"112.35px","nomeInstancia":"MovieClips/fala0709b","classe":"fala0709b","nome":"eba07_02_20_0"},{"tipo":"img","x":"133.9px","y":"300.8px","width":"519.9px","height":"44.4px","nomeInstancia":"MovieClips/fala0709a","classe":"fala0709a","nome":"eba07_02_19_0"},{"nome":"eba07_02_19_1","tipo":"personagem","x":"0px","y":"0px","width":"1016px","height":"659px","nomeInstancia":"animaP19","classe":"animaP19"}]},{"desenhos":[{"tipo":"img","x":"448.7px","y":"250.25px","width":"368.45px","height":"73.8px","nomeInstancia":"MovieClips/fala0710a","classe":"fala0710a","nome":"eba07_02_21_0"},{"nome":"eba07_02_21_1","tipo":"personagem","x":"0px","y":"0px","width":"1016px","height":"659px","nomeInstancia":"animaP21","classe":"animaP21"}]},{"desenhos":[{"tipo":"img","x":"495.6px","y":"318.7px","width":"362.9px","height":"111.25px","nomeInstancia":"MovieClips/fala0710b","classe":"fala0710b","nome":"eba07_02_22_0"},{"tipo":"img","x":"448.7px","y":"250.25px","width":"368.45px","height":"73.8px","nomeInstancia":"MovieClips/fala0710a","classe":"fala0710a","nome":"eba07_02_21_0"},{"nome":"eba07_02_21_1","tipo":"personagem","x":"0px","y":"0px","width":"1016px","height":"659px","nomeInstancia":"animaP21","classe":"animaP21"}]},{"desenhos":[{"tipo":"img","x":"495.6px","y":"426.35px","width":"362.9px","height":"85.3px","nomeInstancia":"MovieClips/fala0710c","classe":"fala0710c","nome":"eba07_02_23_0"},{"tipo":"img","x":"495.6px","y":"318.7px","width":"362.9px","height":"111.25px","nomeInstancia":"MovieClips/fala0710b","classe":"fala0710b","nome":"eba07_02_22_0"},{"tipo":"img","x":"448.7px","y":"250.25px","width":"368.45px","height":"73.8px","nomeInstancia":"MovieClips/fala0710a","classe":"fala0710a","nome":"eba07_02_21_0"},{"nome":"eba07_02_21_1","tipo":"personagem","x":"0px","y":"0px","width":"1016px","height":"659px","nomeInstancia":"animaP21","classe":"animaP21"}]},{"desenhos":[{"tipo":"img","x":"102.75px","y":"263.7px","width":"363.15px","height":"43.1px","nomeInstancia":"textConvertido_24_0","classe":"textConvertido_24_0","nome":"eba07_02_24_0"},{"tipo":"img","x":"606.9px","y":"263.7px","width":"328px","height":"285.95px","nomeInstancia":"MovieClips/07T11a","classe":"07T11a","nome":"eba07_02_24_1"}]},{"desenhos":[{"tipo":"img","x":"102.75px","y":"329.6px","width":"388.1px","height":"63.65px","nomeInstancia":"textConvertido_25_0","classe":"textConvertido_25_0","nome":"eba07_02_25_0"},{"tipo":"img","x":"102.75px","y":"263.7px","width":"363.15px","height":"43.1px","nomeInstancia":"textConvertido_24_0","classe":"textConvertido_24_0","nome":"eba07_02_24_0"},{"tipo":"img","x":"606.9px","y":"263.7px","width":"328px","height":"285.95px","nomeInstancia":"MovieClips/07T11a","classe":"07T11a","nome":"eba07_02_24_1"}]},{"desenhos":[{"tipo":"img","x":"102.75px","y":"416.05px","width":"398.65px","height":"43.1px","nomeInstancia":"textConvertido_26_0","classe":"textConvertido_26_0","nome":"eba07_02_26_0"},{"tipo":"img","x":"102.75px","y":"329.6px","width":"388.1px","height":"63.65px","nomeInstancia":"textConvertido_25_0","classe":"textConvertido_25_0","nome":"eba07_02_25_0"},{"tipo":"img","x":"102.75px","y":"263.7px","width":"363.15px","height":"43.1px","nomeInstancia":"textConvertido_24_0","classe":"textConvertido_24_0","nome":"eba07_02_24_0"},{"tipo":"img","x":"606.9px","y":"263.7px","width":"328px","height":"285.95px","nomeInstancia":"MovieClips/07T11a","classe":"07T11a","nome":"eba07_02_24_1"}]},{"desenhos":[{"tipo":"img","x":"283.95px","y":"191.1px","width":"629px","height":"338.8px","nomeInstancia":"telaInfo_miniNavegacao_27","classe":"telaInfo_miniNavegacao_27","nome":"eba07_02_27_0"},{"tipo":"img","x":"102.75px","y":"481.95px","width":"301.85px","height":"22.55px","nomeInstancia":"textConvertido_27_1","classe":"textConvertido_27_1","nome":"eba07_02_27_1"},{"tipo":"img","x":"102.75px","y":"416.05px","width":"398.65px","height":"43.1px","nomeInstancia":"textConvertido_26_0","classe":"textConvertido_26_0","nome":"eba07_02_26_0"},{"tipo":"img","x":"102.75px","y":"329.6px","width":"388.1px","height":"63.65px","nomeInstancia":"textConvertido_25_0","classe":"textConvertido_25_0","nome":"eba07_02_25_0"},{"tipo":"img","x":"102.75px","y":"263.7px","width":"363.15px","height":"43.1px","nomeInstancia":"textConvertido_24_0","classe":"textConvertido_24_0","nome":"eba07_02_24_0"}]}]}