{"licao":"eba07_04","topico":"04","telas":[{"desenhos":[{"tipo":"img","x":"205.05px","y":"233.05px","width":"415.2px","height":"87.1px","nomeInstancia":"transicao_1_0","classe":"transicao_1_0","nome":"eba07_04_1_0"},{"nome":"eba07_04_1_1","tipo":"personagem","x":"0px","y":"0px","width":"1016px","height":"659px","nomeInstancia":"animaP1","classe":"animaP1"}]},{"desenhos":[{"tipo":"img","x":"189.25px","y":"314.4px","width":"382.35px","height":"125.45px","nomeInstancia":"transicao_2_0","classe":"transicao_2_0","nome":"eba07_04_2_0"},{"tipo":"img","x":"205.05px","y":"233.05px","width":"415.2px","height":"87.1px","nomeInstancia":"transicao_1_0","classe":"transicao_1_0","nome":"eba07_04_1_0"},{"nome":"eba07_04_1_1","tipo":"personagem","x":"0px","y":"0px","width":"1016px","height":"659px","nomeInstancia":"animaP1","classe":"animaP1"}]},{"desenhos":[{"tipo":"img","x":"189.25px","y":"434.25px","width":"382.35px","height":"79.3px","nomeInstancia":"transicao_3_0","classe":"transicao_3_0","nome":"eba07_04_3_0"},{"tipo":"img","x":"189.25px","y":"314.4px","width":"382.35px","height":"125.45px","nomeInstancia":"transicao_2_0","classe":"transicao_2_0","nome":"eba07_04_2_0"},{"tipo":"img","x":"205.05px","y":"233.05px","width":"415.2px","height":"87.1px","nomeInstancia":"transicao_1_0","classe":"transicao_1_0","nome":"eba07_04_1_0"},{"nome":"eba07_04_1_1","tipo":"personagem","x":"0px","y":"0px","width":"1016px","height":"659px","nomeInstancia":"animaP1","classe":"animaP1"}]},{"desenhos":[{"tipo":"img","x":"417.05px","y":"202.4px","width":"446.75px","height":"87.1px","nomeInstancia":"transicao_4_0","classe":"transicao_4_0","nome":"eba07_04_4_0"},{"nome":"eba07_04_4_1","tipo":"personagem","x":"0px","y":"0px","width":"1016px","height":"659px","nomeInstancia":"animaP4","classe":"animaP4"}]},{"desenhos":[{"tipo":"img","x":"468px","y":"284.7px","width":"364.3px","height":"77.35px","nomeInstancia":"transicao_5_0","classe":"transicao_5_0","nome":"eba07_04_5_0"},{"tipo":"img","x":"417.05px","y":"202.4px","width":"446.75px","height":"87.1px","nomeInstancia":"transicao_4_0","classe":"transicao_4_0","nome":"eba07_04_4_0"},{"nome":"eba07_04_4_1","tipo":"personagem","x":"0px","y":"0px","width":"1016px","height":"659px","nomeInstancia":"animaP4","classe":"animaP4"}]},{"desenhos":[{"tipo":"img","x":"468px","y":"356.6px","width":"334.85px","height":"97.2px","nomeInstancia":"transicao_6_0","classe":"transicao_6_0","nome":"eba07_04_6_0"},{"tipo":"img","x":"468px","y":"284.7px","width":"364.3px","height":"77.35px","nomeInstancia":"transicao_5_0","classe":"transicao_5_0","nome":"eba07_04_5_0"},{"tipo":"img","x":"417.05px","y":"202.4px","width":"446.75px","height":"87.1px","nomeInstancia":"transicao_4_0","classe":"transicao_4_0","nome":"eba07_04_4_0"},{"nome":"eba07_04_4_1","tipo":"personagem","x":"0px","y":"0px","width":"1016px","height":"659px","nomeInstancia":"animaP4","classe":"animaP4"}]},{"desenhos":[{"tipo":"img","x":"141.6px","y":"119.65px","width":"440.65px","height":"134.65px","nomeInstancia":"hotWord41570451151324","classe":"hotWord41570451151324","nome":"eba07_04_7_0"},{"tipo":"img","x":"358.6px","y":"219px","width":"270.15px","height":"44.4px","nomeInstancia":"transicao_7_1","classe":"transicao_7_1","nome":"eba07_04_7_1"},{"nome":"eba07_04_7_2","tipo":"personagem","x":"0px","y":"0px","width":"1016px","height":"659px","nomeInstancia":"animaP7","classe":"animaP7"}]},{"desenhos":[{"tipo":"img","x":"141.6px","y":"119.65px","width":"440.65px","height":"134.65px","nomeInstancia":"hotWord41570451151324","classe":"hotWord41570451151324","nome":"eba07_04_7_0"},{"tipo":"img","x":"115.3px","y":"256.95px","width":"464.9px","height":"143.4px","nomeInstancia":"transicao_8_1","classe":"transicao_8_1","nome":"eba07_04_8_1"},{"tipo":"img","x":"358.6px","y":"219px","width":"270.15px","height":"44.4px","nomeInstancia":"transicao_7_1","classe":"transicao_7_1","nome":"eba07_04_7_1"},{"nome":"eba07_04_7_2","tipo":"personagem","x":"0px","y":"0px","width":"1016px","height":"659px","nomeInstancia":"animaP7","classe":"animaP7"}]},{"desenhos":[{"tipo":"img","x":"141.6px","y":"119.65px","width":"440.65px","height":"134.65px","nomeInstancia":"hotWord41570451151324","classe":"hotWord41570451151324","nome":"eba07_04_7_0"},{"tipo":"img","x":"301.35px","y":"395px","width":"278.85px","height":"79.3px","nomeInstancia":"transicao_9_1","classe":"transicao_9_1","nome":"eba07_04_9_1"},{"tipo":"img","x":"115.3px","y":"256.95px","width":"464.9px","height":"143.4px","nomeInstancia":"transicao_8_1","classe":"transicao_8_1","nome":"eba07_04_8_1"},{"tipo":"img","x":"358.6px","y":"219px","width":"270.15px","height":"44.4px","nomeInstancia":"transicao_7_1","classe":"transicao_7_1","nome":"eba07_04_7_1"},{"nome":"eba07_04_7_2","tipo":"personagem","x":"0px","y":"0px","width":"1016px","height":"659px","nomeInstancia":"animaP7","classe":"animaP7"}]},{"desenhos":[{"tipo":"img","x":"274.75px","y":"248.3px","width":"466.55px","height":"22.55px","nomeInstancia":"textConvertido_10_0","classe":"textConvertido_10_0","nome":"eba07_04_10_0"},{"tipo":"img","x":"220.65px","y":"330.3px","width":"574.75px","height":"107.25px","nomeInstancia":"transicao_10_1","classe":"transicao_10_1","nome":"eba07_04_10_1"}]},{"desenhos":[{"tipo":"img","x":"255.55px","y":"161.8px","width":"504.9px","height":"335.45px","nomeInstancia":"destaque_11","classe":"destaque_11","nome":"eba07_04_11_0"},{"tipo":"img","x":"274.75px","y":"248.3px","width":"466.55px","height":"22.55px","nomeInstancia":"textConvertido_10_0","classe":"textConvertido_10_0","nome":"eba07_04_10_0"},{"tipo":"img","x":"220.65px","y":"330.3px","width":"574.75px","height":"107.25px","nomeInstancia":"transicao_10_1","classe":"transicao_10_1","nome":"eba07_04_10_1"}]},{"desenhos":[{"tipo":"img","x":"580.65px","y":"300.5px","width":"353.1px","height":"84.2px","nomeInstancia":"textConvertido_12_0","classe":"textConvertido_12_0","nome":"eba07_04_12_0"},{"tipo":"img","x":"42.5px","y":"281.3px","width":"468.25px","height":"203.55px","nomeInstancia":"transicao_12_1","classe":"transicao_12_1","nome":"eba07_04_12_1"}]},{"desenhos":[{"tipo":"img","x":"580.65px","y":"407.2px","width":"358.85px","height":"63.65px","nomeInstancia":"textConvertido_13_0","classe":"textConvertido_13_0","nome":"eba07_04_13_0"},{"tipo":"img","x":"580.65px","y":"300.5px","width":"353.1px","height":"84.2px","nomeInstancia":"textConvertido_12_0","classe":"textConvertido_12_0","nome":"eba07_04_12_0"},{"tipo":"img","x":"42.5px","y":"281.3px","width":"468.25px","height":"203.55px","nomeInstancia":"transicao_12_1","classe":"transicao_12_1","nome":"eba07_04_12_1"}]},{"desenhos":[{"tipo":"img","x":"50.6px","y":"287.05px","width":"427.45px","height":"22.55px","nomeInstancia":"textConvertido_14_0","classe":"textConvertido_14_0","nome":"eba07_04_14_0"},{"tipo":"img","x":"505.55px","y":"281.3px","width":"468.25px","height":"203.55px","nomeInstancia":"transicao_14_1","classe":"transicao_14_1","nome":"eba07_04_14_1"}]},{"desenhos":[{"tipo":"img","x":"50.6px","y":"326.15px","width":"428.1px","height":"84.2px","nomeInstancia":"textConvertido_15_0","classe":"textConvertido_15_0","nome":"eba07_04_15_0"},{"tipo":"img","x":"50.6px","y":"287.05px","width":"427.45px","height":"22.55px","nomeInstancia":"textConvertido_14_0","classe":"textConvertido_14_0","nome":"eba07_04_14_0"},{"tipo":"img","x":"505.55px","y":"281.3px","width":"468.25px","height":"203.55px","nomeInstancia":"transicao_14_1","classe":"transicao_14_1","nome":"eba07_04_14_1"}]},{"desenhos":[{"tipo":"img","x":"50.6px","y":"426.9px","width":"424.25px","height":"63.65px","nomeInstancia":"textConvertido_16_0","classe":"textConvertido_16_0","nome":"eba07_04_16_0"},{"tipo":"img","x":"50.6px","y":"326.15px","width":"428.1px","height":"84.2px","nomeInstancia":"textConvertido_15_0","classe":"textConvertido_15_0","nome":"eba07_04_15_0"},{"tipo":"img","x":"50.6px","y":"287.05px","width":"427.45px","height":"22.55px","nomeInstancia":"textConvertido_14_0","classe":"textConvertido_14_0","nome":"eba07_04_14_0"},{"tipo":"img","x":"505.55px","y":"281.3px","width":"468.25px","height":"203.55px","nomeInstancia":"transicao_14_1","classe":"transicao_14_1","nome":"eba07_04_14_1"}]},{"desenhos":[{"tipo":"img","x":"580.7px","y":"263.1px","width":"298.9px","height":"63.65px","nomeInstancia":"textConvertido_17_0","classe":"textConvertido_17_0","nome":"eba07_04_17_0"},{"tipo":"img","x":"72.55px","y":"234.6px","width":"423px","height":"317px","nomeInstancia":"transicao_17_1","classe":"transicao_17_1","nome":"eba07_04_17_1"}]},{"desenhos":[{"tipo":"img","x":"580.7px","y":"344.3px","width":"356.85px","height":"22.55px","nomeInstancia":"textConvertido_18_0","classe":"textConvertido_18_0","nome":"eba07_04_18_0"},{"tipo":"img","x":"580.7px","y":"263.1px","width":"298.9px","height":"63.65px","nomeInstancia":"textConvertido_17_0","classe":"textConvertido_17_0","nome":"eba07_04_17_0"},{"tipo":"img","x":"72.55px","y":"234.6px","width":"423px","height":"317px","nomeInstancia":"transicao_17_1","classe":"transicao_17_1","nome":"eba07_04_17_1"}]},{"desenhos":[{"tipo":"img","x":"72.55px","y":"191.1px","width":"659.55px","height":"360.5px","nomeInstancia":"telaInfo_miniNavegacao_19","classe":"telaInfo_miniNavegacao_19","nome":"eba07_04_19_0"},{"tipo":"img","x":"580.7px","y":"384.4px","width":"321.9px","height":"63.65px","nomeInstancia":"textConvertido_19_2","classe":"textConvertido_19_2","nome":"eba07_04_19_1"},{"tipo":"img","x":"580.7px","y":"465.6px","width":"356.85px","height":"22.55px","nomeInstancia":"textConvertido_19_1","classe":"textConvertido_19_1","nome":"eba07_04_19_2"},{"tipo":"img","x":"580.7px","y":"344.3px","width":"356.85px","height":"22.55px","nomeInstancia":"textConvertido_18_0","classe":"textConvertido_18_0","nome":"eba07_04_18_0"},{"tipo":"img","x":"580.7px","y":"263.1px","width":"298.9px","height":"63.65px","nomeInstancia":"textConvertido_17_0","classe":"textConvertido_17_0","nome":"eba07_04_17_0"}]},{"desenhos":[{"tipo":"img","x":"151.2px","y":"248.35px","width":"436.35px","height":"75.05px","nomeInstancia":"transicao_20_0","classe":"transicao_20_0","nome":"eba07_04_20_0"},{"nome":"eba07_04_20_1","tipo":"personagem","x":"0px","y":"0px","width":"1016px","height":"659px","nomeInstancia":"animaP20","classe":"animaP20"}]},{"desenhos":[{"tipo":"img","x":"171.75px","y":"318.15px","width":"367.1px","height":"111.25px","nomeInstancia":"transicao_21_0","classe":"transicao_21_0","nome":"eba07_04_21_0"},{"tipo":"img","x":"151.2px","y":"248.35px","width":"436.35px","height":"75.05px","nomeInstancia":"transicao_20_0","classe":"transicao_20_0","nome":"eba07_04_20_0"},{"nome":"eba07_04_20_1","tipo":"personagem","x":"0px","y":"0px","width":"1016px","height":"659px","nomeInstancia":"animaP20","classe":"animaP20"}]},{"desenhos":[{"tipo":"img","x":"278.05px","y":"424.55px","width":"260.8px","height":"75.45px","nomeInstancia":"transicao_22_0","classe":"transicao_22_0","nome":"eba07_04_22_0"},{"tipo":"img","x":"171.75px","y":"318.15px","width":"367.1px","height":"111.25px","nomeInstancia":"transicao_21_0","classe":"transicao_21_0","nome":"eba07_04_21_0"},{"tipo":"img","x":"151.2px","y":"248.35px","width":"436.35px","height":"75.05px","nomeInstancia":"transicao_20_0","classe":"transicao_20_0","nome":"eba07_04_20_0"},{"nome":"eba07_04_20_1","tipo":"personagem","x":"0px","y":"0px","width":"1016px","height":"659px","nomeInstancia":"animaP20","classe":"animaP20"}]},{"desenhos":[{"tipo":"img","x":"237.85px","y":"171.45px","width":"558.45px","height":"366.05px","nomeInstancia":"telaInfo_miniNavegacao_23","classe":"telaInfo_miniNavegacao_23","nome":"eba07_04_23_0"},{"tipo":"img","x":"301.05px","y":"424.55px","width":"260.8px","height":"75.45px","nomeInstancia":"transicao_23_2","classe":"transicao_23_2","nome":"eba07_04_23_1"},{"tipo":"img","x":"351.6px","y":"514.95px","width":"170.9px","height":"22.55px","nomeInstancia":"textConvertido_23_1","classe":"textConvertido_23_1","nome":"eba07_04_23_2"},{"tipo":"img","x":"171.75px","y":"318.15px","width":"367.1px","height":"111.25px","nomeInstancia":"transicao_21_0","classe":"transicao_21_0","nome":"eba07_04_21_0"},{"tipo":"img","x":"151.2px","y":"248.35px","width":"436.35px","height":"75.05px","nomeInstancia":"transicao_20_0","classe":"transicao_20_0","nome":"eba07_04_20_0"}]},{"desenhos":[{"tipo":"img","x":"152.55px","y":"242.7px","width":"836px","height":"347.45px","nomeInstancia":"dragDrop","classe":"dragDrop","nome":"eba07_04_24_0"},{"tipo":"img","x":"392.75px","y":"156.5px","width":"230.5px","height":"78.4px","nomeInstancia":"transicao_24_1","classe":"transicao_24_1","nome":"eba07_04_24_1"}]}]}