{"licao":"eli04_00","topico":"00","telas":[{"desenhos":[{"tipo":"img","x":"101.1px","y":"192px","width":"541.55px","height":"144.05px","nomeInstancia":"MovieClips/transicao_1_0","classe":"transicao_1_0","nome":"eli04_00_1_0"},{"nome":"eli04_00_1_1","tipo":"personagem","x":"0px","y":"0px","width":"1016px","height":"659px","nomeInstancia":"MovieClips/animaP01","classe":"animaP01"}]},{"desenhos":[{"tipo":"img","x":"126.05px","y":"333.05px","width":"468.4px","height":"107.65px","nomeInstancia":"MovieClips/transicao_2_0","classe":"transicao_2_0","nome":"eli04_00_2_0"},{"tipo":"img","x":"101.1px","y":"192px","width":"541.55px","height":"144.05px","nomeInstancia":"MovieClips/transicao_1_0","classe":"transicao_1_0","nome":"eli04_00_1_0"},{"nome":"eli04_00_1_1","tipo":"personagem","x":"0px","y":"0px","width":"1016px","height":"659px","nomeInstancia":"MovieClips/animaP01","classe":"animaP01"}]},{"desenhos":[{"tipo":"img","x":"194.25px","y":"436.5px","width":"400.2px","height":"82.15px","nomeInstancia":"MovieClips/transicao_3_0","classe":"transicao_3_0","nome":"eli04_00_3_0"},{"tipo":"img","x":"126.05px","y":"333.05px","width":"468.4px","height":"107.65px","nomeInstancia":"MovieClips/transicao_2_0","classe":"transicao_2_0","nome":"eli04_00_2_0"},{"tipo":"img","x":"101.1px","y":"192px","width":"541.55px","height":"144.05px","nomeInstancia":"MovieClips/transicao_1_0","classe":"transicao_1_0","nome":"eli04_00_1_0"},{"nome":"eli04_00_1_1","tipo":"personagem","x":"0px","y":"0px","width":"1016px","height":"659px","nomeInstancia":"MovieClips/animaP01","classe":"animaP01"}]}]}