{"licao":"eli04_02","topico":"02","telas":[{"desenhos":[{"tipo":"img","x":"92.35px","y":"308.55px","width":"364.3px","height":"104.75px","nomeInstancia":"MovieClips/textConvertido_1_0","classe":"textConvertido_1_0","nome":"eli04_02_1_0"},{"tipo":"img","x":"567.4px","y":"231.05px","width":"305.4px","height":"307.8px","nomeInstancia":"MovieClips/transicao_1_1","classe":"transicao_1_1","nome":"eli04_02_1_1"}]},{"desenhos":[{"tipo":"img","x":"92.35px","y":"433.4px","width":"371.45px","height":"43.1px","nomeInstancia":"MovieClips/textConvertido_2_0","classe":"textConvertido_2_0","nome":"eli04_02_2_0"},{"tipo":"img","x":"92.35px","y":"308.55px","width":"364.3px","height":"104.75px","nomeInstancia":"MovieClips/textConvertido_1_0","classe":"textConvertido_1_0","nome":"eli04_02_1_0"},{"tipo":"img","x":"567.4px","y":"231.05px","width":"305.4px","height":"307.8px","nomeInstancia":"MovieClips/transicao_1_1","classe":"transicao_1_1","nome":"eli04_02_1_1"}]},{"desenhos":[{"tipo":"img","x":"477.55px","y":"329.95px","width":"426px","height":"125.3px","nomeInstancia":"MovieClips/textConvertido_3_0","classe":"textConvertido_3_0","nome":"eli04_02_3_0"},{"tipo":"img","x":"105.05px","y":"228.95px","width":"307.4px","height":"306.45px","nomeInstancia":"MovieClips/transicao_3_1","classe":"transicao_3_1","nome":"eli04_02_3_1"}]},{"desenhos":[{"tipo":"img","x":"97.7px","y":"268.9px","width":"350px","height":"63.65px","nomeInstancia":"MovieClips/textConvertido_4_0","classe":"textConvertido_4_0","nome":"eli04_02_4_0"},{"tipo":"img","x":"570.05px","y":"219.4px","width":"338.5px","height":"323.85px","nomeInstancia":"MovieClips/transicao_4_1","classe":"transicao_4_1","nome":"eli04_02_4_1"}]},{"desenhos":[{"tipo":"img","x":"158.2px","y":"212.9px","width":"781.4px","height":"367.15px","nomeInstancia":"MovieClips/telaInfo05","classe":"telaInfo05","nome":"eli04_02_5_0"},{"tipo":"img","x":"97.7px","y":"351.75px","width":"371.45px","height":"166.4px","nomeInstancia":"MovieClips/textConvertido_5_1","classe":"textConvertido_5_1","nome":"eli04_02_5_1"},{"tipo":"img","x":"97.7px","y":"268.9px","width":"350px","height":"63.65px","nomeInstancia":"MovieClips/textConvertido_4_0","classe":"textConvertido_4_0","nome":"eli04_02_4_0"},{"tipo":"img","x":"570.05px","y":"219.4px","width":"338.5px","height":"323.85px","nomeInstancia":"MovieClips/transicao_4_1","classe":"transicao_4_1","nome":"eli04_02_4_1"}]},{"desenhos":[{"tipo":"img","x":"407.25px","y":"162.8px","width":"366.5px","height":"101.6px","nomeInstancia":"MovieClips/transicao_6_0","classe":"transicao_6_0","nome":"eli04_02_6_0"},{"nome":"eli04_02_6_1","tipo":"personagem","x":"0px","y":"0px","width":"1016px","height":"659px","nomeInstancia":"MovieClips/animaP06","classe":"animaP06"}]},{"desenhos":[{"tipo":"img","x":"456.5px","y":"260.5px","width":"356.9px","height":"113.5px","nomeInstancia":"MovieClips/transicao_7_0","classe":"transicao_7_0","nome":"eli04_02_7_0"},{"tipo":"img","x":"407.25px","y":"162.8px","width":"366.5px","height":"101.6px","nomeInstancia":"MovieClips/transicao_6_0","classe":"transicao_6_0","nome":"eli04_02_6_0"},{"nome":"eli04_02_6_1","tipo":"personagem","x":"0px","y":"0px","width":"1016px","height":"659px","nomeInstancia":"MovieClips/animaP06","classe":"animaP06"}]},{"desenhos":[{"tipo":"img","x":"456.5px","y":"371.4px","width":"386.35px","height":"103.6px","nomeInstancia":"MovieClips/transicao_8_0","classe":"transicao_8_0","nome":"eli04_02_8_0"},{"tipo":"img","x":"456.5px","y":"260.5px","width":"356.9px","height":"113.5px","nomeInstancia":"MovieClips/transicao_7_0","classe":"transicao_7_0","nome":"eli04_02_7_0"},{"tipo":"img","x":"407.25px","y":"162.8px","width":"366.5px","height":"101.6px","nomeInstancia":"MovieClips/transicao_6_0","classe":"transicao_6_0","nome":"eli04_02_6_0"},{"nome":"eli04_02_6_1","tipo":"personagem","x":"0px","y":"0px","width":"1016px","height":"659px","nomeInstancia":"MovieClips/animaP06","classe":"animaP06"}]},{"desenhos":[{"tipo":"img","x":"68.3px","y":"179.75px","width":"309.2px","height":"22.55px","nomeInstancia":"MovieClips/textConvertido_9_1","classe":"textConvertido_9_1","nome":"eli04_02_9_0"},{"tipo":"img","x":"68.3px","y":"230.25px","width":"338.6px","height":"125.3px","nomeInstancia":"MovieClips/textConvertido_9_0","classe":"textConvertido_9_0","nome":"eli04_02_9_1"},{"tipo":"img","x":"474.05px","y":"202.3px","width":"476.15px","height":"328.55px","nomeInstancia":"MovieClips/transicao_9_2","classe":"transicao_9_2","nome":"eli04_02_9_2"}]},{"desenhos":[{"tipo":"img","x":"68.3px","y":"369.25px","width":"316.85px","height":"63.65px","nomeInstancia":"MovieClips/textConvertido_10_0","classe":"textConvertido_10_0","nome":"eli04_02_10_0"},{"tipo":"img","x":"68.3px","y":"179.75px","width":"309.2px","height":"22.55px","nomeInstancia":"MovieClips/textConvertido_9_1","classe":"textConvertido_9_1","nome":"eli04_02_9_0"},{"tipo":"img","x":"68.3px","y":"230.25px","width":"338.6px","height":"125.3px","nomeInstancia":"MovieClips/textConvertido_9_0","classe":"textConvertido_9_0","nome":"eli04_02_9_1"},{"tipo":"img","x":"474.05px","y":"202.3px","width":"476.15px","height":"328.55px","nomeInstancia":"MovieClips/transicao_9_2","classe":"transicao_9_2","nome":"eli04_02_9_2"}]},{"desenhos":[{"tipo":"img","x":"68.3px","y":"446.6px","width":"356.5px","height":"104.75px","nomeInstancia":"MovieClips/textConvertido_11_0","classe":"textConvertido_11_0","nome":"eli04_02_11_0"},{"tipo":"img","x":"68.3px","y":"369.25px","width":"316.85px","height":"63.65px","nomeInstancia":"MovieClips/textConvertido_10_0","classe":"textConvertido_10_0","nome":"eli04_02_10_0"},{"tipo":"img","x":"68.3px","y":"179.75px","width":"309.2px","height":"22.55px","nomeInstancia":"MovieClips/textConvertido_9_1","classe":"textConvertido_9_1","nome":"eli04_02_9_0"},{"tipo":"img","x":"68.3px","y":"230.25px","width":"338.6px","height":"125.3px","nomeInstancia":"MovieClips/textConvertido_9_0","classe":"textConvertido_9_0","nome":"eli04_02_9_1"},{"tipo":"img","x":"474.05px","y":"202.3px","width":"476.15px","height":"328.55px","nomeInstancia":"MovieClips/transicao_9_2","classe":"transicao_9_2","nome":"eli04_02_9_2"}]},{"desenhos":[{"tipo":"img","x":"498.65px","y":"291.1px","width":"431.5px","height":"84.2px","nomeInstancia":"MovieClips/textConvertido_12_0","classe":"textConvertido_12_0","nome":"eli04_02_12_0"},{"tipo":"img","x":"123.6px","y":"253.15px","width":"291.45px","height":"279.55px","nomeInstancia":"MovieClips/transicao_12_1","classe":"transicao_12_1","nome":"eli04_02_12_1"}]},{"desenhos":[{"tipo":"img","x":"119.45px","y":"162.55px","width":"820.15px","height":"416.25px","nomeInstancia":"MovieClips/telaInfo13","classe":"telaInfo13","nome":"eli04_02_13_0"},{"tipo":"img","x":"498.65px","y":"405.85px","width":"426px","height":"63.65px","nomeInstancia":"MovieClips/textConvertido_13_1","classe":"textConvertido_13_1","nome":"eli04_02_13_1"},{"tipo":"img","x":"498.65px","y":"291.1px","width":"431.5px","height":"84.2px","nomeInstancia":"MovieClips/textConvertido_12_0","classe":"textConvertido_12_0","nome":"eli04_02_12_0"},{"tipo":"img","x":"123.6px","y":"253.15px","width":"291.45px","height":"279.55px","nomeInstancia":"MovieClips/transicao_12_1","classe":"transicao_12_1","nome":"eli04_02_12_1"}]},{"desenhos":[{"tipo":"img","x":"61.95px","y":"200.25px","width":"423.05px","height":"84.2px","nomeInstancia":"MovieClips/textConvertido_14_0","classe":"textConvertido_14_0","nome":"eli04_02_14_0"},{"tipo":"img","x":"513px","y":"189.8px","width":"450.45px","height":"336px","nomeInstancia":"MovieClips/transicao_14_1","classe":"transicao_14_1","nome":"eli04_02_14_1"}]},{"desenhos":[{"tipo":"img","x":"61.95px","y":"302.75px","width":"414.1px","height":"84.2px","nomeInstancia":"MovieClips/textConvertido_15_0","classe":"textConvertido_15_0","nome":"eli04_02_15_0"},{"tipo":"img","x":"61.95px","y":"200.25px","width":"423.05px","height":"84.2px","nomeInstancia":"MovieClips/textConvertido_14_0","classe":"textConvertido_14_0","nome":"eli04_02_14_0"},{"tipo":"img","x":"513px","y":"189.8px","width":"450.45px","height":"336px","nomeInstancia":"MovieClips/transicao_14_1","classe":"transicao_14_1","nome":"eli04_02_14_1"}]},{"desenhos":[{"tipo":"img","x":"61.95px","y":"405.25px","width":"385.95px","height":"104.75px","nomeInstancia":"MovieClips/textConvertido_16_0","classe":"textConvertido_16_0","nome":"eli04_02_16_0"},{"tipo":"img","x":"61.95px","y":"302.75px","width":"414.1px","height":"84.2px","nomeInstancia":"MovieClips/textConvertido_15_0","classe":"textConvertido_15_0","nome":"eli04_02_15_0"},{"tipo":"img","x":"61.95px","y":"200.25px","width":"423.05px","height":"84.2px","nomeInstancia":"MovieClips/textConvertido_14_0","classe":"textConvertido_14_0","nome":"eli04_02_14_0"},{"tipo":"img","x":"513px","y":"189.8px","width":"450.45px","height":"336px","nomeInstancia":"MovieClips/transicao_14_1","classe":"transicao_14_1","nome":"eli04_02_14_1"}]},{"desenhos":[{"tipo":"img","x":"80.2px","y":"215.85px","width":"882.2px","height":"351.65px","nomeInstancia":"MovieClips/opcoes17","classe":"opcoes17","nome":"eli04_02_17_0"},{"tipo":"img","x":"80.2px","y":"246.6px","width":"746.1px","height":"269.15px","nomeInstancia":"MovieClips/textConvertido_17_1","classe":"textConvertido_17_1","nome":"eli04_02_17_1"},{"tipo":"img","x":"80.2px","y":"126.1px","width":"214.45px","height":"91.7px","nomeInstancia":"MovieClips/transicao_17_3","classe":"transicao_17_3","nome":"eli04_02_17_2"}]}]}