{"licao":"eli04_03","topico":"03","telas":[{"desenhos":[{"tipo":"img","x":"207.1px","y":"144.25px","width":"384.85px","height":"115.75px","nomeInstancia":"MovieClips/transicao_1_0","classe":"transicao_1_0","nome":"eli04_03_1_0"},{"nome":"eli04_03_1_1","tipo":"personagem","x":"0px","y":"0px","width":"1016px","height":"659px","nomeInstancia":"MovieClips/animaP01","classe":"animaP01"}]},{"desenhos":[{"tipo":"img","x":"111.35px","y":"255.5px","width":"436.75px","height":"134.45px","nomeInstancia":"MovieClips/transicao_2_0","classe":"transicao_2_0","nome":"eli04_03_2_0"},{"tipo":"img","x":"207.1px","y":"144.25px","width":"384.85px","height":"115.75px","nomeInstancia":"MovieClips/transicao_1_0","classe":"transicao_1_0","nome":"eli04_03_1_0"},{"nome":"eli04_03_1_1","tipo":"personagem","x":"0px","y":"0px","width":"1016px","height":"659px","nomeInstancia":"MovieClips/animaP01","classe":"animaP01"}]},{"desenhos":[{"tipo":"img","x":"500px","y":"245.35px","width":"270.85px","height":"43.1px","nomeInstancia":"MovieClips/textConvertido_3_0","classe":"textConvertido_3_0","nome":"eli04_03_3_0"},{"tipo":"img","x":"153.5px","y":"245.35px","width":"235.25px","height":"236.65px","nomeInstancia":"MovieClips/transicao_3_1","classe":"transicao_3_1","nome":"eli04_03_3_1"}]},{"desenhos":[{"tipo":"img","x":"500px","y":"317.95px","width":"426px","height":"63.65px","nomeInstancia":"MovieClips/textConvertido_4_0","classe":"textConvertido_4_0","nome":"eli04_03_4_0"},{"tipo":"img","x":"500px","y":"245.35px","width":"270.85px","height":"43.1px","nomeInstancia":"MovieClips/textConvertido_3_0","classe":"textConvertido_3_0","nome":"eli04_03_3_0"},{"tipo":"img","x":"153.5px","y":"245.35px","width":"235.25px","height":"236.65px","nomeInstancia":"MovieClips/transicao_3_1","classe":"transicao_3_1","nome":"eli04_03_3_1"}]},{"desenhos":[{"tipo":"img","x":"500px","y":"391.6px","width":"426px","height":"84.2px","nomeInstancia":"MovieClips/textConvertido_5_0","classe":"textConvertido_5_0","nome":"eli04_03_5_0"},{"tipo":"img","x":"500px","y":"317.95px","width":"426px","height":"63.65px","nomeInstancia":"MovieClips/textConvertido_4_0","classe":"textConvertido_4_0","nome":"eli04_03_4_0"},{"tipo":"img","x":"500px","y":"245.35px","width":"270.85px","height":"43.1px","nomeInstancia":"MovieClips/textConvertido_3_0","classe":"textConvertido_3_0","nome":"eli04_03_3_0"},{"tipo":"img","x":"153.5px","y":"245.35px","width":"235.25px","height":"236.65px","nomeInstancia":"MovieClips/transicao_3_1","classe":"transicao_3_1","nome":"eli04_03_3_1"}]},{"desenhos":[{"tipo":"img","x":"76px","y":"255.5px","width":"298.55px","height":"63.65px","nomeInstancia":"MovieClips/textConvertido_6_0","classe":"textConvertido_6_0","nome":"eli04_03_6_0"},{"tipo":"img","x":"448.9px","y":"218.7px","width":"521.7px","height":"328.15px","nomeInstancia":"MovieClips/transicao_6_1","classe":"transicao_6_1","nome":"eli04_03_6_1"}]},{"desenhos":[{"tipo":"img","x":"76px","y":"338.75px","width":"328.7px","height":"84.2px","nomeInstancia":"MovieClips/textConvertido_7_0","classe":"textConvertido_7_0","nome":"eli04_03_7_0"},{"tipo":"img","x":"76px","y":"255.5px","width":"298.55px","height":"63.65px","nomeInstancia":"MovieClips/textConvertido_6_0","classe":"textConvertido_6_0","nome":"eli04_03_6_0"},{"tipo":"img","x":"448.9px","y":"218.7px","width":"521.7px","height":"328.15px","nomeInstancia":"MovieClips/transicao_6_1","classe":"transicao_6_1","nome":"eli04_03_6_1"}]},{"desenhos":[{"tipo":"img","x":"105.5px","y":"212.9px","width":"752.75px","height":"348.25px","nomeInstancia":"MovieClips/telaInfo08","classe":"telaInfo08","nome":"eli04_03_8_0"},{"tipo":"img","x":"76px","y":"442.55px","width":"346.4px","height":"43.1px","nomeInstancia":"MovieClips/textConvertido_8_1","classe":"textConvertido_8_1","nome":"eli04_03_8_1"},{"tipo":"img","x":"76px","y":"338.75px","width":"328.7px","height":"84.2px","nomeInstancia":"MovieClips/textConvertido_7_0","classe":"textConvertido_7_0","nome":"eli04_03_7_0"},{"tipo":"img","x":"76px","y":"255.5px","width":"298.55px","height":"63.65px","nomeInstancia":"MovieClips/textConvertido_6_0","classe":"textConvertido_6_0","nome":"eli04_03_6_0"},{"tipo":"img","x":"448.9px","y":"218.7px","width":"521.7px","height":"328.15px","nomeInstancia":"MovieClips/transicao_6_1","classe":"transicao_6_1","nome":"eli04_03_6_1"}]},{"desenhos":[{"tipo":"img","x":"546.85px","y":"251.35px","width":"426px","height":"43.1px","nomeInstancia":"MovieClips/textConvertido_9_1","classe":"textConvertido_9_1","nome":"eli04_03_9_0"},{"tipo":"img","x":"546.85px","y":"312.8px","width":"426px","height":"84.2px","nomeInstancia":"MovieClips/textConvertido_9_0","classe":"textConvertido_9_0","nome":"eli04_03_9_1"},{"tipo":"img","x":"91.85px","y":"204.85px","width":"402.7px","height":"313.25px","nomeInstancia":"MovieClips/transicao_9_2","classe":"transicao_9_2","nome":"eli04_03_9_2"}]},{"desenhos":[{"tipo":"img","x":"546.85px","y":"411.15px","width":"426px","height":"63.65px","nomeInstancia":"MovieClips/textConvertido_10_0","classe":"textConvertido_10_0","nome":"eli04_03_10_0"},{"tipo":"img","x":"546.85px","y":"251.35px","width":"426px","height":"43.1px","nomeInstancia":"MovieClips/textConvertido_9_1","classe":"textConvertido_9_1","nome":"eli04_03_9_0"},{"tipo":"img","x":"546.85px","y":"312.8px","width":"426px","height":"84.2px","nomeInstancia":"MovieClips/textConvertido_9_0","classe":"textConvertido_9_0","nome":"eli04_03_9_1"},{"tipo":"img","x":"91.85px","y":"204.85px","width":"402.7px","height":"313.25px","nomeInstancia":"MovieClips/transicao_9_2","classe":"transicao_9_2","nome":"eli04_03_9_2"}]},{"desenhos":[{"tipo":"img","x":"102.65px","y":"213.95px","width":"526.35px","height":"124.1px","nomeInstancia":"MovieClips/transicao_11_0","classe":"transicao_11_0","nome":"eli04_03_11_0"},{"nome":"eli04_03_11_1","tipo":"personagem","x":"0px","y":"0px","width":"1016px","height":"659px","nomeInstancia":"MovieClips/animaP11","classe":"animaP11"}]},{"desenhos":[{"tipo":"img","x":"143.2px","y":"334.55px","width":"442.95px","height":"182.3px","nomeInstancia":"MovieClips/transicao_12_0","classe":"transicao_12_0","nome":"eli04_03_12_0"},{"tipo":"img","x":"102.65px","y":"213.95px","width":"526.35px","height":"124.1px","nomeInstancia":"MovieClips/transicao_11_0","classe":"transicao_11_0","nome":"eli04_03_11_0"},{"nome":"eli04_03_11_1","tipo":"personagem","x":"0px","y":"0px","width":"1016px","height":"659px","nomeInstancia":"MovieClips/animaP11","classe":"animaP11"}]},{"desenhos":[{"tipo":"img","x":"500px","y":"246.2px","width":"415.45px","height":"145.85px","nomeInstancia":"MovieClips/textConvertido_13_0","classe":"textConvertido_13_0","nome":"eli04_03_13_0"},{"tipo":"img","x":"129.15px","y":"234.75px","width":"298.3px","height":"269.2px","nomeInstancia":"MovieClips/transicao_13_1","classe":"transicao_13_1","nome":"eli04_03_13_1"}]},{"desenhos":[{"tipo":"img","x":"500px","y":"411.45px","width":"419.65px","height":"84.2px","nomeInstancia":"MovieClips/textConvertido_14_0","classe":"textConvertido_14_0","nome":"eli04_03_14_0"},{"tipo":"img","x":"500px","y":"246.2px","width":"415.45px","height":"145.85px","nomeInstancia":"MovieClips/textConvertido_13_0","classe":"textConvertido_13_0","nome":"eli04_03_13_0"},{"tipo":"img","x":"129.15px","y":"234.75px","width":"298.3px","height":"269.2px","nomeInstancia":"MovieClips/transicao_13_1","classe":"transicao_13_1","nome":"eli04_03_13_1"}]},{"desenhos":[{"tipo":"img","x":"76px","y":"260.75px","width":"426px","height":"43.1px","nomeInstancia":"MovieClips/textConvertido_15_0","classe":"textConvertido_15_0","nome":"eli04_03_15_0"},{"tipo":"img","x":"611.15px","y":"194.35px","width":"293.5px","height":"322.5px","nomeInstancia":"MovieClips/transicao_15_1","classe":"transicao_15_1","nome":"eli04_03_15_1"}]},{"desenhos":[{"tipo":"img","x":"76px","y":"319.55px","width":"426px","height":"63.65px","nomeInstancia":"MovieClips/textConvertido_16_0","classe":"textConvertido_16_0","nome":"eli04_03_16_0"},{"tipo":"img","x":"76px","y":"260.75px","width":"426px","height":"43.1px","nomeInstancia":"MovieClips/textConvertido_15_0","classe":"textConvertido_15_0","nome":"eli04_03_15_0"},{"tipo":"img","x":"611.15px","y":"194.35px","width":"293.5px","height":"322.5px","nomeInstancia":"MovieClips/transicao_15_1","classe":"transicao_15_1","nome":"eli04_03_15_1"}]},{"desenhos":[{"tipo":"img","x":"76px","y":"398.9px","width":"426px","height":"104.75px","nomeInstancia":"MovieClips/textConvertido_17_0","classe":"textConvertido_17_0","nome":"eli04_03_17_0"},{"tipo":"img","x":"76px","y":"319.55px","width":"426px","height":"63.65px","nomeInstancia":"MovieClips/textConvertido_16_0","classe":"textConvertido_16_0","nome":"eli04_03_16_0"},{"tipo":"img","x":"76px","y":"260.75px","width":"426px","height":"43.1px","nomeInstancia":"MovieClips/textConvertido_15_0","classe":"textConvertido_15_0","nome":"eli04_03_15_0"},{"tipo":"img","x":"611.15px","y":"194.35px","width":"293.5px","height":"322.5px","nomeInstancia":"MovieClips/transicao_15_1","classe":"transicao_15_1","nome":"eli04_03_15_1"}]},{"desenhos":[{"tipo":"img","x":"563.45px","y":"312.75px","width":"278.15px","height":"63.65px","nomeInstancia":"MovieClips/textConvertido_18_0","classe":"textConvertido_18_0","nome":"eli04_03_18_0"},{"tipo":"img","x":"147.35px","y":"216.7px","width":"313.95px","height":"315.7px","nomeInstancia":"MovieClips/transicao_18_1","classe":"transicao_18_1","nome":"eli04_03_18_1"}]},{"desenhos":[{"tipo":"img","x":"563.45px","y":"402.25px","width":"293.75px","height":"43.1px","nomeInstancia":"MovieClips/textConvertido_19_0","classe":"textConvertido_19_0","nome":"eli04_03_19_0"},{"tipo":"img","x":"563.45px","y":"312.75px","width":"278.15px","height":"63.65px","nomeInstancia":"MovieClips/textConvertido_18_0","classe":"textConvertido_18_0","nome":"eli04_03_18_0"},{"tipo":"img","x":"147.35px","y":"216.7px","width":"313.95px","height":"315.7px","nomeInstancia":"MovieClips/transicao_18_1","classe":"transicao_18_1","nome":"eli04_03_18_1"}]},{"desenhos":[{"tipo":"img","x":"218.2px","y":"147.4px","width":"736.75px","height":"396.85px","nomeInstancia":"MovieClips/dragDrop_opcoes_dgOpc","classe":"dragDrop_opcoes_dgOpc","nome":"eli04_03_20_0"},{"tipo":"img","x":"71.25px","y":"294.3px","width":"284.55px","height":"84.2px","nomeInstancia":"MovieClips/textConvertido_20_1","classe":"textConvertido_20_1","nome":"eli04_03_20_1"},{"tipo":"img","x":"71.25px","y":"177.8px","width":"214.45px","height":"91.7px","nomeInstancia":"MovieClips/transicao_20_2","classe":"transicao_20_2","nome":"eli04_03_20_2"}]}]}