{"licao":"eli04_04","topico":"04","telas":[{"desenhos":[{"tipo":"img","x":"76px","y":"246.15px","width":"426px","height":"43.1px","nomeInstancia":"MovieClips/textConvertido_1_0","classe":"textConvertido_1_0","nome":"eli04_04_1_0"},{"tipo":"img","x":"531.95px","y":"213.75px","width":"397.8px","height":"313.2px","nomeInstancia":"MovieClips/transicao_1_1","classe":"transicao_1_1","nome":"eli04_04_1_1"}]},{"desenhos":[{"tipo":"img","x":"76px","y":"299.25px","width":"426px","height":"104.75px","nomeInstancia":"MovieClips/textConvertido_2_0","classe":"textConvertido_2_0","nome":"eli04_04_2_0"},{"tipo":"img","x":"76px","y":"246.15px","width":"426px","height":"43.1px","nomeInstancia":"MovieClips/textConvertido_1_0","classe":"textConvertido_1_0","nome":"eli04_04_1_0"},{"tipo":"img","x":"531.95px","y":"213.75px","width":"397.8px","height":"313.2px","nomeInstancia":"MovieClips/transicao_1_1","classe":"transicao_1_1","nome":"eli04_04_1_1"}]},{"desenhos":[{"tipo":"img","x":"76px","y":"414px","width":"426px","height":"84.2px","nomeInstancia":"MovieClips/textConvertido_3_0","classe":"textConvertido_3_0","nome":"eli04_04_3_0"},{"tipo":"img","x":"76px","y":"299.25px","width":"426px","height":"104.75px","nomeInstancia":"MovieClips/textConvertido_2_0","classe":"textConvertido_2_0","nome":"eli04_04_2_0"},{"tipo":"img","x":"76px","y":"246.15px","width":"426px","height":"43.1px","nomeInstancia":"MovieClips/textConvertido_1_0","classe":"textConvertido_1_0","nome":"eli04_04_1_0"},{"tipo":"img","x":"531.95px","y":"213.75px","width":"397.8px","height":"313.2px","nomeInstancia":"MovieClips/transicao_1_1","classe":"transicao_1_1","nome":"eli04_04_1_1"}]},{"desenhos":[{"tipo":"img","x":"534.35px","y":"303.4px","width":"366.6px","height":"63.65px","nomeInstancia":"MovieClips/textConvertido_4_0","classe":"textConvertido_4_0","nome":"eli04_04_4_0"},{"tipo":"img","x":"67.95px","y":"206.5px","width":"397.8px","height":"313.2px","nomeInstancia":"MovieClips/transicao_4_1","classe":"transicao_4_1","nome":"eli04_04_4_1"}]},{"desenhos":[{"tipo":"img","x":"534.35px","y":"390.6px","width":"393.6px","height":"63.65px","nomeInstancia":"MovieClips/textConvertido_5_0","classe":"textConvertido_5_0","nome":"eli04_04_5_0"},{"tipo":"img","x":"534.35px","y":"303.4px","width":"366.6px","height":"63.65px","nomeInstancia":"MovieClips/textConvertido_4_0","classe":"textConvertido_4_0","nome":"eli04_04_4_0"},{"tipo":"img","x":"67.95px","y":"206.5px","width":"397.8px","height":"313.2px","nomeInstancia":"MovieClips/transicao_4_1","classe":"transicao_4_1","nome":"eli04_04_4_1"}]},{"desenhos":[{"tipo":"img","x":"92.65px","y":"291.95px","width":"353.65px","height":"63.65px","nomeInstancia":"MovieClips/textConvertido_6_0","classe":"textConvertido_6_0","nome":"eli04_04_6_0"},{"tipo":"img","x":"517.8px","y":"198.75px","width":"443.55px","height":"323.95px","nomeInstancia":"MovieClips/transicao_6_1","classe":"transicao_6_1","nome":"eli04_04_6_1"}]},{"desenhos":[{"tipo":"img","x":"92.65px","y":"384.35px","width":"347.45px","height":"63.65px","nomeInstancia":"MovieClips/textConvertido_7_0","classe":"textConvertido_7_0","nome":"eli04_04_7_0"},{"tipo":"img","x":"92.65px","y":"291.95px","width":"353.65px","height":"63.65px","nomeInstancia":"MovieClips/textConvertido_6_0","classe":"textConvertido_6_0","nome":"eli04_04_6_0"},{"tipo":"img","x":"517.8px","y":"198.75px","width":"443.55px","height":"323.95px","nomeInstancia":"MovieClips/transicao_6_1","classe":"transicao_6_1","nome":"eli04_04_6_1"}]},{"desenhos":[{"tipo":"img","x":"595.7px","y":"336.65px","width":"245.9px","height":"43.1px","nomeInstancia":"MovieClips/textConvertido_8_0","classe":"textConvertido_8_0","nome":"eli04_04_8_0"},{"tipo":"img","x":"138.2px","y":"202.7px","width":"349.7px","height":"349.85px","nomeInstancia":"MovieClips/transicao_8_1","classe":"transicao_8_1","nome":"eli04_04_8_1"}]},{"desenhos":[{"tipo":"img","x":"76px","y":"217.05px","width":"357.85px","height":"22.55px","nomeInstancia":"MovieClips/textConvertido_9_1","classe":"textConvertido_9_1","nome":"eli04_04_9_0"},{"tipo":"img","x":"76px","y":"263.2px","width":"350.55px","height":"63.65px","nomeInstancia":"MovieClips/textConvertido_9_0","classe":"textConvertido_9_0","nome":"eli04_04_9_1"},{"tipo":"img","x":"503.1px","y":"239.6px","width":"472.9px","height":"246.95px","nomeInstancia":"MovieClips/transicao_9_2","classe":"transicao_9_2","nome":"eli04_04_9_2"}]},{"desenhos":[{"tipo":"img","x":"76px","y":"342.65px","width":"371.35px","height":"63.65px","nomeInstancia":"MovieClips/textConvertido_10_0","classe":"textConvertido_10_0","nome":"eli04_04_10_0"},{"tipo":"img","x":"76px","y":"217.05px","width":"357.85px","height":"22.55px","nomeInstancia":"MovieClips/textConvertido_9_1","classe":"textConvertido_9_1","nome":"eli04_04_9_0"},{"tipo":"img","x":"76px","y":"263.2px","width":"350.55px","height":"63.65px","nomeInstancia":"MovieClips/textConvertido_9_0","classe":"textConvertido_9_0","nome":"eli04_04_9_1"},{"tipo":"img","x":"503.1px","y":"239.6px","width":"472.9px","height":"246.95px","nomeInstancia":"MovieClips/transicao_9_2","classe":"transicao_9_2","nome":"eli04_04_9_2"}]},{"desenhos":[{"tipo":"img","x":"76px","y":"422.1px","width":"368.25px","height":"84.2px","nomeInstancia":"MovieClips/textConvertido_11_0","classe":"textConvertido_11_0","nome":"eli04_04_11_0"},{"tipo":"img","x":"76px","y":"342.65px","width":"371.35px","height":"63.65px","nomeInstancia":"MovieClips/textConvertido_10_0","classe":"textConvertido_10_0","nome":"eli04_04_10_0"},{"tipo":"img","x":"76px","y":"217.05px","width":"357.85px","height":"22.55px","nomeInstancia":"MovieClips/textConvertido_9_1","classe":"textConvertido_9_1","nome":"eli04_04_9_0"},{"tipo":"img","x":"76px","y":"263.2px","width":"350.55px","height":"63.65px","nomeInstancia":"MovieClips/textConvertido_9_0","classe":"textConvertido_9_0","nome":"eli04_04_9_1"},{"tipo":"img","x":"503.1px","y":"239.6px","width":"472.9px","height":"246.95px","nomeInstancia":"MovieClips/transicao_9_2","classe":"transicao_9_2","nome":"eli04_04_9_2"}]},{"desenhos":[{"tipo":"img","x":"564.55px","y":"251.65px","width":"334.3px","height":"63.65px","nomeInstancia":"MovieClips/textConvertido_12_0","classe":"textConvertido_12_0","nome":"eli04_04_12_0"},{"tipo":"img","x":"43px","y":"251.65px","width":"472.9px","height":"246.95px","nomeInstancia":"MovieClips/transicao_12_1","classe":"transicao_12_1","nome":"eli04_04_12_1"}]},{"desenhos":[{"tipo":"img","x":"564.55px","y":"332.55px","width":"367.6px","height":"63.65px","nomeInstancia":"MovieClips/textConvertido_13_0","classe":"textConvertido_13_0","nome":"eli04_04_13_0"},{"tipo":"img","x":"564.55px","y":"251.65px","width":"334.3px","height":"63.65px","nomeInstancia":"MovieClips/textConvertido_12_0","classe":"textConvertido_12_0","nome":"eli04_04_12_0"},{"tipo":"img","x":"43px","y":"251.65px","width":"472.9px","height":"246.95px","nomeInstancia":"MovieClips/transicao_12_1","classe":"transicao_12_1","nome":"eli04_04_12_1"}]},{"desenhos":[{"tipo":"img","x":"564.55px","y":"413.45px","width":"380.05px","height":"84.2px","nomeInstancia":"MovieClips/textConvertido_14_0","classe":"textConvertido_14_0","nome":"eli04_04_14_0"},{"tipo":"img","x":"564.55px","y":"332.55px","width":"367.6px","height":"63.65px","nomeInstancia":"MovieClips/textConvertido_13_0","classe":"textConvertido_13_0","nome":"eli04_04_13_0"},{"tipo":"img","x":"564.55px","y":"251.65px","width":"334.3px","height":"63.65px","nomeInstancia":"MovieClips/textConvertido_12_0","classe":"textConvertido_12_0","nome":"eli04_04_12_0"},{"tipo":"img","x":"43px","y":"251.65px","width":"472.9px","height":"246.95px","nomeInstancia":"MovieClips/transicao_12_1","classe":"transicao_12_1","nome":"eli04_04_12_1"}]},{"desenhos":[{"tipo":"img","x":"76px","y":"231.6px","width":"426px","height":"186.95px","nomeInstancia":"MovieClips/textConvertido_15_0","classe":"textConvertido_15_0","nome":"eli04_04_15_0"},{"tipo":"img","x":"568.75px","y":"231.6px","width":"327.75px","height":"282.35px","nomeInstancia":"MovieClips/transicao_15_1","classe":"transicao_15_1","nome":"eli04_04_15_1"}]},{"desenhos":[{"tipo":"img","x":"76px","y":"440px","width":"426px","height":"43.1px","nomeInstancia":"MovieClips/textConvertido_16_0","classe":"textConvertido_16_0","nome":"eli04_04_16_0"},{"tipo":"img","x":"76px","y":"231.6px","width":"426px","height":"186.95px","nomeInstancia":"MovieClips/textConvertido_15_0","classe":"textConvertido_15_0","nome":"eli04_04_15_0"},{"tipo":"img","x":"568.75px","y":"231.6px","width":"327.75px","height":"282.35px","nomeInstancia":"MovieClips/transicao_15_1","classe":"transicao_15_1","nome":"eli04_04_15_1"}]},{"desenhos":[{"tipo":"img","x":"500px","y":"247.2px","width":"426px","height":"22.55px","nomeInstancia":"MovieClips/textConvertido_17_1","classe":"textConvertido_17_1","nome":"eli04_04_17_0"},{"tipo":"img","x":"500px","y":"291.2px","width":"426px","height":"63.65px","nomeInstancia":"MovieClips/textConvertido_17_0","classe":"textConvertido_17_0","nome":"eli04_04_17_1"},{"tipo":"img","x":"107.9px","y":"210.55px","width":"286.75px","height":"313.35px","nomeInstancia":"MovieClips/transicao_17_2","classe":"transicao_17_2","nome":"eli04_04_17_2"}]},{"desenhos":[{"tipo":"img","x":"500px","y":"371.6px","width":"426px","height":"43.1px","nomeInstancia":"MovieClips/textConvertido_18_0","classe":"textConvertido_18_0","nome":"eli04_04_18_0"},{"tipo":"img","x":"500px","y":"247.2px","width":"426px","height":"22.55px","nomeInstancia":"MovieClips/textConvertido_17_1","classe":"textConvertido_17_1","nome":"eli04_04_17_0"},{"tipo":"img","x":"500px","y":"291.2px","width":"426px","height":"63.65px","nomeInstancia":"MovieClips/textConvertido_17_0","classe":"textConvertido_17_0","nome":"eli04_04_17_1"},{"tipo":"img","x":"107.9px","y":"210.55px","width":"286.75px","height":"313.35px","nomeInstancia":"MovieClips/transicao_17_2","classe":"transicao_17_2","nome":"eli04_04_17_2"}]},{"desenhos":[{"tipo":"img","x":"500px","y":"431.45px","width":"426px","height":"63.65px","nomeInstancia":"MovieClips/textConvertido_19_0","classe":"textConvertido_19_0","nome":"eli04_04_19_0"},{"tipo":"img","x":"500px","y":"371.6px","width":"426px","height":"43.1px","nomeInstancia":"MovieClips/textConvertido_18_0","classe":"textConvertido_18_0","nome":"eli04_04_18_0"},{"tipo":"img","x":"500px","y":"247.2px","width":"426px","height":"22.55px","nomeInstancia":"MovieClips/textConvertido_17_1","classe":"textConvertido_17_1","nome":"eli04_04_17_0"},{"tipo":"img","x":"500px","y":"291.2px","width":"426px","height":"63.65px","nomeInstancia":"MovieClips/textConvertido_17_0","classe":"textConvertido_17_0","nome":"eli04_04_17_1"},{"tipo":"img","x":"107.9px","y":"210.55px","width":"286.75px","height":"313.35px","nomeInstancia":"MovieClips/transicao_17_2","classe":"transicao_17_2","nome":"eli04_04_17_2"}]},{"desenhos":[{"tipo":"img","x":"63.55px","y":"237.9px","width":"465px","height":"104.75px","nomeInstancia":"MovieClips/textConvertido_20_0","classe":"textConvertido_20_0","nome":"eli04_04_20_0"},{"tipo":"img","x":"592.15px","y":"315.5px","width":"40.2px","height":"118.5px","nomeInstancia":"MovieClips/transicao_20_12","classe":"transicao_20_12","nome":"eli04_04_20_1"},{"tipo":"img","x":"661.6px","y":"315.5px","width":"64.1px","height":"115.85px","nomeInstancia":"MovieClips/transicao_20_11","classe":"transicao_20_11","nome":"eli04_04_20_2"},{"tipo":"img","x":"740.2px","y":"315.5px","width":"63.8px","height":"120.35px","nomeInstancia":"MovieClips/transicao_20_10","classe":"transicao_20_10","nome":"eli04_04_20_3"},{"tipo":"img","x":"702.85px","y":"1293.45px","width":"73.45px","height":"132.25px","nomeInstancia":"MovieClips/transicao_20_9","classe":"transicao_20_9","nome":"eli04_04_20_4"},{"tipo":"img","x":"707.35px","y":"1795.6px","width":"64.4px","height":"129px","nomeInstancia":"MovieClips/transicao_20_8","classe":"transicao_20_8","nome":"eli04_04_20_5"},{"tipo":"img","x":"456.35px","y":"2390.95px","width":"566.45px","height":"137.45px","nomeInstancia":"MovieClips/transicao_20_7","classe":"transicao_20_7","nome":"eli04_04_20_6"},{"tipo":"img","x":"401.15px","y":"3095.3px","width":"676.8px","height":"130.2px","nomeInstancia":"MovieClips/transicao_20_6","classe":"transicao_20_6","nome":"eli04_04_20_7"},{"tipo":"img","x":"443.1px","y":"3895.1px","width":"592.95px","height":"130.2px","nomeInstancia":"MovieClips/transicao_20_5","classe":"transicao_20_5","nome":"eli04_04_20_8"},{"tipo":"img","x":"455.6px","y":"4794.95px","width":"567.9px","height":"130.2px","nomeInstancia":"MovieClips/transicao_20_4","classe":"transicao_20_4","nome":"eli04_04_20_9"},{"tipo":"img","x":"443.4px","y":"5794.95px","width":"592.3px","height":"130.2px","nomeInstancia":"MovieClips/transicao_20_3","classe":"transicao_20_3","nome":"eli04_04_20_10"},{"tipo":"img","x":"819.9px","y":"315.5px","width":"65.3px","height":"117.55px","nomeInstancia":"MovieClips/transicao_20_2","classe":"transicao_20_2","nome":"eli04_04_20_11"},{"tipo":"img","x":"901.35px","y":"315.5px","width":"57.25px","height":"114.65px","nomeInstancia":"MovieClips/transicao_20_1","classe":"transicao_20_1","nome":"eli04_04_20_12"}]},{"desenhos":[{"tipo":"img","x":"63.55px","y":"365.9px","width":"438.95px","height":"63.65px","nomeInstancia":"MovieClips/textConvertido_21_0","classe":"textConvertido_21_0","nome":"eli04_04_21_0"},{"tipo":"img","x":"63.55px","y":"237.9px","width":"465px","height":"104.75px","nomeInstancia":"MovieClips/textConvertido_20_0","classe":"textConvertido_20_0","nome":"eli04_04_20_0"},{"tipo":"img","x":"592.15px","y":"315.5px","width":"40.2px","height":"118.5px","nomeInstancia":"MovieClips/transicao_20_12","classe":"transicao_20_12","nome":"eli04_04_20_1"},{"tipo":"img","x":"661.6px","y":"315.5px","width":"64.1px","height":"115.85px","nomeInstancia":"MovieClips/transicao_20_11","classe":"transicao_20_11","nome":"eli04_04_20_2"},{"tipo":"img","x":"740.2px","y":"315.5px","width":"63.8px","height":"120.35px","nomeInstancia":"MovieClips/transicao_20_10","classe":"transicao_20_10","nome":"eli04_04_20_3"},{"tipo":"img","x":"702.85px","y":"1293.45px","width":"73.45px","height":"132.25px","nomeInstancia":"MovieClips/transicao_20_9","classe":"transicao_20_9","nome":"eli04_04_20_4"},{"tipo":"img","x":"707.35px","y":"1795.6px","width":"64.4px","height":"129px","nomeInstancia":"MovieClips/transicao_20_8","classe":"transicao_20_8","nome":"eli04_04_20_5"},{"tipo":"img","x":"456.35px","y":"2390.95px","width":"566.45px","height":"137.45px","nomeInstancia":"MovieClips/transicao_20_7","classe":"transicao_20_7","nome":"eli04_04_20_6"},{"tipo":"img","x":"401.15px","y":"3095.3px","width":"676.8px","height":"130.2px","nomeInstancia":"MovieClips/transicao_20_6","classe":"transicao_20_6","nome":"eli04_04_20_7"},{"tipo":"img","x":"443.1px","y":"3895.1px","width":"592.95px","height":"130.2px","nomeInstancia":"MovieClips/transicao_20_5","classe":"transicao_20_5","nome":"eli04_04_20_8"},{"tipo":"img","x":"455.6px","y":"4794.95px","width":"567.9px","height":"130.2px","nomeInstancia":"MovieClips/transicao_20_4","classe":"transicao_20_4","nome":"eli04_04_20_9"},{"tipo":"img","x":"443.4px","y":"5794.95px","width":"592.3px","height":"130.2px","nomeInstancia":"MovieClips/transicao_20_3","classe":"transicao_20_3","nome":"eli04_04_20_10"},{"tipo":"img","x":"819.9px","y":"315.5px","width":"65.3px","height":"117.55px","nomeInstancia":"MovieClips/transicao_20_2","classe":"transicao_20_2","nome":"eli04_04_20_11"},{"tipo":"img","x":"901.35px","y":"315.5px","width":"57.25px","height":"114.65px","nomeInstancia":"MovieClips/transicao_20_1","classe":"transicao_20_1","nome":"eli04_04_20_12"}]},{"desenhos":[{"tipo":"img","x":"166.4px","y":"141.25px","width":"801.95px","height":"402.2px","nomeInstancia":"MovieClips/telaInfo22","classe":"telaInfo22","nome":"eli04_04_22_0"},{"tipo":"img","x":"63.55px","y":"452.8px","width":"440px","height":"43.1px","nomeInstancia":"MovieClips/textConvertido_22_1","classe":"textConvertido_22_1","nome":"eli04_04_22_1"},{"tipo":"img","x":"63.55px","y":"365.9px","width":"438.95px","height":"63.65px","nomeInstancia":"MovieClips/textConvertido_21_0","classe":"textConvertido_21_0","nome":"eli04_04_21_0"},{"tipo":"img","x":"63.55px","y":"237.9px","width":"465px","height":"104.75px","nomeInstancia":"MovieClips/textConvertido_20_0","classe":"textConvertido_20_0","nome":"eli04_04_20_0"},{"tipo":"img","x":"592.15px","y":"315.5px","width":"40.2px","height":"118.5px","nomeInstancia":"MovieClips/transicao_20_12","classe":"transicao_20_12","nome":"eli04_04_20_1"},{"tipo":"img","x":"661.6px","y":"315.5px","width":"64.1px","height":"115.85px","nomeInstancia":"MovieClips/transicao_20_11","classe":"transicao_20_11","nome":"eli04_04_20_2"},{"tipo":"img","x":"740.2px","y":"315.5px","width":"63.8px","height":"120.35px","nomeInstancia":"MovieClips/transicao_20_10","classe":"transicao_20_10","nome":"eli04_04_20_3"},{"tipo":"img","x":"702.85px","y":"1293.45px","width":"73.45px","height":"132.25px","nomeInstancia":"MovieClips/transicao_20_9","classe":"transicao_20_9","nome":"eli04_04_20_4"},{"tipo":"img","x":"707.35px","y":"1795.6px","width":"64.4px","height":"129px","nomeInstancia":"MovieClips/transicao_20_8","classe":"transicao_20_8","nome":"eli04_04_20_5"},{"tipo":"img","x":"456.35px","y":"2390.95px","width":"566.45px","height":"137.45px","nomeInstancia":"MovieClips/transicao_20_7","classe":"transicao_20_7","nome":"eli04_04_20_6"},{"tipo":"img","x":"401.15px","y":"3095.3px","width":"676.8px","height":"130.2px","nomeInstancia":"MovieClips/transicao_20_6","classe":"transicao_20_6","nome":"eli04_04_20_7"},{"tipo":"img","x":"443.1px","y":"3895.1px","width":"592.95px","height":"130.2px","nomeInstancia":"MovieClips/transicao_20_5","classe":"transicao_20_5","nome":"eli04_04_20_8"},{"tipo":"img","x":"455.6px","y":"4794.95px","width":"567.9px","height":"130.2px","nomeInstancia":"MovieClips/transicao_20_4","classe":"transicao_20_4","nome":"eli04_04_20_9"},{"tipo":"img","x":"443.4px","y":"5794.95px","width":"592.3px","height":"130.2px","nomeInstancia":"MovieClips/transicao_20_3","classe":"transicao_20_3","nome":"eli04_04_20_10"},{"tipo":"img","x":"819.9px","y":"315.5px","width":"65.3px","height":"117.55px","nomeInstancia":"MovieClips/transicao_20_2","classe":"transicao_20_2","nome":"eli04_04_20_11"},{"tipo":"img","x":"901.35px","y":"315.5px","width":"57.25px","height":"114.65px","nomeInstancia":"MovieClips/transicao_20_1","classe":"transicao_20_1","nome":"eli04_04_20_12"}]},{"desenhos":[{"tipo":"img","x":"45px","y":"211.3px","width":"903.9px","height":"386.35px","nomeInstancia":"MovieClips/opcoes23","classe":"opcoes23","nome":"eli04_04_23_0"},{"tipo":"img","x":"45px","y":"229.95px","width":"916.4px","height":"329.55px","nomeInstancia":"MovieClips/textConvertido_23_1","classe":"textConvertido_23_1","nome":"eli04_04_23_1"},{"tipo":"img","x":"45px","y":"119.6px","width":"214.45px","height":"91.7px","nomeInstancia":"MovieClips/transicao_23_3","classe":"transicao_23_3","nome":"eli04_04_23_2"},{"tipo":"img","x":"298.85px","y":"168.2px","width":"574.15px","height":"43.1px","nomeInstancia":"MovieClips/textConvertido_23_2","classe":"textConvertido_23_2","nome":"eli04_04_23_3"}]},{"desenhos":[{"tipo":"img","x":"161.35px","y":"193.75px","width":"510.75px","height":"101.1px","nomeInstancia":"MovieClips/transicao_24_0","classe":"transicao_24_0","nome":"eli04_04_24_0"},{"tipo":"img","x":"38.55px","y":"120.3px","width":"190.6px","height":"83.85px","nomeInstancia":"MovieClips/transicao_24_2","classe":"transicao_24_2","nome":"eli04_04_24_1"},{"nome":"eli04_04_24_2","tipo":"personagem","x":"0px","y":"0px","width":"1016px","height":"659px","nomeInstancia":"MovieClips/animaP24","classe":"animaP24"}]},{"desenhos":[{"tipo":"img","x":"161.35px","y":"290.65px","width":"464.9px","height":"108.05px","nomeInstancia":"MovieClips/transicao_25_0","classe":"transicao_25_0","nome":"eli04_04_25_0"},{"tipo":"img","x":"161.35px","y":"193.75px","width":"510.75px","height":"101.1px","nomeInstancia":"MovieClips/transicao_24_0","classe":"transicao_24_0","nome":"eli04_04_24_0"},{"tipo":"img","x":"38.55px","y":"120.3px","width":"190.6px","height":"83.85px","nomeInstancia":"MovieClips/transicao_24_2","classe":"transicao_24_2","nome":"eli04_04_24_1"},{"nome":"eli04_04_24_2","tipo":"personagem","x":"0px","y":"0px","width":"1016px","height":"659px","nomeInstancia":"MovieClips/animaP24","classe":"animaP24"}]},{"desenhos":[{"tipo":"img","x":"122.85px","y":"393.45px","width":"503.4px","height":"113.5px","nomeInstancia":"MovieClips/transicao_26_0","classe":"transicao_26_0","nome":"eli04_04_26_0"},{"tipo":"img","x":"161.35px","y":"290.65px","width":"464.9px","height":"108.05px","nomeInstancia":"MovieClips/transicao_25_0","classe":"transicao_25_0","nome":"eli04_04_25_0"},{"tipo":"img","x":"161.35px","y":"193.75px","width":"510.75px","height":"101.1px","nomeInstancia":"MovieClips/transicao_24_0","classe":"transicao_24_0","nome":"eli04_04_24_0"},{"tipo":"img","x":"38.55px","y":"120.3px","width":"190.6px","height":"83.85px","nomeInstancia":"MovieClips/transicao_24_2","classe":"transicao_24_2","nome":"eli04_04_24_1"},{"nome":"eli04_04_24_2","tipo":"personagem","x":"0px","y":"0px","width":"1016px","height":"659px","nomeInstancia":"MovieClips/animaP24","classe":"animaP24"}]},{"desenhos":[{"tipo":"img","x":"272.2px","y":"122.3px","width":"471.6px","height":"475px","nomeInstancia":"MovieClips/transicao_27_0","classe":"transicao_27_0","nome":"eli04_04_27_0"}]}]}