{"licao":"wbteba","telas":[{"desenhos":[{"tipo":"img","x":"321.15px","y":"238.85px","width":"373.7px","height":"242.35px","nomeInstancia":"MovieClips/Symbol 1 copy","classe":"Symbol 1 copy","nome":"wbteba_1_0"}]},{"desenhos":[{"tipo":"img","x":"283.95px","y":"168.4px","width":"448.15px","height":"322.65px","nomeInstancia":"MovieClips/shapeConvertido_2_0","classe":"shapeConvertido_2_0","nome":"wbteba_2_0"}]},{"desenhos":[{"tipo":"img","x":"65px","y":"134.05px","width":"921.95px","height":"471.95px","nomeInstancia":"MovieClips/Symbol 2","classe":"Symbol 2","nome":"wbteba_3_0"}]},{"desenhos":[{"tipo":"img","x":"141.45px","y":"181.8px","width":"761.15px","height":"381.45px","nomeInstancia":"MovieClips/topicos","classe":"topicos","nome":"wbteba_4_0"}]},{"desenhos":[{"tipo":"img","x":"256.6px","y":"255.25px","width":"533px","height":"317.7px","nomeInstancia":"MovieClips/encerramento","classe":"encerramento","nome":"wbteba_5_0"}]},{"desenhos":[{"tipo":"img","x":"0px","y":"0px","width":"1016px","height":"659px","nomeInstancia":"MovieClips/Símbolo 13","classe":"Símbolo 13","nome":"wbteba_6_0"}]},{"desenhos":[{"tipo":"img","x":"321.6px","y":"280.65px","width":"372.8px","height":"140.05px","nomeInstancia":"MovieClips/Símbolo 44","classe":"Símbolo 44","nome":"wbteba_7_0"}]}]}