{"licao":"eba05_03","topico":"03","telas":[{"desenhos":[{"tipo":"img","x":"397.65px","y":"267.1px","width":"422.8px","height":"69.45px","nomeInstancia":"transicao_1_0","classe":"transicao_1_0","nome":"eba05_03_1_0"},{"nome":"eba05_03_1_1","tipo":"personagem","x":"0px","y":"0px","width":"1016px","height":"659px","nomeInstancia":"MovieClips/animaP1","classe":"animaP1"}]},{"desenhos":[{"tipo":"img","x":"444.35px","y":"330.6px","width":"424.15px","height":"111.25px","nomeInstancia":"transicao_2_0","classe":"transicao_2_0","nome":"eba05_03_2_0"},{"tipo":"img","x":"397.65px","y":"267.1px","width":"422.8px","height":"69.45px","nomeInstancia":"transicao_1_0","classe":"transicao_1_0","nome":"eba05_03_1_0"},{"nome":"eba05_03_1_1","tipo":"personagem","x":"0px","y":"0px","width":"1016px","height":"659px","nomeInstancia":"MovieClips/animaP1","classe":"animaP1"}]},{"desenhos":[{"tipo":"img","x":"443.5px","y":"435.1px","width":"252.35px","height":"66px","nomeInstancia":"transicao_3_0","classe":"transicao_3_0","nome":"eba05_03_3_0"},{"tipo":"img","x":"444.35px","y":"330.6px","width":"424.15px","height":"111.25px","nomeInstancia":"transicao_2_0","classe":"transicao_2_0","nome":"eba05_03_2_0"},{"tipo":"img","x":"397.65px","y":"267.1px","width":"422.8px","height":"69.45px","nomeInstancia":"transicao_1_0","classe":"transicao_1_0","nome":"eba05_03_1_0"},{"nome":"eba05_03_1_1","tipo":"personagem","x":"0px","y":"0px","width":"1016px","height":"659px","nomeInstancia":"MovieClips/animaP1","classe":"animaP1"}]},{"desenhos":[{"tipo":"img","x":"211.8px","y":"202.5px","width":"592.4px","height":"22.55px","nomeInstancia":"textConvertido_4_0","classe":"textConvertido_4_0","nome":"eba05_03_4_0"},{"tipo":"img","x":"117.05px","y":"325.05px","width":"809.95px","height":"207.95px","nomeInstancia":"transicao_4_1","classe":"transicao_4_1","nome":"eba05_03_4_1"}]},{"desenhos":[{"tipo":"img","x":"133.3px","y":"241.7px","width":"809.95px","height":"291.3px","nomeInstancia":"MovieClips/telaInfo_miniNavegacao_5","classe":"telaInfo_miniNavegacao_5","nome":"eba05_03_5_0"},{"tipo":"img","x":"211.8px","y":"242.6px","width":"179.85px","height":"22.55px","nomeInstancia":"textConvertido_5_1","classe":"textConvertido_5_1","nome":"eba05_03_5_1"},{"tipo":"img","x":"211.8px","y":"202.5px","width":"592.4px","height":"22.55px","nomeInstancia":"textConvertido_4_0","classe":"textConvertido_4_0","nome":"eba05_03_4_0"}]},{"desenhos":[{"tipo":"img","x":"67.95px","y":"304.1px","width":"320.3px","height":"63.65px","nomeInstancia":"textConvertido_6_0","classe":"textConvertido_6_0","nome":"eba05_03_6_0"},{"tipo":"img","x":"419px","y":"318.45px","width":"538.4px","height":"124.4px","nomeInstancia":"transicao_6_1","classe":"transicao_6_1","nome":"eba05_03_6_1"}]},{"desenhos":[{"tipo":"img","x":"67.95px","y":"390.4px","width":"320.3px","height":"63.65px","nomeInstancia":"textConvertido_7_0","classe":"textConvertido_7_0","nome":"eba05_03_7_0"},{"tipo":"img","x":"67.95px","y":"304.1px","width":"320.3px","height":"63.65px","nomeInstancia":"textConvertido_6_0","classe":"textConvertido_6_0","nome":"eba05_03_6_0"},{"tipo":"img","x":"419px","y":"318.45px","width":"538.4px","height":"124.4px","nomeInstancia":"transicao_6_1","classe":"transicao_6_1","nome":"eba05_03_6_1"}]},{"desenhos":[{"tipo":"img","x":"640.4px","y":"286.8px","width":"320.3px","height":"43.1px","nomeInstancia":"textConvertido_8_0","classe":"textConvertido_8_0","nome":"eba05_03_8_0"},{"tipo":"img","x":"36.8px","y":"318.45px","width":"538.4px","height":"124.4px","nomeInstancia":"transicao_8_1","classe":"transicao_8_1","nome":"eba05_03_8_1"}]},{"desenhos":[{"tipo":"img","x":"640.4px","y":"352.95px","width":"320.3px","height":"43.1px","nomeInstancia":"textConvertido_9_0","classe":"textConvertido_9_0","nome":"eba05_03_9_0"},{"tipo":"img","x":"640.4px","y":"286.8px","width":"320.3px","height":"43.1px","nomeInstancia":"textConvertido_8_0","classe":"textConvertido_8_0","nome":"eba05_03_8_0"},{"tipo":"img","x":"36.8px","y":"318.45px","width":"538.4px","height":"124.4px","nomeInstancia":"transicao_8_1","classe":"transicao_8_1","nome":"eba05_03_8_1"}]},{"desenhos":[{"tipo":"img","x":"640.4px","y":"419.1px","width":"320.3px","height":"43.1px","nomeInstancia":"textConvertido_10_0","classe":"textConvertido_10_0","nome":"eba05_03_10_0"},{"tipo":"img","x":"640.4px","y":"352.95px","width":"320.3px","height":"43.1px","nomeInstancia":"textConvertido_9_0","classe":"textConvertido_9_0","nome":"eba05_03_9_0"},{"tipo":"img","x":"640.4px","y":"286.8px","width":"320.3px","height":"43.1px","nomeInstancia":"textConvertido_8_0","classe":"textConvertido_8_0","nome":"eba05_03_8_0"},{"tipo":"img","x":"36.8px","y":"318.45px","width":"538.4px","height":"124.4px","nomeInstancia":"transicao_8_1","classe":"transicao_8_1","nome":"eba05_03_8_1"}]},{"desenhos":[{"tipo":"img","x":"36.4px","y":"271.5px","width":"411.5px","height":"228.05px","nomeInstancia":"textConvertido_11_0","classe":"textConvertido_11_0","nome":"eba05_03_11_0"},{"tipo":"img","x":"447.95px","y":"314.1px","width":"538.4px","height":"124.4px","nomeInstancia":"transicao_11_1","classe":"transicao_11_1","nome":"eba05_03_11_1"}]},{"desenhos":[{"tipo":"img","x":"255.55px","y":"161.8px","width":"504.9px","height":"335.45px","nomeInstancia":"MovieClips/destaque_12","classe":"destaque_12","nome":"eba05_03_12_0"},{"tipo":"img","x":"36.4px","y":"271.5px","width":"411.5px","height":"228.05px","nomeInstancia":"textConvertido_11_0","classe":"textConvertido_11_0","nome":"eba05_03_11_0"},{"tipo":"img","x":"447.95px","y":"314.1px","width":"538.4px","height":"124.4px","nomeInstancia":"transicao_11_1","classe":"transicao_11_1","nome":"eba05_03_11_1"}]},{"desenhos":[{"tipo":"img","x":"383.5px","y":"206.15px","width":"380px","height":"52.75px","nomeInstancia":"transicao_13_0","classe":"transicao_13_0","nome":"eba05_03_13_0"},{"nome":"eba05_03_13_1","tipo":"personagem","x":"0px","y":"0px","width":"1016px","height":"659px","nomeInstancia":"MovieClips/animaP13","classe":"animaP13"}]},{"desenhos":[{"tipo":"img","x":"446.55px","y":"252.95px","width":"355.75px","height":"123.5px","nomeInstancia":"transicao_14_0","classe":"transicao_14_0","nome":"eba05_03_14_0"},{"tipo":"img","x":"383.5px","y":"206.15px","width":"380px","height":"52.75px","nomeInstancia":"transicao_13_0","classe":"transicao_13_0","nome":"eba05_03_13_0"},{"nome":"eba05_03_13_1","tipo":"personagem","x":"0px","y":"0px","width":"1016px","height":"659px","nomeInstancia":"MovieClips/animaP13","classe":"animaP13"}]},{"desenhos":[{"tipo":"img","x":"89.4px","y":"312.05px","width":"613.1px","height":"275.65px","nomeInstancia":"MovieClips/opcoes_15","classe":"opcoes_15","nome":"eba05_03_15_0"},{"tipo":"img","x":"89.4px","y":"267.7px","width":"824.25px","height":"263.7px","nomeInstancia":"textConvertido_15_1","classe":"textConvertido_15_1","nome":"eba05_03_15_1"},{"tipo":"img","x":"392.75px","y":"156.5px","width":"230.5px","height":"78.4px","nomeInstancia":"transicao_15_2","classe":"transicao_15_2","nome":"eba05_03_15_2"}]}]}