{"licao":"eba05_07","topico":"07","telas":[{"desenhos":[{"tipo":"img","x":"404.4px","y":"206.1px","width":"413.95px","height":"89.95px","nomeInstancia":"transicao_1_0","classe":"transicao_1_0","nome":"eba05_07_1_0"},{"tipo":"img","x":"60.75px","y":"160.1px","width":"130.05px","height":"56.3px","nomeInstancia":"transicao_1_2","classe":"transicao_1_2","nome":"eba05_07_1_1"},{"nome":"eba05_07_1_2","tipo":"personagem","x":"0px","y":"0px","width":"1016px","height":"659px","nomeInstancia":"animaP1","classe":"animaP1"}]},{"desenhos":[{"tipo":"img","x":"452.15px","y":"290.35px","width":"436.45px","height":"122.6px","nomeInstancia":"transicao_2_0","classe":"transicao_2_0","nome":"eba05_07_2_0"},{"tipo":"img","x":"404.4px","y":"206.1px","width":"413.95px","height":"89.95px","nomeInstancia":"transicao_1_0","classe":"transicao_1_0","nome":"eba05_07_1_0"},{"tipo":"img","x":"60.75px","y":"160.1px","width":"130.05px","height":"56.3px","nomeInstancia":"transicao_1_2","classe":"transicao_1_2","nome":"eba05_07_1_1"},{"nome":"eba05_07_1_2","tipo":"personagem","x":"0px","y":"0px","width":"1016px","height":"659px","nomeInstancia":"animaP1","classe":"animaP1"}]},{"desenhos":[{"tipo":"img","x":"452.15px","y":"406.7px","width":"461.1px","height":"128.25px","nomeInstancia":"transicao_3_0","classe":"transicao_3_0","nome":"eba05_07_3_0"},{"tipo":"img","x":"452.15px","y":"290.35px","width":"436.45px","height":"122.6px","nomeInstancia":"transicao_2_0","classe":"transicao_2_0","nome":"eba05_07_2_0"},{"tipo":"img","x":"404.4px","y":"206.1px","width":"413.95px","height":"89.95px","nomeInstancia":"transicao_1_0","classe":"transicao_1_0","nome":"eba05_07_1_0"},{"tipo":"img","x":"60.75px","y":"160.1px","width":"130.05px","height":"56.3px","nomeInstancia":"transicao_1_2","classe":"transicao_1_2","nome":"eba05_07_1_1"},{"nome":"eba05_07_1_2","tipo":"personagem","x":"0px","y":"0px","width":"1016px","height":"659px","nomeInstancia":"animaP1","classe":"animaP1"}]},{"desenhos":[{"tipo":"img","x":"283.95px","y":"174.5px","width":"525.65px","height":"310.05px","nomeInstancia":"transicao_4_0","classe":"transicao_4_0","nome":"eba05_07_4_0"}]}]}