{"licao":"eba05_01","topico":"01","telas":[{"desenhos":[{"tipo":"img","x":"399.15px","y":"222.65px","width":"427.6px","height":"90.2px","nomeInstancia":"transicao_1_0","classe":"transicao_1_0","nome":"eba05_01_1_0"},{"nome":"eba05_01_1_1","tipo":"personagem","x":"0px","y":"0px","width":"1016px","height":"659px","nomeInstancia":"animaP1","classe":"animaP1"}]},{"desenhos":[{"tipo":"img","x":"445.8px","y":"306.15px","width":"414.05px","height":"151.4px","nomeInstancia":"transicao_2_0","classe":"transicao_2_0","nome":"eba05_01_2_0"},{"tipo":"img","x":"399.15px","y":"222.65px","width":"427.6px","height":"90.2px","nomeInstancia":"transicao_1_0","classe":"transicao_1_0","nome":"eba05_01_1_0"},{"nome":"eba05_01_1_1","tipo":"personagem","x":"0px","y":"0px","width":"1016px","height":"659px","nomeInstancia":"animaP1","classe":"animaP1"}]},{"desenhos":[{"tipo":"img","x":"445.35px","y":"452.35px","width":"320.05px","height":"63.65px","nomeInstancia":"transicao_3_0","classe":"transicao_3_0","nome":"eba05_01_3_0"},{"tipo":"img","x":"445.8px","y":"306.15px","width":"414.05px","height":"151.4px","nomeInstancia":"transicao_2_0","classe":"transicao_2_0","nome":"eba05_01_2_0"},{"tipo":"img","x":"399.15px","y":"222.65px","width":"427.6px","height":"90.2px","nomeInstancia":"transicao_1_0","classe":"transicao_1_0","nome":"eba05_01_1_0"},{"nome":"eba05_01_1_1","tipo":"personagem","x":"0px","y":"0px","width":"1016px","height":"659px","nomeInstancia":"animaP1","classe":"animaP1"}]}]}