{"licao":"eba05_04","topico":"04","telas":[{"desenhos":[{"tipo":"img","x":"424px","y":"200.4px","width":"390.3px","height":"93.7px","nomeInstancia":"transicao_1_0","classe":"transicao_1_0","nome":"eba05_04_1_0"},{"nome":"eba05_04_1_1","tipo":"personagem","x":"0px","y":"0px","width":"1016px","height":"659px","nomeInstancia":"MovieClips/animaP1","classe":"animaP1"}]},{"desenhos":[{"tipo":"img","x":"470.6px","y":"288.4px","width":"398.45px","height":"124.45px","nomeInstancia":"transicao_2_0","classe":"transicao_2_0","nome":"eba05_04_2_0"},{"tipo":"img","x":"424px","y":"200.4px","width":"390.3px","height":"93.7px","nomeInstancia":"transicao_1_0","classe":"transicao_1_0","nome":"eba05_04_1_0"},{"nome":"eba05_04_1_1","tipo":"personagem","x":"0px","y":"0px","width":"1016px","height":"659px","nomeInstancia":"MovieClips/animaP1","classe":"animaP1"}]},{"desenhos":[{"tipo":"img","x":"220.25px","y":"210.9px","width":"394.35px","height":"70.4px","nomeInstancia":"transicao_3_0","classe":"transicao_3_0","nome":"eba05_04_3_0"},{"nome":"eba05_04_3_1","tipo":"personagem","x":"0px","y":"0px","width":"1016px","height":"659px","nomeInstancia":"MovieClips/animaP3","classe":"animaP3"}]},{"desenhos":[{"tipo":"img","x":"209.15px","y":"275.9px","width":"355.7px","height":"99px","nomeInstancia":"transicao_4_0","classe":"transicao_4_0","nome":"eba05_04_4_0"},{"tipo":"img","x":"220.25px","y":"210.9px","width":"394.35px","height":"70.4px","nomeInstancia":"transicao_3_0","classe":"transicao_3_0","nome":"eba05_04_3_0"},{"nome":"eba05_04_3_1","tipo":"personagem","x":"0px","y":"0px","width":"1016px","height":"659px","nomeInstancia":"MovieClips/animaP3","classe":"animaP3"}]},{"desenhos":[{"tipo":"img","x":"345.6px","y":"250.5px","width":"438.05px","height":"51px","nomeInstancia":"transicao_5_0","classe":"transicao_5_0","nome":"eba05_04_5_0"},{"nome":"eba05_04_5_1","tipo":"personagem","x":"0px","y":"0px","width":"1016px","height":"659px","nomeInstancia":"MovieClips/animaP5","classe":"animaP5"}]},{"desenhos":[{"tipo":"img","x":"418.95px","y":"295.05px","width":"435.45px","height":"166.95px","nomeInstancia":"transicao_6_0","classe":"transicao_6_0","nome":"eba05_04_6_0"},{"tipo":"img","x":"345.6px","y":"250.5px","width":"438.05px","height":"51px","nomeInstancia":"transicao_5_0","classe":"transicao_5_0","nome":"eba05_04_5_0"},{"nome":"eba05_04_5_1","tipo":"personagem","x":"0px","y":"0px","width":"1016px","height":"659px","nomeInstancia":"MovieClips/animaP5","classe":"animaP5"}]},{"desenhos":[{"tipo":"img","x":"76.45px","y":"314.65px","width":"275.4px","height":"84.2px","nomeInstancia":"MovieClips/textConvertido_7_0","classe":"textConvertido_7_0","nome":"eba05_04_7_0"},{"tipo":"img","x":"76.45px","y":"229.25px","width":"229.3px","height":"56.3px","nomeInstancia":"transicao_7_2","classe":"transicao_7_2","nome":"eba05_04_7_1"},{"tipo":"img","x":"401.7px","y":"297.4px","width":"556.9px","height":"118.45px","nomeInstancia":"transicao_7_1","classe":"transicao_7_1","nome":"eba05_04_7_2"}]},{"desenhos":[{"tipo":"img","x":"76.45px","y":"427.8px","width":"291.7px","height":"104.75px","nomeInstancia":"MovieClips/textConvertido_8_0","classe":"textConvertido_8_0","nome":"eba05_04_8_0"},{"tipo":"img","x":"76.45px","y":"314.65px","width":"275.4px","height":"84.2px","nomeInstancia":"MovieClips/textConvertido_7_0","classe":"textConvertido_7_0","nome":"eba05_04_7_0"},{"tipo":"img","x":"76.45px","y":"229.25px","width":"229.3px","height":"56.3px","nomeInstancia":"transicao_7_2","classe":"transicao_7_2","nome":"eba05_04_7_1"},{"tipo":"img","x":"401.7px","y":"297.4px","width":"556.9px","height":"118.45px","nomeInstancia":"transicao_7_1","classe":"transicao_7_1","nome":"eba05_04_7_2"}]},{"desenhos":[{"tipo":"img","x":"255.55px","y":"161.8px","width":"504.9px","height":"335.45px","nomeInstancia":"MovieClips/destaque_9","classe":"destaque_9","nome":"eba05_04_9_0"},{"tipo":"img","x":"76.45px","y":"427.8px","width":"291.7px","height":"104.75px","nomeInstancia":"MovieClips/textConvertido_8_0","classe":"textConvertido_8_0","nome":"eba05_04_8_0"},{"tipo":"img","x":"76.45px","y":"314.65px","width":"275.4px","height":"84.2px","nomeInstancia":"MovieClips/textConvertido_7_0","classe":"textConvertido_7_0","nome":"eba05_04_7_0"},{"tipo":"img","x":"76.45px","y":"229.25px","width":"229.3px","height":"56.3px","nomeInstancia":"transicao_7_2","classe":"transicao_7_2","nome":"eba05_04_7_1"},{"tipo":"img","x":"401.7px","y":"297.4px","width":"556.9px","height":"118.45px","nomeInstancia":"transicao_7_1","classe":"transicao_7_1","nome":"eba05_04_7_2"}]},{"desenhos":[{"tipo":"img","x":"660.75px","y":"221.05px","width":"264.35px","height":"63.65px","nomeInstancia":"MovieClips/textConvertido_10_0","classe":"textConvertido_10_0","nome":"eba05_04_10_0"},{"tipo":"img","x":"47.55px","y":"300.95px","width":"556.9px","height":"118.45px","nomeInstancia":"transicao_10_1","classe":"transicao_10_1","nome":"eba05_04_10_1"}]},{"desenhos":[{"tipo":"img","x":"660.75px","y":"306.95px","width":"300.35px","height":"84.2px","nomeInstancia":"MovieClips/textConvertido_11_0","classe":"textConvertido_11_0","nome":"eba05_04_11_0"},{"tipo":"img","x":"660.75px","y":"221.05px","width":"264.35px","height":"63.65px","nomeInstancia":"MovieClips/textConvertido_10_0","classe":"textConvertido_10_0","nome":"eba05_04_10_0"},{"tipo":"img","x":"47.55px","y":"300.95px","width":"556.9px","height":"118.45px","nomeInstancia":"transicao_10_1","classe":"transicao_10_1","nome":"eba05_04_10_1"}]},{"desenhos":[{"tipo":"img","x":"660.75px","y":"413.4px","width":"290.75px","height":"104.75px","nomeInstancia":"MovieClips/textConvertido_12_0","classe":"textConvertido_12_0","nome":"eba05_04_12_0"},{"tipo":"img","x":"660.75px","y":"306.95px","width":"300.35px","height":"84.2px","nomeInstancia":"MovieClips/textConvertido_11_0","classe":"textConvertido_11_0","nome":"eba05_04_11_0"},{"tipo":"img","x":"660.75px","y":"221.05px","width":"264.35px","height":"63.65px","nomeInstancia":"MovieClips/textConvertido_10_0","classe":"textConvertido_10_0","nome":"eba05_04_10_0"},{"tipo":"img","x":"47.55px","y":"300.95px","width":"556.9px","height":"118.45px","nomeInstancia":"transicao_10_1","classe":"transicao_10_1","nome":"eba05_04_10_1"}]},{"desenhos":[{"tipo":"img","x":"59.8px","y":"343.45px","width":"259.55px","height":"63.65px","nomeInstancia":"MovieClips/textConvertido_13_0","classe":"textConvertido_13_0","nome":"eba05_04_13_0"},{"tipo":"img","x":"59.8px","y":"263.25px","width":"270.65px","height":"56.3px","nomeInstancia":"transicao_13_2","classe":"transicao_13_2","nome":"eba05_04_13_1"},{"tipo":"img","x":"405.9px","y":"330.85px","width":"575.1px","height":"114.1px","nomeInstancia":"transicao_13_1","classe":"transicao_13_1","nome":"eba05_04_13_2"}]},{"desenhos":[{"tipo":"img","x":"59.8px","y":"429.35px","width":"300.35px","height":"22.55px","nomeInstancia":"MovieClips/textConvertido_14_0","classe":"textConvertido_14_0","nome":"eba05_04_14_0"},{"tipo":"img","x":"59.8px","y":"343.45px","width":"259.55px","height":"63.65px","nomeInstancia":"MovieClips/textConvertido_13_0","classe":"textConvertido_13_0","nome":"eba05_04_13_0"},{"tipo":"img","x":"59.8px","y":"263.25px","width":"270.65px","height":"56.3px","nomeInstancia":"transicao_13_2","classe":"transicao_13_2","nome":"eba05_04_13_1"},{"tipo":"img","x":"405.9px","y":"330.85px","width":"575.1px","height":"114.1px","nomeInstancia":"transicao_13_1","classe":"transicao_13_1","nome":"eba05_04_13_2"}]},{"desenhos":[{"tipo":"img","x":"632.85px","y":"264.6px","width":"322.95px","height":"63.65px","nomeInstancia":"MovieClips/textConvertido_15_0","classe":"textConvertido_15_0","nome":"eba05_04_15_0"},{"tipo":"img","x":"36.75px","y":"328.25px","width":"575.1px","height":"114.1px","nomeInstancia":"transicao_15_1","classe":"transicao_15_1","nome":"eba05_04_15_1"}]},{"desenhos":[{"tipo":"img","x":"632.85px","y":"350.35px","width":"341.2px","height":"63.65px","nomeInstancia":"MovieClips/textConvertido_16_0","classe":"textConvertido_16_0","nome":"eba05_04_16_0"},{"tipo":"img","x":"632.85px","y":"264.6px","width":"322.95px","height":"63.65px","nomeInstancia":"MovieClips/textConvertido_15_0","classe":"textConvertido_15_0","nome":"eba05_04_15_0"},{"tipo":"img","x":"36.75px","y":"328.25px","width":"575.1px","height":"114.1px","nomeInstancia":"transicao_15_1","classe":"transicao_15_1","nome":"eba05_04_15_1"}]},{"desenhos":[{"tipo":"img","x":"70.95px","y":"191.1px","width":"661.15px","height":"391.55px","nomeInstancia":"MovieClips/telaInfo171570210414411","classe":"telaInfo171570210414411","nome":"eba05_04_17_0"},{"tipo":"img","x":"632.85px","y":"436.1px","width":"314.25px","height":"63.65px","nomeInstancia":"MovieClips/textConvertido_17_1","classe":"textConvertido_17_1","nome":"eba05_04_17_1"},{"tipo":"img","x":"632.85px","y":"350.35px","width":"341.2px","height":"63.65px","nomeInstancia":"MovieClips/textConvertido_16_0","classe":"textConvertido_16_0","nome":"eba05_04_16_0"},{"tipo":"img","x":"632.85px","y":"264.6px","width":"322.95px","height":"63.65px","nomeInstancia":"MovieClips/textConvertido_15_0","classe":"textConvertido_15_0","nome":"eba05_04_15_0"},{"tipo":"img","x":"36.75px","y":"328.25px","width":"575.1px","height":"114.1px","nomeInstancia":"transicao_15_1","classe":"transicao_15_1","nome":"eba05_04_15_1"}]},{"desenhos":[{"tipo":"img","x":"49.25px","y":"281.9px","width":"322.95px","height":"84.2px","nomeInstancia":"MovieClips/textConvertido_18_0","classe":"textConvertido_18_0","nome":"eba05_04_18_0"},{"tipo":"img","x":"400.15px","y":"328.25px","width":"575.1px","height":"114.1px","nomeInstancia":"transicao_18_1","classe":"transicao_18_1","nome":"eba05_04_18_1"}]},{"desenhos":[{"tipo":"img","x":"49.25px","y":"387.85px","width":"314.25px","height":"104.75px","nomeInstancia":"MovieClips/textConvertido_19_0","classe":"textConvertido_19_0","nome":"eba05_04_19_0"},{"tipo":"img","x":"49.25px","y":"281.9px","width":"322.95px","height":"84.2px","nomeInstancia":"MovieClips/textConvertido_18_0","classe":"textConvertido_18_0","nome":"eba05_04_18_0"},{"tipo":"img","x":"400.15px","y":"328.25px","width":"575.1px","height":"114.1px","nomeInstancia":"transicao_18_1","classe":"transicao_18_1","nome":"eba05_04_18_1"}]},{"desenhos":[{"tipo":"img","x":"418.4px","y":"250.2px","width":"347.1px","height":"89.9px","nomeInstancia":"transicao_20_0","classe":"transicao_20_0","nome":"eba05_04_20_0"},{"nome":"eba05_04_20_1","tipo":"personagem","x":"0px","y":"0px","width":"1016px","height":"659px","nomeInstancia":"MovieClips/animaP20","classe":"animaP20"}]},{"desenhos":[{"tipo":"img","x":"464.8px","y":"335.35px","width":"355.75px","height":"124.5px","nomeInstancia":"transicao_21_0","classe":"transicao_21_0","nome":"eba05_04_21_0"},{"tipo":"img","x":"418.4px","y":"250.2px","width":"347.1px","height":"89.9px","nomeInstancia":"transicao_20_0","classe":"transicao_20_0","nome":"eba05_04_20_0"},{"nome":"eba05_04_20_1","tipo":"personagem","x":"0px","y":"0px","width":"1016px","height":"659px","nomeInstancia":"MovieClips/animaP20","classe":"animaP20"}]},{"desenhos":[{"tipo":"img","x":"102.9px","y":"145.65px","width":"440.65px","height":"200.35px","nomeInstancia":"MovieClips/hotWord41570210469742","classe":"hotWord41570210469742","nome":"eba05_04_22_0"},{"tipo":"img","x":"127.7px","y":"269.5px","width":"465.05px","height":"89.9px","nomeInstancia":"transicao_22_1","classe":"transicao_22_1","nome":"eba05_04_22_1"},{"nome":"eba05_04_22_2","tipo":"personagem","x":"0px","y":"0px","width":"1016px","height":"659px","nomeInstancia":"MovieClips/animaP22","classe":"animaP22"}]},{"desenhos":[{"tipo":"img","x":"102.9px","y":"145.65px","width":"440.65px","height":"200.35px","nomeInstancia":"MovieClips/hotWord41570210469742","classe":"hotWord41570210469742","nome":"eba05_04_22_0"},{"tipo":"img","x":"207.4px","y":"354.6px","width":"289.1px","height":"103.75px","nomeInstancia":"transicao_23_1","classe":"transicao_23_1","nome":"eba05_04_23_1"},{"tipo":"img","x":"127.7px","y":"269.5px","width":"465.05px","height":"89.9px","nomeInstancia":"transicao_22_1","classe":"transicao_22_1","nome":"eba05_04_22_1"},{"nome":"eba05_04_22_2","tipo":"personagem","x":"0px","y":"0px","width":"1016px","height":"659px","nomeInstancia":"MovieClips/animaP22","classe":"animaP22"}]},{"desenhos":[{"tipo":"img","x":"508.95px","y":"276.7px","width":"242.7px","height":"56.3px","nomeInstancia":"transicao_24_1","classe":"transicao_24_1","nome":"eba05_04_24_0"},{"tipo":"img","x":"508.95px","y":"366.5px","width":"397.35px","height":"63.65px","nomeInstancia":"MovieClips/textConvertido_24_0","classe":"textConvertido_24_0","nome":"eba05_04_24_1"},{"tipo":"img","x":"109px","y":"289.2px","width":"298.7px","height":"215.35px","nomeInstancia":"transicao_24_2","classe":"transicao_24_2","nome":"eba05_04_24_2"}]},{"desenhos":[{"tipo":"img","x":"508.95px","y":"442.8px","width":"402.15px","height":"22.55px","nomeInstancia":"MovieClips/textConvertido_25_0","classe":"textConvertido_25_0","nome":"eba05_04_25_0"},{"tipo":"img","x":"508.95px","y":"276.7px","width":"242.7px","height":"56.3px","nomeInstancia":"transicao_24_1","classe":"transicao_24_1","nome":"eba05_04_24_0"},{"tipo":"img","x":"508.95px","y":"366.5px","width":"397.35px","height":"63.65px","nomeInstancia":"MovieClips/textConvertido_24_0","classe":"textConvertido_24_0","nome":"eba05_04_24_1"},{"tipo":"img","x":"109px","y":"289.2px","width":"298.7px","height":"215.35px","nomeInstancia":"transicao_24_2","classe":"transicao_24_2","nome":"eba05_04_24_2"}]},{"desenhos":[{"tipo":"img","x":"126px","y":"298.2px","width":"294.4px","height":"63.65px","nomeInstancia":"MovieClips/textConvertido_26_0","classe":"textConvertido_26_0","nome":"eba05_04_26_0"},{"tipo":"img","x":"541.9px","y":"289.2px","width":"298.7px","height":"215.35px","nomeInstancia":"transicao_26_1","classe":"transicao_26_1","nome":"eba05_04_26_1"}]},{"desenhos":[{"tipo":"img","x":"283.95px","y":"191.1px","width":"675.8px","height":"391.65px","nomeInstancia":"MovieClips/telaInfo271570210513298","classe":"telaInfo271570210513298","nome":"eba05_04_27_0"},{"tipo":"img","x":"126px","y":"386.05px","width":"298.25px","height":"63.65px","nomeInstancia":"MovieClips/textConvertido_27_1","classe":"textConvertido_27_1","nome":"eba05_04_27_1"},{"tipo":"img","x":"126px","y":"298.2px","width":"294.4px","height":"63.65px","nomeInstancia":"MovieClips/textConvertido_26_0","classe":"textConvertido_26_0","nome":"eba05_04_26_0"},{"tipo":"img","x":"541.9px","y":"289.2px","width":"298.7px","height":"215.35px","nomeInstancia":"transicao_26_1","classe":"transicao_26_1","nome":"eba05_04_26_1"}]},{"desenhos":[{"tipo":"img","x":"531.35px","y":"311.7px","width":"371.25px","height":"63.65px","nomeInstancia":"MovieClips/textConvertido_28_0","classe":"textConvertido_28_0","nome":"eba05_04_28_0"},{"tipo":"img","x":"129.2px","y":"289.2px","width":"298.7px","height":"215.35px","nomeInstancia":"transicao_28_1","classe":"transicao_28_1","nome":"eba05_04_28_1"}]},{"desenhos":[{"tipo":"img","x":"283.95px","y":"191.1px","width":"662.95px","height":"385.1px","nomeInstancia":"MovieClips/telaInfo291570210536407","classe":"telaInfo291570210536407","nome":"eba05_04_29_0"},{"tipo":"img","x":"531.35px","y":"399.55px","width":"357.8px","height":"63.65px","nomeInstancia":"MovieClips/textConvertido_29_1","classe":"textConvertido_29_1","nome":"eba05_04_29_1"},{"tipo":"img","x":"531.35px","y":"311.7px","width":"371.25px","height":"63.65px","nomeInstancia":"MovieClips/textConvertido_28_0","classe":"textConvertido_28_0","nome":"eba05_04_28_0"},{"tipo":"img","x":"129.2px","y":"289.2px","width":"298.7px","height":"215.35px","nomeInstancia":"transicao_28_1","classe":"transicao_28_1","nome":"eba05_04_28_1"}]},{"desenhos":[{"tipo":"img","x":"81.65px","y":"321.3px","width":"327.85px","height":"63.65px","nomeInstancia":"MovieClips/textConvertido_30_0","classe":"textConvertido_30_0","nome":"eba05_04_30_0"},{"tipo":"img","x":"81.65px","y":"238.25px","width":"257.35px","height":"56.3px","nomeInstancia":"transicao_30_2","classe":"transicao_30_2","nome":"eba05_04_30_1"},{"tipo":"img","x":"549.5px","y":"294.55px","width":"377.95px","height":"212.55px","nomeInstancia":"transicao_30_1","classe":"transicao_30_1","nome":"eba05_04_30_2"}]},{"desenhos":[{"tipo":"img","x":"81.65px","y":"398.5px","width":"325.9px","height":"43.1px","nomeInstancia":"MovieClips/textConvertido_31_0","classe":"textConvertido_31_0","nome":"eba05_04_31_0"},{"tipo":"img","x":"81.65px","y":"321.3px","width":"327.85px","height":"63.65px","nomeInstancia":"MovieClips/textConvertido_30_0","classe":"textConvertido_30_0","nome":"eba05_04_30_0"},{"tipo":"img","x":"81.65px","y":"238.25px","width":"257.35px","height":"56.3px","nomeInstancia":"transicao_30_2","classe":"transicao_30_2","nome":"eba05_04_30_1"},{"tipo":"img","x":"549.5px","y":"294.55px","width":"377.95px","height":"212.55px","nomeInstancia":"transicao_30_1","classe":"transicao_30_1","nome":"eba05_04_30_2"}]},{"desenhos":[{"tipo":"img","x":"81.65px","y":"455.15px","width":"368.3px","height":"43.1px","nomeInstancia":"MovieClips/textConvertido_32_0","classe":"textConvertido_32_0","nome":"eba05_04_32_0"},{"tipo":"img","x":"81.65px","y":"398.5px","width":"325.9px","height":"43.1px","nomeInstancia":"MovieClips/textConvertido_31_0","classe":"textConvertido_31_0","nome":"eba05_04_31_0"},{"tipo":"img","x":"81.65px","y":"321.3px","width":"327.85px","height":"63.65px","nomeInstancia":"MovieClips/textConvertido_30_0","classe":"textConvertido_30_0","nome":"eba05_04_30_0"},{"tipo":"img","x":"81.65px","y":"238.25px","width":"257.35px","height":"56.3px","nomeInstancia":"transicao_30_2","classe":"transicao_30_2","nome":"eba05_04_30_1"},{"tipo":"img","x":"549.5px","y":"294.55px","width":"377.95px","height":"212.55px","nomeInstancia":"transicao_30_1","classe":"transicao_30_1","nome":"eba05_04_30_2"}]},{"desenhos":[{"tipo":"img","x":"368.85px","y":"198.7px","width":"473.6px","height":"112.25px","nomeInstancia":"transicao_33_0","classe":"transicao_33_0","nome":"eba05_04_33_0"},{"nome":"eba05_04_33_1","tipo":"personagem","x":"0px","y":"0px","width":"1016px","height":"659px","nomeInstancia":"MovieClips/animaP33","classe":"animaP33"}]},{"desenhos":[{"tipo":"img","x":"433.3px","y":"305.6px","width":"312.85px","height":"82.9px","nomeInstancia":"transicao_34_0","classe":"transicao_34_0","nome":"eba05_04_34_0"},{"tipo":"img","x":"368.85px","y":"198.7px","width":"473.6px","height":"112.25px","nomeInstancia":"transicao_33_0","classe":"transicao_33_0","nome":"eba05_04_33_0"},{"nome":"eba05_04_33_1","tipo":"personagem","x":"0px","y":"0px","width":"1016px","height":"659px","nomeInstancia":"MovieClips/animaP33","classe":"animaP33"}]},{"desenhos":[{"tipo":"img","x":"415.45px","y":"381.75px","width":"407.2px","height":"122.75px","nomeInstancia":"transicao_35_0","classe":"transicao_35_0","nome":"eba05_04_35_0"},{"tipo":"img","x":"433.3px","y":"305.6px","width":"312.85px","height":"82.9px","nomeInstancia":"transicao_34_0","classe":"transicao_34_0","nome":"eba05_04_34_0"},{"tipo":"img","x":"368.85px","y":"198.7px","width":"473.6px","height":"112.25px","nomeInstancia":"transicao_33_0","classe":"transicao_33_0","nome":"eba05_04_33_0"},{"nome":"eba05_04_33_1","tipo":"personagem","x":"0px","y":"0px","width":"1016px","height":"659px","nomeInstancia":"MovieClips/animaP33","classe":"animaP33"}]},{"desenhos":[{"tipo":"img","x":"57.35px","y":"259.6px","width":"407.05px","height":"63.65px","nomeInstancia":"MovieClips/textConvertido_36_0","classe":"textConvertido_36_0","nome":"eba05_04_36_0"},{"tipo":"img","x":"503.1px","y":"228.4px","width":"463.3px","height":"294.2px","nomeInstancia":"transicao_36_1","classe":"transicao_36_1","nome":"eba05_04_36_1"}]},{"desenhos":[{"tipo":"img","x":"57.35px","y":"342.25px","width":"421.5px","height":"84.2px","nomeInstancia":"MovieClips/textConvertido_37_0","classe":"textConvertido_37_0","nome":"eba05_04_37_0"},{"tipo":"img","x":"57.35px","y":"259.6px","width":"407.05px","height":"63.65px","nomeInstancia":"MovieClips/textConvertido_36_0","classe":"textConvertido_36_0","nome":"eba05_04_36_0"},{"tipo":"img","x":"503.1px","y":"228.4px","width":"463.3px","height":"294.2px","nomeInstancia":"transicao_36_1","classe":"transicao_36_1","nome":"eba05_04_36_1"}]},{"desenhos":[{"tipo":"img","x":"57.35px","y":"445.45px","width":"411.85px","height":"63.65px","nomeInstancia":"MovieClips/textConvertido_38_0","classe":"textConvertido_38_0","nome":"eba05_04_38_0"},{"tipo":"img","x":"57.35px","y":"342.25px","width":"421.5px","height":"84.2px","nomeInstancia":"MovieClips/textConvertido_37_0","classe":"textConvertido_37_0","nome":"eba05_04_37_0"},{"tipo":"img","x":"57.35px","y":"259.6px","width":"407.05px","height":"63.65px","nomeInstancia":"MovieClips/textConvertido_36_0","classe":"textConvertido_36_0","nome":"eba05_04_36_0"},{"tipo":"img","x":"503.1px","y":"228.4px","width":"463.3px","height":"294.2px","nomeInstancia":"transicao_36_1","classe":"transicao_36_1","nome":"eba05_04_36_1"}]},{"desenhos":[{"tipo":"img","x":"194.9px","y":"270.7px","width":"458.85px","height":"310.6px","nomeInstancia":"vouf_39","classe":"vouf_39","nome":"eba05_04_39_0"},{"tipo":"img","x":"153.7px","y":"273.5px","width":"680.85px","height":"228.05px","nomeInstancia":"MovieClips/textConvertido_39_1","classe":"textConvertido_39_1","nome":"eba05_04_39_1"},{"tipo":"img","x":"392.75px","y":"163.65px","width":"230.5px","height":"78.4px","nomeInstancia":"transicao_39_2","classe":"transicao_39_2","nome":"eba05_04_39_2"}]}]}