{"licao":"eba05_06","topico":"06","telas":[{"desenhos":[{"tipo":"img","x":"207.85px","y":"234.9px","width":"387.65px","height":"74.15px","nomeInstancia":"transicao_1_0","classe":"transicao_1_0","nome":"eba05_06_1_0"},{"nome":"eba05_06_1_1","tipo":"personagem","x":"0px","y":"0px","width":"1016px","height":"659px","nomeInstancia":"animaP1","classe":"animaP1"}]},{"desenhos":[{"tipo":"img","x":"207.85px","y":"303.75px","width":"322.55px","height":"85.85px","nomeInstancia":"transicao_2_0","classe":"transicao_2_0","nome":"eba05_06_2_0"},{"tipo":"img","x":"207.85px","y":"234.9px","width":"387.65px","height":"74.15px","nomeInstancia":"transicao_1_0","classe":"transicao_1_0","nome":"eba05_06_1_0"},{"nome":"eba05_06_1_1","tipo":"personagem","x":"0px","y":"0px","width":"1016px","height":"659px","nomeInstancia":"animaP1","classe":"animaP1"}]},{"desenhos":[{"tipo":"img","x":"253.9px","y":"383.3px","width":"238.95px","height":"85.85px","nomeInstancia":"transicao_3_0","classe":"transicao_3_0","nome":"eba05_06_3_0"},{"tipo":"img","x":"207.85px","y":"303.75px","width":"322.55px","height":"85.85px","nomeInstancia":"transicao_2_0","classe":"transicao_2_0","nome":"eba05_06_2_0"},{"tipo":"img","x":"207.85px","y":"234.9px","width":"387.65px","height":"74.15px","nomeInstancia":"transicao_1_0","classe":"transicao_1_0","nome":"eba05_06_1_0"},{"nome":"eba05_06_1_1","tipo":"personagem","x":"0px","y":"0px","width":"1016px","height":"659px","nomeInstancia":"animaP1","classe":"animaP1"}]},{"desenhos":[{"tipo":"img","x":"576.65px","y":"350.25px","width":"354.8px","height":"43.1px","nomeInstancia":"textConvertido_4_0","classe":"textConvertido_4_0","nome":"eba05_06_4_0"},{"tipo":"img","x":"576.65px","y":"248.45px","width":"250.55px","height":"72.85px","nomeInstancia":"transicao_4_2","classe":"transicao_4_2","nome":"eba05_06_4_1"},{"tipo":"img","x":"81.85px","y":"291.5px","width":"393.4px","height":"175.2px","nomeInstancia":"transicao_4_1","classe":"transicao_4_1","nome":"eba05_06_4_2"}]},{"desenhos":[{"tipo":"img","x":"576.65px","y":"408.75px","width":"354.8px","height":"63.65px","nomeInstancia":"textConvertido_5_0","classe":"textConvertido_5_0","nome":"eba05_06_5_0"},{"tipo":"img","x":"576.65px","y":"350.25px","width":"354.8px","height":"43.1px","nomeInstancia":"textConvertido_4_0","classe":"textConvertido_4_0","nome":"eba05_06_4_0"},{"tipo":"img","x":"576.65px","y":"248.45px","width":"250.55px","height":"72.85px","nomeInstancia":"transicao_4_2","classe":"transicao_4_2","nome":"eba05_06_4_1"},{"tipo":"img","x":"81.85px","y":"291.5px","width":"393.4px","height":"175.2px","nomeInstancia":"transicao_4_1","classe":"transicao_4_1","nome":"eba05_06_4_2"}]},{"desenhos":[{"tipo":"img","x":"110.55px","y":"267.75px","width":"324.7px","height":"84.2px","nomeInstancia":"textConvertido_6_0","classe":"textConvertido_6_0","nome":"eba05_06_6_0"},{"tipo":"img","x":"531.75px","y":"276.45px","width":"407.1px","height":"208.8px","nomeInstancia":"transicao_6_1","classe":"transicao_6_1","nome":"eba05_06_6_1"}]},{"desenhos":[{"tipo":"img","x":"110.55px","y":"375.5px","width":"354.8px","height":"43.1px","nomeInstancia":"textConvertido_7_0","classe":"textConvertido_7_0","nome":"eba05_06_7_0"},{"tipo":"img","x":"110.55px","y":"267.75px","width":"324.7px","height":"84.2px","nomeInstancia":"textConvertido_6_0","classe":"textConvertido_6_0","nome":"eba05_06_6_0"},{"tipo":"img","x":"531.75px","y":"276.45px","width":"407.1px","height":"208.8px","nomeInstancia":"transicao_6_1","classe":"transicao_6_1","nome":"eba05_06_6_1"}]},{"desenhos":[{"tipo":"img","x":"110.55px","y":"442.15px","width":"354.8px","height":"43.1px","nomeInstancia":"textConvertido_8_0","classe":"textConvertido_8_0","nome":"eba05_06_8_0"},{"tipo":"img","x":"110.55px","y":"375.5px","width":"354.8px","height":"43.1px","nomeInstancia":"textConvertido_7_0","classe":"textConvertido_7_0","nome":"eba05_06_7_0"},{"tipo":"img","x":"110.55px","y":"267.75px","width":"324.7px","height":"84.2px","nomeInstancia":"textConvertido_6_0","classe":"textConvertido_6_0","nome":"eba05_06_6_0"},{"tipo":"img","x":"531.75px","y":"276.45px","width":"407.1px","height":"208.8px","nomeInstancia":"transicao_6_1","classe":"transicao_6_1","nome":"eba05_06_6_1"}]},{"desenhos":[{"tipo":"img","x":"560.6px","y":"267.75px","width":"342px","height":"84.2px","nomeInstancia":"textConvertido_9_0","classe":"textConvertido_9_0","nome":"eba05_06_9_0"},{"tipo":"img","x":"99.45px","y":"283px","width":"359.1px","height":"169.3px","nomeInstancia":"transicao_9_1","classe":"transicao_9_1","nome":"eba05_06_9_1"}]},{"desenhos":[{"tipo":"img","x":"560.6px","y":"375.5px","width":"342px","height":"104.75px","nomeInstancia":"textConvertido_10_0","classe":"textConvertido_10_0","nome":"eba05_06_10_0"},{"tipo":"img","x":"560.6px","y":"267.75px","width":"342px","height":"84.2px","nomeInstancia":"textConvertido_9_0","classe":"textConvertido_9_0","nome":"eba05_06_9_0"},{"tipo":"img","x":"99.45px","y":"283px","width":"359.1px","height":"169.3px","nomeInstancia":"transicao_9_1","classe":"transicao_9_1","nome":"eba05_06_9_1"}]},{"desenhos":[{"tipo":"img","x":"66.1px","y":"283.1px","width":"369.3px","height":"43.1px","nomeInstancia":"textConvertido_11_0","classe":"textConvertido_11_0","nome":"eba05_06_11_0"},{"tipo":"img","x":"66.1px","y":"198.55px","width":"247.15px","height":"56.3px","nomeInstancia":"transicao_11_2","classe":"transicao_11_2","nome":"eba05_06_11_1"},{"tipo":"img","x":"494.7px","y":"287.9px","width":"329.5px","height":"146.2px","nomeInstancia":"transicao_11_1","classe":"transicao_11_1","nome":"eba05_06_11_2"}]},{"desenhos":[{"tipo":"img","x":"66.1px","y":"342.2px","width":"383.7px","height":"43.1px","nomeInstancia":"textConvertido_12_0","classe":"textConvertido_12_0","nome":"eba05_06_12_0"},{"tipo":"img","x":"66.1px","y":"283.1px","width":"369.3px","height":"43.1px","nomeInstancia":"textConvertido_11_0","classe":"textConvertido_11_0","nome":"eba05_06_11_0"},{"tipo":"img","x":"66.1px","y":"198.55px","width":"247.15px","height":"56.3px","nomeInstancia":"transicao_11_2","classe":"transicao_11_2","nome":"eba05_06_11_1"},{"tipo":"img","x":"494.7px","y":"287.9px","width":"329.5px","height":"146.2px","nomeInstancia":"transicao_11_1","classe":"transicao_11_1","nome":"eba05_06_11_2"}]},{"desenhos":[{"tipo":"img","x":"66.1px","y":"401.3px","width":"401.7px","height":"145.85px","nomeInstancia":"textConvertido_13_0","classe":"textConvertido_13_0","nome":"eba05_06_13_0"},{"tipo":"img","x":"66.1px","y":"342.2px","width":"383.7px","height":"43.1px","nomeInstancia":"textConvertido_12_0","classe":"textConvertido_12_0","nome":"eba05_06_12_0"},{"tipo":"img","x":"66.1px","y":"283.1px","width":"369.3px","height":"43.1px","nomeInstancia":"textConvertido_11_0","classe":"textConvertido_11_0","nome":"eba05_06_11_0"},{"tipo":"img","x":"66.1px","y":"198.55px","width":"247.15px","height":"56.3px","nomeInstancia":"transicao_11_2","classe":"transicao_11_2","nome":"eba05_06_11_1"},{"tipo":"img","x":"494.7px","y":"287.9px","width":"329.5px","height":"146.2px","nomeInstancia":"transicao_11_1","classe":"transicao_11_1","nome":"eba05_06_11_2"}]},{"desenhos":[{"tipo":"img","x":"523.1px","y":"247.2px","width":"398.1px","height":"63.65px","nomeInstancia":"textConvertido_14_0","classe":"textConvertido_14_0","nome":"eba05_06_14_0"},{"tipo":"img","x":"153.7px","y":"310.85px","width":"243.05px","height":"127.35px","nomeInstancia":"transicao_14_1","classe":"transicao_14_1","nome":"eba05_06_14_1"}]},{"desenhos":[{"tipo":"img","x":"523.1px","y":"327.55px","width":"383.7px","height":"104.75px","nomeInstancia":"textConvertido_15_0","classe":"textConvertido_15_0","nome":"eba05_06_15_0"},{"tipo":"img","x":"523.1px","y":"247.2px","width":"398.1px","height":"63.65px","nomeInstancia":"textConvertido_14_0","classe":"textConvertido_14_0","nome":"eba05_06_14_0"},{"tipo":"img","x":"153.7px","y":"310.85px","width":"243.05px","height":"127.35px","nomeInstancia":"transicao_14_1","classe":"transicao_14_1","nome":"eba05_06_14_1"}]},{"desenhos":[{"tipo":"img","x":"523.1px","y":"449px","width":"362.15px","height":"43.1px","nomeInstancia":"textConvertido_16_0","classe":"textConvertido_16_0","nome":"eba05_06_16_0"},{"tipo":"img","x":"523.1px","y":"327.55px","width":"383.7px","height":"104.75px","nomeInstancia":"textConvertido_15_0","classe":"textConvertido_15_0","nome":"eba05_06_15_0"},{"tipo":"img","x":"523.1px","y":"247.2px","width":"398.1px","height":"63.65px","nomeInstancia":"textConvertido_14_0","classe":"textConvertido_14_0","nome":"eba05_06_14_0"},{"tipo":"img","x":"153.7px","y":"310.85px","width":"243.05px","height":"127.35px","nomeInstancia":"transicao_14_1","classe":"transicao_14_1","nome":"eba05_06_14_1"}]},{"desenhos":[{"tipo":"img","x":"189.7px","y":"201.1px","width":"440.35px","height":"112.25px","nomeInstancia":"transicao_17_0","classe":"transicao_17_0","nome":"eba05_06_17_0"},{"nome":"eba05_06_17_1","tipo":"personagem","x":"0px","y":"0px","width":"1016px","height":"659px","nomeInstancia":"animaP17","classe":"animaP17"}]},{"desenhos":[{"tipo":"img","x":"233.3px","y":"309.25px","width":"344.45px","height":"84.15px","nomeInstancia":"transicao_18_0","classe":"transicao_18_0","nome":"eba05_06_18_0"},{"tipo":"img","x":"189.7px","y":"201.1px","width":"440.35px","height":"112.25px","nomeInstancia":"transicao_17_0","classe":"transicao_17_0","nome":"eba05_06_17_0"},{"nome":"eba05_06_17_1","tipo":"personagem","x":"0px","y":"0px","width":"1016px","height":"659px","nomeInstancia":"animaP17","classe":"animaP17"}]},{"desenhos":[{"tipo":"img","x":"58.75px","y":"223.6px","width":"898.55px","height":"365.9px","nomeInstancia":"dragDrop","classe":"dragDrop","nome":"eba05_06_19_0"},{"tipo":"img","x":"392.75px","y":"135.55px","width":"230.5px","height":"78.4px","nomeInstancia":"transicao_19_1","classe":"transicao_19_1","nome":"eba05_06_19_1"}]}]}