{"licao":"eba05_05","topico":"05","telas":[{"desenhos":[{"tipo":"img","x":"511.8px","y":"270.15px","width":"407.05px","height":"84.2px","nomeInstancia":"textConvertido_1_0","classe":"textConvertido_1_0","nome":"eba05_05_1_0"},{"tipo":"img","x":"119.55px","y":"291.85px","width":"291.15px","height":"159.8px","nomeInstancia":"transicao_1_1","classe":"transicao_1_1","nome":"eba05_05_1_1"}]},{"desenhos":[{"tipo":"img","x":"511.8px","y":"367.45px","width":"421.5px","height":"84.2px","nomeInstancia":"textConvertido_2_0","classe":"textConvertido_2_0","nome":"eba05_05_2_0"},{"tipo":"img","x":"511.8px","y":"270.15px","width":"407.05px","height":"84.2px","nomeInstancia":"textConvertido_1_0","classe":"textConvertido_1_0","nome":"eba05_05_1_0"},{"tipo":"img","x":"119.55px","y":"291.85px","width":"291.15px","height":"159.8px","nomeInstancia":"transicao_1_1","classe":"transicao_1_1","nome":"eba05_05_1_1"}]},{"desenhos":[{"tipo":"img","x":"511.8px","y":"464.75px","width":"407.05px","height":"22.55px","nomeInstancia":"textConvertido_3_0","classe":"textConvertido_3_0","nome":"eba05_05_3_0"},{"tipo":"img","x":"511.8px","y":"367.45px","width":"421.5px","height":"84.2px","nomeInstancia":"textConvertido_2_0","classe":"textConvertido_2_0","nome":"eba05_05_2_0"},{"tipo":"img","x":"511.8px","y":"270.15px","width":"407.05px","height":"84.2px","nomeInstancia":"textConvertido_1_0","classe":"textConvertido_1_0","nome":"eba05_05_1_0"},{"tipo":"img","x":"119.55px","y":"291.85px","width":"291.15px","height":"159.8px","nomeInstancia":"transicao_1_1","classe":"transicao_1_1","nome":"eba05_05_1_1"}]},{"desenhos":[{"tipo":"img","x":"255.55px","y":"161.8px","width":"504.9px","height":"335.45px","nomeInstancia":"destaque_4","classe":"destaque_4","nome":"eba05_05_4_0"},{"tipo":"img","x":"511.8px","y":"464.75px","width":"407.05px","height":"22.55px","nomeInstancia":"textConvertido_3_0","classe":"textConvertido_3_0","nome":"eba05_05_3_0"},{"tipo":"img","x":"511.8px","y":"367.45px","width":"421.5px","height":"84.2px","nomeInstancia":"textConvertido_2_0","classe":"textConvertido_2_0","nome":"eba05_05_2_0"},{"tipo":"img","x":"511.8px","y":"270.15px","width":"407.05px","height":"84.2px","nomeInstancia":"textConvertido_1_0","classe":"textConvertido_1_0","nome":"eba05_05_1_0"},{"tipo":"img","x":"119.55px","y":"291.85px","width":"291.15px","height":"159.8px","nomeInstancia":"transicao_1_1","classe":"transicao_1_1","nome":"eba05_05_1_1"}]},{"desenhos":[{"tipo":"img","x":"232.1px","y":"215.7px","width":"356.15px","height":"88.05px","nomeInstancia":"transicao_5_0","classe":"transicao_5_0","nome":"eba05_05_5_0"},{"nome":"eba05_05_5_1","tipo":"personagem","x":"0px","y":"0px","width":"1016px","height":"659px","nomeInstancia":"animaP5","classe":"animaP5"}]},{"desenhos":[{"tipo":"img","x":"191.05px","y":"132.2px","width":"633.9px","height":"468.2px","nomeInstancia":"telaInfo_miniNavegacao_6","classe":"telaInfo_miniNavegacao_6","nome":"eba05_05_6_0"},{"tipo":"img","x":"232.1px","y":"215.7px","width":"356.15px","height":"88.05px","nomeInstancia":"transicao_5_0","classe":"transicao_5_0","nome":"eba05_05_5_0"},{"tipo":"img","x":"289.05px","y":"317.6px","width":"207.85px","height":"22.55px","nomeInstancia":"textConvertido_6_2","classe":"textConvertido_6_2","nome":"eba05_05_6_2"}]},{"desenhos":[{"tipo":"img","x":"409.7px","y":"184.65px","width":"411.15px","height":"112.25px","nomeInstancia":"transicao_7_0","classe":"transicao_7_0","nome":"eba05_05_7_0"},{"nome":"eba05_05_7_1","tipo":"personagem","x":"0px","y":"0px","width":"1016px","height":"659px","nomeInstancia":"animaP7","classe":"animaP7"}]},{"desenhos":[{"tipo":"img","x":"456.35px","y":"291.55px","width":"412.35px","height":"99.85px","nomeInstancia":"transicao_8_0","classe":"transicao_8_0","nome":"eba05_05_8_0"},{"tipo":"img","x":"409.7px","y":"184.65px","width":"411.15px","height":"112.25px","nomeInstancia":"transicao_7_0","classe":"transicao_7_0","nome":"eba05_05_7_0"},{"nome":"eba05_05_7_1","tipo":"personagem","x":"0px","y":"0px","width":"1016px","height":"659px","nomeInstancia":"animaP7","classe":"animaP7"}]},{"desenhos":[{"tipo":"img","x":"456.35px","y":"385.5px","width":"344.3px","height":"76.1px","nomeInstancia":"transicao_9_0","classe":"transicao_9_0","nome":"eba05_05_9_0"},{"tipo":"img","x":"456.35px","y":"291.55px","width":"412.35px","height":"99.85px","nomeInstancia":"transicao_8_0","classe":"transicao_8_0","nome":"eba05_05_8_0"},{"tipo":"img","x":"409.7px","y":"184.65px","width":"411.15px","height":"112.25px","nomeInstancia":"transicao_7_0","classe":"transicao_7_0","nome":"eba05_05_7_0"},{"nome":"eba05_05_7_1","tipo":"personagem","x":"0px","y":"0px","width":"1016px","height":"659px","nomeInstancia":"animaP7","classe":"animaP7"}]},{"desenhos":[{"tipo":"img","x":"126.3px","y":"312.8px","width":"312.45px","height":"63.65px","nomeInstancia":"textConvertido_10_0","classe":"textConvertido_10_0","nome":"eba05_05_10_0"},{"tipo":"img","x":"578.35px","y":"255.3px","width":"324.25px","height":"242px","nomeInstancia":"transicao_10_1","classe":"transicao_10_1","nome":"eba05_05_10_1"}]},{"desenhos":[{"tipo":"img","x":"59.25px","y":"126.75px","width":"897.5px","height":"470.9px","nomeInstancia":"MovieClips/miniNavegacao","classe":"miniNavegacao","nome":"eba05_05_11_0"},{"tipo":"img","x":"126.3px","y":"400.95px","width":"312.45px","height":"22.55px","nomeInstancia":"textConvertido_11_1","classe":"textConvertido_11_1","nome":"eba05_05_11_1"},{"tipo":"img","x":"126.3px","y":"312.8px","width":"312.45px","height":"63.65px","nomeInstancia":"textConvertido_10_0","classe":"textConvertido_10_0","nome":"eba05_05_10_0"},{"tipo":"img","x":"578.35px","y":"255.3px","width":"324.25px","height":"242px","nomeInstancia":"transicao_10_1","classe":"transicao_10_1","nome":"eba05_05_10_1"}]},{"desenhos":[{"tipo":"img","x":"408.9px","y":"212.65px","width":"434.2px","height":"112.25px","nomeInstancia":"transicao_12_0","classe":"transicao_12_0","nome":"eba05_05_12_0"},{"tipo":"img","x":"382.75px","y":"126.1px","width":"250.55px","height":"72.85px","nomeInstancia":"transicao_12_2","classe":"transicao_12_2","nome":"eba05_05_12_1"},{"nome":"eba05_05_12_2","tipo":"personagem","x":"0px","y":"0px","width":"1016px","height":"659px","nomeInstancia":"animaP12","classe":"animaP12"}]},{"desenhos":[{"tipo":"img","x":"455.3px","y":"320.5px","width":"355.75px","height":"111.25px","nomeInstancia":"transicao_13_0","classe":"transicao_13_0","nome":"eba05_05_13_0"},{"tipo":"img","x":"408.9px","y":"212.65px","width":"434.2px","height":"112.25px","nomeInstancia":"transicao_12_0","classe":"transicao_12_0","nome":"eba05_05_12_0"},{"tipo":"img","x":"382.75px","y":"126.1px","width":"250.55px","height":"72.85px","nomeInstancia":"transicao_12_2","classe":"transicao_12_2","nome":"eba05_05_12_1"},{"nome":"eba05_05_12_2","tipo":"personagem","x":"0px","y":"0px","width":"1016px","height":"659px","nomeInstancia":"animaP12","classe":"animaP12"}]},{"desenhos":[{"tipo":"img","x":"241.25px","y":"163.35px","width":"491.45px","height":"438.75px","nomeInstancia":"telaInfo_miniNavegacao_14","classe":"telaInfo_miniNavegacao_14","nome":"eba05_05_14_0"},{"tipo":"img","x":"455.3px","y":"320.5px","width":"355.75px","height":"111.25px","nomeInstancia":"transicao_13_0","classe":"transicao_13_0","nome":"eba05_05_13_0"},{"tipo":"img","x":"408.9px","y":"212.65px","width":"434.2px","height":"112.25px","nomeInstancia":"transicao_12_0","classe":"transicao_12_0","nome":"eba05_05_12_0"},{"tipo":"img","x":"382.75px","y":"126.1px","width":"250.55px","height":"72.85px","nomeInstancia":"transicao_14_4","classe":"transicao_14_4","nome":"eba05_05_14_3"},{"tipo":"img","x":"514.95px","y":"439.65px","width":"242.45px","height":"22.55px","nomeInstancia":"textConvertido_14_4","classe":"textConvertido_14_4","nome":"eba05_05_14_4"}]},{"desenhos":[{"tipo":"img","x":"205.5px","y":"196.6px","width":"437.15px","height":"77.35px","nomeInstancia":"transicao_15_0","classe":"transicao_15_0","nome":"eba05_05_15_0"},{"nome":"eba05_05_15_1","tipo":"personagem","x":"0px","y":"0px","width":"1016px","height":"659px","nomeInstancia":"animaP15","classe":"animaP15"}]},{"desenhos":[{"tipo":"img","x":"205.5px","y":"269.7px","width":"355.75px","height":"127.55px","nomeInstancia":"transicao_16_0","classe":"transicao_16_0","nome":"eba05_05_16_0"},{"tipo":"img","x":"205.5px","y":"196.6px","width":"437.15px","height":"77.35px","nomeInstancia":"transicao_15_0","classe":"transicao_15_0","nome":"eba05_05_15_0"},{"nome":"eba05_05_15_1","tipo":"personagem","x":"0px","y":"0px","width":"1016px","height":"659px","nomeInstancia":"animaP15","classe":"animaP15"}]},{"desenhos":[{"tipo":"img","x":"437.1px","y":"224.1px","width":"437.2px","height":"90.55px","nomeInstancia":"transicao_17_0","classe":"transicao_17_0","nome":"eba05_05_17_0"},{"tipo":"img","x":"382.75px","y":"124.75px","width":"250.55px","height":"72.85px","nomeInstancia":"transicao_17_2","classe":"transicao_17_2","nome":"eba05_05_17_1"},{"nome":"eba05_05_17_2","tipo":"personagem","x":"0px","y":"0px","width":"1016px","height":"659px","nomeInstancia":"animaP17","classe":"animaP17"}]},{"desenhos":[{"tipo":"img","x":"494.45px","y":"309.6px","width":"379.8px","height":"127.55px","nomeInstancia":"transicao_18_0","classe":"transicao_18_0","nome":"eba05_05_18_0"},{"tipo":"img","x":"437.1px","y":"224.1px","width":"437.2px","height":"90.55px","nomeInstancia":"transicao_17_0","classe":"transicao_17_0","nome":"eba05_05_17_0"},{"tipo":"img","x":"382.75px","y":"124.75px","width":"250.55px","height":"72.85px","nomeInstancia":"transicao_17_2","classe":"transicao_17_2","nome":"eba05_05_17_1"},{"nome":"eba05_05_17_2","tipo":"personagem","x":"0px","y":"0px","width":"1016px","height":"659px","nomeInstancia":"animaP17","classe":"animaP17"}]},{"desenhos":[{"tipo":"img","x":"614.05px","y":"432.2px","width":"260.25px","height":"86.45px","nomeInstancia":"transicao_19_0","classe":"transicao_19_0","nome":"eba05_05_19_0"},{"tipo":"img","x":"494.45px","y":"309.6px","width":"379.8px","height":"127.55px","nomeInstancia":"transicao_18_0","classe":"transicao_18_0","nome":"eba05_05_18_0"},{"tipo":"img","x":"437.1px","y":"224.1px","width":"437.2px","height":"90.55px","nomeInstancia":"transicao_17_0","classe":"transicao_17_0","nome":"eba05_05_17_0"},{"tipo":"img","x":"382.75px","y":"124.75px","width":"250.55px","height":"72.85px","nomeInstancia":"transicao_17_2","classe":"transicao_17_2","nome":"eba05_05_17_1"},{"nome":"eba05_05_17_2","tipo":"personagem","x":"0px","y":"0px","width":"1016px","height":"659px","nomeInstancia":"animaP17","classe":"animaP17"}]},{"desenhos":[{"tipo":"img","x":"100.85px","y":"289px","width":"354.8px","height":"63.65px","nomeInstancia":"textConvertido_20_0","classe":"textConvertido_20_0","nome":"eba05_05_20_0"}]},{"desenhos":[{"tipo":"img","x":"521.1px","y":"307.4px","width":"415.8px","height":"127.35px","nomeInstancia":"transicao_21_1","classe":"transicao_21_1","nome":"eba05_05_21_0"},{"tipo":"img","x":"100.85px","y":"386.35px","width":"374.25px","height":"84.2px","nomeInstancia":"textConvertido_21_1","classe":"textConvertido_21_1","nome":"eba05_05_21_1"},{"tipo":"img","x":"100.85px","y":"289px","width":"354.8px","height":"63.65px","nomeInstancia":"textConvertido_20_0","classe":"textConvertido_20_0","nome":"eba05_05_20_0"}]},{"desenhos":[{"tipo":"img","x":"403.4px","y":"236.05px","width":"486.55px","height":"112.25px","nomeInstancia":"transicao_22_0","classe":"transicao_22_0","nome":"eba05_05_22_0"},{"nome":"eba05_05_22_1","tipo":"personagem","x":"0px","y":"0px","width":"1016px","height":"659px","nomeInstancia":"animaP22","classe":"animaP22"}]},{"desenhos":[{"tipo":"img","x":"484.5px","y":"344.7px","width":"439.1px","height":"111.25px","nomeInstancia":"transicao_23_0","classe":"transicao_23_0","nome":"eba05_05_23_0"},{"tipo":"img","x":"403.4px","y":"236.05px","width":"486.55px","height":"112.25px","nomeInstancia":"transicao_22_0","classe":"transicao_22_0","nome":"eba05_05_22_0"},{"nome":"eba05_05_22_1","tipo":"personagem","x":"0px","y":"0px","width":"1016px","height":"659px","nomeInstancia":"animaP22","classe":"animaP22"}]},{"desenhos":[{"tipo":"img","x":"202.65px","y":"224.25px","width":"610.75px","height":"43.1px","nomeInstancia":"textConvertido_24_0","classe":"textConvertido_24_0","nome":"eba05_05_24_0"}]},{"desenhos":[{"tipo":"img","x":"300.1px","y":"314.75px","width":"415.8px","height":"127.35px","nomeInstancia":"transicao_25_1","classe":"transicao_25_1","nome":"eba05_05_25_0"},{"tipo":"img","x":"270.5px","y":"489.5px","width":"475px","height":"22.55px","nomeInstancia":"textConvertido_25_1","classe":"textConvertido_25_1","nome":"eba05_05_25_1"},{"tipo":"img","x":"202.65px","y":"224.25px","width":"610.75px","height":"43.1px","nomeInstancia":"textConvertido_24_0","classe":"textConvertido_24_0","nome":"eba05_05_24_0"}]},{"desenhos":[{"tipo":"img","x":"228.2px","y":"260.65px","width":"344px","height":"72.45px","nomeInstancia":"transicao_26_0","classe":"transicao_26_0","nome":"eba05_05_26_0"},{"nome":"eba05_05_26_1","tipo":"personagem","x":"0px","y":"0px","width":"1016px","height":"659px","nomeInstancia":"animaP26","classe":"animaP26"}]},{"desenhos":[{"tipo":"img","x":"168.2px","y":"324.7px","width":"355.75px","height":"123.85px","nomeInstancia":"transicao_27_0","classe":"transicao_27_0","nome":"eba05_05_27_0"},{"tipo":"img","x":"228.2px","y":"260.65px","width":"344px","height":"72.45px","nomeInstancia":"transicao_26_0","classe":"transicao_26_0","nome":"eba05_05_26_0"},{"nome":"eba05_05_26_1","tipo":"personagem","x":"0px","y":"0px","width":"1016px","height":"659px","nomeInstancia":"animaP26","classe":"animaP26"}]},{"desenhos":[{"tipo":"img","x":"556.4px","y":"251.65px","width":"404.75px","height":"125.3px","nomeInstancia":"textConvertido_28_0","classe":"textConvertido_28_0","nome":"eba05_05_28_0"},{"tipo":"img","x":"28px","y":"316px","width":"509.6px","height":"130.4px","nomeInstancia":"transicao_28_1","classe":"transicao_28_1","nome":"eba05_05_28_1"}]},{"desenhos":[{"tipo":"img","x":"36.75px","y":"123.85px","width":"837.35px","height":"411.35px","nomeInstancia":"telaInfo291570212992999","classe":"telaInfo291570212992999","nome":"eba05_05_29_0"},{"tipo":"img","x":"556.4px","y":"403.2px","width":"429.95px","height":"104.75px","nomeInstancia":"textConvertido_29_1","classe":"textConvertido_29_1","nome":"eba05_05_29_1"},{"tipo":"img","x":"556.4px","y":"251.65px","width":"404.75px","height":"125.3px","nomeInstancia":"textConvertido_28_0","classe":"textConvertido_28_0","nome":"eba05_05_28_0"}]},{"desenhos":[{"tipo":"img","x":"201.35px","y":"301.8px","width":"489.05px","height":"267.35px","nomeInstancia":"vouf_30","classe":"vouf_30","nome":"eba05_05_30_0"},{"tipo":"img","x":"153.7px","y":"287.85px","width":"720.3px","height":"170.95px","nomeInstancia":"textConvertido_30_1","classe":"textConvertido_30_1","nome":"eba05_05_30_1"},{"tipo":"img","x":"392.75px","y":"156.5px","width":"230.5px","height":"78.4px","nomeInstancia":"transicao_30_2","classe":"transicao_30_2","nome":"eba05_05_30_2"}]}]}