{"licao":"eba05_02","topico":"02","telas":[{"desenhos":[{"tipo":"img","x":"204.9px","y":"197.65px","width":"411.25px","height":"91.1px","nomeInstancia":"transicao_1_0","classe":"transicao_1_0","nome":"eba05_02_1_0"},{"nome":"eba05_02_1_1","tipo":"personagem","x":"0px","y":"0px","width":"1016px","height":"659px","nomeInstancia":"animaP1","classe":"animaP1"}]},{"desenhos":[{"tipo":"img","x":"190.5px","y":"284px","width":"355.75px","height":"111.25px","nomeInstancia":"transicao_2_0","classe":"transicao_2_0","nome":"eba05_02_2_0"},{"tipo":"img","x":"204.9px","y":"197.65px","width":"411.25px","height":"91.1px","nomeInstancia":"transicao_1_0","classe":"transicao_1_0","nome":"eba05_02_1_0"},{"nome":"eba05_02_1_1","tipo":"personagem","x":"0px","y":"0px","width":"1016px","height":"659px","nomeInstancia":"animaP1","classe":"animaP1"}]},{"desenhos":[{"tipo":"img","x":"679.65px","y":"311.7px","width":"241.2px","height":"43.1px","nomeInstancia":"textConvertido_3_0","classe":"textConvertido_3_0","nome":"eba05_02_3_0"},{"tipo":"img","x":"51.25px","y":"315.05px","width":"593.55px","height":"130.55px","nomeInstancia":"transicao_3_1","classe":"transicao_3_1","nome":"eba05_02_3_1"}]},{"desenhos":[{"tipo":"img","x":"679.65px","y":"381.95px","width":"268.7px","height":"63.65px","nomeInstancia":"textConvertido_4_0","classe":"textConvertido_4_0","nome":"eba05_02_4_0"},{"tipo":"img","x":"679.65px","y":"311.7px","width":"241.2px","height":"43.1px","nomeInstancia":"textConvertido_3_0","classe":"textConvertido_3_0","nome":"eba05_02_3_0"},{"tipo":"img","x":"51.25px","y":"315.05px","width":"593.55px","height":"130.55px","nomeInstancia":"transicao_3_1","classe":"transicao_3_1","nome":"eba05_02_3_1"}]},{"desenhos":[{"tipo":"img","x":"113.8px","y":"255.65px","width":"788.8px","height":"22.55px","nomeInstancia":"textConvertido_5_0","classe":"textConvertido_5_0","nome":"eba05_02_5_0"},{"tipo":"img","x":"114.65px","y":"343.5px","width":"787.1px","height":"173.1px","nomeInstancia":"transicao_5_1","classe":"transicao_5_1","nome":"eba05_02_5_1"}]},{"desenhos":[{"tipo":"img","x":"73.35px","y":"266.15px","width":"315.3px","height":"22.55px","nomeInstancia":"textConvertido_6_0","classe":"textConvertido_6_0","nome":"eba05_02_6_0"},{"tipo":"img","x":"481.15px","y":"325.3px","width":"481.85px","height":"111.3px","nomeInstancia":"transicao_6_1","classe":"transicao_6_1","nome":"eba05_02_6_1"}]},{"desenhos":[{"tipo":"img","x":"73.35px","y":"310.65px","width":"354.2px","height":"63.65px","nomeInstancia":"textConvertido_7_0","classe":"textConvertido_7_0","nome":"eba05_02_7_0"},{"tipo":"img","x":"73.35px","y":"266.15px","width":"315.3px","height":"22.55px","nomeInstancia":"textConvertido_6_0","classe":"textConvertido_6_0","nome":"eba05_02_6_0"},{"tipo":"img","x":"481.15px","y":"325.3px","width":"481.85px","height":"111.3px","nomeInstancia":"transicao_6_1","classe":"transicao_6_1","nome":"eba05_02_6_1"}]},{"desenhos":[{"tipo":"img","x":"73.35px","y":"396.25px","width":"354.2px","height":"84.2px","nomeInstancia":"textConvertido_8_0","classe":"textConvertido_8_0","nome":"eba05_02_8_0"},{"tipo":"img","x":"73.35px","y":"310.65px","width":"354.2px","height":"63.65px","nomeInstancia":"textConvertido_7_0","classe":"textConvertido_7_0","nome":"eba05_02_7_0"},{"tipo":"img","x":"73.35px","y":"266.15px","width":"315.3px","height":"22.55px","nomeInstancia":"textConvertido_6_0","classe":"textConvertido_6_0","nome":"eba05_02_6_0"},{"tipo":"img","x":"481.15px","y":"325.3px","width":"481.85px","height":"111.3px","nomeInstancia":"transicao_6_1","classe":"transicao_6_1","nome":"eba05_02_6_1"}]},{"desenhos":[{"tipo":"img","x":"439.1px","y":"250.2px","width":"369.95px","height":"92px","nomeInstancia":"transicao_9_0","classe":"transicao_9_0","nome":"eba05_02_9_0"},{"nome":"eba05_02_9_1","tipo":"personagem","x":"0px","y":"0px","width":"1016px","height":"659px","nomeInstancia":"animaP9","classe":"animaP9"}]},{"desenhos":[{"tipo":"img","x":"484.9px","y":"336.6px","width":"242.9px","height":"80.55px","nomeInstancia":"transicao_10_0","classe":"transicao_10_0","nome":"eba05_02_10_0"},{"tipo":"img","x":"439.1px","y":"250.2px","width":"369.95px","height":"92px","nomeInstancia":"transicao_9_0","classe":"transicao_9_0","nome":"eba05_02_9_0"},{"nome":"eba05_02_9_1","tipo":"personagem","x":"0px","y":"0px","width":"1016px","height":"659px","nomeInstancia":"animaP9","classe":"animaP9"}]},{"desenhos":[{"tipo":"img","x":"115.15px","y":"355.4px","width":"342.05px","height":"43.1px","nomeInstancia":"textConvertido_11_0","classe":"textConvertido_11_0","nome":"eba05_02_11_0"},{"tipo":"img","x":"115.15px","y":"243.15px","width":"256.8px","height":"72.85px","nomeInstancia":"transicao_11_2","classe":"transicao_11_2","nome":"eba05_02_11_1"},{"tipo":"img","x":"608px","y":"309.5px","width":"237.2px","height":"173.1px","nomeInstancia":"transicao_11_1","classe":"transicao_11_1","nome":"eba05_02_11_2"}]},{"desenhos":[{"tipo":"img","x":"115.15px","y":"418.95px","width":"354.2px","height":"63.65px","nomeInstancia":"textConvertido_12_0","classe":"textConvertido_12_0","nome":"eba05_02_12_0"},{"tipo":"img","x":"115.15px","y":"355.4px","width":"342.05px","height":"43.1px","nomeInstancia":"textConvertido_11_0","classe":"textConvertido_11_0","nome":"eba05_02_11_0"},{"tipo":"img","x":"115.15px","y":"243.15px","width":"256.8px","height":"72.85px","nomeInstancia":"transicao_11_2","classe":"transicao_11_2","nome":"eba05_02_11_1"},{"tipo":"img","x":"608px","y":"309.5px","width":"237.2px","height":"173.1px","nomeInstancia":"transicao_11_1","classe":"transicao_11_1","nome":"eba05_02_11_2"}]},{"desenhos":[{"tipo":"img","x":"269.2px","y":"235.2px","width":"477.6px","height":"43.1px","nomeInstancia":"textConvertido_13_0","classe":"textConvertido_13_0","nome":"eba05_02_13_0"},{"tipo":"img","x":"186.5px","y":"310.5px","width":"643.05px","height":"154.6px","nomeInstancia":"transicao_13_1","classe":"transicao_13_1","nome":"eba05_02_13_1"}]},{"desenhos":[{"tipo":"img","x":"55.6px","y":"283.3px","width":"334.8px","height":"104.75px","nomeInstancia":"textConvertido_14_0","classe":"textConvertido_14_0","nome":"eba05_02_14_0"},{"tipo":"img","x":"55.6px","y":"184.85px","width":"225.95px","height":"72.85px","nomeInstancia":"transicao_14_2","classe":"transicao_14_2","nome":"eba05_02_14_1"},{"tipo":"img","x":"449.9px","y":"325.05px","width":"531.1px","height":"135.45px","nomeInstancia":"transicao_14_1","classe":"transicao_14_1","nome":"eba05_02_14_2"}]},{"desenhos":[{"tipo":"img","x":"55.6px","y":"407.7px","width":"366.95px","height":"63.65px","nomeInstancia":"textConvertido_15_0","classe":"textConvertido_15_0","nome":"eba05_02_15_0"},{"tipo":"img","x":"55.6px","y":"283.3px","width":"334.8px","height":"104.75px","nomeInstancia":"textConvertido_14_0","classe":"textConvertido_14_0","nome":"eba05_02_14_0"},{"tipo":"img","x":"55.6px","y":"184.85px","width":"225.95px","height":"72.85px","nomeInstancia":"transicao_14_2","classe":"transicao_14_2","nome":"eba05_02_14_1"},{"tipo":"img","x":"449.9px","y":"325.05px","width":"531.1px","height":"135.45px","nomeInstancia":"transicao_14_1","classe":"transicao_14_1","nome":"eba05_02_14_2"}]},{"desenhos":[{"tipo":"img","x":"55.6px","y":"491px","width":"366.95px","height":"43.1px","nomeInstancia":"textConvertido_16_0","classe":"textConvertido_16_0","nome":"eba05_02_16_0"},{"tipo":"img","x":"55.6px","y":"407.7px","width":"366.95px","height":"63.65px","nomeInstancia":"textConvertido_15_0","classe":"textConvertido_15_0","nome":"eba05_02_15_0"},{"tipo":"img","x":"55.6px","y":"283.3px","width":"334.8px","height":"104.75px","nomeInstancia":"textConvertido_14_0","classe":"textConvertido_14_0","nome":"eba05_02_14_0"},{"tipo":"img","x":"55.6px","y":"184.85px","width":"225.95px","height":"72.85px","nomeInstancia":"transicao_14_2","classe":"transicao_14_2","nome":"eba05_02_14_1"},{"tipo":"img","x":"449.9px","y":"325.05px","width":"531.1px","height":"135.45px","nomeInstancia":"transicao_14_1","classe":"transicao_14_1","nome":"eba05_02_14_2"}]},{"desenhos":[{"tipo":"img","x":"600.85px","y":"308.35px","width":"370.6px","height":"43.1px","nomeInstancia":"textConvertido_17_0","classe":"textConvertido_17_0","nome":"eba05_02_17_0"},{"nome":"eba05_02_17_1","tipo":"personagem","x":"0px","y":"0px","width":"1016px","height":"659px","nomeInstancia":"animaP17","classe":"animaP17"}]},{"desenhos":[{"tipo":"img","x":"600.85px","y":"380.15px","width":"380.15px","height":"63.65px","nomeInstancia":"textConvertido_18_0","classe":"textConvertido_18_0","nome":"eba05_02_18_0"},{"tipo":"img","x":"600.85px","y":"308.35px","width":"370.6px","height":"43.1px","nomeInstancia":"textConvertido_17_0","classe":"textConvertido_17_0","nome":"eba05_02_17_0"},{"nome":"eba05_02_17_1","tipo":"personagem","x":"0px","y":"0px","width":"1016px","height":"659px","nomeInstancia":"animaP17","classe":"animaP17"}]},{"desenhos":[{"tipo":"img","x":"115.15px","y":"286.85px","width":"370.6px","height":"63.65px","nomeInstancia":"textConvertido_19_0","classe":"textConvertido_19_0","nome":"eba05_02_19_0"},{"tipo":"img","x":"623px","y":"284.4px","width":"228.65px","height":"172.8px","nomeInstancia":"transicao_19_1","classe":"transicao_19_1","nome":"eba05_02_19_1"}]},{"desenhos":[{"tipo":"img","x":"283.95px","y":"191.1px","width":"667.3px","height":"388.15px","nomeInstancia":"telaInfo201570208098106","classe":"telaInfo201570208098106","nome":"eba05_02_20_0"},{"tipo":"img","x":"115.15px","y":"373px","width":"399.5px","height":"84.2px","nomeInstancia":"textConvertido_20_1","classe":"textConvertido_20_1","nome":"eba05_02_20_1"},{"tipo":"img","x":"115.15px","y":"286.85px","width":"370.6px","height":"63.65px","nomeInstancia":"textConvertido_19_0","classe":"textConvertido_19_0","nome":"eba05_02_19_0"},{"tipo":"img","x":"623px","y":"284.4px","width":"228.65px","height":"172.8px","nomeInstancia":"transicao_19_1","classe":"transicao_19_1","nome":"eba05_02_19_1"}]},{"desenhos":[{"tipo":"img","x":"193.75px","y":"299.9px","width":"485.2px","height":"281.4px","nomeInstancia":"vouf_21","classe":"vouf_21","nome":"eba05_02_21_0"},{"tipo":"img","x":"153.7px","y":"273.5px","width":"680.85px","height":"228.05px","nomeInstancia":"textConvertido_21_1","classe":"textConvertido_21_1","nome":"eba05_02_21_1"},{"tipo":"img","x":"392.75px","y":"163.65px","width":"230.5px","height":"78.4px","nomeInstancia":"transicao_21_2","classe":"transicao_21_2","nome":"eba05_02_21_2"}]}]}