{"licao":"elm01_00","topico":"00","telas":[{"desenhos":[{"tipo":"img","x":"416.65px","y":"251.4px","width":"484px","height":"67.7px","nomeInstancia":"MovieClips/transicao_1_0","classe":"transicao_1_0","nome":"elm01_00_1_0"},{"nome":"elm01_00_1_1","tipo":"personagem","x":"0px","y":"0px","width":"1016px","height":"659px","nomeInstancia":"MovieClips/animaP1","classe":"animaP1"}]},{"desenhos":[{"tipo":"img","x":"462.55px","y":"316.35px","width":"458.05px","height":"90.95px","nomeInstancia":"MovieClips/transicao_2_0","classe":"transicao_2_0","nome":"elm01_00_2_0"},{"tipo":"img","x":"416.65px","y":"251.4px","width":"484px","height":"67.7px","nomeInstancia":"MovieClips/transicao_1_0","classe":"transicao_1_0","nome":"elm01_00_1_0"},{"nome":"elm01_00_1_1","tipo":"personagem","x":"0px","y":"0px","width":"1016px","height":"659px","nomeInstancia":"MovieClips/animaP1","classe":"animaP1"}]},{"desenhos":[{"tipo":"img","x":"462.55px","y":"402.1px","width":"442.15px","height":"126.85px","nomeInstancia":"MovieClips/transicao_3_0","classe":"transicao_3_0","nome":"elm01_00_3_0"},{"tipo":"img","x":"462.55px","y":"316.35px","width":"458.05px","height":"90.95px","nomeInstancia":"MovieClips/transicao_2_0","classe":"transicao_2_0","nome":"elm01_00_2_0"},{"tipo":"img","x":"416.65px","y":"251.4px","width":"484px","height":"67.7px","nomeInstancia":"MovieClips/transicao_1_0","classe":"transicao_1_0","nome":"elm01_00_1_0"},{"nome":"elm01_00_1_1","tipo":"personagem","x":"0px","y":"0px","width":"1016px","height":"659px","nomeInstancia":"MovieClips/animaP1","classe":"animaP1"}]},{"desenhos":[{"tipo":"img","x":"114.5px","y":"274.25px","width":"441.45px","height":"67.7px","nomeInstancia":"MovieClips/transicao_4_0","classe":"transicao_4_0","nome":"elm01_00_4_0"},{"nome":"elm01_00_4_1","tipo":"personagem","x":"0px","y":"0px","width":"1016px","height":"659px","nomeInstancia":"MovieClips/animaP4","classe":"animaP4"}]},{"desenhos":[{"tipo":"img","x":"160.55px","y":"337.35px","width":"338.55px","height":"90.95px","nomeInstancia":"MovieClips/transicao_5_0","classe":"transicao_5_0","nome":"elm01_00_5_0"},{"tipo":"img","x":"114.5px","y":"274.25px","width":"441.45px","height":"67.7px","nomeInstancia":"MovieClips/transicao_4_0","classe":"transicao_4_0","nome":"elm01_00_4_0"},{"nome":"elm01_00_4_1","tipo":"personagem","x":"0px","y":"0px","width":"1016px","height":"659px","nomeInstancia":"MovieClips/animaP4","classe":"animaP4"}]},{"desenhos":[{"tipo":"img","x":"532px","y":"248.05px","width":"390px","height":"104.75px","nomeInstancia":"MovieClips/textConvertido_6_0","classe":"textConvertido_6_0","nome":"elm01_00_6_0"},{"nome":"elm01_00_6_1","tipo":"png","x":"0px","y":"0px","width":"1016px","height":"659px","nomeInstancia":"MovieClips/anima6","classe":"anima6"}]},{"desenhos":[{"tipo":"img","x":"532px","y":"376px","width":"390px","height":"84.2px","nomeInstancia":"MovieClips/textConvertido_7_0","classe":"textConvertido_7_0","nome":"elm01_00_7_0"},{"tipo":"img","x":"532px","y":"248.05px","width":"390px","height":"104.75px","nomeInstancia":"MovieClips/textConvertido_6_0","classe":"textConvertido_6_0","nome":"elm01_00_6_0"},{"nome":"elm01_00_6_1","tipo":"png","x":"0px","y":"0px","width":"1016px","height":"659px","nomeInstancia":"MovieClips/anima6","classe":"anima6"}]},{"desenhos":[{"tipo":"img","x":"98.4px","y":"273.2px","width":"420.5px","height":"87px","nomeInstancia":"MovieClips/transicao_8_0","classe":"transicao_8_0","nome":"elm01_00_8_0"},{"nome":"elm01_00_8_1","tipo":"personagem","x":"0px","y":"0px","width":"1016px","height":"659px","nomeInstancia":"MovieClips/animaP8","classe":"animaP8"}]},{"desenhos":[{"tipo":"img","x":"144.35px","y":"357.2px","width":"314.75px","height":"90.95px","nomeInstancia":"MovieClips/transicao_9_0","classe":"transicao_9_0","nome":"elm01_00_9_0"},{"tipo":"img","x":"98.4px","y":"273.2px","width":"420.5px","height":"87px","nomeInstancia":"MovieClips/transicao_8_0","classe":"transicao_8_0","nome":"elm01_00_8_0"},{"nome":"elm01_00_8_1","tipo":"personagem","x":"0px","y":"0px","width":"1016px","height":"659px","nomeInstancia":"MovieClips/animaP8","classe":"animaP8"}]},{"desenhos":[{"tipo":"img","x":"231.25px","y":"192.05px","width":"553.5px","height":"274.95px","nomeInstancia":"MovieClips/transicao_10_0","classe":"transicao_10_0","nome":"elm01_00_10_0"}]}]}