{"licao":"eli05_00","topico":"00","telas":[{"desenhos":[{"tipo":"img","x":"150.4px","y":"150.35px","width":"503px","height":"151.7px","nomeInstancia":"MovieClips/transicao_1_0","classe":"transicao_1_0","nome":"eli05_00_1_0"},{"nome":"eli05_00_1_1","tipo":"personagem","x":"0px","y":"0px","width":"1016px","height":"659px","nomeInstancia":"MovieClips/animaP01","classe":"animaP01"}]},{"desenhos":[{"tipo":"img","x":"228.3px","y":"297.85px","width":"380.5px","height":"104.4px","nomeInstancia":"MovieClips/transicao_2_0","classe":"transicao_2_0","nome":"eli05_00_2_0"},{"tipo":"img","x":"150.4px","y":"150.35px","width":"503px","height":"151.7px","nomeInstancia":"MovieClips/transicao_1_0","classe":"transicao_1_0","nome":"eli05_00_1_0"},{"nome":"eli05_00_1_1","tipo":"personagem","x":"0px","y":"0px","width":"1016px","height":"659px","nomeInstancia":"MovieClips/animaP01","classe":"animaP01"}]},{"desenhos":[{"tipo":"img","x":"178.5px","y":"399.1px","width":"430.3px","height":"122.55px","nomeInstancia":"MovieClips/transicao_3_0","classe":"transicao_3_0","nome":"eli05_00_3_0"},{"tipo":"img","x":"228.3px","y":"297.85px","width":"380.5px","height":"104.4px","nomeInstancia":"MovieClips/transicao_2_0","classe":"transicao_2_0","nome":"eli05_00_2_0"},{"tipo":"img","x":"150.4px","y":"150.35px","width":"503px","height":"151.7px","nomeInstancia":"MovieClips/transicao_1_0","classe":"transicao_1_0","nome":"eli05_00_1_0"},{"nome":"eli05_00_1_1","tipo":"personagem","x":"0px","y":"0px","width":"1016px","height":"659px","nomeInstancia":"MovieClips/animaP01","classe":"animaP01"}]},{"desenhos":[{"tipo":"img","x":"429.3px","y":"244.4px","width":"483.4px","height":"113.3px","nomeInstancia":"MovieClips/transicao_4_0","classe":"transicao_4_0","nome":"eli05_00_4_0"},{"nome":"eli05_00_4_1","tipo":"personagem","x":"0px","y":"0px","width":"1016px","height":"659px","nomeInstancia":"MovieClips/animaP04","classe":"animaP04"}]},{"desenhos":[{"tipo":"img","x":"469.3px","y":"353.5px","width":"441.3px","height":"100.15px","nomeInstancia":"MovieClips/transicao_5_0","classe":"transicao_5_0","nome":"eli05_00_5_0"},{"tipo":"img","x":"429.3px","y":"244.4px","width":"483.4px","height":"113.3px","nomeInstancia":"MovieClips/transicao_4_0","classe":"transicao_4_0","nome":"eli05_00_4_0"},{"nome":"eli05_00_4_1","tipo":"personagem","x":"0px","y":"0px","width":"1016px","height":"659px","nomeInstancia":"MovieClips/animaP04","classe":"animaP04"}]}]}