{"licao":"eli05_03","topico":"03","telas":[{"desenhos":[{"tipo":"img","x":"65px","y":"257.9px","width":"371.4px","height":"125.3px","nomeInstancia":"MovieClips/textConvertido_1_0","classe":"textConvertido_1_0","nome":"eli05_03_1_0"},{"tipo":"img","x":"493.1px","y":"261.55px","width":"463.55px","height":"200.85px","nomeInstancia":"MovieClips/transicao_1_1","classe":"transicao_1_1","nome":"eli05_03_1_1"}]},{"desenhos":[{"tipo":"img","x":"65px","y":"398.75px","width":"376.6px","height":"63.65px","nomeInstancia":"MovieClips/textConvertido_2_0","classe":"textConvertido_2_0","nome":"eli05_03_2_0"},{"tipo":"img","x":"65px","y":"257.9px","width":"371.4px","height":"125.3px","nomeInstancia":"MovieClips/textConvertido_1_0","classe":"textConvertido_1_0","nome":"eli05_03_1_0"},{"tipo":"img","x":"493.1px","y":"261.55px","width":"463.55px","height":"200.85px","nomeInstancia":"MovieClips/transicao_1_1","classe":"transicao_1_1","nome":"eli05_03_1_1"}]},{"desenhos":[{"tipo":"img","x":"620.2px","y":"288.25px","width":"297.55px","height":"63.65px","nomeInstancia":"MovieClips/textConvertido_3_0","classe":"textConvertido_3_0","nome":"eli05_03_3_0"},{"tipo":"img","x":"39.05px","y":"265.25px","width":"522.05px","height":"226.1px","nomeInstancia":"MovieClips/transicao_3_1","classe":"transicao_3_1","nome":"eli05_03_3_1"}]},{"desenhos":[{"tipo":"img","x":"620.2px","y":"366.45px","width":"319.5px","height":"104.75px","nomeInstancia":"MovieClips/textConvertido_4_0","classe":"textConvertido_4_0","nome":"eli05_03_4_0"},{"tipo":"img","x":"620.2px","y":"288.25px","width":"297.55px","height":"63.65px","nomeInstancia":"MovieClips/textConvertido_3_0","classe":"textConvertido_3_0","nome":"eli05_03_3_0"},{"tipo":"img","x":"39.05px","y":"265.25px","width":"522.05px","height":"226.1px","nomeInstancia":"MovieClips/transicao_3_1","classe":"transicao_3_1","nome":"eli05_03_3_1"}]},{"desenhos":[{"tipo":"img","x":"89.6px","y":"291.45px","width":"289.85px","height":"43.1px","nomeInstancia":"MovieClips/textConvertido_5_0","classe":"textConvertido_5_0","nome":"eli05_03_5_0"},{"tipo":"img","x":"516.5px","y":"180.15px","width":"441.15px","height":"374.35px","nomeInstancia":"MovieClips/transicao_5_1","classe":"transicao_5_1","nome":"eli05_03_5_1"}]},{"desenhos":[{"tipo":"img","x":"89.6px","y":"353.4px","width":"333.75px","height":"63.65px","nomeInstancia":"MovieClips/textConvertido_6_0","classe":"textConvertido_6_0","nome":"eli05_03_6_0"},{"tipo":"img","x":"89.6px","y":"291.45px","width":"289.85px","height":"43.1px","nomeInstancia":"MovieClips/textConvertido_5_0","classe":"textConvertido_5_0","nome":"eli05_03_5_0"},{"tipo":"img","x":"516.5px","y":"180.15px","width":"441.15px","height":"374.35px","nomeInstancia":"MovieClips/transicao_5_1","classe":"transicao_5_1","nome":"eli05_03_5_1"}]},{"desenhos":[{"tipo":"img","x":"89.6px","y":"435.9px","width":"323.3px","height":"63.65px","nomeInstancia":"MovieClips/textConvertido_7_0","classe":"textConvertido_7_0","nome":"eli05_03_7_0"},{"tipo":"img","x":"89.6px","y":"353.4px","width":"333.75px","height":"63.65px","nomeInstancia":"MovieClips/textConvertido_6_0","classe":"textConvertido_6_0","nome":"eli05_03_6_0"},{"tipo":"img","x":"89.6px","y":"291.45px","width":"289.85px","height":"43.1px","nomeInstancia":"MovieClips/textConvertido_5_0","classe":"textConvertido_5_0","nome":"eli05_03_5_0"},{"tipo":"img","x":"516.5px","y":"180.15px","width":"441.15px","height":"374.35px","nomeInstancia":"MovieClips/transicao_5_1","classe":"transicao_5_1","nome":"eli05_03_5_1"}]},{"desenhos":[{"tipo":"img","x":"537.65px","y":"303.95px","width":"368.6px","height":"63.65px","nomeInstancia":"MovieClips/textConvertido_8_0","classe":"textConvertido_8_0","nome":"eli05_03_8_0"},{"tipo":"img","x":"45.8px","y":"172.25px","width":"451px","height":"382.75px","nomeInstancia":"MovieClips/transicao_8_1","classe":"transicao_8_1","nome":"eli05_03_8_1"}]},{"desenhos":[{"tipo":"img","x":"537.65px","y":"391.15px","width":"368.6px","height":"43.1px","nomeInstancia":"MovieClips/textConvertido_9_0","classe":"textConvertido_9_0","nome":"eli05_03_9_0"},{"tipo":"img","x":"537.65px","y":"303.95px","width":"368.6px","height":"63.65px","nomeInstancia":"MovieClips/textConvertido_8_0","classe":"textConvertido_8_0","nome":"eli05_03_8_0"},{"tipo":"img","x":"45.8px","y":"172.25px","width":"451px","height":"382.75px","nomeInstancia":"MovieClips/transicao_8_1","classe":"transicao_8_1","nome":"eli05_03_8_1"}]},{"desenhos":[{"tipo":"img","x":"247.6px","y":"195.25px","width":"520.85px","height":"43.1px","nomeInstancia":"MovieClips/textConvertido_10_0","classe":"textConvertido_10_0","nome":"eli05_03_10_0"},{"tipo":"img","x":"285.15px","y":"317.6px","width":"445.75px","height":"79.6px","nomeInstancia":"MovieClips/transicao_10_1","classe":"transicao_10_1","nome":"eli05_03_10_1"}]},{"desenhos":[{"tipo":"img","x":"535.1px","y":"301.9px","width":"236.25px","height":"79.6px","nomeInstancia":"MovieClips/transicao_11_2","classe":"transicao_11_2","nome":"eli05_03_11_0"},{"tipo":"img","x":"227.2px","y":"293.45px","width":"426px","height":"22.55px","nomeInstancia":"MovieClips/textConvertido_11_1","classe":"textConvertido_11_1","nome":"eli05_03_11_1"},{"tipo":"img","x":"227.2px","y":"341.7px","width":"426px","height":"22.55px","nomeInstancia":"MovieClips/textConvertido_11_0","classe":"textConvertido_11_0","nome":"eli05_03_11_2"}]},{"desenhos":[{"tipo":"img","x":"535.1px","y":"391.6px","width":"190.2px","height":"79.6px","nomeInstancia":"MovieClips/transicao_12_1","classe":"transicao_12_1","nome":"eli05_03_12_0"},{"tipo":"img","x":"227.2px","y":"414.85px","width":"426px","height":"22.55px","nomeInstancia":"MovieClips/textConvertido_12_0","classe":"textConvertido_12_0","nome":"eli05_03_12_1"},{"tipo":"img","x":"535.1px","y":"301.9px","width":"236.25px","height":"79.6px","nomeInstancia":"MovieClips/transicao_11_2","classe":"transicao_11_2","nome":"eli05_03_11_0"},{"tipo":"img","x":"227.2px","y":"293.45px","width":"426px","height":"22.55px","nomeInstancia":"MovieClips/textConvertido_11_1","classe":"textConvertido_11_1","nome":"eli05_03_11_1"},{"tipo":"img","x":"227.2px","y":"341.7px","width":"426px","height":"22.55px","nomeInstancia":"MovieClips/textConvertido_11_0","classe":"textConvertido_11_0","nome":"eli05_03_11_2"}]},{"desenhos":[{"tipo":"img","x":"76px","y":"250.6px","width":"373.5px","height":"104.75px","nomeInstancia":"MovieClips/textConvertido_13_0","classe":"textConvertido_13_0","nome":"eli05_03_13_0"},{"tipo":"img","x":"547.4px","y":"142.35px","width":"385.7px","height":"436.4px","nomeInstancia":"MovieClips/transicao_13_1","classe":"transicao_13_1","nome":"eli05_03_13_1"}]},{"desenhos":[{"tipo":"img","x":"76px","y":"372.65px","width":"368.25px","height":"63.65px","nomeInstancia":"MovieClips/textConvertido_14_0","classe":"textConvertido_14_0","nome":"eli05_03_14_0"},{"tipo":"img","x":"76px","y":"250.6px","width":"373.5px","height":"104.75px","nomeInstancia":"MovieClips/textConvertido_13_0","classe":"textConvertido_13_0","nome":"eli05_03_13_0"},{"tipo":"img","x":"547.4px","y":"142.35px","width":"385.7px","height":"436.4px","nomeInstancia":"MovieClips/transicao_13_1","classe":"transicao_13_1","nome":"eli05_03_13_1"}]},{"desenhos":[{"tipo":"img","x":"76px","y":"453.6px","width":"373.5px","height":"43.1px","nomeInstancia":"MovieClips/textConvertido_15_0","classe":"textConvertido_15_0","nome":"eli05_03_15_0"},{"tipo":"img","x":"76px","y":"372.65px","width":"368.25px","height":"63.65px","nomeInstancia":"MovieClips/textConvertido_14_0","classe":"textConvertido_14_0","nome":"eli05_03_14_0"},{"tipo":"img","x":"76px","y":"250.6px","width":"373.5px","height":"104.75px","nomeInstancia":"MovieClips/textConvertido_13_0","classe":"textConvertido_13_0","nome":"eli05_03_13_0"},{"tipo":"img","x":"547.4px","y":"142.35px","width":"385.7px","height":"436.4px","nomeInstancia":"MovieClips/transicao_13_1","classe":"transicao_13_1","nome":"eli05_03_13_1"}]},{"desenhos":[{"tipo":"img","x":"530.35px","y":"242.25px","width":"384.3px","height":"43.1px","nomeInstancia":"MovieClips/textConvertido_16_0","classe":"textConvertido_16_0","nome":"eli05_03_16_0"},{"tipo":"img","x":"47.65px","y":"320.75px","width":"445.75px","height":"79.6px","nomeInstancia":"MovieClips/transicao_16_1","classe":"transicao_16_1","nome":"eli05_03_16_1"}]},{"desenhos":[{"tipo":"img","x":"530.35px","y":"303.7px","width":"408.35px","height":"43.1px","nomeInstancia":"MovieClips/textConvertido_17_0","classe":"textConvertido_17_0","nome":"eli05_03_17_0"},{"tipo":"img","x":"530.35px","y":"242.25px","width":"384.3px","height":"43.1px","nomeInstancia":"MovieClips/textConvertido_16_0","classe":"textConvertido_16_0","nome":"eli05_03_16_0"},{"tipo":"img","x":"47.65px","y":"320.75px","width":"445.75px","height":"79.6px","nomeInstancia":"MovieClips/transicao_16_1","classe":"transicao_16_1","nome":"eli05_03_16_1"}]},{"desenhos":[{"tipo":"img","x":"80.5px","y":"161.45px","width":"818.8px","height":"408.7px","nomeInstancia":"MovieClips/telaInfo18","classe":"telaInfo18","nome":"eli05_03_18_0"},{"tipo":"img","x":"530.35px","y":"365.15px","width":"402.05px","height":"125.3px","nomeInstancia":"MovieClips/textConvertido_18_1","classe":"textConvertido_18_1","nome":"eli05_03_18_1"},{"tipo":"img","x":"530.35px","y":"303.7px","width":"408.35px","height":"43.1px","nomeInstancia":"MovieClips/textConvertido_17_0","classe":"textConvertido_17_0","nome":"eli05_03_17_0"},{"tipo":"img","x":"530.35px","y":"242.25px","width":"384.3px","height":"43.1px","nomeInstancia":"MovieClips/textConvertido_16_0","classe":"textConvertido_16_0","nome":"eli05_03_16_0"},{"tipo":"img","x":"47.65px","y":"320.75px","width":"445.75px","height":"79.6px","nomeInstancia":"MovieClips/transicao_16_1","classe":"transicao_16_1","nome":"eli05_03_16_1"}]},{"desenhos":[{"tipo":"img","x":"76px","y":"215.1px","width":"298.2px","height":"43.1px","nomeInstancia":"MovieClips/textConvertido_19_1","classe":"textConvertido_19_1","nome":"eli05_03_19_0"},{"tipo":"img","x":"76px","y":"286px","width":"426px","height":"63.65px","nomeInstancia":"MovieClips/textConvertido_19_0","classe":"textConvertido_19_0","nome":"eli05_03_19_1"},{"tipo":"img","x":"567.85px","y":"173.2px","width":"378.5px","height":"383.15px","nomeInstancia":"MovieClips/transicao_19_2","classe":"transicao_19_2","nome":"eli05_03_19_2"}]},{"desenhos":[{"tipo":"img","x":"76px","y":"366.45px","width":"402.75px","height":"84.2px","nomeInstancia":"MovieClips/textConvertido_20_0","classe":"textConvertido_20_0","nome":"eli05_03_20_0"},{"tipo":"img","x":"76px","y":"215.1px","width":"298.2px","height":"43.1px","nomeInstancia":"MovieClips/textConvertido_19_1","classe":"textConvertido_19_1","nome":"eli05_03_19_0"},{"tipo":"img","x":"76px","y":"286px","width":"426px","height":"63.65px","nomeInstancia":"MovieClips/textConvertido_19_0","classe":"textConvertido_19_0","nome":"eli05_03_19_1"},{"tipo":"img","x":"567.85px","y":"173.2px","width":"378.5px","height":"383.15px","nomeInstancia":"MovieClips/transicao_19_2","classe":"transicao_19_2","nome":"eli05_03_19_2"}]},{"desenhos":[{"tipo":"img","x":"76px","y":"467.45px","width":"426px","height":"43.1px","nomeInstancia":"MovieClips/textConvertido_21_0","classe":"textConvertido_21_0","nome":"eli05_03_21_0"},{"tipo":"img","x":"76px","y":"366.45px","width":"402.75px","height":"84.2px","nomeInstancia":"MovieClips/textConvertido_20_0","classe":"textConvertido_20_0","nome":"eli05_03_20_0"},{"tipo":"img","x":"76px","y":"215.1px","width":"298.2px","height":"43.1px","nomeInstancia":"MovieClips/textConvertido_19_1","classe":"textConvertido_19_1","nome":"eli05_03_19_0"},{"tipo":"img","x":"76px","y":"286px","width":"426px","height":"63.65px","nomeInstancia":"MovieClips/textConvertido_19_0","classe":"textConvertido_19_0","nome":"eli05_03_19_1"},{"tipo":"img","x":"567.85px","y":"173.2px","width":"378.5px","height":"383.15px","nomeInstancia":"MovieClips/transicao_19_2","classe":"transicao_19_2","nome":"eli05_03_19_2"}]},{"desenhos":[{"tipo":"img","x":"555.3px","y":"320.4px","width":"384.65px","height":"84.2px","nomeInstancia":"MovieClips/textConvertido_22_0","classe":"textConvertido_22_0","nome":"eli05_03_22_0"},{"tipo":"img","x":"115.5px","y":"167.8px","width":"359.8px","height":"389.45px","nomeInstancia":"MovieClips/transicao_22_1","classe":"transicao_22_1","nome":"eli05_03_22_1"}]},{"desenhos":[{"tipo":"img","x":"80.2px","y":"215.5px","width":"868.05px","height":"377.95px","nomeInstancia":"MovieClips/opcoes23","classe":"opcoes23","nome":"eli05_03_23_0"},{"tipo":"img","x":"80.2px","y":"246.6px","width":"778.85px","height":"289.7px","nomeInstancia":"MovieClips/textConvertido_23_1","classe":"textConvertido_23_1","nome":"eli05_03_23_1"},{"tipo":"img","x":"80.2px","y":"126.1px","width":"214.45px","height":"91.7px","nomeInstancia":"MovieClips/transicao_23_2","classe":"transicao_23_2","nome":"eli05_03_23_2"}]},{"desenhos":[{"tipo":"img","x":"625.15px","y":"256.1px","width":"290.55px","height":"43.1px","nomeInstancia":"MovieClips/textConvertido_24_1","classe":"textConvertido_24_1","nome":"eli05_03_24_0"},{"tipo":"img","x":"625.15px","y":"316.85px","width":"312.95px","height":"63.65px","nomeInstancia":"MovieClips/textConvertido_24_0","classe":"textConvertido_24_0","nome":"eli05_03_24_1"},{"tipo":"img","x":"43.7px","y":"253.45px","width":"529.8px","height":"244.75px","nomeInstancia":"MovieClips/transicao_24_2","classe":"transicao_24_2","nome":"eli05_03_24_2"}]},{"desenhos":[{"tipo":"img","x":"625.15px","y":"393.45px","width":"314.15px","height":"104.75px","nomeInstancia":"MovieClips/textConvertido_25_0","classe":"textConvertido_25_0","nome":"eli05_03_25_0"},{"tipo":"img","x":"625.15px","y":"256.1px","width":"290.55px","height":"43.1px","nomeInstancia":"MovieClips/textConvertido_24_1","classe":"textConvertido_24_1","nome":"eli05_03_24_0"},{"tipo":"img","x":"625.15px","y":"316.85px","width":"312.95px","height":"63.65px","nomeInstancia":"MovieClips/textConvertido_24_0","classe":"textConvertido_24_0","nome":"eli05_03_24_1"},{"tipo":"img","x":"43.7px","y":"253.45px","width":"529.8px","height":"244.75px","nomeInstancia":"MovieClips/transicao_24_2","classe":"transicao_24_2","nome":"eli05_03_24_2"}]},{"desenhos":[{"tipo":"img","x":"42.95px","y":"241.9px","width":"332.3px","height":"63.65px","nomeInstancia":"MovieClips/textConvertido_26_0","classe":"textConvertido_26_0","nome":"eli05_03_26_0"},{"tipo":"img","x":"462.6px","y":"241.9px","width":"510.9px","height":"238.35px","nomeInstancia":"MovieClips/transicao_26_1","classe":"transicao_26_1","nome":"eli05_03_26_1"}]},{"desenhos":[{"tipo":"img","x":"42.95px","y":"323.45px","width":"377.15px","height":"104.75px","nomeInstancia":"MovieClips/textConvertido_27_0","classe":"textConvertido_27_0","nome":"eli05_03_27_0"},{"tipo":"img","x":"42.95px","y":"241.9px","width":"332.3px","height":"63.65px","nomeInstancia":"MovieClips/textConvertido_26_0","classe":"textConvertido_26_0","nome":"eli05_03_26_0"},{"tipo":"img","x":"462.6px","y":"241.9px","width":"510.9px","height":"238.35px","nomeInstancia":"MovieClips/transicao_26_1","classe":"transicao_26_1","nome":"eli05_03_26_1"}]},{"desenhos":[{"tipo":"img","x":"42.95px","y":"446.1px","width":"394.85px","height":"63.65px","nomeInstancia":"MovieClips/textConvertido_28_0","classe":"textConvertido_28_0","nome":"eli05_03_28_0"},{"tipo":"img","x":"42.95px","y":"323.45px","width":"377.15px","height":"104.75px","nomeInstancia":"MovieClips/textConvertido_27_0","classe":"textConvertido_27_0","nome":"eli05_03_27_0"},{"tipo":"img","x":"42.95px","y":"241.9px","width":"332.3px","height":"63.65px","nomeInstancia":"MovieClips/textConvertido_26_0","classe":"textConvertido_26_0","nome":"eli05_03_26_0"},{"tipo":"img","x":"462.6px","y":"241.9px","width":"510.9px","height":"238.35px","nomeInstancia":"MovieClips/transicao_26_1","classe":"transicao_26_1","nome":"eli05_03_26_1"}]},{"desenhos":[{"tipo":"img","x":"530.7px","y":"253.7px","width":"377.95px","height":"104.75px","nomeInstancia":"MovieClips/textConvertido_29_0","classe":"textConvertido_29_0","nome":"eli05_03_29_0"},{"tipo":"img","x":"90.15px","y":"134px","width":"356.45px","height":"460.65px","nomeInstancia":"MovieClips/transicao_29_1","classe":"transicao_29_1","nome":"eli05_03_29_1"}]},{"desenhos":[{"tipo":"img","x":"530.7px","y":"377.9px","width":"400.35px","height":"104.75px","nomeInstancia":"MovieClips/textConvertido_30_0","classe":"textConvertido_30_0","nome":"eli05_03_30_0"},{"tipo":"img","x":"530.7px","y":"253.7px","width":"377.95px","height":"104.75px","nomeInstancia":"MovieClips/textConvertido_29_0","classe":"textConvertido_29_0","nome":"eli05_03_29_0"},{"tipo":"img","x":"90.15px","y":"134px","width":"356.45px","height":"460.65px","nomeInstancia":"MovieClips/transicao_29_1","classe":"transicao_29_1","nome":"eli05_03_29_1"}]},{"desenhos":[{"tipo":"img","x":"103.75px","y":"199.4px","width":"871.5px","height":"353.7px","nomeInstancia":"MovieClips/jogoLabirinto31","classe":"jogoLabirinto31","nome":"eli05_03_31_0"},{"tipo":"img","x":"46.85px","y":"302.75px","width":"243.45px","height":"125.3px","nomeInstancia":"MovieClips/textConvertido_31_1","classe":"textConvertido_31_1","nome":"eli05_03_31_1"},{"tipo":"img","x":"46.85px","y":"164.65px","width":"214.45px","height":"91.7px","nomeInstancia":"MovieClips/transicao_31_2","classe":"transicao_31_2","nome":"eli05_03_31_2"}]}]}