{"licao":"eli05_04","topico":"04","telas":[{"desenhos":[{"tipo":"img","x":"222.3px","y":"177px","width":"354.3px","height":"106.05px","nomeInstancia":"MovieClips/transicao_1_0","classe":"transicao_1_0","nome":"eli05_04_1_0"},{"nome":"eli05_04_1_1","tipo":"personagem","x":"0px","y":"0px","width":"1016px","height":"659px","nomeInstancia":"MovieClips/animaP01","classe":"animaP01"}]},{"desenhos":[{"tipo":"img","x":"157.5px","y":"278.85px","width":"375.55px","height":"120.1px","nomeInstancia":"MovieClips/transicao_2_0","classe":"transicao_2_0","nome":"eli05_04_2_0"},{"tipo":"img","x":"222.3px","y":"177px","width":"354.3px","height":"106.05px","nomeInstancia":"MovieClips/transicao_1_0","classe":"transicao_1_0","nome":"eli05_04_1_0"},{"nome":"eli05_04_1_1","tipo":"personagem","x":"0px","y":"0px","width":"1016px","height":"659px","nomeInstancia":"MovieClips/animaP01","classe":"animaP01"}]},{"desenhos":[{"tipo":"img","x":"500px","y":"240.1px","width":"364.15px","height":"43.1px","nomeInstancia":"MovieClips/textConvertido_3_0","classe":"textConvertido_3_0","nome":"eli05_04_3_0"},{"tipo":"img","x":"93.1px","y":"171px","width":"344.8px","height":"386.05px","nomeInstancia":"MovieClips/transicao_3_1","classe":"transicao_3_1","nome":"eli05_04_3_1"}]},{"desenhos":[{"tipo":"img","x":"500px","y":"315.2px","width":"413.05px","height":"145.85px","nomeInstancia":"MovieClips/textConvertido_4_0","classe":"textConvertido_4_0","nome":"eli05_04_4_0"},{"tipo":"img","x":"500px","y":"240.1px","width":"364.15px","height":"43.1px","nomeInstancia":"MovieClips/textConvertido_3_0","classe":"textConvertido_3_0","nome":"eli05_04_3_0"},{"tipo":"img","x":"93.1px","y":"171px","width":"344.8px","height":"386.05px","nomeInstancia":"MovieClips/transicao_3_1","classe":"transicao_3_1","nome":"eli05_04_3_1"}]},{"desenhos":[{"tipo":"img","x":"84.05px","y":"212.55px","width":"683.55px","height":"371px","nomeInstancia":"MovieClips/telaInfo05","classe":"telaInfo05","nome":"eli05_04_5_0"},{"tipo":"img","x":"112.6px","y":"295.1px","width":"365.25px","height":"145.85px","nomeInstancia":"MovieClips/textConvertido_5_1","classe":"textConvertido_5_1","nome":"eli05_04_5_1"},{"tipo":"img","x":"552.65px","y":"171px","width":"344.8px","height":"386.05px","nomeInstancia":"MovieClips/transicao_5_2","classe":"transicao_5_2","nome":"eli05_04_5_2"}]},{"desenhos":[{"tipo":"img","x":"489px","y":"273.1px","width":"461.95px","height":"104.75px","nomeInstancia":"MovieClips/textConvertido_6_0","classe":"textConvertido_6_0","nome":"eli05_04_6_0"},{"tipo":"img","x":"48.8px","y":"188.1px","width":"384.5px","height":"344.95px","nomeInstancia":"MovieClips/transicao_6_1","classe":"transicao_6_1","nome":"eli05_04_6_1"}]},{"desenhos":[{"tipo":"img","x":"489px","y":"408.4px","width":"466.85px","height":"63.65px","nomeInstancia":"MovieClips/textConvertido_7_0","classe":"textConvertido_7_0","nome":"eli05_04_7_0"},{"tipo":"img","x":"489px","y":"273.1px","width":"461.95px","height":"104.75px","nomeInstancia":"MovieClips/textConvertido_6_0","classe":"textConvertido_6_0","nome":"eli05_04_6_0"},{"tipo":"img","x":"48.8px","y":"188.1px","width":"384.5px","height":"344.95px","nomeInstancia":"MovieClips/transicao_6_1","classe":"transicao_6_1","nome":"eli05_04_6_1"}]},{"desenhos":[{"tipo":"img","x":"158.25px","y":"212.55px","width":"770.2px","height":"363.6px","nomeInstancia":"MovieClips/telaInfo08","classe":"telaInfo08","nome":"eli05_04_8_0"},{"tipo":"img","x":"96.8px","y":"248.7px","width":"498.2px","height":"171.95px","nomeInstancia":"MovieClips/transicao_8_1","classe":"transicao_8_1","nome":"eli05_04_8_1"},{"nome":"eli05_04_8_2","tipo":"personagem","x":"0px","y":"0px","width":"1016px","height":"659px","nomeInstancia":"MovieClips/animaP08","classe":"animaP08"}]},{"desenhos":[{"tipo":"img","x":"545.25px","y":"249.9px","width":"376.4px","height":"125.3px","nomeInstancia":"MovieClips/textConvertido_9_0","classe":"textConvertido_9_0","nome":"eli05_04_9_0"},{"tipo":"img","x":"79.7px","y":"174.45px","width":"376.5px","height":"400.3px","nomeInstancia":"MovieClips/transicao_9_1","classe":"transicao_9_1","nome":"eli05_04_9_1"}]},{"desenhos":[{"tipo":"img","x":"545.25px","y":"403.5px","width":"382.5px","height":"84.2px","nomeInstancia":"MovieClips/textConvertido_10_0","classe":"textConvertido_10_0","nome":"eli05_04_10_0"},{"tipo":"img","x":"545.25px","y":"249.9px","width":"376.4px","height":"125.3px","nomeInstancia":"MovieClips/textConvertido_9_0","classe":"textConvertido_9_0","nome":"eli05_04_9_0"},{"tipo":"img","x":"79.7px","y":"174.45px","width":"376.5px","height":"400.3px","nomeInstancia":"MovieClips/transicao_9_1","classe":"transicao_9_1","nome":"eli05_04_9_1"}]},{"desenhos":[{"tipo":"img","x":"200.1px","y":"148.5px","width":"615.8px","height":"362.05px","nomeInstancia":"MovieClips/destaque_49_1","classe":"destaque_49_1","nome":"eli05_04_11_0"},{"tipo":"img","x":"545.25px","y":"403.5px","width":"382.5px","height":"84.2px","nomeInstancia":"MovieClips/textConvertido_10_0","classe":"textConvertido_10_0","nome":"eli05_04_10_0"},{"tipo":"img","x":"545.25px","y":"249.9px","width":"376.4px","height":"125.3px","nomeInstancia":"MovieClips/textConvertido_9_0","classe":"textConvertido_9_0","nome":"eli05_04_9_0"},{"tipo":"img","x":"79.7px","y":"174.45px","width":"376.5px","height":"400.3px","nomeInstancia":"MovieClips/transicao_9_1","classe":"transicao_9_1","nome":"eli05_04_9_1"}]},{"desenhos":[{"tipo":"img","x":"98px","y":"262.1px","width":"426px","height":"63.65px","nomeInstancia":"MovieClips/textConvertido_12_0","classe":"textConvertido_12_0","nome":"eli05_04_12_0"},{"tipo":"img","x":"572.9px","y":"179.3px","width":"344.8px","height":"378.55px","nomeInstancia":"MovieClips/transicao_12_1","classe":"transicao_12_1","nome":"eli05_04_12_1"}]},{"desenhos":[{"tipo":"img","x":"98px","y":"355.3px","width":"382.4px","height":"104.75px","nomeInstancia":"MovieClips/textConvertido_13_0","classe":"textConvertido_13_0","nome":"eli05_04_13_0"},{"tipo":"img","x":"98px","y":"262.1px","width":"426px","height":"63.65px","nomeInstancia":"MovieClips/textConvertido_12_0","classe":"textConvertido_12_0","nome":"eli05_04_12_0"},{"tipo":"img","x":"572.9px","y":"179.3px","width":"344.8px","height":"378.55px","nomeInstancia":"MovieClips/transicao_12_1","classe":"transicao_12_1","nome":"eli05_04_12_1"}]},{"desenhos":[{"tipo":"img","x":"500px","y":"316.2px","width":"426px","height":"104.75px","nomeInstancia":"MovieClips/textConvertido_14_0","classe":"textConvertido_14_0","nome":"eli05_04_14_0"},{"tipo":"img","x":"108.45px","y":"179.3px","width":"344.8px","height":"378.55px","nomeInstancia":"MovieClips/transicao_14_1","classe":"transicao_14_1","nome":"eli05_04_14_1"}]},{"desenhos":[{"tipo":"img","x":"76px","y":"220.55px","width":"426px","height":"63.65px","nomeInstancia":"MovieClips/textConvertido_15_0","classe":"textConvertido_15_0","nome":"eli05_04_15_0"},{"tipo":"img","x":"544.9px","y":"173.05px","width":"390.7px","height":"375.05px","nomeInstancia":"MovieClips/transicao_15_1","classe":"transicao_15_1","nome":"eli05_04_15_1"}]},{"desenhos":[{"tipo":"img","x":"76px","y":"307.65px","width":"426px","height":"125.3px","nomeInstancia":"MovieClips/textConvertido_16_0","classe":"textConvertido_16_0","nome":"eli05_04_16_0"},{"tipo":"img","x":"76px","y":"220.55px","width":"426px","height":"63.65px","nomeInstancia":"MovieClips/textConvertido_15_0","classe":"textConvertido_15_0","nome":"eli05_04_15_0"},{"tipo":"img","x":"544.9px","y":"173.05px","width":"390.7px","height":"375.05px","nomeInstancia":"MovieClips/transicao_15_1","classe":"transicao_15_1","nome":"eli05_04_15_1"}]},{"desenhos":[{"tipo":"img","x":"76px","y":"456.4px","width":"438.6px","height":"63.65px","nomeInstancia":"MovieClips/textConvertido_17_0","classe":"textConvertido_17_0","nome":"eli05_04_17_0"},{"tipo":"img","x":"76px","y":"307.65px","width":"426px","height":"125.3px","nomeInstancia":"MovieClips/textConvertido_16_0","classe":"textConvertido_16_0","nome":"eli05_04_16_0"},{"tipo":"img","x":"76px","y":"220.55px","width":"426px","height":"63.65px","nomeInstancia":"MovieClips/textConvertido_15_0","classe":"textConvertido_15_0","nome":"eli05_04_15_0"},{"tipo":"img","x":"544.9px","y":"173.05px","width":"390.7px","height":"375.05px","nomeInstancia":"MovieClips/transicao_15_1","classe":"transicao_15_1","nome":"eli05_04_15_1"}]},{"desenhos":[{"tipo":"img","x":"187.9px","y":"141.3px","width":"640.2px","height":"376.4px","nomeInstancia":"MovieClips/destaque_415_1","classe":"destaque_415_1","nome":"eli05_04_18_0"},{"tipo":"img","x":"76px","y":"456.4px","width":"438.6px","height":"63.65px","nomeInstancia":"MovieClips/textConvertido_17_0","classe":"textConvertido_17_0","nome":"eli05_04_17_0"},{"tipo":"img","x":"76px","y":"307.65px","width":"426px","height":"125.3px","nomeInstancia":"MovieClips/textConvertido_16_0","classe":"textConvertido_16_0","nome":"eli05_04_16_0"},{"tipo":"img","x":"76px","y":"220.55px","width":"426px","height":"63.65px","nomeInstancia":"MovieClips/textConvertido_15_0","classe":"textConvertido_15_0","nome":"eli05_04_15_0"},{"tipo":"img","x":"544.9px","y":"173.05px","width":"390.7px","height":"375.05px","nomeInstancia":"MovieClips/transicao_15_1","classe":"transicao_15_1","nome":"eli05_04_15_1"}]},{"desenhos":[{"tipo":"img","x":"500px","y":"246.25px","width":"411.8px","height":"145.85px","nomeInstancia":"MovieClips/textConvertido_19_0","classe":"textConvertido_19_0","nome":"eli05_04_19_0"},{"tipo":"img","x":"74.5px","y":"172.9px","width":"368.15px","height":"376.6px","nomeInstancia":"MovieClips/transicao_19_1","classe":"transicao_19_1","nome":"eli05_04_19_1"}]},{"desenhos":[{"tipo":"img","x":"500px","y":"418px","width":"426px","height":"63.65px","nomeInstancia":"MovieClips/textConvertido_20_0","classe":"textConvertido_20_0","nome":"eli05_04_20_0"},{"tipo":"img","x":"500px","y":"246.25px","width":"411.8px","height":"145.85px","nomeInstancia":"MovieClips/textConvertido_19_0","classe":"textConvertido_19_0","nome":"eli05_04_19_0"},{"tipo":"img","x":"74.5px","y":"172.9px","width":"368.15px","height":"376.6px","nomeInstancia":"MovieClips/transicao_19_1","classe":"transicao_19_1","nome":"eli05_04_19_1"}]},{"desenhos":[{"tipo":"img","x":"76px","y":"201px","width":"350.6px","height":"63.65px","nomeInstancia":"MovieClips/textConvertido_21_0","classe":"textConvertido_21_0","nome":"eli05_04_21_0"},{"tipo":"img","x":"569.45px","y":"165.6px","width":"368.15px","height":"376.6px","nomeInstancia":"MovieClips/transicao_21_1","classe":"transicao_21_1","nome":"eli05_04_21_1"}]},{"desenhos":[{"tipo":"img","x":"76px","y":"280.35px","width":"401.95px","height":"104.75px","nomeInstancia":"MovieClips/textConvertido_22_0","classe":"textConvertido_22_0","nome":"eli05_04_22_0"},{"tipo":"img","x":"76px","y":"201px","width":"350.6px","height":"63.65px","nomeInstancia":"MovieClips/textConvertido_21_0","classe":"textConvertido_21_0","nome":"eli05_04_21_0"},{"tipo":"img","x":"569.45px","y":"165.6px","width":"368.15px","height":"376.6px","nomeInstancia":"MovieClips/transicao_21_1","classe":"transicao_21_1","nome":"eli05_04_21_1"}]},{"desenhos":[{"tipo":"img","x":"76px","y":"400.8px","width":"383.6px","height":"63.65px","nomeInstancia":"MovieClips/textConvertido_23_0","classe":"textConvertido_23_0","nome":"eli05_04_23_0"},{"tipo":"img","x":"76px","y":"280.35px","width":"401.95px","height":"104.75px","nomeInstancia":"MovieClips/textConvertido_22_0","classe":"textConvertido_22_0","nome":"eli05_04_22_0"},{"tipo":"img","x":"76px","y":"201px","width":"350.6px","height":"63.65px","nomeInstancia":"MovieClips/textConvertido_21_0","classe":"textConvertido_21_0","nome":"eli05_04_21_0"},{"tipo":"img","x":"569.45px","y":"165.6px","width":"368.15px","height":"376.6px","nomeInstancia":"MovieClips/transicao_21_1","classe":"transicao_21_1","nome":"eli05_04_21_1"}]},{"desenhos":[{"tipo":"img","x":"168.35px","y":"165.6px","width":"769.25px","height":"376.6px","nomeInstancia":"MovieClips/telaInfo24","classe":"telaInfo24","nome":"eli05_04_24_0"},{"tipo":"img","x":"76px","y":"480.15px","width":"426px","height":"43.1px","nomeInstancia":"MovieClips/textConvertido_24_1","classe":"textConvertido_24_1","nome":"eli05_04_24_1"},{"tipo":"img","x":"76px","y":"400.8px","width":"383.6px","height":"63.65px","nomeInstancia":"MovieClips/textConvertido_23_0","classe":"textConvertido_23_0","nome":"eli05_04_23_0"},{"tipo":"img","x":"76px","y":"280.35px","width":"401.95px","height":"104.75px","nomeInstancia":"MovieClips/textConvertido_22_0","classe":"textConvertido_22_0","nome":"eli05_04_22_0"},{"tipo":"img","x":"76px","y":"201px","width":"350.6px","height":"63.65px","nomeInstancia":"MovieClips/textConvertido_21_0","classe":"textConvertido_21_0","nome":"eli05_04_21_0"},{"tipo":"img","x":"569.45px","y":"165.6px","width":"368.15px","height":"376.6px","nomeInstancia":"MovieClips/transicao_21_1","classe":"transicao_21_1","nome":"eli05_04_21_1"}]},{"desenhos":[{"tipo":"img","x":"107.1px","y":"214.2px","width":"855.3px","height":"353.3px","nomeInstancia":"MovieClips/opcoes25","classe":"opcoes25","nome":"eli05_04_25_0"},{"tipo":"img","x":"107.1px","y":"271.05px","width":"746.1px","height":"186.95px","nomeInstancia":"MovieClips/textConvertido_25_1","classe":"textConvertido_25_1","nome":"eli05_04_25_1"},{"tipo":"img","x":"107.1px","y":"150.55px","width":"214.45px","height":"91.7px","nomeInstancia":"MovieClips/transicao_25_2","classe":"transicao_25_2","nome":"eli05_04_25_2"}]},{"desenhos":[{"tipo":"img","x":"243.4px","y":"146.8px","width":"489.7px","height":"137.7px","nomeInstancia":"MovieClips/transicao_26_0","classe":"transicao_26_0","nome":"eli05_04_26_0"},{"tipo":"img","x":"38.55px","y":"120.3px","width":"190.6px","height":"83.85px","nomeInstancia":"MovieClips/transicao_26_2","classe":"transicao_26_2","nome":"eli05_04_26_1"},{"nome":"eli05_04_26_2","tipo":"personagem","x":"0px","y":"0px","width":"1016px","height":"659px","nomeInstancia":"MovieClips/animaP26","classe":"animaP26"}]},{"desenhos":[{"tipo":"img","x":"302.1px","y":"279.7px","width":"375.3px","height":"112.95px","nomeInstancia":"MovieClips/transicao_27_0","classe":"transicao_27_0","nome":"eli05_04_27_0"},{"tipo":"img","x":"243.4px","y":"146.8px","width":"489.7px","height":"137.7px","nomeInstancia":"MovieClips/transicao_26_0","classe":"transicao_26_0","nome":"eli05_04_26_0"},{"tipo":"img","x":"38.55px","y":"120.3px","width":"190.6px","height":"83.85px","nomeInstancia":"MovieClips/transicao_26_2","classe":"transicao_26_2","nome":"eli05_04_26_1"},{"nome":"eli05_04_26_2","tipo":"personagem","x":"0px","y":"0px","width":"1016px","height":"659px","nomeInstancia":"MovieClips/animaP26","classe":"animaP26"}]},{"desenhos":[{"tipo":"img","x":"308.2px","y":"388.1px","width":"369.2px","height":"112.15px","nomeInstancia":"MovieClips/transicao_28_0","classe":"transicao_28_0","nome":"eli05_04_28_0"},{"tipo":"img","x":"302.1px","y":"279.7px","width":"375.3px","height":"112.95px","nomeInstancia":"MovieClips/transicao_27_0","classe":"transicao_27_0","nome":"eli05_04_27_0"},{"tipo":"img","x":"243.4px","y":"146.8px","width":"489.7px","height":"137.7px","nomeInstancia":"MovieClips/transicao_26_0","classe":"transicao_26_0","nome":"eli05_04_26_0"},{"tipo":"img","x":"38.55px","y":"120.3px","width":"190.6px","height":"83.85px","nomeInstancia":"MovieClips/transicao_26_2","classe":"transicao_26_2","nome":"eli05_04_26_1"},{"nome":"eli05_04_26_2","tipo":"personagem","x":"0px","y":"0px","width":"1016px","height":"659px","nomeInstancia":"MovieClips/animaP26","classe":"animaP26"}]},{"desenhos":[{"tipo":"img","x":"272.2px","y":"122.3px","width":"471.6px","height":"474.85px","nomeInstancia":"MovieClips/transicao_29_0","classe":"transicao_29_0","nome":"eli05_04_29_0"}]}]}