{"licao":"eli05_02","topico":"02","telas":[{"desenhos":[{"tipo":"img","x":"75.05px","y":"251.35px","width":"270.1px","height":"63.65px","nomeInstancia":"MovieClips/textConvertido_1_0","classe":"textConvertido_1_0","nome":"eli05_02_1_0"},{"tipo":"img","x":"410.2px","y":"286.8px","width":"549.55px","height":"147.55px","nomeInstancia":"MovieClips/transicao_1_1","classe":"transicao_1_1","nome":"eli05_02_1_1"}]},{"desenhos":[{"tipo":"img","x":"75.05px","y":"331.8px","width":"312.35px","height":"63.65px","nomeInstancia":"MovieClips/textConvertido_2_0","classe":"textConvertido_2_0","nome":"eli05_02_2_0"},{"tipo":"img","x":"75.05px","y":"251.35px","width":"270.1px","height":"63.65px","nomeInstancia":"MovieClips/textConvertido_1_0","classe":"textConvertido_1_0","nome":"eli05_02_1_0"},{"tipo":"img","x":"410.2px","y":"286.8px","width":"549.55px","height":"147.55px","nomeInstancia":"MovieClips/transicao_1_1","classe":"transicao_1_1","nome":"eli05_02_1_1"}]},{"desenhos":[{"tipo":"img","x":"75.05px","y":"412.25px","width":"253px","height":"84.2px","nomeInstancia":"MovieClips/textConvertido_3_0","classe":"textConvertido_3_0","nome":"eli05_02_3_0"},{"tipo":"img","x":"75.05px","y":"331.8px","width":"312.35px","height":"63.65px","nomeInstancia":"MovieClips/textConvertido_2_0","classe":"textConvertido_2_0","nome":"eli05_02_2_0"},{"tipo":"img","x":"75.05px","y":"251.35px","width":"270.1px","height":"63.65px","nomeInstancia":"MovieClips/textConvertido_1_0","classe":"textConvertido_1_0","nome":"eli05_02_1_0"},{"tipo":"img","x":"410.2px","y":"286.8px","width":"549.55px","height":"147.55px","nomeInstancia":"MovieClips/transicao_1_1","classe":"transicao_1_1","nome":"eli05_02_1_1"}]},{"desenhos":[{"tipo":"img","x":"547.3px","y":"240.35px","width":"426px","height":"63.65px","nomeInstancia":"MovieClips/textConvertido_4_0","classe":"textConvertido_4_0","nome":"eli05_02_4_0"},{"tipo":"img","x":"50.85px","y":"287.25px","width":"443.85px","height":"129px","nomeInstancia":"MovieClips/transicao_4_1","classe":"transicao_4_1","nome":"eli05_02_4_1"}]},{"desenhos":[{"tipo":"img","x":"547.3px","y":"324.5px","width":"426px","height":"63.65px","nomeInstancia":"MovieClips/textConvertido_5_0","classe":"textConvertido_5_0","nome":"eli05_02_5_0"},{"tipo":"img","x":"547.3px","y":"240.35px","width":"426px","height":"63.65px","nomeInstancia":"MovieClips/textConvertido_4_0","classe":"textConvertido_4_0","nome":"eli05_02_4_0"},{"tipo":"img","x":"50.85px","y":"287.25px","width":"443.85px","height":"129px","nomeInstancia":"MovieClips/transicao_4_1","classe":"transicao_4_1","nome":"eli05_02_4_1"}]},{"desenhos":[{"tipo":"img","x":"547.3px","y":"408.65px","width":"426px","height":"63.65px","nomeInstancia":"MovieClips/textConvertido_6_0","classe":"textConvertido_6_0","nome":"eli05_02_6_0"},{"tipo":"img","x":"547.3px","y":"324.5px","width":"426px","height":"63.65px","nomeInstancia":"MovieClips/textConvertido_5_0","classe":"textConvertido_5_0","nome":"eli05_02_5_0"},{"tipo":"img","x":"547.3px","y":"240.35px","width":"426px","height":"63.65px","nomeInstancia":"MovieClips/textConvertido_4_0","classe":"textConvertido_4_0","nome":"eli05_02_4_0"},{"tipo":"img","x":"50.85px","y":"287.25px","width":"443.85px","height":"129px","nomeInstancia":"MovieClips/transicao_4_1","classe":"transicao_4_1","nome":"eli05_02_4_1"}]},{"desenhos":[{"tipo":"img","x":"36.75px","y":"270.45px","width":"373.75px","height":"125.3px","nomeInstancia":"MovieClips/textConvertido_7_0","classe":"textConvertido_7_0","nome":"eli05_02_7_0"},{"tipo":"img","x":"429.75px","y":"255.5px","width":"556.55px","height":"243.15px","nomeInstancia":"MovieClips/transicao_7_1","classe":"transicao_7_1","nome":"eli05_02_7_1"}]},{"desenhos":[{"tipo":"img","x":"36.75px","y":"416.8px","width":"347.6px","height":"63.65px","nomeInstancia":"MovieClips/textConvertido_8_0","classe":"textConvertido_8_0","nome":"eli05_02_8_0"},{"tipo":"img","x":"36.75px","y":"270.45px","width":"373.75px","height":"125.3px","nomeInstancia":"MovieClips/textConvertido_7_0","classe":"textConvertido_7_0","nome":"eli05_02_7_0"},{"tipo":"img","x":"429.75px","y":"255.5px","width":"556.55px","height":"243.15px","nomeInstancia":"MovieClips/transicao_7_1","classe":"transicao_7_1","nome":"eli05_02_7_1"}]},{"desenhos":[{"tipo":"img","x":"621.75px","y":"210.1px","width":"345.1px","height":"125.3px","nomeInstancia":"MovieClips/textConvertido_9_0","classe":"textConvertido_9_0","nome":"eli05_02_9_0"},{"tipo":"img","x":"37.75px","y":"242.45px","width":"552.55px","height":"241.35px","nomeInstancia":"MovieClips/transicao_9_1","classe":"transicao_9_1","nome":"eli05_02_9_1"}]},{"desenhos":[{"tipo":"img","x":"621.75px","y":"355.75px","width":"359.2px","height":"63.65px","nomeInstancia":"MovieClips/textConvertido_10_0","classe":"textConvertido_10_0","nome":"eli05_02_10_0"},{"tipo":"img","x":"621.75px","y":"210.1px","width":"345.1px","height":"125.3px","nomeInstancia":"MovieClips/textConvertido_9_0","classe":"textConvertido_9_0","nome":"eli05_02_9_0"},{"tipo":"img","x":"37.75px","y":"242.45px","width":"552.55px","height":"241.35px","nomeInstancia":"MovieClips/transicao_9_1","classe":"transicao_9_1","nome":"eli05_02_9_1"}]},{"desenhos":[{"tipo":"img","x":"621.75px","y":"439.75px","width":"365.25px","height":"63.65px","nomeInstancia":"MovieClips/textConvertido_11_0","classe":"textConvertido_11_0","nome":"eli05_02_11_0"},{"tipo":"img","x":"621.75px","y":"355.75px","width":"359.2px","height":"63.65px","nomeInstancia":"MovieClips/textConvertido_10_0","classe":"textConvertido_10_0","nome":"eli05_02_10_0"},{"tipo":"img","x":"621.75px","y":"210.1px","width":"345.1px","height":"125.3px","nomeInstancia":"MovieClips/textConvertido_9_0","classe":"textConvertido_9_0","nome":"eli05_02_9_0"},{"tipo":"img","x":"37.75px","y":"242.45px","width":"552.55px","height":"241.35px","nomeInstancia":"MovieClips/transicao_9_1","classe":"transicao_9_1","nome":"eli05_02_9_1"}]},{"desenhos":[{"tipo":"img","x":"76px","y":"213.8px","width":"438.15px","height":"63.65px","nomeInstancia":"MovieClips/textConvertido_12_0","classe":"textConvertido_12_0","nome":"eli05_02_12_0"},{"tipo":"img","x":"552.2px","y":"213.8px","width":"376.1px","height":"293.5px","nomeInstancia":"MovieClips/transicao_12_1","classe":"transicao_12_1","nome":"eli05_02_12_1"}]},{"desenhos":[{"tipo":"img","x":"76px","y":"293.3px","width":"399.9px","height":"63.65px","nomeInstancia":"MovieClips/textConvertido_13_0","classe":"textConvertido_13_0","nome":"eli05_02_13_0"},{"tipo":"img","x":"76px","y":"213.8px","width":"438.15px","height":"63.65px","nomeInstancia":"MovieClips/textConvertido_12_0","classe":"textConvertido_12_0","nome":"eli05_02_12_0"},{"tipo":"img","x":"552.2px","y":"213.8px","width":"376.1px","height":"293.5px","nomeInstancia":"MovieClips/transicao_12_1","classe":"transicao_12_1","nome":"eli05_02_12_1"}]},{"desenhos":[{"tipo":"img","x":"76px","y":"372.8px","width":"439.15px","height":"125.3px","nomeInstancia":"MovieClips/textConvertido_14_0","classe":"textConvertido_14_0","nome":"eli05_02_14_0"},{"tipo":"img","x":"76px","y":"293.3px","width":"399.9px","height":"63.65px","nomeInstancia":"MovieClips/textConvertido_13_0","classe":"textConvertido_13_0","nome":"eli05_02_13_0"},{"tipo":"img","x":"76px","y":"213.8px","width":"438.15px","height":"63.65px","nomeInstancia":"MovieClips/textConvertido_12_0","classe":"textConvertido_12_0","nome":"eli05_02_12_0"},{"tipo":"img","x":"552.2px","y":"213.8px","width":"376.1px","height":"293.5px","nomeInstancia":"MovieClips/transicao_12_1","classe":"transicao_12_1","nome":"eli05_02_12_1"}]},{"desenhos":[{"tipo":"img","x":"515.1px","y":"236.3px","width":"352.2px","height":"63.65px","nomeInstancia":"MovieClips/textConvertido_15_0","classe":"textConvertido_15_0","nome":"eli05_02_15_0"},{"tipo":"img","x":"105.7px","y":"281.6px","width":"287.85px","height":"157.95px","nomeInstancia":"MovieClips/transicao_15_1","classe":"transicao_15_1","nome":"eli05_02_15_1"}]},{"desenhos":[{"tipo":"img","x":"515.1px","y":"318.95px","width":"378.35px","height":"63.65px","nomeInstancia":"MovieClips/textConvertido_16_0","classe":"textConvertido_16_0","nome":"eli05_02_16_0"},{"tipo":"img","x":"515.1px","y":"236.3px","width":"352.2px","height":"63.65px","nomeInstancia":"MovieClips/textConvertido_15_0","classe":"textConvertido_15_0","nome":"eli05_02_15_0"},{"tipo":"img","x":"105.7px","y":"281.6px","width":"287.85px","height":"157.95px","nomeInstancia":"MovieClips/transicao_15_1","classe":"transicao_15_1","nome":"eli05_02_15_1"}]},{"desenhos":[{"tipo":"img","x":"515.1px","y":"401.6px","width":"370.3px","height":"84.2px","nomeInstancia":"MovieClips/textConvertido_17_0","classe":"textConvertido_17_0","nome":"eli05_02_17_0"},{"tipo":"img","x":"515.1px","y":"318.95px","width":"378.35px","height":"63.65px","nomeInstancia":"MovieClips/textConvertido_16_0","classe":"textConvertido_16_0","nome":"eli05_02_16_0"},{"tipo":"img","x":"515.1px","y":"236.3px","width":"352.2px","height":"63.65px","nomeInstancia":"MovieClips/textConvertido_15_0","classe":"textConvertido_15_0","nome":"eli05_02_15_0"},{"tipo":"img","x":"105.7px","y":"281.6px","width":"287.85px","height":"157.95px","nomeInstancia":"MovieClips/transicao_15_1","classe":"transicao_15_1","nome":"eli05_02_15_1"}]},{"desenhos":[{"tipo":"img","x":"55.85px","y":"228.35px","width":"361.7px","height":"22.55px","nomeInstancia":"MovieClips/textConvertido_18_1","classe":"textConvertido_18_1","nome":"eli05_02_18_0"},{"tipo":"img","x":"55.85px","y":"273.85px","width":"331.5px","height":"63.65px","nomeInstancia":"MovieClips/textConvertido_18_0","classe":"textConvertido_18_0","nome":"eli05_02_18_1"},{"tipo":"img","x":"516.2px","y":"262px","width":"448.15px","height":"197.15px","nomeInstancia":"MovieClips/transicao_18_2","classe":"transicao_18_2","nome":"eli05_02_18_2"}]},{"desenhos":[{"tipo":"img","x":"55.85px","y":"349.35px","width":"330.5px","height":"63.65px","nomeInstancia":"MovieClips/textConvertido_19_0","classe":"textConvertido_19_0","nome":"eli05_02_19_0"},{"tipo":"img","x":"55.85px","y":"228.35px","width":"361.7px","height":"22.55px","nomeInstancia":"MovieClips/textConvertido_18_1","classe":"textConvertido_18_1","nome":"eli05_02_18_0"},{"tipo":"img","x":"55.85px","y":"273.85px","width":"331.5px","height":"63.65px","nomeInstancia":"MovieClips/textConvertido_18_0","classe":"textConvertido_18_0","nome":"eli05_02_18_1"},{"tipo":"img","x":"516.2px","y":"262px","width":"448.15px","height":"197.15px","nomeInstancia":"MovieClips/transicao_18_2","classe":"transicao_18_2","nome":"eli05_02_18_2"}]},{"desenhos":[{"tipo":"img","x":"55.85px","y":"424.85px","width":"343.6px","height":"84.2px","nomeInstancia":"MovieClips/textConvertido_20_0","classe":"textConvertido_20_0","nome":"eli05_02_20_0"},{"tipo":"img","x":"55.85px","y":"349.35px","width":"330.5px","height":"63.65px","nomeInstancia":"MovieClips/textConvertido_19_0","classe":"textConvertido_19_0","nome":"eli05_02_19_0"},{"tipo":"img","x":"55.85px","y":"228.35px","width":"361.7px","height":"22.55px","nomeInstancia":"MovieClips/textConvertido_18_1","classe":"textConvertido_18_1","nome":"eli05_02_18_0"},{"tipo":"img","x":"55.85px","y":"273.85px","width":"331.5px","height":"63.65px","nomeInstancia":"MovieClips/textConvertido_18_0","classe":"textConvertido_18_0","nome":"eli05_02_18_1"},{"tipo":"img","x":"516.2px","y":"262px","width":"448.15px","height":"197.15px","nomeInstancia":"MovieClips/transicao_18_2","classe":"transicao_18_2","nome":"eli05_02_18_2"}]},{"desenhos":[{"tipo":"img","x":"546.25px","y":"331.15px","width":"350.15px","height":"63.65px","nomeInstancia":"MovieClips/textConvertido_21_0","classe":"textConvertido_21_0","nome":"eli05_02_21_0"},{"tipo":"img","x":"546.25px","y":"257.45px","width":"347.15px","height":"43.1px","nomeInstancia":"MovieClips/textConvertido_21_1","classe":"textConvertido_21_1","nome":"eli05_02_21_1"},{"tipo":"img","x":"79.35px","y":"271.9px","width":"402.65px","height":"226.65px","nomeInstancia":"MovieClips/transicao_21_2","classe":"transicao_21_2","nome":"eli05_02_21_2"}]},{"desenhos":[{"tipo":"img","x":"546.25px","y":"414.35px","width":"386.4px","height":"84.2px","nomeInstancia":"MovieClips/textConvertido_22_0","classe":"textConvertido_22_0","nome":"eli05_02_22_0"},{"tipo":"img","x":"546.25px","y":"331.15px","width":"350.15px","height":"63.65px","nomeInstancia":"MovieClips/textConvertido_21_0","classe":"textConvertido_21_0","nome":"eli05_02_21_0"},{"tipo":"img","x":"546.25px","y":"257.45px","width":"347.15px","height":"43.1px","nomeInstancia":"MovieClips/textConvertido_21_1","classe":"textConvertido_21_1","nome":"eli05_02_21_1"},{"tipo":"img","x":"79.35px","y":"271.9px","width":"402.65px","height":"226.65px","nomeInstancia":"MovieClips/transicao_21_2","classe":"transicao_21_2","nome":"eli05_02_21_2"}]},{"desenhos":[{"tipo":"img","x":"46.8px","y":"298.65px","width":"426px","height":"63.65px","nomeInstancia":"MovieClips/textConvertido_23_0","classe":"textConvertido_23_0","nome":"eli05_02_23_0"},{"tipo":"img","x":"496.95px","y":"248.6px","width":"452.85px","height":"242.05px","nomeInstancia":"MovieClips/transicao_23_1","classe":"transicao_23_1","nome":"eli05_02_23_1"}]},{"desenhos":[{"tipo":"img","x":"46.8px","y":"372.3px","width":"426px","height":"84.2px","nomeInstancia":"MovieClips/textConvertido_24_0","classe":"textConvertido_24_0","nome":"eli05_02_24_0"},{"tipo":"img","x":"46.8px","y":"298.65px","width":"426px","height":"63.65px","nomeInstancia":"MovieClips/textConvertido_23_0","classe":"textConvertido_23_0","nome":"eli05_02_23_0"},{"tipo":"img","x":"496.95px","y":"248.6px","width":"452.85px","height":"242.05px","nomeInstancia":"MovieClips/transicao_23_1","classe":"transicao_23_1","nome":"eli05_02_23_1"}]},{"desenhos":[{"tipo":"img","x":"552.3px","y":"283.55px","width":"341.1px","height":"43.1px","nomeInstancia":"MovieClips/textConvertido_25_0","classe":"textConvertido_25_0","nome":"eli05_02_25_0"},{"tipo":"img","x":"56.3px","y":"256.4px","width":"434.65px","height":"232.25px","nomeInstancia":"MovieClips/transicao_25_1","classe":"transicao_25_1","nome":"eli05_02_25_1"}]},{"desenhos":[{"tipo":"img","x":"550.3px","y":"345.7px","width":"345.15px","height":"63.65px","nomeInstancia":"MovieClips/textConvertido_26_0","classe":"textConvertido_26_0","nome":"eli05_02_26_0"},{"tipo":"img","x":"552.3px","y":"283.55px","width":"341.1px","height":"43.1px","nomeInstancia":"MovieClips/textConvertido_25_0","classe":"textConvertido_25_0","nome":"eli05_02_25_0"},{"tipo":"img","x":"56.3px","y":"256.4px","width":"434.65px","height":"232.25px","nomeInstancia":"MovieClips/transicao_25_1","classe":"transicao_25_1","nome":"eli05_02_25_1"}]},{"desenhos":[{"tipo":"img","x":"552.35px","y":"428.4px","width":"357.2px","height":"43.1px","nomeInstancia":"MovieClips/textConvertido_27_0","classe":"textConvertido_27_0","nome":"eli05_02_27_0"},{"tipo":"img","x":"550.3px","y":"345.7px","width":"345.15px","height":"63.65px","nomeInstancia":"MovieClips/textConvertido_26_0","classe":"textConvertido_26_0","nome":"eli05_02_26_0"},{"tipo":"img","x":"552.3px","y":"283.55px","width":"341.1px","height":"43.1px","nomeInstancia":"MovieClips/textConvertido_25_0","classe":"textConvertido_25_0","nome":"eli05_02_25_0"},{"tipo":"img","x":"56.3px","y":"256.4px","width":"434.65px","height":"232.25px","nomeInstancia":"MovieClips/transicao_25_1","classe":"transicao_25_1","nome":"eli05_02_25_1"}]},{"desenhos":[{"tipo":"img","x":"109.55px","y":"256.4px","width":"356.65px","height":"84.2px","nomeInstancia":"MovieClips/textConvertido_28_0","classe":"textConvertido_28_0","nome":"eli05_02_28_0"},{"tipo":"img","x":"514.15px","y":"223.7px","width":"425.9px","height":"306px","nomeInstancia":"MovieClips/transicao_28_1","classe":"transicao_28_1","nome":"eli05_02_28_1"}]},{"desenhos":[{"tipo":"img","x":"109.55px","y":"359.25px","width":"351.6px","height":"63.65px","nomeInstancia":"MovieClips/textConvertido_29_0","classe":"textConvertido_29_0","nome":"eli05_02_29_0"},{"tipo":"img","x":"109.55px","y":"256.4px","width":"356.65px","height":"84.2px","nomeInstancia":"MovieClips/textConvertido_28_0","classe":"textConvertido_28_0","nome":"eli05_02_28_0"},{"tipo":"img","x":"514.15px","y":"223.7px","width":"425.9px","height":"306px","nomeInstancia":"MovieClips/transicao_28_1","classe":"transicao_28_1","nome":"eli05_02_28_1"}]},{"desenhos":[{"tipo":"img","x":"109.55px","y":"441.55px","width":"343.55px","height":"63.65px","nomeInstancia":"MovieClips/textConvertido_30_0","classe":"textConvertido_30_0","nome":"eli05_02_30_0"},{"tipo":"img","x":"109.55px","y":"359.25px","width":"351.6px","height":"63.65px","nomeInstancia":"MovieClips/textConvertido_29_0","classe":"textConvertido_29_0","nome":"eli05_02_29_0"},{"tipo":"img","x":"109.55px","y":"256.4px","width":"356.65px","height":"84.2px","nomeInstancia":"MovieClips/textConvertido_28_0","classe":"textConvertido_28_0","nome":"eli05_02_28_0"},{"tipo":"img","x":"514.15px","y":"223.7px","width":"425.9px","height":"306px","nomeInstancia":"MovieClips/transicao_28_1","classe":"transicao_28_1","nome":"eli05_02_28_1"}]},{"desenhos":[{"tipo":"img","x":"658.5px","y":"313.55px","width":"295.05px","height":"43.1px","nomeInstancia":"MovieClips/textConvertido_31_0","classe":"textConvertido_31_0","nome":"eli05_02_31_0"},{"tipo":"img","x":"85.9px","y":"229.15px","width":"512.8px","height":"295.2px","nomeInstancia":"MovieClips/transicao_31_1","classe":"transicao_31_1","nome":"eli05_02_31_1"}]},{"desenhos":[{"tipo":"img","x":"658.5px","y":"376.05px","width":"293.75px","height":"43.1px","nomeInstancia":"MovieClips/textConvertido_32_0","classe":"textConvertido_32_0","nome":"eli05_02_32_0"},{"tipo":"img","x":"658.5px","y":"313.55px","width":"295.05px","height":"43.1px","nomeInstancia":"MovieClips/textConvertido_31_0","classe":"textConvertido_31_0","nome":"eli05_02_31_0"},{"tipo":"img","x":"85.9px","y":"229.15px","width":"512.8px","height":"295.2px","nomeInstancia":"MovieClips/transicao_31_1","classe":"transicao_31_1","nome":"eli05_02_31_1"}]},{"desenhos":[{"tipo":"img","x":"133.75px","y":"304.25px","width":"294.7px","height":"104.75px","nomeInstancia":"MovieClips/textConvertido_33_0","classe":"textConvertido_33_0","nome":"eli05_02_33_0"},{"tipo":"img","x":"575.25px","y":"295.35px","width":"276.25px","height":"122.5px","nomeInstancia":"MovieClips/transicao_33_1","classe":"transicao_33_1","nome":"eli05_02_33_1"}]},{"desenhos":[{"tipo":"img","x":"363.4px","y":"259.85px","width":"289.25px","height":"22.55px","nomeInstancia":"MovieClips/textConvertido_34_0","classe":"textConvertido_34_0","nome":"eli05_02_34_0"},{"tipo":"img","x":"298.3px","y":"320.75px","width":"419.45px","height":"100.9px","nomeInstancia":"MovieClips/transicao_34_1","classe":"transicao_34_1","nome":"eli05_02_34_1"}]},{"desenhos":[{"tipo":"img","x":"78.65px","y":"274.65px","width":"383.35px","height":"43.1px","nomeInstancia":"MovieClips/textConvertido_35_0","classe":"textConvertido_35_0","nome":"eli05_02_35_0"},{"tipo":"img","x":"542.7px","y":"172.1px","width":"401.25px","height":"390.4px","nomeInstancia":"MovieClips/transicao_35_1","classe":"transicao_35_1","nome":"eli05_02_35_1"}]},{"desenhos":[{"tipo":"img","x":"78.65px","y":"335.1px","width":"399.45px","height":"43.1px","nomeInstancia":"MovieClips/textConvertido_36_0","classe":"textConvertido_36_0","nome":"eli05_02_36_0"},{"tipo":"img","x":"78.65px","y":"274.65px","width":"383.35px","height":"43.1px","nomeInstancia":"MovieClips/textConvertido_35_0","classe":"textConvertido_35_0","nome":"eli05_02_35_0"},{"tipo":"img","x":"542.7px","y":"172.1px","width":"401.25px","height":"390.4px","nomeInstancia":"MovieClips/transicao_35_1","classe":"transicao_35_1","nome":"eli05_02_35_1"}]},{"desenhos":[{"tipo":"img","x":"78.65px","y":"395.55px","width":"404.8px","height":"84.2px","nomeInstancia":"MovieClips/textConvertido_37_0","classe":"textConvertido_37_0","nome":"eli05_02_37_0"},{"tipo":"img","x":"78.65px","y":"335.1px","width":"399.45px","height":"43.1px","nomeInstancia":"MovieClips/textConvertido_36_0","classe":"textConvertido_36_0","nome":"eli05_02_36_0"},{"tipo":"img","x":"78.65px","y":"274.65px","width":"383.35px","height":"43.1px","nomeInstancia":"MovieClips/textConvertido_35_0","classe":"textConvertido_35_0","nome":"eli05_02_35_0"},{"tipo":"img","x":"542.7px","y":"172.1px","width":"401.25px","height":"390.4px","nomeInstancia":"MovieClips/transicao_35_1","classe":"transicao_35_1","nome":"eli05_02_35_1"}]},{"desenhos":[{"tipo":"img","x":"30.35px","y":"215.5px","width":"941.45px","height":"386.95px","nomeInstancia":"MovieClips/opcoes38","classe":"opcoes38","nome":"eli05_02_38_0"},{"tipo":"img","x":"500px","y":"222.55px","width":"426px","height":"22.55px","nomeInstancia":"MovieClips/textConvertido_38_1","classe":"textConvertido_38_1","nome":"eli05_02_38_1"},{"tipo":"img","x":"30.35px","y":"221.2px","width":"966.15px","height":"310.25px","nomeInstancia":"MovieClips/textConvertido_38_3","classe":"textConvertido_38_3","nome":"eli05_02_38_2"},{"tipo":"img","x":"266.65px","y":"163.95px","width":"649.3px","height":"43.1px","nomeInstancia":"MovieClips/textConvertido_38_2","classe":"textConvertido_38_2","nome":"eli05_02_38_3"},{"tipo":"img","x":"30.35px","y":"115.35px","width":"214.45px","height":"91.7px","nomeInstancia":"MovieClips/transicao_38_4","classe":"transicao_38_4","nome":"eli05_02_38_4"}]}]}