{"licao":"elm04_02","topico":"02","telas":[{"desenhos":[{"tipo":"img","x":"405.05px","y":"241.65px","width":"461.1px","height":"76.05px","nomeInstancia":"MovieClips/transicao_1_0","classe":"transicao_1_0","nome":"elm04_02_1_0"},{"nome":"elm04_02_1_1","tipo":"personagem","x":"0px","y":"0px","width":"1016px","height":"659px","nomeInstancia":"MovieClips/animaP1","classe":"animaP1"}]},{"desenhos":[{"tipo":"img","x":"451.4px","y":"311.95px","width":"391.5px","height":"127.05px","nomeInstancia":"MovieClips/transicao_2_0","classe":"transicao_2_0","nome":"elm04_02_2_0"},{"tipo":"img","x":"405.05px","y":"241.65px","width":"461.1px","height":"76.05px","nomeInstancia":"MovieClips/transicao_1_0","classe":"transicao_1_0","nome":"elm04_02_1_0"},{"nome":"elm04_02_1_1","tipo":"personagem","x":"0px","y":"0px","width":"1016px","height":"659px","nomeInstancia":"MovieClips/animaP1","classe":"animaP1"}]},{"desenhos":[{"tipo":"img","x":"103.9px","y":"224.9px","width":"324.1px","height":"63.65px","nomeInstancia":"MovieClips/textConvertido_3_0","classe":"textConvertido_3_0","nome":"elm04_02_3_0"},{"tipo":"img","x":"525.9px","y":"208.6px","width":"410.4px","height":"308.35px","nomeInstancia":"MovieClips/transicao_3_1","classe":"transicao_3_1","nome":"elm04_02_3_1"}]},{"desenhos":[{"tipo":"img","x":"103.9px","y":"301.6px","width":"324.1px","height":"84.2px","nomeInstancia":"MovieClips/textConvertido_4_0","classe":"textConvertido_4_0","nome":"elm04_02_4_0"},{"tipo":"img","x":"103.9px","y":"224.9px","width":"324.1px","height":"63.65px","nomeInstancia":"MovieClips/textConvertido_3_0","classe":"textConvertido_3_0","nome":"elm04_02_3_0"},{"tipo":"img","x":"525.9px","y":"208.6px","width":"410.4px","height":"308.35px","nomeInstancia":"MovieClips/transicao_3_1","classe":"transicao_3_1","nome":"elm04_02_3_1"}]},{"desenhos":[{"tipo":"img","x":"103.9px","y":"396.85px","width":"347.1px","height":"104.75px","nomeInstancia":"MovieClips/textConvertido_5_0","classe":"textConvertido_5_0","nome":"elm04_02_5_0"},{"tipo":"img","x":"103.9px","y":"301.6px","width":"324.1px","height":"84.2px","nomeInstancia":"MovieClips/textConvertido_4_0","classe":"textConvertido_4_0","nome":"elm04_02_4_0"},{"tipo":"img","x":"103.9px","y":"224.9px","width":"324.1px","height":"63.65px","nomeInstancia":"MovieClips/textConvertido_3_0","classe":"textConvertido_3_0","nome":"elm04_02_3_0"},{"tipo":"img","x":"525.9px","y":"208.6px","width":"410.4px","height":"308.35px","nomeInstancia":"MovieClips/transicao_3_1","classe":"transicao_3_1","nome":"elm04_02_3_1"}]},{"desenhos":[{"tipo":"img","x":"531.9px","y":"234.9px","width":"398.1px","height":"63.65px","nomeInstancia":"MovieClips/textConvertido_6_0","classe":"textConvertido_6_0","nome":"elm04_02_6_0"},{"tipo":"img","x":"109.1px","y":"203px","width":"410.4px","height":"308.35px","nomeInstancia":"MovieClips/transicao_6_1","classe":"transicao_6_1","nome":"elm04_02_6_1"}]},{"desenhos":[{"tipo":"img","x":"531.9px","y":"313.35px","width":"390.1px","height":"63.65px","nomeInstancia":"MovieClips/textConvertido_7_0","classe":"textConvertido_7_0","nome":"elm04_02_7_0"},{"tipo":"img","x":"531.9px","y":"234.9px","width":"398.1px","height":"63.65px","nomeInstancia":"MovieClips/textConvertido_6_0","classe":"textConvertido_6_0","nome":"elm04_02_6_0"},{"tipo":"img","x":"109.1px","y":"203px","width":"410.4px","height":"308.35px","nomeInstancia":"MovieClips/transicao_6_1","classe":"transicao_6_1","nome":"elm04_02_6_1"}]},{"desenhos":[{"tipo":"img","x":"257.05px","y":"143.85px","width":"715.95px","height":"442.35px","nomeInstancia":"MovieClips/telaInfo8","classe":"telaInfo8","nome":"elm04_02_8_0"},{"tipo":"img","x":"531.9px","y":"391.8px","width":"390.1px","height":"84.2px","nomeInstancia":"MovieClips/textConvertido_8_2","classe":"textConvertido_8_2","nome":"elm04_02_8_1"},{"tipo":"img","x":"531.9px","y":"488.8px","width":"398.1px","height":"22.55px","nomeInstancia":"MovieClips/textConvertido_8_1","classe":"textConvertido_8_1","nome":"elm04_02_8_2"},{"tipo":"img","x":"531.9px","y":"313.35px","width":"390.1px","height":"63.65px","nomeInstancia":"MovieClips/textConvertido_7_0","classe":"textConvertido_7_0","nome":"elm04_02_7_0"},{"tipo":"img","x":"531.9px","y":"234.9px","width":"398.1px","height":"63.65px","nomeInstancia":"MovieClips/textConvertido_6_0","classe":"textConvertido_6_0","nome":"elm04_02_6_0"},{"tipo":"img","x":"109.1px","y":"203px","width":"410.4px","height":"308.35px","nomeInstancia":"MovieClips/transicao_6_1","classe":"transicao_6_1","nome":"elm04_02_6_1"}]},{"desenhos":[{"tipo":"img","x":"70.9px","y":"234.9px","width":"361.1px","height":"84.2px","nomeInstancia":"MovieClips/textConvertido_9_0","classe":"textConvertido_9_0","nome":"elm04_02_9_0"},{"tipo":"img","x":"488.9px","y":"332.15px","width":"457.7px","height":"89.1px","nomeInstancia":"MovieClips/transicao_9_1","classe":"transicao_9_1","nome":"elm04_02_9_1"}]},{"desenhos":[{"tipo":"img","x":"70.9px","y":"332.15px","width":"366.1px","height":"63.65px","nomeInstancia":"MovieClips/textConvertido_10_0","classe":"textConvertido_10_0","nome":"elm04_02_10_0"},{"tipo":"img","x":"70.9px","y":"234.9px","width":"361.1px","height":"84.2px","nomeInstancia":"MovieClips/textConvertido_9_0","classe":"textConvertido_9_0","nome":"elm04_02_9_0"},{"tipo":"img","x":"488.9px","y":"332.15px","width":"457.7px","height":"89.1px","nomeInstancia":"MovieClips/transicao_9_1","classe":"transicao_9_1","nome":"elm04_02_9_1"}]},{"desenhos":[{"tipo":"img","x":"70.9px","y":"408.85px","width":"377.1px","height":"104.75px","nomeInstancia":"MovieClips/textConvertido_11_0","classe":"textConvertido_11_0","nome":"elm04_02_11_0"},{"tipo":"img","x":"70.9px","y":"332.15px","width":"366.1px","height":"63.65px","nomeInstancia":"MovieClips/textConvertido_10_0","classe":"textConvertido_10_0","nome":"elm04_02_10_0"},{"tipo":"img","x":"70.9px","y":"234.9px","width":"361.1px","height":"84.2px","nomeInstancia":"MovieClips/textConvertido_9_0","classe":"textConvertido_9_0","nome":"elm04_02_9_0"},{"tipo":"img","x":"488.9px","y":"332.15px","width":"457.7px","height":"89.1px","nomeInstancia":"MovieClips/transicao_9_1","classe":"transicao_9_1","nome":"elm04_02_9_1"}]},{"desenhos":[{"tipo":"img","x":"553.75px","y":"205.9px","width":"361.1px","height":"145.85px","nomeInstancia":"MovieClips/textConvertido_12_0","classe":"textConvertido_12_0","nome":"elm04_02_12_0"},{"tipo":"img","x":"91.8px","y":"197.15px","width":"410.4px","height":"308.35px","nomeInstancia":"MovieClips/transicao_12_1","classe":"transicao_12_1","nome":"elm04_02_12_1"}]},{"desenhos":[{"tipo":"img","x":"553.75px","y":"368.95px","width":"366.1px","height":"63.65px","nomeInstancia":"MovieClips/textConvertido_13_0","classe":"textConvertido_13_0","nome":"elm04_02_13_0"},{"tipo":"img","x":"553.75px","y":"205.9px","width":"361.1px","height":"145.85px","nomeInstancia":"MovieClips/textConvertido_12_0","classe":"textConvertido_12_0","nome":"elm04_02_12_0"},{"tipo":"img","x":"91.8px","y":"197.15px","width":"410.4px","height":"308.35px","nomeInstancia":"MovieClips/transicao_12_1","classe":"transicao_12_1","nome":"elm04_02_12_1"}]},{"desenhos":[{"tipo":"img","x":"553.75px","y":"449.8px","width":"377.1px","height":"63.65px","nomeInstancia":"MovieClips/textConvertido_14_0","classe":"textConvertido_14_0","nome":"elm04_02_14_0"},{"tipo":"img","x":"553.75px","y":"368.95px","width":"366.1px","height":"63.65px","nomeInstancia":"MovieClips/textConvertido_13_0","classe":"textConvertido_13_0","nome":"elm04_02_13_0"},{"tipo":"img","x":"553.75px","y":"205.9px","width":"361.1px","height":"145.85px","nomeInstancia":"MovieClips/textConvertido_12_0","classe":"textConvertido_12_0","nome":"elm04_02_12_0"},{"tipo":"img","x":"91.8px","y":"197.15px","width":"410.4px","height":"308.35px","nomeInstancia":"MovieClips/transicao_12_1","classe":"transicao_12_1","nome":"elm04_02_12_1"}]},{"desenhos":[{"tipo":"img","x":"125.6px","y":"200.05px","width":"485.75px","height":"128.85px","nomeInstancia":"MovieClips/transicao_15_0","classe":"transicao_15_0","nome":"elm04_02_15_0"},{"nome":"elm04_02_15_1","tipo":"personagem","x":"0px","y":"0px","width":"1016px","height":"659px","nomeInstancia":"MovieClips/animaP15","classe":"animaP15"}]},{"desenhos":[{"tipo":"img","x":"141.05px","y":"323.25px","width":"425.25px","height":"108.3px","nomeInstancia":"MovieClips/transicao_16_0","classe":"transicao_16_0","nome":"elm04_02_16_0"},{"tipo":"img","x":"125.6px","y":"200.05px","width":"485.75px","height":"128.85px","nomeInstancia":"MovieClips/transicao_15_0","classe":"transicao_15_0","nome":"elm04_02_15_0"},{"nome":"elm04_02_15_1","tipo":"personagem","x":"0px","y":"0px","width":"1016px","height":"659px","nomeInstancia":"MovieClips/animaP15","classe":"animaP15"}]},{"desenhos":[{"tipo":"img","x":"141.05px","y":"425.9px","width":"425.25px","height":"124.6px","nomeInstancia":"MovieClips/transicao_17_0","classe":"transicao_17_0","nome":"elm04_02_17_0"},{"tipo":"img","x":"141.05px","y":"323.25px","width":"425.25px","height":"108.3px","nomeInstancia":"MovieClips/transicao_16_0","classe":"transicao_16_0","nome":"elm04_02_16_0"},{"tipo":"img","x":"125.6px","y":"200.05px","width":"485.75px","height":"128.85px","nomeInstancia":"MovieClips/transicao_15_0","classe":"transicao_15_0","nome":"elm04_02_15_0"},{"nome":"elm04_02_15_1","tipo":"personagem","x":"0px","y":"0px","width":"1016px","height":"659px","nomeInstancia":"MovieClips/animaP15","classe":"animaP15"}]},{"desenhos":[{"tipo":"img","x":"444px","y":"226.25px","width":"485.8px","height":"85.7px","nomeInstancia":"MovieClips/transicao_18_0","classe":"transicao_18_0","nome":"elm04_02_18_0"},{"nome":"elm04_02_18_1","tipo":"personagem","x":"0px","y":"0px","width":"1016px","height":"659px","nomeInstancia":"MovieClips/animaP18","classe":"animaP18"}]},{"desenhos":[{"tipo":"img","x":"489.1px","y":"306.1px","width":"425.25px","height":"108.3px","nomeInstancia":"MovieClips/transicao_19_0","classe":"transicao_19_0","nome":"elm04_02_19_0"},{"tipo":"img","x":"444px","y":"226.25px","width":"485.8px","height":"85.7px","nomeInstancia":"MovieClips/transicao_18_0","classe":"transicao_18_0","nome":"elm04_02_18_0"},{"nome":"elm04_02_18_1","tipo":"personagem","x":"0px","y":"0px","width":"1016px","height":"659px","nomeInstancia":"MovieClips/animaP18","classe":"animaP18"}]},{"desenhos":[{"tipo":"img","x":"489.1px","y":"408.55px","width":"425.25px","height":"144.4px","nomeInstancia":"MovieClips/transicao_20_0","classe":"transicao_20_0","nome":"elm04_02_20_0"},{"tipo":"img","x":"489.1px","y":"306.1px","width":"425.25px","height":"108.3px","nomeInstancia":"MovieClips/transicao_19_0","classe":"transicao_19_0","nome":"elm04_02_19_0"},{"tipo":"img","x":"444px","y":"226.25px","width":"485.8px","height":"85.7px","nomeInstancia":"MovieClips/transicao_18_0","classe":"transicao_18_0","nome":"elm04_02_18_0"},{"nome":"elm04_02_18_1","tipo":"personagem","x":"0px","y":"0px","width":"1016px","height":"659px","nomeInstancia":"MovieClips/animaP18","classe":"animaP18"}]},{"desenhos":[{"tipo":"img","x":"49.25px","y":"203.9px","width":"389.1px","height":"125.3px","nomeInstancia":"MovieClips/textConvertido_21_0","classe":"textConvertido_21_0","nome":"elm04_02_21_0"},{"tipo":"img","x":"480.5px","y":"265.4px","width":"486.15px","height":"217px","nomeInstancia":"MovieClips/transicao_21_1","classe":"transicao_21_1","nome":"elm04_02_21_1"}]},{"desenhos":[{"tipo":"img","x":"49.25px","y":"343.3px","width":"380.1px","height":"63.65px","nomeInstancia":"MovieClips/textConvertido_22_0","classe":"textConvertido_22_0","nome":"elm04_02_22_0"},{"tipo":"img","x":"49.25px","y":"203.9px","width":"389.1px","height":"125.3px","nomeInstancia":"MovieClips/textConvertido_21_0","classe":"textConvertido_21_0","nome":"elm04_02_21_0"},{"tipo":"img","x":"480.5px","y":"265.4px","width":"486.15px","height":"217px","nomeInstancia":"MovieClips/transicao_21_1","classe":"transicao_21_1","nome":"elm04_02_21_1"}]},{"desenhos":[{"tipo":"img","x":"49.25px","y":"421.05px","width":"377.1px","height":"84.2px","nomeInstancia":"MovieClips/textConvertido_23_0","classe":"textConvertido_23_0","nome":"elm04_02_23_0"},{"tipo":"img","x":"49.25px","y":"343.3px","width":"380.1px","height":"63.65px","nomeInstancia":"MovieClips/textConvertido_22_0","classe":"textConvertido_22_0","nome":"elm04_02_22_0"},{"tipo":"img","x":"49.25px","y":"203.9px","width":"389.1px","height":"125.3px","nomeInstancia":"MovieClips/textConvertido_21_0","classe":"textConvertido_21_0","nome":"elm04_02_21_0"},{"tipo":"img","x":"480.5px","y":"265.4px","width":"486.15px","height":"217px","nomeInstancia":"MovieClips/transicao_21_1","classe":"transicao_21_1","nome":"elm04_02_21_1"}]},{"desenhos":[{"tipo":"img","x":"259.25px","y":"180.45px","width":"713.8px","height":"337.5px","nomeInstancia":"MovieClips/dragDrop_submit_24","classe":"dragDrop_submit_24","nome":"elm04_02_24_0"},{"tipo":"img","x":"60.9px","y":"533.9px","width":"405.5px","height":"63.65px","nomeInstancia":"MovieClips/textConvertido_24_1","classe":"textConvertido_24_1","nome":"elm04_02_24_1"},{"tipo":"img","x":"60.9px","y":"299.8px","width":"261.05px","height":"207.5px","nomeInstancia":"MovieClips/textConvertido_24_1 copy","classe":"textConvertido_24_1 copy","nome":"elm04_02_24_2"},{"tipo":"img","x":"60.9px","y":"185.2px","width":"225.9px","height":"74.55px","nomeInstancia":"MovieClips/transicao_24_2","classe":"transicao_24_2","nome":"elm04_02_24_3"}]}]}