{"licao":"elb03_03","topico":"03","telas":[{"desenhos":[{"tipo":"img","x":"242.05px","y":"170.45px","width":"477.25px","height":"141.65px","nomeInstancia":"MovieClips/transicao_1_0","classe":"transicao_1_0","nome":"elb03_03_1_0"},{"nome":"elb03_03_1_1","tipo":"personagem","x":"0px","y":"0px","width":"1016px","height":"659px","nomeInstancia":"MovieClips/animaP1","classe":"animaP1"}]},{"desenhos":[{"tipo":"img","x":"215.8px","y":"310.1px","width":"369.7px","height":"129.65px","nomeInstancia":"MovieClips/transicao_2_0","classe":"transicao_2_0","nome":"elb03_03_2_0"},{"tipo":"img","x":"242.05px","y":"170.45px","width":"477.25px","height":"141.65px","nomeInstancia":"MovieClips/transicao_1_0","classe":"transicao_1_0","nome":"elb03_03_1_0"},{"nome":"elb03_03_1_1","tipo":"personagem","x":"0px","y":"0px","width":"1016px","height":"659px","nomeInstancia":"MovieClips/animaP1","classe":"animaP1"}]},{"desenhos":[{"tipo":"img","x":"163.8px","y":"439.75px","width":"377.75px","height":"111.25px","nomeInstancia":"MovieClips/transicao_3_0","classe":"transicao_3_0","nome":"elb03_03_3_0"},{"tipo":"img","x":"215.8px","y":"310.1px","width":"369.7px","height":"129.65px","nomeInstancia":"MovieClips/transicao_2_0","classe":"transicao_2_0","nome":"elb03_03_2_0"},{"tipo":"img","x":"242.05px","y":"170.45px","width":"477.25px","height":"141.65px","nomeInstancia":"MovieClips/transicao_1_0","classe":"transicao_1_0","nome":"elb03_03_1_0"},{"nome":"elb03_03_1_1","tipo":"personagem","x":"0px","y":"0px","width":"1016px","height":"659px","nomeInstancia":"MovieClips/animaP1","classe":"animaP1"}]},{"desenhos":[{"tipo":"img","x":"496.95px","y":"251.9px","width":"426px","height":"104.75px","nomeInstancia":"MovieClips/textConvertido_4_0","classe":"textConvertido_4_0","nome":"elb03_03_4_0"},{"tipo":"img","x":"81.55px","y":"156.65px","width":"109.5px","height":"24.9px","nomeInstancia":"MovieClips/textConvertido_4_1","classe":"textConvertido_4_1","nome":"elb03_03_4_1"},{"tipo":"img","x":"93.65px","y":"291.05px","width":"312.75px","height":"155.8px","nomeInstancia":"MovieClips/transicao_4_2","classe":"transicao_4_2","nome":"elb03_03_4_2"}]},{"desenhos":[{"tipo":"img","x":"103.25px","y":"264.95px","width":"702.75px","height":"294.65px","nomeInstancia":"MovieClips/telaInfo05","classe":"telaInfo05","nome":"elb03_03_5_0"},{"tipo":"img","x":"496.95px","y":"380.8px","width":"426px","height":"104.75px","nomeInstancia":"MovieClips/textConvertido_5_1","classe":"textConvertido_5_1","nome":"elb03_03_5_1"},{"tipo":"img","x":"496.95px","y":"251.9px","width":"426px","height":"104.75px","nomeInstancia":"MovieClips/textConvertido_4_0","classe":"textConvertido_4_0","nome":"elb03_03_4_0"},{"tipo":"img","x":"81.55px","y":"156.65px","width":"109.5px","height":"24.9px","nomeInstancia":"MovieClips/textConvertido_4_1","classe":"textConvertido_4_1","nome":"elb03_03_4_1"},{"tipo":"img","x":"93.65px","y":"291.05px","width":"312.75px","height":"155.8px","nomeInstancia":"MovieClips/transicao_4_2","classe":"transicao_4_2","nome":"elb03_03_4_2"}]},{"desenhos":[{"tipo":"img","x":"65.95px","y":"275.8px","width":"426px","height":"63.65px","nomeInstancia":"MovieClips/textConvertido_6_0","classe":"textConvertido_6_0","nome":"elb03_03_6_0"},{"tipo":"img","x":"520.65px","y":"206.7px","width":"426.5px","height":"315.2px","nomeInstancia":"MovieClips/transicao_6_1","classe":"transicao_6_1","nome":"elb03_03_6_1"}]},{"desenhos":[{"tipo":"img","x":"65.95px","y":"359.5px","width":"426px","height":"125.3px","nomeInstancia":"MovieClips/textConvertido_7_0","classe":"textConvertido_7_0","nome":"elb03_03_7_0"},{"tipo":"img","x":"65.95px","y":"275.8px","width":"426px","height":"63.65px","nomeInstancia":"MovieClips/textConvertido_6_0","classe":"textConvertido_6_0","nome":"elb03_03_6_0"},{"tipo":"img","x":"520.65px","y":"206.7px","width":"426.5px","height":"315.2px","nomeInstancia":"MovieClips/transicao_6_1","classe":"transicao_6_1","nome":"elb03_03_6_1"}]},{"desenhos":[{"tipo":"img","x":"531.3px","y":"313.55px","width":"426px","height":"104.75px","nomeInstancia":"MovieClips/textConvertido_8_0","classe":"textConvertido_8_0","nome":"elb03_03_8_0"},{"tipo":"img","x":"57.65px","y":"285.9px","width":"426.5px","height":"160.05px","nomeInstancia":"MovieClips/transicao_8_1","classe":"transicao_8_1","nome":"elb03_03_8_1"}]},{"desenhos":[{"tipo":"img","x":"49.7px","y":"338.85px","width":"393.05px","height":"84.2px","nomeInstancia":"MovieClips/textConvertido_9_0","classe":"textConvertido_9_0","nome":"elb03_03_9_0"},{"tipo":"img","x":"477.5px","y":"249.75px","width":"486.4px","height":"234.4px","nomeInstancia":"MovieClips/transicao_9_1","classe":"transicao_9_1","nome":"elb03_03_9_1"}]},{"desenhos":[{"tipo":"img","x":"279.75px","y":"141.95px","width":"552.45px","height":"157.85px","nomeInstancia":"MovieClips/transicao_10_0","classe":"transicao_10_0","nome":"elb03_03_10_0"},{"nome":"elb03_03_10_1","tipo":"personagem","x":"0px","y":"0px","width":"1016px","height":"659px","nomeInstancia":"MovieClips/animaP10","classe":"animaP10"}]},{"desenhos":[{"tipo":"img","x":"372.15px","y":"296px","width":"475.4px","height":"135.65px","nomeInstancia":"MovieClips/transicao_11_0","classe":"transicao_11_0","nome":"elb03_03_11_0"},{"tipo":"img","x":"279.75px","y":"141.95px","width":"552.45px","height":"157.85px","nomeInstancia":"MovieClips/transicao_10_0","classe":"transicao_10_0","nome":"elb03_03_10_0"},{"nome":"elb03_03_10_1","tipo":"personagem","x":"0px","y":"0px","width":"1016px","height":"659px","nomeInstancia":"MovieClips/animaP10","classe":"animaP10"}]},{"desenhos":[{"tipo":"img","x":"76px","y":"328.05px","width":"426px","height":"63.65px","nomeInstancia":"MovieClips/textConvertido_12_0","classe":"textConvertido_12_0","nome":"elb03_03_12_0"},{"tipo":"img","x":"556px","y":"146.65px","width":"367.8px","height":"426.45px","nomeInstancia":"MovieClips/transicao_12_1","classe":"transicao_12_1","nome":"elb03_03_12_1"}]},{"desenhos":[{"tipo":"img","x":"499.45px","y":"202.8px","width":"426px","height":"84.2px","nomeInstancia":"MovieClips/textConvertido_13_0","classe":"textConvertido_13_0","nome":"elb03_03_13_0"},{"tipo":"img","x":"73.45px","y":"168.8px","width":"426px","height":"24.9px","nomeInstancia":"MovieClips/textConvertido_13_1","classe":"textConvertido_13_1","nome":"elb03_03_13_1"},{"tipo":"img","x":"73.45px","y":"286.65px","width":"380.7px","height":"178.85px","nomeInstancia":"MovieClips/transicao_13_2","classe":"transicao_13_2","nome":"elb03_03_13_2"}]},{"desenhos":[{"tipo":"img","x":"499.45px","y":"312.45px","width":"426px","height":"104.75px","nomeInstancia":"MovieClips/textConvertido_14_0","classe":"textConvertido_14_0","nome":"elb03_03_14_0"},{"tipo":"img","x":"499.45px","y":"202.8px","width":"426px","height":"84.2px","nomeInstancia":"MovieClips/textConvertido_13_0","classe":"textConvertido_13_0","nome":"elb03_03_13_0"},{"tipo":"img","x":"73.45px","y":"168.8px","width":"426px","height":"24.9px","nomeInstancia":"MovieClips/textConvertido_13_1","classe":"textConvertido_13_1","nome":"elb03_03_13_1"},{"tipo":"img","x":"73.45px","y":"286.65px","width":"380.7px","height":"178.85px","nomeInstancia":"MovieClips/transicao_13_2","classe":"transicao_13_2","nome":"elb03_03_13_2"}]},{"desenhos":[{"tipo":"img","x":"499.45px","y":"442.65px","width":"426px","height":"84.2px","nomeInstancia":"MovieClips/textConvertido_15_0","classe":"textConvertido_15_0","nome":"elb03_03_15_0"},{"tipo":"img","x":"499.45px","y":"312.45px","width":"426px","height":"104.75px","nomeInstancia":"MovieClips/textConvertido_14_0","classe":"textConvertido_14_0","nome":"elb03_03_14_0"},{"tipo":"img","x":"499.45px","y":"202.8px","width":"426px","height":"84.2px","nomeInstancia":"MovieClips/textConvertido_13_0","classe":"textConvertido_13_0","nome":"elb03_03_13_0"},{"tipo":"img","x":"73.45px","y":"168.8px","width":"426px","height":"24.9px","nomeInstancia":"MovieClips/textConvertido_13_1","classe":"textConvertido_13_1","nome":"elb03_03_13_1"},{"tipo":"img","x":"73.45px","y":"286.65px","width":"380.7px","height":"178.85px","nomeInstancia":"MovieClips/transicao_13_2","classe":"transicao_13_2","nome":"elb03_03_13_2"}]},{"desenhos":[{"tipo":"img","x":"109.35px","y":"214.25px","width":"426px","height":"84.2px","nomeInstancia":"MovieClips/textConvertido_16_0","classe":"textConvertido_16_0","nome":"elb03_03_16_0"},{"tipo":"img","x":"653.3px","y":"140.9px","width":"213.3px","height":"227.65px","nomeInstancia":"MovieClips/transicao_16_2","classe":"transicao_16_2","nome":"elb03_03_16_1"},{"tipo":"img","x":"674.6px","y":"389.45px","width":"170.75px","height":"194.45px","nomeInstancia":"MovieClips/transicao_16_1","classe":"transicao_16_1","nome":"elb03_03_16_2"}]},{"desenhos":[{"tipo":"img","x":"109.35px","y":"330.3px","width":"426px","height":"63.65px","nomeInstancia":"MovieClips/textConvertido_17_0","classe":"textConvertido_17_0","nome":"elb03_03_17_0"},{"tipo":"img","x":"109.35px","y":"214.25px","width":"426px","height":"84.2px","nomeInstancia":"MovieClips/textConvertido_16_0","classe":"textConvertido_16_0","nome":"elb03_03_16_0"},{"tipo":"img","x":"653.3px","y":"140.9px","width":"213.3px","height":"227.65px","nomeInstancia":"MovieClips/transicao_16_2","classe":"transicao_16_2","nome":"elb03_03_16_1"},{"tipo":"img","x":"674.6px","y":"389.45px","width":"170.75px","height":"194.45px","nomeInstancia":"MovieClips/transicao_16_1","classe":"transicao_16_1","nome":"elb03_03_16_2"}]},{"desenhos":[{"tipo":"img","x":"109.35px","y":"425.8px","width":"426px","height":"84.2px","nomeInstancia":"MovieClips/textConvertido_18_0","classe":"textConvertido_18_0","nome":"elb03_03_18_0"},{"tipo":"img","x":"109.35px","y":"330.3px","width":"426px","height":"63.65px","nomeInstancia":"MovieClips/textConvertido_17_0","classe":"textConvertido_17_0","nome":"elb03_03_17_0"},{"tipo":"img","x":"109.35px","y":"214.25px","width":"426px","height":"84.2px","nomeInstancia":"MovieClips/textConvertido_16_0","classe":"textConvertido_16_0","nome":"elb03_03_16_0"},{"tipo":"img","x":"653.3px","y":"140.9px","width":"213.3px","height":"227.65px","nomeInstancia":"MovieClips/transicao_16_2","classe":"transicao_16_2","nome":"elb03_03_16_1"},{"tipo":"img","x":"674.6px","y":"389.45px","width":"170.75px","height":"194.45px","nomeInstancia":"MovieClips/transicao_16_1","classe":"transicao_16_1","nome":"elb03_03_16_2"}]},{"desenhos":[{"tipo":"img","x":"87.15px","y":"164.75px","width":"426px","height":"24.9px","nomeInstancia":"MovieClips/textConvertido_19_0","classe":"textConvertido_19_0","nome":"elb03_03_19_0"},{"tipo":"img","x":"87.15px","y":"259.75px","width":"314.7px","height":"210.4px","nomeInstancia":"MovieClips/transicao_19_1","classe":"transicao_19_1","nome":"elb03_03_19_1"}]},{"desenhos":[{"tipo":"img","x":"513.15px","y":"307.5px","width":"426px","height":"43.1px","nomeInstancia":"MovieClips/textConvertido_20_0","classe":"textConvertido_20_0","nome":"elb03_03_20_0"},{"tipo":"img","x":"87.15px","y":"164.75px","width":"426px","height":"24.9px","nomeInstancia":"MovieClips/textConvertido_19_0","classe":"textConvertido_19_0","nome":"elb03_03_19_0"},{"tipo":"img","x":"87.15px","y":"259.75px","width":"314.7px","height":"210.4px","nomeInstancia":"MovieClips/transicao_19_1","classe":"transicao_19_1","nome":"elb03_03_19_1"}]},{"desenhos":[{"tipo":"img","x":"513.15px","y":"369.7px","width":"426px","height":"22.55px","nomeInstancia":"MovieClips/textConvertido_21_0","classe":"textConvertido_21_0","nome":"elb03_03_21_0"},{"tipo":"img","x":"513.15px","y":"307.5px","width":"426px","height":"43.1px","nomeInstancia":"MovieClips/textConvertido_20_0","classe":"textConvertido_20_0","nome":"elb03_03_20_0"},{"tipo":"img","x":"87.15px","y":"164.75px","width":"426px","height":"24.9px","nomeInstancia":"MovieClips/textConvertido_19_0","classe":"textConvertido_19_0","nome":"elb03_03_19_0"},{"tipo":"img","x":"87.15px","y":"259.75px","width":"314.7px","height":"210.4px","nomeInstancia":"MovieClips/transicao_19_1","classe":"transicao_19_1","nome":"elb03_03_19_1"}]},{"desenhos":[{"tipo":"img","x":"513.15px","y":"411.35px","width":"426px","height":"22.55px","nomeInstancia":"MovieClips/textConvertido_22_0","classe":"textConvertido_22_0","nome":"elb03_03_22_0"},{"tipo":"img","x":"513.15px","y":"369.7px","width":"426px","height":"22.55px","nomeInstancia":"MovieClips/textConvertido_21_0","classe":"textConvertido_21_0","nome":"elb03_03_21_0"},{"tipo":"img","x":"513.15px","y":"307.5px","width":"426px","height":"43.1px","nomeInstancia":"MovieClips/textConvertido_20_0","classe":"textConvertido_20_0","nome":"elb03_03_20_0"},{"tipo":"img","x":"87.15px","y":"164.75px","width":"426px","height":"24.9px","nomeInstancia":"MovieClips/textConvertido_19_0","classe":"textConvertido_19_0","nome":"elb03_03_19_0"},{"tipo":"img","x":"87.15px","y":"259.75px","width":"314.7px","height":"210.4px","nomeInstancia":"MovieClips/transicao_19_1","classe":"transicao_19_1","nome":"elb03_03_19_1"}]},{"desenhos":[{"tipo":"img","x":"80px","y":"240.45px","width":"426px","height":"63.65px","nomeInstancia":"MovieClips/textConvertido_23_0","classe":"textConvertido_23_0","nome":"elb03_03_23_0"},{"tipo":"img","x":"591.65px","y":"212.45px","width":"328.85px","height":"306.95px","nomeInstancia":"MovieClips/transicao_23_1","classe":"transicao_23_1","nome":"elb03_03_23_1"}]},{"desenhos":[{"tipo":"img","x":"80px","y":"329.75px","width":"426px","height":"104.75px","nomeInstancia":"MovieClips/textConvertido_24_0","classe":"textConvertido_24_0","nome":"elb03_03_24_0"},{"tipo":"img","x":"80px","y":"240.45px","width":"426px","height":"63.65px","nomeInstancia":"MovieClips/textConvertido_23_0","classe":"textConvertido_23_0","nome":"elb03_03_23_0"},{"tipo":"img","x":"591.65px","y":"212.45px","width":"328.85px","height":"306.95px","nomeInstancia":"MovieClips/transicao_23_1","classe":"transicao_23_1","nome":"elb03_03_23_1"}]},{"desenhos":[{"tipo":"img","x":"80px","y":"460.15px","width":"426px","height":"43.1px","nomeInstancia":"MovieClips/textConvertido_25_0","classe":"textConvertido_25_0","nome":"elb03_03_25_0"},{"tipo":"img","x":"80px","y":"329.75px","width":"426px","height":"104.75px","nomeInstancia":"MovieClips/textConvertido_24_0","classe":"textConvertido_24_0","nome":"elb03_03_24_0"},{"tipo":"img","x":"80px","y":"240.45px","width":"426px","height":"63.65px","nomeInstancia":"MovieClips/textConvertido_23_0","classe":"textConvertido_23_0","nome":"elb03_03_23_0"},{"tipo":"img","x":"591.65px","y":"212.45px","width":"328.85px","height":"306.95px","nomeInstancia":"MovieClips/transicao_23_1","classe":"transicao_23_1","nome":"elb03_03_23_1"}]},{"desenhos":[{"tipo":"img","x":"506.1px","y":"240.1px","width":"426px","height":"84.2px","nomeInstancia":"MovieClips/textConvertido_26_0","classe":"textConvertido_26_0","nome":"elb03_03_26_0"},{"tipo":"img","x":"90.25px","y":"235px","width":"331.1px","height":"249.5px","nomeInstancia":"MovieClips/transicao_26_1","classe":"transicao_26_1","nome":"elb03_03_26_1"}]},{"desenhos":[{"tipo":"img","x":"205.5px","y":"241.5px","width":"721.95px","height":"302.2px","nomeInstancia":"MovieClips/telaInfo27","classe":"telaInfo27","nome":"elb03_03_27_0"},{"tipo":"img","x":"506.1px","y":"346.45px","width":"426px","height":"125.3px","nomeInstancia":"MovieClips/textConvertido_27_1","classe":"textConvertido_27_1","nome":"elb03_03_27_1"},{"tipo":"img","x":"506.1px","y":"240.1px","width":"426px","height":"84.2px","nomeInstancia":"MovieClips/textConvertido_26_0","classe":"textConvertido_26_0","nome":"elb03_03_26_0"},{"tipo":"img","x":"90.25px","y":"235px","width":"331.1px","height":"249.5px","nomeInstancia":"MovieClips/transicao_26_1","classe":"transicao_26_1","nome":"elb03_03_26_1"}]},{"desenhos":[{"tipo":"img","x":"364.7px","y":"133.2px","width":"528.6px","height":"460.5px","nomeInstancia":"MovieClips/opcoes28","classe":"opcoes28","nome":"elb03_03_28_0"},{"tipo":"img","x":"129.25px","y":"341.9px","width":"309.15px","height":"43.1px","nomeInstancia":"MovieClips/textConvertido_28_1","classe":"textConvertido_28_1","nome":"elb03_03_28_1"},{"tipo":"img","x":"94.05px","y":"146px","width":"131.9px","height":"70px","nomeInstancia":"MovieClips/transicao_28_2","classe":"transicao_28_2","nome":"elb03_03_28_2"}]}]}