{"licao":"elb03_04","topico":"04","telas":[{"desenhos":[{"tipo":"img","x":"64.95px","y":"311.4px","width":"375.85px","height":"63.65px","nomeInstancia":"MovieClips/textConvertido_1_0","classe":"textConvertido_1_0","nome":"elb03_04_1_0"},{"tipo":"img","x":"64.95px","y":"164.75px","width":"137.3px","height":"24.9px","nomeInstancia":"MovieClips/textConvertido_1_1","classe":"textConvertido_1_1","nome":"elb03_04_1_1"},{"tipo":"img","x":"477.65px","y":"290.1px","width":"474.3px","height":"149.55px","nomeInstancia":"MovieClips/transicao_1_2","classe":"transicao_1_2","nome":"elb03_04_1_2"}]},{"desenhos":[{"tipo":"img","x":"190.85px","y":"189.65px","width":"763.35px","height":"343.05px","nomeInstancia":"MovieClips/telaInfo_miniNavegacao02","classe":"telaInfo_miniNavegacao02","nome":"elb03_04_2_0"},{"tipo":"img","x":"64.95px","y":"395.15px","width":"368.75px","height":"22.55px","nomeInstancia":"MovieClips/textConvertido_2_1","classe":"textConvertido_2_1","nome":"elb03_04_2_1"},{"tipo":"img","x":"64.95px","y":"311.4px","width":"375.85px","height":"63.65px","nomeInstancia":"MovieClips/textConvertido_1_0","classe":"textConvertido_1_0","nome":"elb03_04_1_0"},{"tipo":"img","x":"64.95px","y":"164.75px","width":"137.3px","height":"24.9px","nomeInstancia":"MovieClips/textConvertido_1_1","classe":"textConvertido_1_1","nome":"elb03_04_1_1"},{"tipo":"img","x":"477.65px","y":"290.1px","width":"474.3px","height":"149.55px","nomeInstancia":"MovieClips/transicao_1_2","classe":"transicao_1_2","nome":"elb03_04_1_2"}]},{"desenhos":[{"tipo":"img","x":"515.15px","y":"331.9px","width":"426px","height":"84.2px","nomeInstancia":"MovieClips/textConvertido_3_0","classe":"textConvertido_3_0","nome":"elb03_04_3_0"},{"tipo":"img","x":"82.2px","y":"158.65px","width":"344.35px","height":"24.9px","nomeInstancia":"MovieClips/textConvertido_3_1","classe":"textConvertido_3_1","nome":"elb03_04_3_1"},{"tipo":"img","x":"82.2px","y":"256.8px","width":"365.2px","height":"234.4px","nomeInstancia":"MovieClips/transicao_3_2","classe":"transicao_3_2","nome":"elb03_04_3_2"}]},{"desenhos":[{"tipo":"img","x":"86.1px","y":"279.95px","width":"426px","height":"43.1px","nomeInstancia":"MovieClips/textConvertido_4_0","classe":"textConvertido_4_0","nome":"elb03_04_4_0"},{"tipo":"img","x":"581.3px","y":"296.05px","width":"337.45px","height":"133.75px","nomeInstancia":"MovieClips/transicao_4_1","classe":"transicao_4_1","nome":"elb03_04_4_1"}]},{"desenhos":[{"tipo":"img","x":"86.1px","y":"345.2px","width":"426px","height":"104.75px","nomeInstancia":"MovieClips/textConvertido_5_0","classe":"textConvertido_5_0","nome":"elb03_04_5_0"},{"tipo":"img","x":"86.1px","y":"279.95px","width":"426px","height":"43.1px","nomeInstancia":"MovieClips/textConvertido_4_0","classe":"textConvertido_4_0","nome":"elb03_04_4_0"},{"tipo":"img","x":"581.3px","y":"296.05px","width":"337.45px","height":"133.75px","nomeInstancia":"MovieClips/transicao_4_1","classe":"transicao_4_1","nome":"elb03_04_4_1"}]},{"desenhos":[{"tipo":"img","x":"507.05px","y":"271.85px","width":"426px","height":"43.1px","nomeInstancia":"MovieClips/textConvertido_6_0","classe":"textConvertido_6_0","nome":"elb03_04_6_0"},{"tipo":"img","x":"78.25px","y":"293.4px","width":"343px","height":"135.1px","nomeInstancia":"MovieClips/transicao_6_1","classe":"transicao_6_1","nome":"elb03_04_6_1"}]},{"desenhos":[{"tipo":"img","x":"507.05px","y":"338.05px","width":"426px","height":"104.75px","nomeInstancia":"MovieClips/textConvertido_7_0","classe":"textConvertido_7_0","nome":"elb03_04_7_0"},{"tipo":"img","x":"507.05px","y":"271.85px","width":"426px","height":"43.1px","nomeInstancia":"MovieClips/textConvertido_6_0","classe":"textConvertido_6_0","nome":"elb03_04_6_0"},{"tipo":"img","x":"78.25px","y":"293.4px","width":"343px","height":"135.1px","nomeInstancia":"MovieClips/transicao_6_1","classe":"transicao_6_1","nome":"elb03_04_6_1"}]},{"desenhos":[{"tipo":"img","x":"88.1px","y":"272.8px","width":"426px","height":"43.1px","nomeInstancia":"MovieClips/textConvertido_8_0","classe":"textConvertido_8_0","nome":"elb03_04_8_0"},{"tipo":"img","x":"595.65px","y":"302.25px","width":"312.7px","height":"126.5px","nomeInstancia":"MovieClips/transicao_8_1","classe":"transicao_8_1","nome":"elb03_04_8_1"}]},{"desenhos":[{"tipo":"img","x":"88.1px","y":"340.5px","width":"426px","height":"63.65px","nomeInstancia":"MovieClips/textConvertido_9_0","classe":"textConvertido_9_0","nome":"elb03_04_9_0"},{"tipo":"img","x":"88.1px","y":"272.8px","width":"426px","height":"43.1px","nomeInstancia":"MovieClips/textConvertido_8_0","classe":"textConvertido_8_0","nome":"elb03_04_8_0"},{"tipo":"img","x":"595.65px","y":"302.25px","width":"312.7px","height":"126.5px","nomeInstancia":"MovieClips/transicao_8_1","classe":"transicao_8_1","nome":"elb03_04_8_1"}]},{"desenhos":[{"tipo":"img","x":"88.1px","y":"428.75px","width":"426px","height":"43.1px","nomeInstancia":"MovieClips/textConvertido_10_0","classe":"textConvertido_10_0","nome":"elb03_04_10_0"},{"tipo":"img","x":"88.1px","y":"340.5px","width":"426px","height":"63.65px","nomeInstancia":"MovieClips/textConvertido_9_0","classe":"textConvertido_9_0","nome":"elb03_04_9_0"},{"tipo":"img","x":"88.1px","y":"272.8px","width":"426px","height":"43.1px","nomeInstancia":"MovieClips/textConvertido_8_0","classe":"textConvertido_8_0","nome":"elb03_04_8_0"},{"tipo":"img","x":"595.65px","y":"302.25px","width":"312.7px","height":"126.5px","nomeInstancia":"MovieClips/transicao_8_1","classe":"transicao_8_1","nome":"elb03_04_8_1"}]},{"desenhos":[{"tipo":"img","x":"514.15px","y":"276.9px","width":"426px","height":"84.2px","nomeInstancia":"MovieClips/textConvertido_11_0","classe":"textConvertido_11_0","nome":"elb03_04_11_0"},{"tipo":"img","x":"102.65px","y":"145.3px","width":"310.2px","height":"429.1px","nomeInstancia":"MovieClips/transicao_11_1","classe":"transicao_11_1","nome":"elb03_04_11_1"}]},{"desenhos":[{"tipo":"img","x":"514.15px","y":"385.3px","width":"426px","height":"63.65px","nomeInstancia":"MovieClips/textConvertido_12_0","classe":"textConvertido_12_0","nome":"elb03_04_12_0"},{"tipo":"img","x":"514.15px","y":"276.9px","width":"426px","height":"84.2px","nomeInstancia":"MovieClips/textConvertido_11_0","classe":"textConvertido_11_0","nome":"elb03_04_11_0"},{"tipo":"img","x":"102.65px","y":"145.3px","width":"310.2px","height":"429.1px","nomeInstancia":"MovieClips/transicao_11_1","classe":"transicao_11_1","nome":"elb03_04_11_1"}]},{"desenhos":[{"tipo":"img","x":"85.1px","y":"301.25px","width":"426px","height":"84.2px","nomeInstancia":"MovieClips/textConvertido_13_0","classe":"textConvertido_13_0","nome":"elb03_04_13_0"},{"tipo":"img","x":"560.1px","y":"190.15px","width":"209.05px","height":"186.7px","nomeInstancia":"MovieClips/transicao_13_3","classe":"transicao_13_3","nome":"elb03_04_13_1"},{"tipo":"img","x":"733.1px","y":"292.45px","width":"211.05px","height":"188.5px","nomeInstancia":"MovieClips/transicao_13_2","classe":"transicao_13_2","nome":"elb03_04_13_2"},{"tipo":"img","x":"590.3px","y":"371.5px","width":"185.25px","height":"165.5px","nomeInstancia":"MovieClips/transicao_13_1","classe":"transicao_13_1","nome":"elb03_04_13_3"}]},{"desenhos":[{"tipo":"img","x":"236.2px","y":"211.5px","width":"720.7px","height":"328.9px","nomeInstancia":"MovieClips/telaInfo14","classe":"telaInfo14","nome":"elb03_04_14_0"},{"tipo":"img","x":"85.1px","y":"400.45px","width":"426px","height":"22.55px","nomeInstancia":"MovieClips/textConvertido_14_1","classe":"textConvertido_14_1","nome":"elb03_04_14_1"},{"tipo":"img","x":"85.1px","y":"301.25px","width":"426px","height":"84.2px","nomeInstancia":"MovieClips/textConvertido_13_0","classe":"textConvertido_13_0","nome":"elb03_04_13_0"},{"tipo":"img","x":"560.1px","y":"190.15px","width":"209.05px","height":"186.7px","nomeInstancia":"MovieClips/transicao_13_3","classe":"transicao_13_3","nome":"elb03_04_13_1"},{"tipo":"img","x":"733.1px","y":"292.45px","width":"211.05px","height":"188.5px","nomeInstancia":"MovieClips/transicao_13_2","classe":"transicao_13_2","nome":"elb03_04_13_2"},{"tipo":"img","x":"590.3px","y":"371.5px","width":"185.25px","height":"165.5px","nomeInstancia":"MovieClips/transicao_13_1","classe":"transicao_13_1","nome":"elb03_04_13_3"}]},{"desenhos":[{"tipo":"img","x":"505.05px","y":"255.85px","width":"426px","height":"63.65px","nomeInstancia":"MovieClips/textConvertido_15_0","classe":"textConvertido_15_0","nome":"elb03_04_15_0"},{"tipo":"img","x":"85.4px","y":"164.75px","width":"141.05px","height":"24.9px","nomeInstancia":"MovieClips/textConvertido_15_1","classe":"textConvertido_15_1","nome":"elb03_04_15_1"},{"tipo":"img","x":"85.4px","y":"234.05px","width":"328.7px","height":"267.85px","nomeInstancia":"MovieClips/transicao_15_2","classe":"transicao_15_2","nome":"elb03_04_15_2"}]},{"desenhos":[{"tipo":"img","x":"505.05px","y":"341.6px","width":"426px","height":"145.85px","nomeInstancia":"MovieClips/textConvertido_16_0","classe":"textConvertido_16_0","nome":"elb03_04_16_0"},{"tipo":"img","x":"505.05px","y":"255.85px","width":"426px","height":"63.65px","nomeInstancia":"MovieClips/textConvertido_15_0","classe":"textConvertido_15_0","nome":"elb03_04_15_0"},{"tipo":"img","x":"85.4px","y":"164.75px","width":"141.05px","height":"24.9px","nomeInstancia":"MovieClips/textConvertido_15_1","classe":"textConvertido_15_1","nome":"elb03_04_15_1"},{"tipo":"img","x":"85.4px","y":"234.05px","width":"328.7px","height":"267.85px","nomeInstancia":"MovieClips/transicao_15_2","classe":"transicao_15_2","nome":"elb03_04_15_2"}]},{"desenhos":[{"tipo":"img","x":"257.5px","y":"244.65px","width":"501px","height":"198.9px","nomeInstancia":"MovieClips/destaque17","classe":"destaque17","nome":"elb03_04_17_0"},{"tipo":"img","x":"505.05px","y":"341.6px","width":"426px","height":"145.85px","nomeInstancia":"MovieClips/textConvertido_16_0","classe":"textConvertido_16_0","nome":"elb03_04_16_0"},{"tipo":"img","x":"505.05px","y":"255.85px","width":"426px","height":"63.65px","nomeInstancia":"MovieClips/textConvertido_15_0","classe":"textConvertido_15_0","nome":"elb03_04_15_0"},{"tipo":"img","x":"85.4px","y":"164.75px","width":"141.05px","height":"24.9px","nomeInstancia":"MovieClips/textConvertido_15_1","classe":"textConvertido_15_1","nome":"elb03_04_15_1"},{"tipo":"img","x":"85.4px","y":"234.05px","width":"328.7px","height":"267.85px","nomeInstancia":"MovieClips/transicao_15_2","classe":"transicao_15_2","nome":"elb03_04_15_2"}]},{"desenhos":[{"tipo":"img","x":"179.1px","y":"141.5px","width":"546.15px","height":"123.45px","nomeInstancia":"MovieClips/transicao_18_0","classe":"transicao_18_0","nome":"elb03_04_18_0"},{"nome":"elb03_04_18_1","tipo":"personagem","x":"0px","y":"0px","width":"1016px","height":"659px","nomeInstancia":"MovieClips/animaP18","classe":"animaP18"}]},{"desenhos":[{"tipo":"img","x":"167.45px","y":"157.6px","width":"708.65px","height":"43.1px","nomeInstancia":"MovieClips/textConvertido_19_1","classe":"textConvertido_19_1","nome":"elb03_04_19_0"},{"tipo":"img","x":"140.7px","y":"225.3px","width":"734.6px","height":"385.8px","nomeInstancia":"MovieClips/forca24","classe":"forca24","nome":"elb03_04_19_1"},{"tipo":"img","x":"17.55px","y":"123.6px","width":"131.9px","height":"70px","nomeInstancia":"MovieClips/transicao_19_2","classe":"transicao_19_2","nome":"elb03_04_19_2"}]},{"desenhos":[{"tipo":"img","x":"245.95px","y":"192.25px","width":"528.25px","height":"117.25px","nomeInstancia":"MovieClips/transicao_20_0","classe":"transicao_20_0","nome":"elb03_04_20_0"},{"tipo":"img","x":"76px","y":"153.95px","width":"133.2px","height":"49.65px","nomeInstancia":"MovieClips/transicao_20_1","classe":"transicao_20_1","nome":"elb03_04_20_1"},{"nome":"elb03_04_20_2","tipo":"personagem","x":"0px","y":"0px","width":"1016px","height":"659px","nomeInstancia":"MovieClips/animaP20","classe":"animaP20"}]},{"desenhos":[{"tipo":"img","x":"222.2px","y":"305.35px","width":"459.1px","height":"134px","nomeInstancia":"MovieClips/transicao_21_0","classe":"transicao_21_0","nome":"elb03_04_21_0"},{"tipo":"img","x":"245.95px","y":"192.25px","width":"528.25px","height":"117.25px","nomeInstancia":"MovieClips/transicao_20_0","classe":"transicao_20_0","nome":"elb03_04_20_0"},{"tipo":"img","x":"76px","y":"153.95px","width":"133.2px","height":"49.65px","nomeInstancia":"MovieClips/transicao_20_1","classe":"transicao_20_1","nome":"elb03_04_20_1"},{"nome":"elb03_04_20_2","tipo":"personagem","x":"0px","y":"0px","width":"1016px","height":"659px","nomeInstancia":"MovieClips/animaP20","classe":"animaP20"}]},{"desenhos":[{"tipo":"img","x":"160.8px","y":"435.35px","width":"495.5px","height":"101.2px","nomeInstancia":"MovieClips/transicao_22_0","classe":"transicao_22_0","nome":"elb03_04_22_0"},{"tipo":"img","x":"222.2px","y":"305.35px","width":"459.1px","height":"134px","nomeInstancia":"MovieClips/transicao_21_0","classe":"transicao_21_0","nome":"elb03_04_21_0"},{"tipo":"img","x":"245.95px","y":"192.25px","width":"528.25px","height":"117.25px","nomeInstancia":"MovieClips/transicao_20_0","classe":"transicao_20_0","nome":"elb03_04_20_0"},{"tipo":"img","x":"76px","y":"153.95px","width":"133.2px","height":"49.65px","nomeInstancia":"MovieClips/transicao_20_1","classe":"transicao_20_1","nome":"elb03_04_20_1"},{"nome":"elb03_04_20_2","tipo":"personagem","x":"0px","y":"0px","width":"1016px","height":"659px","nomeInstancia":"MovieClips/animaP20","classe":"animaP20"}]},{"desenhos":[{"tipo":"img","x":"244.55px","y":"154.6px","width":"539.35px","height":"137.55px","nomeInstancia":"MovieClips/transicao_23_0","classe":"transicao_23_0","nome":"elb03_04_23_0"},{"nome":"elb03_04_23_1","tipo":"personagem","x":"0px","y":"0px","width":"1016px","height":"659px","nomeInstancia":"MovieClips/animaP23","classe":"animaP23"}]},{"desenhos":[{"tipo":"img","x":"330.7px","y":"288.15px","width":"471.2px","height":"131.2px","nomeInstancia":"MovieClips/transicao_24_0","classe":"transicao_24_0","nome":"elb03_04_24_0"},{"tipo":"img","x":"244.55px","y":"154.6px","width":"539.35px","height":"137.55px","nomeInstancia":"MovieClips/transicao_23_0","classe":"transicao_23_0","nome":"elb03_04_23_0"},{"nome":"elb03_04_23_1","tipo":"personagem","x":"0px","y":"0px","width":"1016px","height":"659px","nomeInstancia":"MovieClips/animaP23","classe":"animaP23"}]},{"desenhos":[{"tipo":"img","x":"340.65px","y":"415.9px","width":"473.2px","height":"122.3px","nomeInstancia":"MovieClips/transicao_25_0","classe":"transicao_25_0","nome":"elb03_04_25_0"},{"tipo":"img","x":"330.7px","y":"288.15px","width":"471.2px","height":"131.2px","nomeInstancia":"MovieClips/transicao_24_0","classe":"transicao_24_0","nome":"elb03_04_24_0"},{"tipo":"img","x":"244.55px","y":"154.6px","width":"539.35px","height":"137.55px","nomeInstancia":"MovieClips/transicao_23_0","classe":"transicao_23_0","nome":"elb03_04_23_0"},{"nome":"elb03_04_23_1","tipo":"personagem","x":"0px","y":"0px","width":"1016px","height":"659px","nomeInstancia":"MovieClips/animaP23","classe":"animaP23"}]},{"desenhos":[{"tipo":"img","x":"207.5px","y":"152.6px","width":"514.1px","height":"106px","nomeInstancia":"MovieClips/transicao_26_0","classe":"transicao_26_0","nome":"elb03_04_26_0"},{"nome":"elb03_04_26_1","tipo":"personagem","x":"0px","y":"0px","width":"1016px","height":"659px","nomeInstancia":"MovieClips/animaP26","classe":"animaP26"}]},{"desenhos":[{"tipo":"img","x":"167px","y":"253.6px","width":"473.3px","height":"115px","nomeInstancia":"MovieClips/transicao_27_0","classe":"transicao_27_0","nome":"elb03_04_27_0"},{"tipo":"img","x":"207.5px","y":"152.6px","width":"514.1px","height":"106px","nomeInstancia":"MovieClips/transicao_26_0","classe":"transicao_26_0","nome":"elb03_04_26_0"},{"nome":"elb03_04_26_1","tipo":"personagem","x":"0px","y":"0px","width":"1016px","height":"659px","nomeInstancia":"MovieClips/animaP26","classe":"animaP26"}]},{"desenhos":[{"tipo":"img","x":"333px","y":"193.1px","width":"534.25px","height":"161.85px","nomeInstancia":"MovieClips/transicao_28_0","classe":"transicao_28_0","nome":"elb03_04_28_0"},{"nome":"elb03_04_28_1","tipo":"personagem","x":"0px","y":"0px","width":"1016px","height":"659px","nomeInstancia":"MovieClips/animaP28","classe":"animaP28"}]},{"desenhos":[{"tipo":"img","x":"408.8px","y":"351.35px","width":"481.3px","height":"126px","nomeInstancia":"MovieClips/transicao_29_0","classe":"transicao_29_0","nome":"elb03_04_29_0"},{"tipo":"img","x":"333px","y":"193.1px","width":"534.25px","height":"161.85px","nomeInstancia":"MovieClips/transicao_28_0","classe":"transicao_28_0","nome":"elb03_04_28_0"},{"nome":"elb03_04_28_1","tipo":"personagem","x":"0px","y":"0px","width":"1016px","height":"659px","nomeInstancia":"MovieClips/animaP28","classe":"animaP28"}]},{"desenhos":[{"tipo":"img","x":"228.8px","y":"165.7px","width":"532.3px","height":"125.45px","nomeInstancia":"MovieClips/transicao_30_0","classe":"transicao_30_0","nome":"elb03_04_30_0"},{"nome":"elb03_04_30_1","tipo":"personagem","x":"0px","y":"0px","width":"1016px","height":"659px","nomeInstancia":"MovieClips/animaP30","classe":"animaP30"}]},{"desenhos":[{"tipo":"img","x":"219.7px","y":"285.4px","width":"469.2px","height":"135px","nomeInstancia":"MovieClips/transicao_31_0","classe":"transicao_31_0","nome":"elb03_04_31_0"},{"tipo":"img","x":"228.8px","y":"165.7px","width":"532.3px","height":"125.45px","nomeInstancia":"MovieClips/transicao_30_0","classe":"transicao_30_0","nome":"elb03_04_30_0"},{"nome":"elb03_04_30_1","tipo":"personagem","x":"0px","y":"0px","width":"1016px","height":"659px","nomeInstancia":"MovieClips/animaP30","classe":"animaP30"}]},{"desenhos":[{"tipo":"img","x":"206.7px","y":"417.4px","width":"465.2px","height":"130.95px","nomeInstancia":"MovieClips/transicao_32_0","classe":"transicao_32_0","nome":"elb03_04_32_0"},{"tipo":"img","x":"219.7px","y":"285.4px","width":"469.2px","height":"135px","nomeInstancia":"MovieClips/transicao_31_0","classe":"transicao_31_0","nome":"elb03_04_31_0"},{"tipo":"img","x":"228.8px","y":"165.7px","width":"532.3px","height":"125.45px","nomeInstancia":"MovieClips/transicao_30_0","classe":"transicao_30_0","nome":"elb03_04_30_0"},{"nome":"elb03_04_30_1","tipo":"personagem","x":"0px","y":"0px","width":"1016px","height":"659px","nomeInstancia":"MovieClips/animaP30","classe":"animaP30"}]},{"desenhos":[{"tipo":"img","x":"308.7px","y":"143.6px","width":"539.3px","height":"171.95px","nomeInstancia":"MovieClips/transicao_33_0","classe":"transicao_33_0","nome":"elb03_04_33_0"},{"nome":"elb03_04_33_1","tipo":"personagem","x":"0px","y":"0px","width":"1016px","height":"659px","nomeInstancia":"MovieClips/animaP33","classe":"animaP33"}]},{"desenhos":[{"tipo":"img","x":"192.35px","y":"147.6px","width":"535.3px","height":"161.85px","nomeInstancia":"MovieClips/transicao_34_0","classe":"transicao_34_0","nome":"elb03_04_34_0"},{"nome":"elb03_04_34_1","tipo":"personagem","x":"0px","y":"0px","width":"1016px","height":"659px","nomeInstancia":"MovieClips/animaP34","classe":"animaP34"}]},{"desenhos":[{"tipo":"img","x":"165px","y":"305.45px","width":"477.3px","height":"137.7px","nomeInstancia":"MovieClips/transicao_35_0","classe":"transicao_35_0","nome":"elb03_04_35_0"},{"tipo":"img","x":"192.35px","y":"147.6px","width":"535.3px","height":"161.85px","nomeInstancia":"MovieClips/transicao_34_0","classe":"transicao_34_0","nome":"elb03_04_34_0"},{"nome":"elb03_04_34_1","tipo":"personagem","x":"0px","y":"0px","width":"1016px","height":"659px","nomeInstancia":"MovieClips/animaP34","classe":"animaP34"}]},{"desenhos":[{"tipo":"img","x":"290.2px","y":"245.45px","width":"435.65px","height":"214.8px","nomeInstancia":"MovieClips/transicao_36_0","classe":"transicao_36_0","nome":"elb03_04_36_0"}]}]}