{"licao":"elb03_02","topico":"02","telas":[{"desenhos":[{"tipo":"img","x":"64.85px","y":"201.1px","width":"384.9px","height":"145.85px","nomeInstancia":"MovieClips/textConvertido_1_0","classe":"textConvertido_1_0","nome":"elb03_02_1_0"},{"tipo":"img","x":"505.6px","y":"250.25px","width":"456.5px","height":"219.25px","nomeInstancia":"MovieClips/transicao_1_1","classe":"transicao_1_1","nome":"elb03_02_1_1"}]},{"desenhos":[{"tipo":"img","x":"64.85px","y":"384.95px","width":"384.9px","height":"125.3px","nomeInstancia":"MovieClips/textConvertido_2_0","classe":"textConvertido_2_0","nome":"elb03_02_2_0"},{"tipo":"img","x":"64.85px","y":"201.1px","width":"384.9px","height":"145.85px","nomeInstancia":"MovieClips/textConvertido_1_0","classe":"textConvertido_1_0","nome":"elb03_02_1_0"},{"tipo":"img","x":"505.6px","y":"250.25px","width":"456.5px","height":"219.25px","nomeInstancia":"MovieClips/transicao_1_1","classe":"transicao_1_1","nome":"elb03_02_1_1"}]},{"desenhos":[{"tipo":"img","x":"500px","y":"337.8px","width":"426px","height":"63.65px","nomeInstancia":"MovieClips/textConvertido_3_0","classe":"textConvertido_3_0","nome":"elb03_02_3_0"},{"tipo":"img","x":"70.4px","y":"170.8px","width":"102.45px","height":"24.9px","nomeInstancia":"MovieClips/textConvertido_3_1","classe":"textConvertido_3_1","nome":"elb03_02_3_1"},{"tipo":"img","x":"70.4px","y":"261.2px","width":"390.85px","height":"217.55px","nomeInstancia":"MovieClips/transicao_3_2","classe":"transicao_3_2","nome":"elb03_02_3_2"}]},{"desenhos":[{"tipo":"img","x":"203.35px","y":"172.85px","width":"502.7px","height":"125.45px","nomeInstancia":"MovieClips/transicao_4_0","classe":"transicao_4_0","nome":"elb03_02_4_0"},{"nome":"elb03_02_4_1","tipo":"personagem","x":"0px","y":"0px","width":"1016px","height":"659px","nomeInstancia":"MovieClips/animaP4","classe":"animaP4"}]},{"desenhos":[{"tipo":"img","x":"164.95px","y":"293.65px","width":"467.2px","height":"127.9px","nomeInstancia":"MovieClips/transicao_5_0","classe":"transicao_5_0","nome":"elb03_02_5_0"},{"tipo":"img","x":"203.35px","y":"172.85px","width":"502.7px","height":"125.45px","nomeInstancia":"MovieClips/transicao_4_0","classe":"transicao_4_0","nome":"elb03_02_4_0"},{"nome":"elb03_02_4_1","tipo":"personagem","x":"0px","y":"0px","width":"1016px","height":"659px","nomeInstancia":"MovieClips/animaP4","classe":"animaP4"}]},{"desenhos":[{"tipo":"img","x":"531.2px","y":"213.2px","width":"439.55px","height":"259.15px","nomeInstancia":"telaInfo6","classe":"telaInfo6","nome":"elb03_02_6_0"},{"tipo":"img","x":"164.95px","y":"449.8px","width":"281.85px","height":"22.55px","nomeInstancia":"MovieClips/textConvertido_6_1","classe":"textConvertido_6_1","nome":"elb03_02_6_1"},{"tipo":"img","x":"164.95px","y":"293.65px","width":"467.2px","height":"127.9px","nomeInstancia":"MovieClips/transicao_5_0","classe":"transicao_5_0","nome":"elb03_02_5_0"},{"tipo":"img","x":"203.35px","y":"172.85px","width":"502.7px","height":"125.45px","nomeInstancia":"MovieClips/transicao_4_0","classe":"transicao_4_0","nome":"elb03_02_4_0"},{"nome":"elb03_02_4_1","tipo":"personagem","x":"0px","y":"0px","width":"1016px","height":"659px","nomeInstancia":"MovieClips/animaP4","classe":"animaP4"}]},{"desenhos":[{"tipo":"img","x":"551.6px","y":"304.95px","width":"408.65px","height":"84.2px","nomeInstancia":"MovieClips/textConvertido_7_0","classe":"textConvertido_7_0","nome":"elb03_02_7_0"},{"tipo":"img","x":"40.9px","y":"232.05px","width":"478.3px","height":"255.65px","nomeInstancia":"MovieClips/transicao_7_1","classe":"transicao_7_1","nome":"elb03_02_7_1"}]},{"desenhos":[{"tipo":"img","x":"40.9px","y":"108.95px","width":"904.6px","height":"496.05px","nomeInstancia":"MovieClips/telaInfo08","classe":"telaInfo08","nome":"elb03_02_8_0"},{"tipo":"img","x":"551.6px","y":"403.15px","width":"409.65px","height":"22.55px","nomeInstancia":"MovieClips/textConvertido_8_0","classe":"textConvertido_8_0","nome":"elb03_02_8_1"},{"tipo":"img","x":"551.6px","y":"304.95px","width":"408.65px","height":"84.2px","nomeInstancia":"MovieClips/textConvertido_7_0","classe":"textConvertido_7_0","nome":"elb03_02_7_0"},{"tipo":"img","x":"40.9px","y":"232.05px","width":"478.3px","height":"255.65px","nomeInstancia":"MovieClips/transicao_7_1","classe":"transicao_7_1","nome":"elb03_02_7_1"}]},{"desenhos":[{"tipo":"img","x":"76px","y":"269.05px","width":"426px","height":"63.65px","nomeInstancia":"MovieClips/textConvertido_9_0","classe":"textConvertido_9_0","nome":"elb03_02_9_0"},{"tipo":"img","x":"76px","y":"167.75px","width":"426px","height":"24.9px","nomeInstancia":"MovieClips/textConvertido_9_1","classe":"textConvertido_9_1","nome":"elb03_02_9_1"},{"tipo":"img","x":"519.05px","y":"220.45px","width":"441.7px","height":"295.05px","nomeInstancia":"MovieClips/transicao_9_2","classe":"transicao_9_2","nome":"elb03_02_9_2"}]},{"desenhos":[{"tipo":"img","x":"76px","y":"353.8px","width":"426px","height":"63.65px","nomeInstancia":"MovieClips/textConvertido_10_0","classe":"textConvertido_10_0","nome":"elb03_02_10_0"},{"tipo":"img","x":"76px","y":"269.05px","width":"426px","height":"63.65px","nomeInstancia":"MovieClips/textConvertido_9_0","classe":"textConvertido_9_0","nome":"elb03_02_9_0"},{"tipo":"img","x":"76px","y":"167.75px","width":"426px","height":"24.9px","nomeInstancia":"MovieClips/textConvertido_9_1","classe":"textConvertido_9_1","nome":"elb03_02_9_1"},{"tipo":"img","x":"519.05px","y":"220.45px","width":"441.7px","height":"295.05px","nomeInstancia":"MovieClips/transicao_9_2","classe":"transicao_9_2","nome":"elb03_02_9_2"}]},{"desenhos":[{"tipo":"img","x":"76px","y":"438.5px","width":"426px","height":"43.1px","nomeInstancia":"MovieClips/textConvertido_11_0","classe":"textConvertido_11_0","nome":"elb03_02_11_0"},{"tipo":"img","x":"76px","y":"353.8px","width":"426px","height":"63.65px","nomeInstancia":"MovieClips/textConvertido_10_0","classe":"textConvertido_10_0","nome":"elb03_02_10_0"},{"tipo":"img","x":"76px","y":"269.05px","width":"426px","height":"63.65px","nomeInstancia":"MovieClips/textConvertido_9_0","classe":"textConvertido_9_0","nome":"elb03_02_9_0"},{"tipo":"img","x":"76px","y":"167.75px","width":"426px","height":"24.9px","nomeInstancia":"MovieClips/textConvertido_9_1","classe":"textConvertido_9_1","nome":"elb03_02_9_1"},{"tipo":"img","x":"519.05px","y":"220.45px","width":"441.7px","height":"295.05px","nomeInstancia":"MovieClips/transicao_9_2","classe":"transicao_9_2","nome":"elb03_02_9_2"}]},{"desenhos":[{"tipo":"img","x":"536.4px","y":"292.1px","width":"426px","height":"63.65px","nomeInstancia":"MovieClips/textConvertido_12_0","classe":"textConvertido_12_0","nome":"elb03_02_12_0"},{"tipo":"img","x":"72.85px","y":"223.4px","width":"382.05px","height":"258.7px","nomeInstancia":"MovieClips/transicao_12_1","classe":"transicao_12_1","nome":"elb03_02_12_1"}]},{"desenhos":[{"tipo":"img","x":"536.4px","y":"365.75px","width":"426px","height":"63.65px","nomeInstancia":"MovieClips/textConvertido_13_0","classe":"textConvertido_13_0","nome":"elb03_02_13_0"},{"tipo":"img","x":"536.4px","y":"292.1px","width":"426px","height":"63.65px","nomeInstancia":"MovieClips/textConvertido_12_0","classe":"textConvertido_12_0","nome":"elb03_02_12_0"},{"tipo":"img","x":"72.85px","y":"223.4px","width":"382.05px","height":"258.7px","nomeInstancia":"MovieClips/transicao_12_1","classe":"transicao_12_1","nome":"elb03_02_12_1"}]},{"desenhos":[{"tipo":"img","x":"72.95px","y":"260.75px","width":"426px","height":"84.2px","nomeInstancia":"MovieClips/textConvertido_14_0","classe":"textConvertido_14_0","nome":"elb03_02_14_0"},{"tipo":"img","x":"548.15px","y":"157.3px","width":"377.95px","height":"204.45px","nomeInstancia":"MovieClips/transicao_14_2","classe":"transicao_14_2","nome":"elb03_02_14_1"},{"tipo":"img","x":"564.15px","y":"384.6px","width":"345.4px","height":"197.15px","nomeInstancia":"MovieClips/transicao_14_1","classe":"transicao_14_1","nome":"elb03_02_14_2"}]},{"desenhos":[{"tipo":"img","x":"119.25px","y":"260.75px","width":"661.65px","height":"321px","nomeInstancia":"MovieClips/telaInfo_miniNavegacao15","classe":"telaInfo_miniNavegacao15","nome":"elb03_02_15_0"},{"tipo":"img","x":"72.95px","y":"370.1px","width":"426px","height":"104.75px","nomeInstancia":"MovieClips/textConvertido_15_1","classe":"textConvertido_15_1","nome":"elb03_02_15_1"},{"tipo":"img","x":"72.95px","y":"260.75px","width":"426px","height":"84.2px","nomeInstancia":"MovieClips/textConvertido_14_0","classe":"textConvertido_14_0","nome":"elb03_02_14_0"},{"tipo":"img","x":"548.15px","y":"157.3px","width":"377.95px","height":"204.45px","nomeInstancia":"MovieClips/transicao_14_2","classe":"transicao_14_2","nome":"elb03_02_14_1"},{"tipo":"img","x":"564.15px","y":"384.6px","width":"345.4px","height":"197.15px","nomeInstancia":"MovieClips/transicao_14_1","classe":"transicao_14_1","nome":"elb03_02_14_2"}]},{"desenhos":[{"tipo":"img","x":"500px","y":"296.3px","width":"426px","height":"43.1px","nomeInstancia":"MovieClips/textConvertido_16_0","classe":"textConvertido_16_0","nome":"elb03_02_16_0"},{"tipo":"img","x":"95.7px","y":"163.75px","width":"187.35px","height":"24.9px","nomeInstancia":"MovieClips/textConvertido_16_1","classe":"textConvertido_16_1","nome":"elb03_02_16_1"},{"tipo":"img","x":"114.9px","y":"277.9px","width":"280.1px","height":"174.25px","nomeInstancia":"MovieClips/transicao_16_2","classe":"transicao_16_2","nome":"elb03_02_16_2"}]},{"desenhos":[{"tipo":"img","x":"500px","y":"361px","width":"426px","height":"22.55px","nomeInstancia":"MovieClips/textConvertido_17_0","classe":"textConvertido_17_0","nome":"elb03_02_17_0"},{"tipo":"img","x":"500px","y":"296.3px","width":"426px","height":"43.1px","nomeInstancia":"MovieClips/textConvertido_16_0","classe":"textConvertido_16_0","nome":"elb03_02_16_0"},{"tipo":"img","x":"95.7px","y":"163.75px","width":"187.35px","height":"24.9px","nomeInstancia":"MovieClips/textConvertido_16_1","classe":"textConvertido_16_1","nome":"elb03_02_16_1"},{"tipo":"img","x":"114.9px","y":"277.9px","width":"280.1px","height":"174.25px","nomeInstancia":"MovieClips/transicao_16_2","classe":"transicao_16_2","nome":"elb03_02_16_2"}]},{"desenhos":[{"tipo":"img","x":"500px","y":"405.15px","width":"426px","height":"43.1px","nomeInstancia":"MovieClips/textConvertido_18_0","classe":"textConvertido_18_0","nome":"elb03_02_18_0"},{"tipo":"img","x":"500px","y":"361px","width":"426px","height":"22.55px","nomeInstancia":"MovieClips/textConvertido_17_0","classe":"textConvertido_17_0","nome":"elb03_02_17_0"},{"tipo":"img","x":"500px","y":"296.3px","width":"426px","height":"43.1px","nomeInstancia":"MovieClips/textConvertido_16_0","classe":"textConvertido_16_0","nome":"elb03_02_16_0"},{"tipo":"img","x":"95.7px","y":"163.75px","width":"187.35px","height":"24.9px","nomeInstancia":"MovieClips/textConvertido_16_1","classe":"textConvertido_16_1","nome":"elb03_02_16_1"},{"tipo":"img","x":"114.9px","y":"277.9px","width":"280.1px","height":"174.25px","nomeInstancia":"MovieClips/transicao_16_2","classe":"transicao_16_2","nome":"elb03_02_16_2"}]},{"desenhos":[{"tipo":"img","x":"76px","y":"233.5px","width":"426px","height":"166.4px","nomeInstancia":"MovieClips/textConvertido_19_0","classe":"textConvertido_19_0","nome":"elb03_02_19_0"},{"tipo":"img","x":"557.5px","y":"255.45px","width":"385.05px","height":"209.25px","nomeInstancia":"MovieClips/transicao_19_1","classe":"transicao_19_1","nome":"elb03_02_19_1"}]},{"desenhos":[{"tipo":"img","x":"76px","y":"429.1px","width":"426px","height":"63.65px","nomeInstancia":"MovieClips/textConvertido_20_0","classe":"textConvertido_20_0","nome":"elb03_02_20_0"},{"tipo":"img","x":"76px","y":"233.5px","width":"426px","height":"166.4px","nomeInstancia":"MovieClips/textConvertido_19_0","classe":"textConvertido_19_0","nome":"elb03_02_19_0"},{"tipo":"img","x":"557.5px","y":"255.45px","width":"385.05px","height":"209.25px","nomeInstancia":"MovieClips/transicao_19_1","classe":"transicao_19_1","nome":"elb03_02_19_1"}]},{"desenhos":[{"tipo":"img","x":"272.2px","y":"152.65px","width":"547.35px","height":"115.35px","nomeInstancia":"MovieClips/transicao_21_0","classe":"transicao_21_0","nome":"elb03_02_21_0"},{"nome":"elb03_02_21_1","tipo":"personagem","x":"0px","y":"0px","width":"1016px","height":"659px","nomeInstancia":"MovieClips/animaP21","classe":"animaP21"}]},{"desenhos":[{"tipo":"img","x":"346.45px","y":"264px","width":"517.7px","height":"125px","nomeInstancia":"MovieClips/transicao_22_0","classe":"transicao_22_0","nome":"elb03_02_22_0"},{"tipo":"img","x":"272.2px","y":"152.65px","width":"547.35px","height":"115.35px","nomeInstancia":"MovieClips/transicao_21_0","classe":"transicao_21_0","nome":"elb03_02_21_0"},{"nome":"elb03_02_21_1","tipo":"personagem","x":"0px","y":"0px","width":"1016px","height":"659px","nomeInstancia":"MovieClips/animaP21","classe":"animaP21"}]},{"desenhos":[{"tipo":"img","x":"373.7px","y":"384.75px","width":"473.2px","height":"130.65px","nomeInstancia":"MovieClips/transicao_23_0","classe":"transicao_23_0","nome":"elb03_02_23_0"},{"tipo":"img","x":"346.45px","y":"264px","width":"517.7px","height":"125px","nomeInstancia":"MovieClips/transicao_22_0","classe":"transicao_22_0","nome":"elb03_02_22_0"},{"tipo":"img","x":"272.2px","y":"152.65px","width":"547.35px","height":"115.35px","nomeInstancia":"MovieClips/transicao_21_0","classe":"transicao_21_0","nome":"elb03_02_21_0"},{"nome":"elb03_02_21_1","tipo":"personagem","x":"0px","y":"0px","width":"1016px","height":"659px","nomeInstancia":"MovieClips/animaP21","classe":"animaP21"}]},{"desenhos":[{"tipo":"img","x":"62.15px","y":"279.45px","width":"845.5px","height":"289px","nomeInstancia":"MovieClips/opcoes24","classe":"opcoes24","nome":"elb03_02_24_0"},{"tipo":"img","x":"90px","y":"260.95px","width":"499.15px","height":"228.05px","nomeInstancia":"MovieClips/textConvertido_24_1","classe":"textConvertido_24_1","nome":"elb03_02_24_1"},{"tipo":"img","x":"90px","y":"151.45px","width":"131.9px","height":"70px","nomeInstancia":"MovieClips/transicao_24_2","classe":"transicao_24_2","nome":"elb03_02_24_2"},{"tipo":"img","x":"672.05px","y":"270.8px","width":"256.6px","height":"208.3px","nomeInstancia":"MovieClips/transicao_24_3","classe":"transicao_24_3","nome":"elb03_02_24_3"}]}]}