{"licao":"elb03_01","topico":"01","telas":[{"desenhos":[{"tipo":"img","x":"201.35px","y":"146.55px","width":"523.9px","height":"131.55px","nomeInstancia":"MovieClips/transicao_1_0","classe":"transicao_1_0","nome":"elb03_01_1_0"},{"nome":"elb03_01_1_1","tipo":"personagem","x":"0px","y":"0px","width":"1016px","height":"659px","nomeInstancia":"MovieClips/animaP1","classe":"animaP1"}]},{"desenhos":[{"tipo":"img","x":"130.4px","y":"273.9px","width":"495.5px","height":"157.5px","nomeInstancia":"MovieClips/transicao_2_0","classe":"transicao_2_0","nome":"elb03_01_2_0"},{"tipo":"img","x":"201.35px","y":"146.55px","width":"523.9px","height":"131.55px","nomeInstancia":"MovieClips/transicao_1_0","classe":"transicao_1_0","nome":"elb03_01_1_0"},{"nome":"elb03_01_1_1","tipo":"personagem","x":"0px","y":"0px","width":"1016px","height":"659px","nomeInstancia":"MovieClips/animaP1","classe":"animaP1"}]},{"desenhos":[{"tipo":"img","x":"552.6px","y":"224.85px","width":"426px","height":"84.2px","nomeInstancia":"MovieClips/textConvertido_3_0","classe":"textConvertido_3_0","nome":"elb03_01_3_0"},{"tipo":"img","x":"32.7px","y":"229.85px","width":"486.4px","height":"260px","nomeInstancia":"MovieClips/transicao_3_1","classe":"transicao_3_1","nome":"elb03_01_3_1"}]},{"desenhos":[{"tipo":"img","x":"552.6px","y":"318.35px","width":"426px","height":"63.65px","nomeInstancia":"MovieClips/textConvertido_4_0","classe":"textConvertido_4_0","nome":"elb03_01_4_0"},{"tipo":"img","x":"552.6px","y":"224.85px","width":"426px","height":"84.2px","nomeInstancia":"MovieClips/textConvertido_3_0","classe":"textConvertido_3_0","nome":"elb03_01_3_0"},{"tipo":"img","x":"32.7px","y":"229.85px","width":"486.4px","height":"260px","nomeInstancia":"MovieClips/transicao_3_1","classe":"transicao_3_1","nome":"elb03_01_3_1"}]},{"desenhos":[{"tipo":"img","x":"552.6px","y":"391.3px","width":"426px","height":"84.2px","nomeInstancia":"MovieClips/textConvertido_5_0","classe":"textConvertido_5_0","nome":"elb03_01_5_0"},{"tipo":"img","x":"552.6px","y":"318.35px","width":"426px","height":"63.65px","nomeInstancia":"MovieClips/textConvertido_4_0","classe":"textConvertido_4_0","nome":"elb03_01_4_0"},{"tipo":"img","x":"552.6px","y":"224.85px","width":"426px","height":"84.2px","nomeInstancia":"MovieClips/textConvertido_3_0","classe":"textConvertido_3_0","nome":"elb03_01_3_0"},{"tipo":"img","x":"32.7px","y":"229.85px","width":"486.4px","height":"260px","nomeInstancia":"MovieClips/transicao_3_1","classe":"transicao_3_1","nome":"elb03_01_3_1"}]},{"desenhos":[{"tipo":"img","x":"32.7px","y":"105.15px","width":"919px","height":"507.15px","nomeInstancia":"MovieClips/telaInfo06","classe":"telaInfo06","nome":"elb03_01_6_0"},{"tipo":"img","x":"552.6px","y":"484.8px","width":"426px","height":"22.55px","nomeInstancia":"MovieClips/textConvertido_6_0","classe":"textConvertido_6_0","nome":"elb03_01_6_1"},{"tipo":"img","x":"552.6px","y":"391.3px","width":"426px","height":"84.2px","nomeInstancia":"MovieClips/textConvertido_5_0","classe":"textConvertido_5_0","nome":"elb03_01_5_0"},{"tipo":"img","x":"552.6px","y":"318.35px","width":"426px","height":"63.65px","nomeInstancia":"MovieClips/textConvertido_4_0","classe":"textConvertido_4_0","nome":"elb03_01_4_0"},{"tipo":"img","x":"552.6px","y":"224.85px","width":"426px","height":"84.2px","nomeInstancia":"MovieClips/textConvertido_3_0","classe":"textConvertido_3_0","nome":"elb03_01_3_0"},{"tipo":"img","x":"32.7px","y":"229.85px","width":"486.4px","height":"260px","nomeInstancia":"MovieClips/transicao_3_1","classe":"transicao_3_1","nome":"elb03_01_3_1"}]},{"desenhos":[{"tipo":"img","x":"76px","y":"234.55px","width":"426px","height":"63.65px","nomeInstancia":"MovieClips/textConvertido_7_0","classe":"textConvertido_7_0","nome":"elb03_01_7_0"},{"tipo":"img","x":"76px","y":"166.5px","width":"378.85px","height":"24.9px","nomeInstancia":"MovieClips/textConvertido_7_1","classe":"textConvertido_7_1","nome":"elb03_01_7_1"},{"tipo":"img","x":"560.55px","y":"234.55px","width":"358.75px","height":"266.8px","nomeInstancia":"MovieClips/transicao_7_2","classe":"transicao_7_2","nome":"elb03_01_7_2"}]},{"desenhos":[{"tipo":"img","x":"76px","y":"317.35px","width":"426px","height":"84.2px","nomeInstancia":"MovieClips/textConvertido_8_0","classe":"textConvertido_8_0","nome":"elb03_01_8_0"},{"tipo":"img","x":"76px","y":"234.55px","width":"426px","height":"63.65px","nomeInstancia":"MovieClips/textConvertido_7_0","classe":"textConvertido_7_0","nome":"elb03_01_7_0"},{"tipo":"img","x":"76px","y":"166.5px","width":"378.85px","height":"24.9px","nomeInstancia":"MovieClips/textConvertido_7_1","classe":"textConvertido_7_1","nome":"elb03_01_7_1"},{"tipo":"img","x":"560.55px","y":"234.55px","width":"358.75px","height":"266.8px","nomeInstancia":"MovieClips/transicao_7_2","classe":"transicao_7_2","nome":"elb03_01_7_2"}]},{"desenhos":[{"tipo":"img","x":"76px","y":"420.7px","width":"426px","height":"84.2px","nomeInstancia":"MovieClips/textConvertido_9_0","classe":"textConvertido_9_0","nome":"elb03_01_9_0"},{"tipo":"img","x":"76px","y":"317.35px","width":"426px","height":"84.2px","nomeInstancia":"MovieClips/textConvertido_8_0","classe":"textConvertido_8_0","nome":"elb03_01_8_0"},{"tipo":"img","x":"76px","y":"234.55px","width":"426px","height":"63.65px","nomeInstancia":"MovieClips/textConvertido_7_0","classe":"textConvertido_7_0","nome":"elb03_01_7_0"},{"tipo":"img","x":"76px","y":"166.5px","width":"378.85px","height":"24.9px","nomeInstancia":"MovieClips/textConvertido_7_1","classe":"textConvertido_7_1","nome":"elb03_01_7_1"},{"tipo":"img","x":"560.55px","y":"234.55px","width":"358.75px","height":"266.8px","nomeInstancia":"MovieClips/transicao_7_2","classe":"transicao_7_2","nome":"elb03_01_7_2"}]},{"desenhos":[{"tipo":"img","x":"524.25px","y":"247.6px","width":"426px","height":"104.75px","nomeInstancia":"MovieClips/textConvertido_10_0","classe":"textConvertido_10_0","nome":"elb03_01_10_0"},{"tipo":"img","x":"63.45px","y":"236.55px","width":"411px","height":"262.95px","nomeInstancia":"MovieClips/transicao_10_1","classe":"transicao_10_1","nome":"elb03_01_10_1"}]},{"desenhos":[{"tipo":"img","x":"524.25px","y":"381.55px","width":"426px","height":"104.75px","nomeInstancia":"MovieClips/textConvertido_11_0","classe":"textConvertido_11_0","nome":"elb03_01_11_0"},{"tipo":"img","x":"524.25px","y":"247.6px","width":"426px","height":"104.75px","nomeInstancia":"MovieClips/textConvertido_10_0","classe":"textConvertido_10_0","nome":"elb03_01_10_0"},{"tipo":"img","x":"63.45px","y":"236.55px","width":"411px","height":"262.95px","nomeInstancia":"MovieClips/transicao_10_1","classe":"transicao_10_1","nome":"elb03_01_10_1"}]},{"desenhos":[{"tipo":"img","x":"75px","y":"305.15px","width":"426px","height":"125.3px","nomeInstancia":"MovieClips/textConvertido_12_0","classe":"textConvertido_12_0","nome":"elb03_01_12_0"},{"tipo":"img","x":"585.2px","y":"227.95px","width":"342.2px","height":"269.8px","nomeInstancia":"MovieClips/transicao_12_1","classe":"transicao_12_1","nome":"elb03_01_12_1"}]},{"desenhos":[{"tipo":"img","x":"593.95px","y":"278.95px","width":"350.1px","height":"22.55px","nomeInstancia":"MovieClips/textConvertido_13_0","classe":"textConvertido_13_0","nome":"elb03_01_13_0"},{"tipo":"img","x":"55.5px","y":"272.65px","width":"475.3px","height":"190.6px","nomeInstancia":"MovieClips/transicao_13_1","classe":"transicao_13_1","nome":"elb03_01_13_1"}]},{"desenhos":[{"tipo":"img","x":"593.95px","y":"311.5px","width":"349.05px","height":"43.1px","nomeInstancia":"MovieClips/textConvertido_14_0","classe":"textConvertido_14_0","nome":"elb03_01_14_0"},{"tipo":"img","x":"593.95px","y":"278.95px","width":"350.1px","height":"22.55px","nomeInstancia":"MovieClips/textConvertido_13_0","classe":"textConvertido_13_0","nome":"elb03_01_13_0"},{"tipo":"img","x":"55.5px","y":"272.65px","width":"475.3px","height":"190.6px","nomeInstancia":"MovieClips/transicao_13_1","classe":"transicao_13_1","nome":"elb03_01_13_1"}]},{"desenhos":[{"tipo":"img","x":"290.25px","y":"247.6px","width":"622.85px","height":"300.7px","nomeInstancia":"MovieClips/telaInfo15","classe":"telaInfo15","nome":"elb03_01_15_0"},{"tipo":"img","x":"593.95px","y":"364.6px","width":"351.1px","height":"84.2px","nomeInstancia":"MovieClips/textConvertido_15_1","classe":"textConvertido_15_1","nome":"elb03_01_15_1"},{"tipo":"img","x":"593.95px","y":"311.5px","width":"349.05px","height":"43.1px","nomeInstancia":"MovieClips/textConvertido_14_0","classe":"textConvertido_14_0","nome":"elb03_01_14_0"},{"tipo":"img","x":"593.95px","y":"278.95px","width":"350.1px","height":"22.55px","nomeInstancia":"MovieClips/textConvertido_13_0","classe":"textConvertido_13_0","nome":"elb03_01_13_0"},{"tipo":"img","x":"55.5px","y":"272.65px","width":"475.3px","height":"190.6px","nomeInstancia":"MovieClips/transicao_13_1","classe":"transicao_13_1","nome":"elb03_01_13_1"}]},{"desenhos":[{"tipo":"img","x":"60.85px","y":"299.15px","width":"426px","height":"104.75px","nomeInstancia":"MovieClips/textConvertido_16_0","classe":"textConvertido_16_0","nome":"elb03_01_16_0"},{"tipo":"img","x":"516.4px","y":"202.75px","width":"404.9px","height":"318.2px","nomeInstancia":"MovieClips/transicao_16_2","classe":"transicao_16_2","nome":"elb03_01_16_1"},{"tipo":"img","x":"747.65px","y":"234.45px","width":"210.8px","height":"286px","nomeInstancia":"MovieClips/transicao_16_1","classe":"transicao_16_1","nome":"elb03_01_16_2"}]},{"desenhos":[{"tipo":"img","x":"223.2px","y":"202.75px","width":"735.25px","height":"318.2px","nomeInstancia":"MovieClips/telaInfo17","classe":"telaInfo17","nome":"elb03_01_17_0"},{"tipo":"img","x":"60.85px","y":"413.9px","width":"426px","height":"22.55px","nomeInstancia":"MovieClips/textConvertido_17_1","classe":"textConvertido_17_1","nome":"elb03_01_17_1"},{"tipo":"img","x":"60.85px","y":"299.15px","width":"426px","height":"104.75px","nomeInstancia":"MovieClips/textConvertido_16_0","classe":"textConvertido_16_0","nome":"elb03_01_16_0"},{"tipo":"img","x":"516.4px","y":"202.75px","width":"404.9px","height":"318.2px","nomeInstancia":"MovieClips/transicao_16_2","classe":"transicao_16_2","nome":"elb03_01_16_1"},{"tipo":"img","x":"747.65px","y":"234.45px","width":"210.8px","height":"286px","nomeInstancia":"MovieClips/transicao_16_1","classe":"transicao_16_1","nome":"elb03_01_16_2"}]},{"desenhos":[{"tipo":"img","x":"514.15px","y":"300.35px","width":"426px","height":"43.1px","nomeInstancia":"MovieClips/textConvertido_18_0","classe":"textConvertido_18_0","nome":"elb03_01_18_0"},{"tipo":"img","x":"98.75px","y":"151.6px","width":"114.55px","height":"24.9px","nomeInstancia":"MovieClips/textConvertido_18_1","classe":"textConvertido_18_1","nome":"elb03_01_18_1"},{"tipo":"img","x":"98.75px","y":"254.8px","width":"319.75px","height":"207.2px","nomeInstancia":"MovieClips/transicao_18_2","classe":"transicao_18_2","nome":"elb03_01_18_2"}]},{"desenhos":[{"tipo":"img","x":"514.15px","y":"361.5px","width":"426px","height":"22.55px","nomeInstancia":"MovieClips/textConvertido_19_0","classe":"textConvertido_19_0","nome":"elb03_01_19_0"},{"tipo":"img","x":"514.15px","y":"300.35px","width":"426px","height":"43.1px","nomeInstancia":"MovieClips/textConvertido_18_0","classe":"textConvertido_18_0","nome":"elb03_01_18_0"},{"tipo":"img","x":"98.75px","y":"151.6px","width":"114.55px","height":"24.9px","nomeInstancia":"MovieClips/textConvertido_18_1","classe":"textConvertido_18_1","nome":"elb03_01_18_1"},{"tipo":"img","x":"98.75px","y":"254.8px","width":"319.75px","height":"207.2px","nomeInstancia":"MovieClips/transicao_18_2","classe":"transicao_18_2","nome":"elb03_01_18_2"}]},{"desenhos":[{"tipo":"img","x":"514.15px","y":"402.1px","width":"426px","height":"22.55px","nomeInstancia":"MovieClips/textConvertido_20_0","classe":"textConvertido_20_0","nome":"elb03_01_20_0"},{"tipo":"img","x":"514.15px","y":"361.5px","width":"426px","height":"22.55px","nomeInstancia":"MovieClips/textConvertido_19_0","classe":"textConvertido_19_0","nome":"elb03_01_19_0"},{"tipo":"img","x":"514.15px","y":"300.35px","width":"426px","height":"43.1px","nomeInstancia":"MovieClips/textConvertido_18_0","classe":"textConvertido_18_0","nome":"elb03_01_18_0"},{"tipo":"img","x":"98.75px","y":"151.6px","width":"114.55px","height":"24.9px","nomeInstancia":"MovieClips/textConvertido_18_1","classe":"textConvertido_18_1","nome":"elb03_01_18_1"},{"tipo":"img","x":"98.75px","y":"254.8px","width":"319.75px","height":"207.2px","nomeInstancia":"MovieClips/transicao_18_2","classe":"transicao_18_2","nome":"elb03_01_18_2"}]},{"desenhos":[{"tipo":"img","x":"56.8px","y":"255.7px","width":"426px","height":"125.3px","nomeInstancia":"MovieClips/textConvertido_21_0","classe":"textConvertido_21_0","nome":"elb03_01_21_0"},{"tipo":"img","x":"532.65px","y":"262.35px","width":"410.45px","height":"195px","nomeInstancia":"MovieClips/transicao_21_1","classe":"transicao_21_1","nome":"elb03_01_21_1"}]},{"desenhos":[{"tipo":"img","x":"56.8px","y":"401.1px","width":"426px","height":"63.65px","nomeInstancia":"MovieClips/textConvertido_22_0","classe":"textConvertido_22_0","nome":"elb03_01_22_0"},{"tipo":"img","x":"56.8px","y":"255.7px","width":"426px","height":"125.3px","nomeInstancia":"MovieClips/textConvertido_21_0","classe":"textConvertido_21_0","nome":"elb03_01_21_0"},{"tipo":"img","x":"532.65px","y":"262.35px","width":"410.45px","height":"195px","nomeInstancia":"MovieClips/transicao_21_1","classe":"transicao_21_1","nome":"elb03_01_21_1"}]},{"desenhos":[{"tipo":"img","x":"220.6px","y":"220.4px","width":"574.8px","height":"255.6px","nomeInstancia":"MovieClips/destaque_123_1","classe":"destaque_123_1","nome":"elb03_01_23_0"},{"tipo":"img","x":"56.8px","y":"401.1px","width":"426px","height":"63.65px","nomeInstancia":"MovieClips/textConvertido_22_0","classe":"textConvertido_22_0","nome":"elb03_01_22_0"},{"tipo":"img","x":"56.8px","y":"255.7px","width":"426px","height":"125.3px","nomeInstancia":"MovieClips/textConvertido_21_0","classe":"textConvertido_21_0","nome":"elb03_01_21_0"},{"tipo":"img","x":"532.65px","y":"262.35px","width":"410.45px","height":"195px","nomeInstancia":"MovieClips/transicao_21_1","classe":"transicao_21_1","nome":"elb03_01_21_1"}]},{"desenhos":[{"tipo":"img","x":"140.7px","y":"203.3px","width":"734.6px","height":"385.8px","nomeInstancia":"MovieClips/forca24","classe":"forca24","nome":"elb03_01_24_0"},{"tipo":"img","x":"73.55px","y":"129.3px","width":"131.9px","height":"70px","nomeInstancia":"MovieClips/transicao_24_1","classe":"transicao_24_1","nome":"elb03_01_24_1"}]}]}