{"licao":"elm06_01","topico":"01","telas":[{"desenhos":[{"tipo":"img","x":"436.6px","y":"235.8px","width":"434.2px","height":"70.15px","nomeInstancia":"MovieClips/transicao_1_0","classe":"transicao_1_0","nome":"elm06_01_1_0"},{"nome":"elm06_01_1_1","tipo":"personagem","x":"0px","y":"0px","width":"1016px","height":"659px","nomeInstancia":"MovieClips/animaP1","classe":"animaP1"}]},{"desenhos":[{"tipo":"img","x":"482.85px","y":"300.2px","width":"355.75px","height":"111.25px","nomeInstancia":"MovieClips/transicao_2_0","classe":"transicao_2_0","nome":"elm06_01_2_0"},{"tipo":"img","x":"436.6px","y":"235.8px","width":"434.2px","height":"70.15px","nomeInstancia":"MovieClips/transicao_1_0","classe":"transicao_1_0","nome":"elm06_01_1_0"},{"nome":"elm06_01_1_1","tipo":"personagem","x":"0px","y":"0px","width":"1016px","height":"659px","nomeInstancia":"MovieClips/animaP1","classe":"animaP1"}]},{"desenhos":[{"tipo":"img","x":"80.55px","y":"223.9px","width":"459.45px","height":"22.55px","nomeInstancia":"MovieClips/textConvertido_3_0","classe":"textConvertido_3_0","nome":"elm06_01_3_0"},{"nome":"elm06_01_3_1","tipo":"png","x":"0px","y":"0px","width":"1016px","height":"659px","nomeInstancia":"MovieClips/anima3","classe":"anima3"}]},{"desenhos":[{"tipo":"img","x":"80.55px","y":"263px","width":"447.45px","height":"125.3px","nomeInstancia":"MovieClips/textConvertido_4_0","classe":"textConvertido_4_0","nome":"elm06_01_4_0"},{"tipo":"img","x":"80.55px","y":"223.9px","width":"459.45px","height":"22.55px","nomeInstancia":"MovieClips/textConvertido_3_0","classe":"textConvertido_3_0","nome":"elm06_01_3_0"},{"nome":"elm06_01_3_1","tipo":"png","x":"0px","y":"0px","width":"1016px","height":"659px","nomeInstancia":"MovieClips/anima3","classe":"anima3"}]},{"desenhos":[{"tipo":"img","x":"80.55px","y":"404.85px","width":"459.45px","height":"104.75px","nomeInstancia":"MovieClips/textConvertido_5_0","classe":"textConvertido_5_0","nome":"elm06_01_5_0"},{"tipo":"img","x":"80.55px","y":"263px","width":"447.45px","height":"125.3px","nomeInstancia":"MovieClips/textConvertido_4_0","classe":"textConvertido_4_0","nome":"elm06_01_4_0"},{"tipo":"img","x":"80.55px","y":"223.9px","width":"459.45px","height":"22.55px","nomeInstancia":"MovieClips/textConvertido_3_0","classe":"textConvertido_3_0","nome":"elm06_01_3_0"},{"nome":"elm06_01_3_1","tipo":"png","x":"0px","y":"0px","width":"1016px","height":"659px","nomeInstancia":"MovieClips/anima3","classe":"anima3"}]},{"desenhos":[{"tipo":"img","x":"494.75px","y":"260.9px","width":"370.45px","height":"43.1px","nomeInstancia":"MovieClips/textConvertido_6_0","classe":"textConvertido_6_0","nome":"elm06_01_6_0"},{"tipo":"img","x":"119.3px","y":"227.05px","width":"343px","height":"279.3px","nomeInstancia":"MovieClips/transicao_6_1","classe":"transicao_6_1","nome":"elm06_01_6_1"}]},{"desenhos":[{"tipo":"img","x":"494.75px","y":"322.05px","width":"447.45px","height":"104.75px","nomeInstancia":"MovieClips/textConvertido_7_0","classe":"textConvertido_7_0","nome":"elm06_01_7_0"},{"tipo":"img","x":"494.75px","y":"260.9px","width":"370.45px","height":"43.1px","nomeInstancia":"MovieClips/textConvertido_6_0","classe":"textConvertido_6_0","nome":"elm06_01_6_0"},{"tipo":"img","x":"119.3px","y":"227.05px","width":"343px","height":"279.3px","nomeInstancia":"MovieClips/transicao_6_1","classe":"transicao_6_1","nome":"elm06_01_6_1"}]},{"desenhos":[{"tipo":"img","x":"494.75px","y":"447px","width":"447.45px","height":"43.1px","nomeInstancia":"MovieClips/textConvertido_8_0","classe":"textConvertido_8_0","nome":"elm06_01_8_0"},{"tipo":"img","x":"494.75px","y":"322.05px","width":"447.45px","height":"104.75px","nomeInstancia":"MovieClips/textConvertido_7_0","classe":"textConvertido_7_0","nome":"elm06_01_7_0"},{"tipo":"img","x":"494.75px","y":"260.9px","width":"370.45px","height":"43.1px","nomeInstancia":"MovieClips/textConvertido_6_0","classe":"textConvertido_6_0","nome":"elm06_01_6_0"},{"tipo":"img","x":"119.3px","y":"227.05px","width":"343px","height":"279.3px","nomeInstancia":"MovieClips/transicao_6_1","classe":"transicao_6_1","nome":"elm06_01_6_1"}]},{"desenhos":[{"tipo":"img","x":"74.6px","y":"242.9px","width":"427.45px","height":"63.65px","nomeInstancia":"MovieClips/textConvertido_9_0","classe":"textConvertido_9_0","nome":"elm06_01_9_0"},{"tipo":"img","x":"532.05px","y":"232.35px","width":"408.9px","height":"259.95px","nomeInstancia":"MovieClips/transicao_9_1","classe":"transicao_9_1","nome":"elm06_01_9_1"}]},{"desenhos":[{"tipo":"img","x":"74.6px","y":"331.45px","width":"421.45px","height":"63.65px","nomeInstancia":"MovieClips/textConvertido_10_0","classe":"textConvertido_10_0","nome":"elm06_01_10_0"},{"tipo":"img","x":"74.6px","y":"242.9px","width":"427.45px","height":"63.65px","nomeInstancia":"MovieClips/textConvertido_9_0","classe":"textConvertido_9_0","nome":"elm06_01_9_0"},{"tipo":"img","x":"532.05px","y":"232.35px","width":"408.9px","height":"259.95px","nomeInstancia":"MovieClips/transicao_9_1","classe":"transicao_9_1","nome":"elm06_01_9_1"}]},{"desenhos":[{"tipo":"img","x":"74.6px","y":"420px","width":"457.45px","height":"84.2px","nomeInstancia":"MovieClips/textConvertido_11_0","classe":"textConvertido_11_0","nome":"elm06_01_11_0"},{"tipo":"img","x":"74.6px","y":"331.45px","width":"421.45px","height":"63.65px","nomeInstancia":"MovieClips/textConvertido_10_0","classe":"textConvertido_10_0","nome":"elm06_01_10_0"},{"tipo":"img","x":"74.6px","y":"242.9px","width":"427.45px","height":"63.65px","nomeInstancia":"MovieClips/textConvertido_9_0","classe":"textConvertido_9_0","nome":"elm06_01_9_0"},{"tipo":"img","x":"532.05px","y":"232.35px","width":"408.9px","height":"259.95px","nomeInstancia":"MovieClips/transicao_9_1","classe":"transicao_9_1","nome":"elm06_01_9_1"}]},{"desenhos":[{"tipo":"img","x":"478.55px","y":"289.6px","width":"427.45px","height":"43.1px","nomeInstancia":"MovieClips/textConvertido_12_1","classe":"textConvertido_12_1","nome":"elm06_01_12_0"},{"tipo":"img","x":"294.3px","y":"185.9px","width":"427.45px","height":"22.55px","nomeInstancia":"MovieClips/textConvertido_12_0","classe":"textConvertido_12_0","nome":"elm06_01_12_1"},{"tipo":"img","x":"179.85px","y":"276.05px","width":"202.4px","height":"208.5px","nomeInstancia":"MovieClips/transicao_12_2","classe":"transicao_12_2","nome":"elm06_01_12_2"}]},{"desenhos":[{"tipo":"img","x":"478.55px","y":"346.9px","width":"421.45px","height":"63.65px","nomeInstancia":"MovieClips/textConvertido_13_0","classe":"textConvertido_13_0","nome":"elm06_01_13_0"},{"tipo":"img","x":"478.55px","y":"289.6px","width":"427.45px","height":"43.1px","nomeInstancia":"MovieClips/textConvertido_12_1","classe":"textConvertido_12_1","nome":"elm06_01_12_0"},{"tipo":"img","x":"294.3px","y":"185.9px","width":"427.45px","height":"22.55px","nomeInstancia":"MovieClips/textConvertido_12_0","classe":"textConvertido_12_0","nome":"elm06_01_12_1"},{"tipo":"img","x":"179.85px","y":"276.05px","width":"202.4px","height":"208.5px","nomeInstancia":"MovieClips/transicao_12_2","classe":"transicao_12_2","nome":"elm06_01_12_2"}]},{"desenhos":[{"tipo":"img","x":"764px","y":"425px","width":"17px","height":"18px","nomeInstancia":"MovieClips/instanceConvertido_14_0","classe":"instanceConvertido_14_0","nome":"elm06_01_14_0"},{"tipo":"img","x":"478.55px","y":"424.75px","width":"345.45px","height":"43.1px","nomeInstancia":"MovieClips/textConvertido_14_1","classe":"textConvertido_14_1","nome":"elm06_01_14_1"},{"tipo":"img","x":"478.55px","y":"346.9px","width":"421.45px","height":"63.65px","nomeInstancia":"MovieClips/textConvertido_13_0","classe":"textConvertido_13_0","nome":"elm06_01_13_0"},{"tipo":"img","x":"478.55px","y":"289.6px","width":"427.45px","height":"43.1px","nomeInstancia":"MovieClips/textConvertido_12_1","classe":"textConvertido_12_1","nome":"elm06_01_12_0"},{"tipo":"img","x":"294.3px","y":"185.9px","width":"427.45px","height":"22.55px","nomeInstancia":"MovieClips/textConvertido_12_0","classe":"textConvertido_12_0","nome":"elm06_01_12_1"},{"tipo":"img","x":"179.85px","y":"276.05px","width":"202.4px","height":"208.5px","nomeInstancia":"MovieClips/transicao_12_2","classe":"transicao_12_2","nome":"elm06_01_12_2"}]},{"desenhos":[{"tipo":"img","x":"110.65px","y":"279.9px","width":"509.45px","height":"75.1px","nomeInstancia":"MovieClips/transicao_15_0","classe":"transicao_15_0","nome":"elm06_01_15_0"},{"nome":"elm06_01_15_1","tipo":"personagem","x":"0px","y":"0px","width":"1016px","height":"659px","nomeInstancia":"MovieClips/animaP15","classe":"animaP15"}]},{"desenhos":[{"tipo":"img","x":"177.75px","y":"347.6px","width":"400.4px","height":"96.2px","nomeInstancia":"MovieClips/transicao_16_0","classe":"transicao_16_0","nome":"elm06_01_16_0"},{"tipo":"img","x":"110.65px","y":"279.9px","width":"509.45px","height":"75.1px","nomeInstancia":"MovieClips/transicao_15_0","classe":"transicao_15_0","nome":"elm06_01_15_0"},{"nome":"elm06_01_15_1","tipo":"personagem","x":"0px","y":"0px","width":"1016px","height":"659px","nomeInstancia":"MovieClips/animaP15","classe":"animaP15"}]},{"desenhos":[{"tipo":"img","x":"202.55px","y":"438.8px","width":"375.6px","height":"73.7px","nomeInstancia":"MovieClips/transicao_17_0","classe":"transicao_17_0","nome":"elm06_01_17_0"},{"tipo":"img","x":"177.75px","y":"347.6px","width":"400.4px","height":"96.2px","nomeInstancia":"MovieClips/transicao_16_0","classe":"transicao_16_0","nome":"elm06_01_16_0"},{"tipo":"img","x":"110.65px","y":"279.9px","width":"509.45px","height":"75.1px","nomeInstancia":"MovieClips/transicao_15_0","classe":"transicao_15_0","nome":"elm06_01_15_0"},{"nome":"elm06_01_15_1","tipo":"personagem","x":"0px","y":"0px","width":"1016px","height":"659px","nomeInstancia":"MovieClips/animaP15","classe":"animaP15"}]},{"desenhos":[{"tipo":"img","x":"583px","y":"353px","width":"17px","height":"18px","nomeInstancia":"MovieClips/instanceConvertido_18_1","classe":"instanceConvertido_18_1","nome":"elm06_01_18_0"},{"tipo":"img","x":"874.4px","y":"311px","width":"17px","height":"18px","nomeInstancia":"MovieClips/instanceConvertido_18_0","classe":"instanceConvertido_18_0","nome":"elm06_01_18_1"},{"tipo":"img","x":"294.3px","y":"185.9px","width":"427.45px","height":"22.55px","nomeInstancia":"MovieClips/textConvertido_18_2","classe":"textConvertido_18_2","nome":"elm06_01_18_2"},{"tipo":"img","x":"493.5px","y":"289.6px","width":"450.85px","height":"104.75px","nomeInstancia":"MovieClips/textConvertido_18_3","classe":"textConvertido_18_3","nome":"elm06_01_18_3"},{"tipo":"img","x":"56.65px","y":"253.25px","width":"395.4px","height":"276.25px","nomeInstancia":"MovieClips/transicao_18_4","classe":"transicao_18_4","nome":"elm06_01_18_4"}]},{"desenhos":[{"tipo":"img","x":"709px","y":"444px","width":"17px","height":"18px","nomeInstancia":"MovieClips/instanceConvertido_19_4","classe":"instanceConvertido_19_4","nome":"elm06_01_19_0"},{"tipo":"img","x":"780px","y":"444px","width":"17px","height":"18px","nomeInstancia":"MovieClips/instanceConvertido_19_3","classe":"instanceConvertido_19_3","nome":"elm06_01_19_1"},{"tipo":"img","x":"716px","y":"484px","width":"17px","height":"18px","nomeInstancia":"MovieClips/instanceConvertido_19_2","classe":"instanceConvertido_19_2","nome":"elm06_01_19_2"},{"tipo":"img","x":"763px","y":"484px","width":"17px","height":"18px","nomeInstancia":"MovieClips/instanceConvertido_19_1","classe":"instanceConvertido_19_1","nome":"elm06_01_19_3"},{"tipo":"img","x":"828px","y":"484px","width":"17px","height":"18px","nomeInstancia":"MovieClips/instanceConvertido_19_0","classe":"instanceConvertido_19_0","nome":"elm06_01_19_4"},{"tipo":"img","x":"493.5px","y":"422.55px","width":"472.05px","height":"84.2px","nomeInstancia":"MovieClips/textConvertido_19_5","classe":"textConvertido_19_5","nome":"elm06_01_19_5"},{"tipo":"img","x":"583px","y":"353px","width":"17px","height":"18px","nomeInstancia":"MovieClips/instanceConvertido_18_1","classe":"instanceConvertido_18_1","nome":"elm06_01_18_0"},{"tipo":"img","x":"874.4px","y":"311px","width":"17px","height":"18px","nomeInstancia":"MovieClips/instanceConvertido_18_0","classe":"instanceConvertido_18_0","nome":"elm06_01_18_1"},{"tipo":"img","x":"294.3px","y":"185.9px","width":"427.45px","height":"22.55px","nomeInstancia":"MovieClips/textConvertido_18_2","classe":"textConvertido_18_2","nome":"elm06_01_18_2"},{"tipo":"img","x":"493.5px","y":"289.6px","width":"450.85px","height":"104.75px","nomeInstancia":"MovieClips/textConvertido_18_3","classe":"textConvertido_18_3","nome":"elm06_01_18_3"},{"tipo":"img","x":"56.65px","y":"253.25px","width":"395.4px","height":"276.25px","nomeInstancia":"MovieClips/transicao_18_4","classe":"transicao_18_4","nome":"elm06_01_18_4"}]},{"desenhos":[{"tipo":"img","x":"72px","y":"297.6px","width":"337.45px","height":"43.1px","nomeInstancia":"MovieClips/textConvertido_20_1","classe":"textConvertido_20_1","nome":"elm06_01_20_0"},{"tipo":"img","x":"294.3px","y":"185.9px","width":"427.45px","height":"22.55px","nomeInstancia":"MovieClips/textConvertido_20_0","classe":"textConvertido_20_0","nome":"elm06_01_20_1"},{"tipo":"img","x":"514.25px","y":"264.8px","width":"459.8px","height":"275.05px","nomeInstancia":"MovieClips/transicao_20_2","classe":"transicao_20_2","nome":"elm06_01_20_2"}]},{"desenhos":[{"tipo":"img","x":"391px","y":"367px","width":"17px","height":"18px","nomeInstancia":"MovieClips/instanceConvertido_21_3","classe":"instanceConvertido_21_3","nome":"elm06_01_21_0"},{"tipo":"img","x":"333px","y":"406px","width":"17px","height":"18px","nomeInstancia":"MovieClips/instanceConvertido_21_2","classe":"instanceConvertido_21_2","nome":"elm06_01_21_1"},{"tipo":"img","x":"279px","y":"430px","width":"17px","height":"18px","nomeInstancia":"MovieClips/instanceConvertido_21_1","classe":"instanceConvertido_21_1","nome":"elm06_01_21_2"},{"tipo":"img","x":"279px","y":"448px","width":"17px","height":"18px","nomeInstancia":"MovieClips/instanceConvertido_21_0","classe":"instanceConvertido_21_0","nome":"elm06_01_21_3"},{"tipo":"img","x":"72px","y":"364.6px","width":"412.4px","height":"125.3px","nomeInstancia":"MovieClips/textConvertido_21_4","classe":"textConvertido_21_4","nome":"elm06_01_21_4"},{"tipo":"img","x":"72px","y":"297.6px","width":"337.45px","height":"43.1px","nomeInstancia":"MovieClips/textConvertido_20_1","classe":"textConvertido_20_1","nome":"elm06_01_20_0"},{"tipo":"img","x":"294.3px","y":"185.9px","width":"427.45px","height":"22.55px","nomeInstancia":"MovieClips/textConvertido_20_0","classe":"textConvertido_20_0","nome":"elm06_01_20_1"},{"tipo":"img","x":"514.25px","y":"264.8px","width":"459.8px","height":"275.05px","nomeInstancia":"MovieClips/transicao_20_2","classe":"transicao_20_2","nome":"elm06_01_20_2"}]},{"desenhos":[{"tipo":"img","x":"557.55px","y":"221.65px","width":"347.4px","height":"63.65px","nomeInstancia":"MovieClips/textConvertido_22_1","classe":"textConvertido_22_1","nome":"elm06_01_22_0"},{"tipo":"img","x":"648px","y":"244px","width":"17px","height":"18px","nomeInstancia":"MovieClips/instanceConvertido_22_5","classe":"instanceConvertido_22_5","nome":"elm06_01_22_1"},{"tipo":"img","x":"689px","y":"244px","width":"17px","height":"18px","nomeInstancia":"MovieClips/instanceConvertido_22_4","classe":"instanceConvertido_22_4","nome":"elm06_01_22_2"},{"tipo":"img","x":"658px","y":"265px","width":"17px","height":"18px","nomeInstancia":"MovieClips/instanceConvertido_22_3","classe":"instanceConvertido_22_3","nome":"elm06_01_22_3"},{"tipo":"img","x":"48px","y":"221.65px","width":"447.35px","height":"276.1px","nomeInstancia":"MovieClips/transicao_22_2","classe":"transicao_22_2","nome":"elm06_01_22_4"}]},{"desenhos":[{"tipo":"img","x":"557.55px","y":"221.65px","width":"347.4px","height":"63.65px","nomeInstancia":"MovieClips/textConvertido_22_1","classe":"textConvertido_22_1","nome":"elm06_01_22_0"},{"tipo":"img","x":"557.55px","y":"308.65px","width":"344.4px","height":"63.65px","nomeInstancia":"MovieClips/textConvertido_22_0","classe":"textConvertido_22_0","nome":"elm06_01_23_1"},{"tipo":"img","x":"648px","y":"244px","width":"17px","height":"18px","nomeInstancia":"MovieClips/instanceConvertido_22_5","classe":"instanceConvertido_22_5","nome":"elm06_01_22_1"},{"tipo":"img","x":"689px","y":"244px","width":"17px","height":"18px","nomeInstancia":"MovieClips/instanceConvertido_22_4","classe":"instanceConvertido_22_4","nome":"elm06_01_22_2"},{"tipo":"img","x":"658px","y":"265px","width":"17px","height":"18px","nomeInstancia":"MovieClips/instanceConvertido_22_3","classe":"instanceConvertido_22_3","nome":"elm06_01_22_3"},{"tipo":"img","x":"662px","y":"350px","width":"17px","height":"18px","nomeInstancia":"MovieClips/instanceConvertido_22_2","classe":"instanceConvertido_22_2","nome":"elm06_01_23_5"},{"tipo":"img","x":"48px","y":"221.65px","width":"447.35px","height":"276.1px","nomeInstancia":"MovieClips/transicao_22_2","classe":"transicao_22_2","nome":"elm06_01_22_4"}]},{"desenhos":[{"tipo":"img","x":"558px","y":"414px","width":"17px","height":"18px","nomeInstancia":"MovieClips/instanceConvertido_23_4","classe":"instanceConvertido_23_4","nome":"elm06_01_24_0"},{"tipo":"img","x":"606px","y":"414px","width":"17px","height":"18px","nomeInstancia":"MovieClips/instanceConvertido_23_3","classe":"instanceConvertido_23_3","nome":"elm06_01_24_1"},{"tipo":"img","x":"656px","y":"414px","width":"17px","height":"18px","nomeInstancia":"MovieClips/instanceConvertido_23_2","classe":"instanceConvertido_23_2","nome":"elm06_01_24_2"},{"tipo":"img","x":"720px","y":"414px","width":"17px","height":"18px","nomeInstancia":"MovieClips/instanceConvertido_23_1","classe":"instanceConvertido_23_1","nome":"elm06_01_24_3"},{"tipo":"img","x":"766px","y":"414px","width":"17px","height":"18px","nomeInstancia":"MovieClips/instanceConvertido_23_0","classe":"instanceConvertido_23_0","nome":"elm06_01_24_4"},{"tipo":"img","x":"557.55px","y":"446.6px","width":"377.4px","height":"63.65px","nomeInstancia":"MovieClips/textConvertido_23_1","classe":"textConvertido_23_1","nome":"elm06_01_24_5"},{"tipo":"img","x":"557.55px","y":"393.35px","width":"337.45px","height":"44.1px","nomeInstancia":"MovieClips/textConvertido_23_0","classe":"textConvertido_23_0","nome":"elm06_01_24_6"},{"tipo":"img","x":"557.55px","y":"221.65px","width":"347.4px","height":"63.65px","nomeInstancia":"MovieClips/textConvertido_22_1","classe":"textConvertido_22_1","nome":"elm06_01_22_0"},{"tipo":"img","x":"557.55px","y":"308.65px","width":"344.4px","height":"63.65px","nomeInstancia":"MovieClips/textConvertido_22_0","classe":"textConvertido_22_0","nome":"elm06_01_23_1"},{"tipo":"img","x":"648px","y":"244px","width":"17px","height":"18px","nomeInstancia":"MovieClips/instanceConvertido_22_5","classe":"instanceConvertido_22_5","nome":"elm06_01_22_1"},{"tipo":"img","x":"689px","y":"244px","width":"17px","height":"18px","nomeInstancia":"MovieClips/instanceConvertido_22_4","classe":"instanceConvertido_22_4","nome":"elm06_01_22_2"},{"tipo":"img","x":"658px","y":"265px","width":"17px","height":"18px","nomeInstancia":"MovieClips/instanceConvertido_22_3","classe":"instanceConvertido_22_3","nome":"elm06_01_22_3"},{"tipo":"img","x":"662px","y":"350px","width":"17px","height":"18px","nomeInstancia":"MovieClips/instanceConvertido_22_2","classe":"instanceConvertido_22_2","nome":"elm06_01_23_5"},{"tipo":"img","x":"48px","y":"221.65px","width":"447.35px","height":"276.1px","nomeInstancia":"MovieClips/transicao_22_2","classe":"transicao_22_2","nome":"elm06_01_22_4"}]},{"desenhos":[{"tipo":"img","x":"305.05px","y":"222.85px","width":"418.9px","height":"278.3px","nomeInstancia":"MovieClips/destaque25","classe":"destaque25","nome":"elm06_01_25_0"},{"tipo":"img","x":"558px","y":"414px","width":"17px","height":"18px","nomeInstancia":"MovieClips/instanceConvertido_23_4","classe":"instanceConvertido_23_4","nome":"elm06_01_24_0"},{"tipo":"img","x":"606px","y":"414px","width":"17px","height":"18px","nomeInstancia":"MovieClips/instanceConvertido_23_3","classe":"instanceConvertido_23_3","nome":"elm06_01_24_1"},{"tipo":"img","x":"656px","y":"414px","width":"17px","height":"18px","nomeInstancia":"MovieClips/instanceConvertido_23_2","classe":"instanceConvertido_23_2","nome":"elm06_01_24_2"},{"tipo":"img","x":"720px","y":"414px","width":"17px","height":"18px","nomeInstancia":"MovieClips/instanceConvertido_23_1","classe":"instanceConvertido_23_1","nome":"elm06_01_24_3"},{"tipo":"img","x":"766px","y":"414px","width":"17px","height":"18px","nomeInstancia":"MovieClips/instanceConvertido_23_0","classe":"instanceConvertido_23_0","nome":"elm06_01_24_4"},{"tipo":"img","x":"557.55px","y":"446.6px","width":"377.4px","height":"63.65px","nomeInstancia":"MovieClips/textConvertido_23_1","classe":"textConvertido_23_1","nome":"elm06_01_24_5"},{"tipo":"img","x":"557.55px","y":"393.35px","width":"337.45px","height":"44.1px","nomeInstancia":"MovieClips/textConvertido_23_0","classe":"textConvertido_23_0","nome":"elm06_01_24_6"},{"tipo":"img","x":"557.55px","y":"221.65px","width":"347.4px","height":"63.65px","nomeInstancia":"MovieClips/textConvertido_22_1","classe":"textConvertido_22_1","nome":"elm06_01_22_0"},{"tipo":"img","x":"557.55px","y":"308.65px","width":"344.4px","height":"63.65px","nomeInstancia":"MovieClips/textConvertido_22_0","classe":"textConvertido_22_0","nome":"elm06_01_23_1"},{"tipo":"img","x":"648px","y":"244px","width":"17px","height":"18px","nomeInstancia":"MovieClips/instanceConvertido_22_5","classe":"instanceConvertido_22_5","nome":"elm06_01_22_1"},{"tipo":"img","x":"689px","y":"244px","width":"17px","height":"18px","nomeInstancia":"MovieClips/instanceConvertido_22_4","classe":"instanceConvertido_22_4","nome":"elm06_01_22_2"},{"tipo":"img","x":"658px","y":"265px","width":"17px","height":"18px","nomeInstancia":"MovieClips/instanceConvertido_22_3","classe":"instanceConvertido_22_3","nome":"elm06_01_22_3"},{"tipo":"img","x":"662px","y":"350px","width":"17px","height":"18px","nomeInstancia":"MovieClips/instanceConvertido_22_2","classe":"instanceConvertido_22_2","nome":"elm06_01_23_5"},{"tipo":"img","x":"48px","y":"221.65px","width":"447.35px","height":"276.1px","nomeInstancia":"MovieClips/transicao_22_2","classe":"transicao_22_2","nome":"elm06_01_22_4"}]},{"desenhos":[{"tipo":"img","x":"98.65px","y":"226.65px","width":"344.4px","height":"22.55px","nomeInstancia":"MovieClips/textConvertido_25_0","classe":"textConvertido_25_0","nome":"elm06_01_26_0"},{"nome":"elm06_01_26_1","tipo":"png","x":"0px","y":"0px","width":"1016px","height":"659px","nomeInstancia":"MovieClips/anima25","classe":"anima25"}]},{"desenhos":[{"tipo":"img","x":"252.9px","y":"144.35px","width":"673.6px","height":"372.65px","nomeInstancia":"MovieClips/telaInfo27","classe":"telaInfo27","nome":"elm06_01_27_0"},{"tipo":"img","x":"271px","y":"293px","width":"17px","height":"18px","nomeInstancia":"MovieClips/instanceConvertido_26_5","classe":"instanceConvertido_26_5","nome":"elm06_01_27_1"},{"tipo":"img","x":"118px","y":"313px","width":"17px","height":"18px","nomeInstancia":"MovieClips/instanceConvertido_26_4","classe":"instanceConvertido_26_4","nome":"elm06_01_27_2"},{"tipo":"img","x":"99px","y":"380px","width":"17px","height":"18px","nomeInstancia":"MovieClips/instanceConvertido_26_3","classe":"instanceConvertido_26_3","nome":"elm06_01_27_3"},{"tipo":"img","x":"99px","y":"403px","width":"17px","height":"18px","nomeInstancia":"MovieClips/instanceConvertido_26_2","classe":"instanceConvertido_26_2","nome":"elm06_01_27_4"},{"tipo":"img","x":"99px","y":"463px","width":"17px","height":"18px","nomeInstancia":"MovieClips/instanceConvertido_26_1","classe":"instanceConvertido_26_1","nome":"elm06_01_27_5"},{"tipo":"img","x":"98.65px","y":"271.65px","width":"313.4px","height":"63.65px","nomeInstancia":"MovieClips/textConvertido_26_7","classe":"textConvertido_26_7","nome":"elm06_01_27_6"},{"tipo":"img","x":"98.65px","y":"357.65px","width":"344.4px","height":"125.3px","nomeInstancia":"MovieClips/textConvertido_26_5","classe":"textConvertido_26_5","nome":"elm06_01_27_7"},{"tipo":"img","x":"98.65px","y":"506.6px","width":"344.4px","height":"22.55px","nomeInstancia":"MovieClips/textConvertido_26_1","classe":"textConvertido_26_1","nome":"elm06_01_27_8"},{"tipo":"img","x":"98.65px","y":"226.65px","width":"344.4px","height":"22.55px","nomeInstancia":"MovieClips/textConvertido_25_0","classe":"textConvertido_25_0","nome":"elm06_01_26_0"},{"nome":"elm06_01_26_1","tipo":"png","x":"0px","y":"0px","width":"1016px","height":"659px","nomeInstancia":"MovieClips/anima25","classe":"anima25"}]},{"desenhos":[{"tipo":"img","x":"572.55px","y":"226.65px","width":"325.4px","height":"84.2px","nomeInstancia":"MovieClips/textConvertido_27_0","classe":"textConvertido_27_0","nome":"elm06_01_28_0"},{"tipo":"img","x":"665px","y":"248px","width":"17px","height":"18px","nomeInstancia":"MovieClips/instanceConvertido_27_6","classe":"instanceConvertido_27_6","nome":"elm06_01_28_1"},{"tipo":"img","x":"665px","y":"271px","width":"17px","height":"18px","nomeInstancia":"MovieClips/instanceConvertido_27_5","classe":"instanceConvertido_27_5","nome":"elm06_01_28_2"},{"tipo":"img","x":"709px","y":"248px","width":"17px","height":"18px","nomeInstancia":"MovieClips/instanceConvertido_27_4","classe":"instanceConvertido_27_4","nome":"elm06_01_28_3"},{"tipo":"img","x":"752px","y":"248px","width":"17px","height":"18px","nomeInstancia":"MovieClips/instanceConvertido_27_3","classe":"instanceConvertido_27_3","nome":"elm06_01_28_4"},{"tipo":"img","x":"810px","y":"248px","width":"17px","height":"18px","nomeInstancia":"MovieClips/instanceConvertido_27_2","classe":"instanceConvertido_27_2","nome":"elm06_01_28_5"},{"tipo":"img","x":"829px","y":"271px","width":"17px","height":"18px","nomeInstancia":"MovieClips/instanceConvertido_27_1","classe":"instanceConvertido_27_1","nome":"elm06_01_28_6"},{"tipo":"img","x":"71.85px","y":"226.65px","width":"375.3px","height":"235.85px","nomeInstancia":"MovieClips/transicao_27_1","classe":"transicao_27_1","nome":"elm06_01_28_7"}]},{"desenhos":[{"tipo":"img","x":"71.85px","y":"123.4px","width":"716.55px","height":"476.65px","nomeInstancia":"MovieClips/telaInfo29","classe":"telaInfo29","nome":"elm06_01_29_0"},{"tipo":"img","x":"573px","y":"354px","width":"17px","height":"18px","nomeInstancia":"MovieClips/instanceConvertido_28_3","classe":"instanceConvertido_28_3","nome":"elm06_01_29_1"},{"tipo":"img","x":"573px","y":"377px","width":"17px","height":"18px","nomeInstancia":"MovieClips/instanceConvertido_28_2","classe":"instanceConvertido_28_2","nome":"elm06_01_29_2"},{"tipo":"img","x":"573px","y":"436px","width":"17px","height":"18px","nomeInstancia":"MovieClips/instanceConvertido_28_1","classe":"instanceConvertido_28_1","nome":"elm06_01_29_3"},{"tipo":"img","x":"572.55px","y":"333.1px","width":"315.4px","height":"125.3px","nomeInstancia":"MovieClips/textConvertido_28_2","classe":"textConvertido_28_2","nome":"elm06_01_29_4"},{"tipo":"img","x":"572.55px","y":"480.65px","width":"400.4px","height":"22.55px","nomeInstancia":"MovieClips/textConvertido_28_1","classe":"textConvertido_28_1","nome":"elm06_01_29_5"},{"tipo":"img","x":"572.55px","y":"226.65px","width":"325.4px","height":"84.2px","nomeInstancia":"MovieClips/textConvertido_27_0","classe":"textConvertido_27_0","nome":"elm06_01_28_0"},{"tipo":"img","x":"665px","y":"248px","width":"17px","height":"18px","nomeInstancia":"MovieClips/instanceConvertido_27_6","classe":"instanceConvertido_27_6","nome":"elm06_01_28_1"},{"tipo":"img","x":"665px","y":"271px","width":"17px","height":"18px","nomeInstancia":"MovieClips/instanceConvertido_27_5","classe":"instanceConvertido_27_5","nome":"elm06_01_28_2"},{"tipo":"img","x":"709px","y":"248px","width":"17px","height":"18px","nomeInstancia":"MovieClips/instanceConvertido_27_4","classe":"instanceConvertido_27_4","nome":"elm06_01_28_3"},{"tipo":"img","x":"752px","y":"248px","width":"17px","height":"18px","nomeInstancia":"MovieClips/instanceConvertido_27_3","classe":"instanceConvertido_27_3","nome":"elm06_01_28_4"},{"tipo":"img","x":"810px","y":"248px","width":"17px","height":"18px","nomeInstancia":"MovieClips/instanceConvertido_27_2","classe":"instanceConvertido_27_2","nome":"elm06_01_28_5"},{"tipo":"img","x":"829px","y":"271px","width":"17px","height":"18px","nomeInstancia":"MovieClips/instanceConvertido_27_1","classe":"instanceConvertido_27_1","nome":"elm06_01_28_6"},{"tipo":"img","x":"71.85px","y":"226.65px","width":"375.3px","height":"235.85px","nomeInstancia":"MovieClips/transicao_27_1","classe":"transicao_27_1","nome":"elm06_01_28_7"}]},{"desenhos":[{"tipo":"img","x":"89.4px","y":"163px","width":"225.9px","height":"74.55px","nomeInstancia":"MovieClips/transicao_29_0","classe":"transicao_29_0","nome":"elm06_01_30_0"},{"tipo":"img","x":"77.05px","y":"236.1px","width":"825.35px","height":"320.85px","nomeInstancia":"MovieClips/opcoes30","classe":"opcoes30","nome":"elm06_01_30_1"},{"tipo":"img","x":"89.4px","y":"285.05px","width":"861.3px","height":"170.95px","nomeInstancia":"MovieClips/textConvertido_30_2","classe":"textConvertido_30_2","nome":"elm06_01_30_2"},{"tipo":"img","x":"352px","y":"203.05px","width":"493px","height":"41.1px","nomeInstancia":"MovieClips/textConvertido_30_1","classe":"textConvertido_30_1","nome":"elm06_01_30_3"},{"tipo":"img","x":"565px","y":"395.55px","width":"332px","height":"59.65px","nomeInstancia":"MovieClips/textConvertido_30_0","classe":"textConvertido_30_0","nome":"elm06_01_30_4"}]}]}