{"licao":"elm06_04","topico":"04","telas":[{"desenhos":[{"tipo":"img","x":"400.25px","y":"244.45px","width":"407.35px","height":"112.25px","nomeInstancia":"MovieClips/transicao_1_0","classe":"transicao_1_0","nome":"elm06_04_1_0"},{"nome":"elm06_04_1_1","tipo":"personagem","x":"0px","y":"0px","width":"1016px","height":"659px","nomeInstancia":"MovieClips/animaP1","classe":"animaP1"}]},{"desenhos":[{"tipo":"img","x":"445.6px","y":"352.3px","width":"386.55px","height":"143.9px","nomeInstancia":"MovieClips/transicao_2_0","classe":"transicao_2_0","nome":"elm06_04_2_0"},{"tipo":"img","x":"400.25px","y":"244.45px","width":"407.35px","height":"112.25px","nomeInstancia":"MovieClips/transicao_1_0","classe":"transicao_1_0","nome":"elm06_04_1_0"},{"nome":"elm06_04_1_1","tipo":"personagem","x":"0px","y":"0px","width":"1016px","height":"659px","nomeInstancia":"MovieClips/animaP1","classe":"animaP1"}]},{"desenhos":[{"tipo":"img","x":"168.1px","y":"244.2px","width":"442.8px","height":"88.75px","nomeInstancia":"MovieClips/transicao_3_0","classe":"transicao_3_0","nome":"elm06_04_3_0"},{"nome":"elm06_04_3_1","tipo":"personagem","x":"0px","y":"0px","width":"1016px","height":"659px","nomeInstancia":"MovieClips/animaP3","classe":"animaP3"}]},{"desenhos":[{"tipo":"img","x":"168.1px","y":"328.4px","width":"345.4px","height":"86.45px","nomeInstancia":"MovieClips/transicao_4_0","classe":"transicao_4_0","nome":"elm06_04_4_0"},{"tipo":"img","x":"168.1px","y":"244.2px","width":"442.8px","height":"88.75px","nomeInstancia":"MovieClips/transicao_3_0","classe":"transicao_3_0","nome":"elm06_04_3_0"},{"nome":"elm06_04_3_1","tipo":"personagem","x":"0px","y":"0px","width":"1016px","height":"659px","nomeInstancia":"MovieClips/animaP3","classe":"animaP3"}]},{"desenhos":[{"tipo":"img","x":"114.8px","y":"409.3px","width":"441.7px","height":"123.95px","nomeInstancia":"MovieClips/transicao_5_0","classe":"transicao_5_0","nome":"elm06_04_5_0"},{"tipo":"img","x":"168.1px","y":"328.4px","width":"345.4px","height":"86.45px","nomeInstancia":"MovieClips/transicao_4_0","classe":"transicao_4_0","nome":"elm06_04_4_0"},{"tipo":"img","x":"168.1px","y":"244.2px","width":"442.8px","height":"88.75px","nomeInstancia":"MovieClips/transicao_3_0","classe":"transicao_3_0","nome":"elm06_04_3_0"},{"nome":"elm06_04_3_1","tipo":"personagem","x":"0px","y":"0px","width":"1016px","height":"659px","nomeInstancia":"MovieClips/animaP3","classe":"animaP3"}]},{"desenhos":[{"tipo":"img","x":"569.55px","y":"239.85px","width":"357.45px","height":"104.75px","nomeInstancia":"MovieClips/textConvertido_6_0","classe":"textConvertido_6_0","nome":"elm06_04_6_0"},{"tipo":"img","x":"89.4px","y":"249.7px","width":"382.25px","height":"212.6px","nomeInstancia":"MovieClips/transicao_6_1","classe":"transicao_6_1","nome":"elm06_04_6_1"}]},{"desenhos":[{"tipo":"img","x":"569.55px","y":"362.8px","width":"357.45px","height":"104.75px","nomeInstancia":"MovieClips/textConvertido_7_0","classe":"textConvertido_7_0","nome":"elm06_04_7_0"},{"tipo":"img","x":"569.55px","y":"239.85px","width":"357.45px","height":"104.75px","nomeInstancia":"MovieClips/textConvertido_6_0","classe":"textConvertido_6_0","nome":"elm06_04_6_0"},{"tipo":"img","x":"89.4px","y":"249.7px","width":"382.25px","height":"212.6px","nomeInstancia":"MovieClips/transicao_6_1","classe":"transicao_6_1","nome":"elm06_04_6_1"}]},{"desenhos":[{"tipo":"img","x":"74.55px","y":"251.85px","width":"346.45px","height":"104.75px","nomeInstancia":"MovieClips/textConvertido_8_0","classe":"textConvertido_8_0","nome":"elm06_04_8_0"},{"tipo":"img","x":"478.65px","y":"266.15px","width":"473.75px","height":"197.7px","nomeInstancia":"MovieClips/transicao_8_1","classe":"transicao_8_1","nome":"elm06_04_8_1"}]},{"desenhos":[{"tipo":"img","x":"74.55px","y":"374.8px","width":"369.45px","height":"104.75px","nomeInstancia":"MovieClips/textConvertido_9_0","classe":"textConvertido_9_0","nome":"elm06_04_9_0"},{"tipo":"img","x":"74.55px","y":"251.85px","width":"346.45px","height":"104.75px","nomeInstancia":"MovieClips/textConvertido_8_0","classe":"textConvertido_8_0","nome":"elm06_04_8_0"},{"tipo":"img","x":"478.65px","y":"266.15px","width":"473.75px","height":"197.7px","nomeInstancia":"MovieClips/transicao_8_1","classe":"transicao_8_1","nome":"elm06_04_8_1"}]},{"desenhos":[{"tipo":"img","x":"299.9px","y":"229.15px","width":"421.45px","height":"364.1px","nomeInstancia":"MovieClips/telaInfo10","classe":"telaInfo10","nome":"elm06_04_10_0"},{"tipo":"img","x":"136.8px","y":"245.3px","width":"742.45px","height":"43.1px","nomeInstancia":"MovieClips/textConvertido_10_1","classe":"textConvertido_10_1","nome":"elm06_04_10_1"},{"tipo":"img","x":"263.65px","y":"314.05px","width":"488.75px","height":"256.8px","nomeInstancia":"MovieClips/transicao_10_3","classe":"transicao_10_3","nome":"elm06_04_10_2"},{"tipo":"img","x":"395.05px","y":"138.55px","width":"225.9px","height":"74.55px","nomeInstancia":"MovieClips/transicao_10_2","classe":"transicao_10_2","nome":"elm06_04_10_3"}]},{"desenhos":[{"tipo":"img","x":"421.35px","y":"258.2px","width":"500px","height":"132.8px","nomeInstancia":"MovieClips/transicao_11_0","classe":"transicao_11_0","nome":"elm06_04_11_0"},{"tipo":"img","x":"52px","y":"144.85px","width":"122.65px","height":"77.95px","nomeInstancia":"MovieClips/transicao_11_1","classe":"transicao_11_1","nome":"elm06_04_11_1"},{"nome":"elm06_04_11_2","tipo":"personagem","x":"0px","y":"0px","width":"1016px","height":"659px","nomeInstancia":"MovieClips/animaP11","classe":"animaP11"}]},{"desenhos":[{"tipo":"img","x":"468.2px","y":"385.8px","width":"248.5px","height":"69.8px","nomeInstancia":"MovieClips/transicao_12_0","classe":"transicao_12_0","nome":"elm06_04_12_0"},{"tipo":"img","x":"421.35px","y":"258.2px","width":"500px","height":"132.8px","nomeInstancia":"MovieClips/transicao_11_0","classe":"transicao_11_0","nome":"elm06_04_11_0"},{"tipo":"img","x":"52px","y":"144.85px","width":"122.65px","height":"77.95px","nomeInstancia":"MovieClips/transicao_11_1","classe":"transicao_11_1","nome":"elm06_04_11_1"},{"nome":"elm06_04_11_2","tipo":"personagem","x":"0px","y":"0px","width":"1016px","height":"659px","nomeInstancia":"MovieClips/animaP11","classe":"animaP11"}]},{"desenhos":[{"tipo":"img","x":"202.4px","y":"211.8px","width":"611.25px","height":"235.4px","nomeInstancia":"MovieClips/transicao_13_0","classe":"transicao_13_0","nome":"elm06_04_13_0"}]}]}