{"licao":"elm07_04","topico":"04","telas":[{"desenhos":[{"tipo":"img","x":"391.35px","y":"258.1px","width":"434.2px","height":"112.25px","nomeInstancia":"MovieClips/transicao_1_0","classe":"transicao_1_0","nome":"elm07_04_1_0"},{"nome":"elm07_04_1_1","tipo":"personagem","x":"0px","y":"0px","width":"1016px","height":"659px","nomeInstancia":"MovieClips/animaP1","classe":"animaP1"}]},{"desenhos":[{"tipo":"img","x":"436.75px","y":"365.95px","width":"406.35px","height":"97.45px","nomeInstancia":"MovieClips/transicao_2_0","classe":"transicao_2_0","nome":"elm07_04_2_0"},{"tipo":"img","x":"391.35px","y":"258.1px","width":"434.2px","height":"112.25px","nomeInstancia":"MovieClips/transicao_1_0","classe":"transicao_1_0","nome":"elm07_04_1_0"},{"nome":"elm07_04_1_1","tipo":"personagem","x":"0px","y":"0px","width":"1016px","height":"659px","nomeInstancia":"MovieClips/animaP1","classe":"animaP1"}]},{"desenhos":[{"tipo":"img","x":"78.55px","y":"242.8px","width":"415.45px","height":"84.2px","nomeInstancia":"MovieClips/textConvertido_3_0","classe":"textConvertido_3_0","nome":"elm07_04_3_0"},{"tipo":"img","x":"556.6px","y":"242.8px","width":"355.3px","height":"236.6px","nomeInstancia":"MovieClips/transicao_3_1","classe":"transicao_3_1","nome":"elm07_04_3_1"}]},{"desenhos":[{"tipo":"img","x":"78.55px","y":"344.55px","width":"408.45px","height":"63.65px","nomeInstancia":"MovieClips/textConvertido_4_0","classe":"textConvertido_4_0","nome":"elm07_04_4_0"},{"tipo":"img","x":"78.55px","y":"242.8px","width":"415.45px","height":"84.2px","nomeInstancia":"MovieClips/textConvertido_3_0","classe":"textConvertido_3_0","nome":"elm07_04_3_0"},{"tipo":"img","x":"556.6px","y":"242.8px","width":"355.3px","height":"236.6px","nomeInstancia":"MovieClips/transicao_3_1","classe":"transicao_3_1","nome":"elm07_04_3_1"}]},{"desenhos":[{"tipo":"img","x":"78.55px","y":"425.75px","width":"386.45px","height":"63.65px","nomeInstancia":"MovieClips/textConvertido_5_0","classe":"textConvertido_5_0","nome":"elm07_04_5_0"},{"tipo":"img","x":"78.55px","y":"344.55px","width":"408.45px","height":"63.65px","nomeInstancia":"MovieClips/textConvertido_4_0","classe":"textConvertido_4_0","nome":"elm07_04_4_0"},{"tipo":"img","x":"78.55px","y":"242.8px","width":"415.45px","height":"84.2px","nomeInstancia":"MovieClips/textConvertido_3_0","classe":"textConvertido_3_0","nome":"elm07_04_3_0"},{"tipo":"img","x":"556.6px","y":"242.8px","width":"355.3px","height":"236.6px","nomeInstancia":"MovieClips/transicao_3_1","classe":"transicao_3_1","nome":"elm07_04_3_1"}]},{"desenhos":[{"tipo":"img","x":"517.8px","y":"259.8px","width":"421.45px","height":"84.2px","nomeInstancia":"MovieClips/textConvertido_6_1","classe":"textConvertido_6_1","nome":"elm07_04_6_0"},{"tipo":"img","x":"300.3px","y":"177.6px","width":"415.45px","height":"22.55px","nomeInstancia":"MovieClips/textConvertido_6_0","classe":"textConvertido_6_0","nome":"elm07_04_6_1"},{"tipo":"img","x":"105.4px","y":"266.5px","width":"325.6px","height":"237.3px","nomeInstancia":"MovieClips/transicao_6_2","classe":"transicao_6_2","nome":"elm07_04_6_2"}]},{"desenhos":[{"tipo":"img","x":"517.8px","y":"360.25px","width":"426.45px","height":"84.2px","nomeInstancia":"MovieClips/textConvertido_7_0","classe":"textConvertido_7_0","nome":"elm07_04_7_0"},{"tipo":"img","x":"517.8px","y":"259.8px","width":"421.45px","height":"84.2px","nomeInstancia":"MovieClips/textConvertido_6_1","classe":"textConvertido_6_1","nome":"elm07_04_6_0"},{"tipo":"img","x":"300.3px","y":"177.6px","width":"415.45px","height":"22.55px","nomeInstancia":"MovieClips/textConvertido_6_0","classe":"textConvertido_6_0","nome":"elm07_04_6_1"},{"tipo":"img","x":"105.4px","y":"266.5px","width":"325.6px","height":"237.3px","nomeInstancia":"MovieClips/transicao_6_2","classe":"transicao_6_2","nome":"elm07_04_6_2"}]},{"desenhos":[{"tipo":"img","x":"517.8px","y":"460.7px","width":"423.45px","height":"43.1px","nomeInstancia":"MovieClips/textConvertido_8_0","classe":"textConvertido_8_0","nome":"elm07_04_8_0"},{"tipo":"img","x":"517.8px","y":"360.25px","width":"426.45px","height":"84.2px","nomeInstancia":"MovieClips/textConvertido_7_0","classe":"textConvertido_7_0","nome":"elm07_04_7_0"},{"tipo":"img","x":"517.8px","y":"259.8px","width":"421.45px","height":"84.2px","nomeInstancia":"MovieClips/textConvertido_6_1","classe":"textConvertido_6_1","nome":"elm07_04_6_0"},{"tipo":"img","x":"300.3px","y":"177.6px","width":"415.45px","height":"22.55px","nomeInstancia":"MovieClips/textConvertido_6_0","classe":"textConvertido_6_0","nome":"elm07_04_6_1"},{"tipo":"img","x":"105.4px","y":"266.5px","width":"325.6px","height":"237.3px","nomeInstancia":"MovieClips/transicao_6_2","classe":"transicao_6_2","nome":"elm07_04_6_2"}]},{"desenhos":[{"tipo":"img","x":"102.55px","y":"241.8px","width":"419.45px","height":"125.3px","nomeInstancia":"MovieClips/textConvertido_9_1","classe":"textConvertido_9_1","nome":"elm07_04_9_0"},{"tipo":"img","x":"300.3px","y":"177.6px","width":"415.45px","height":"22.55px","nomeInstancia":"MovieClips/textConvertido_9_0","classe":"textConvertido_9_0","nome":"elm07_04_9_1"},{"tipo":"img","x":"589.85px","y":"253.25px","width":"322.1px","height":"282px","nomeInstancia":"MovieClips/transicao_9_2","classe":"transicao_9_2","nome":"elm07_04_9_2"}]},{"desenhos":[{"tipo":"img","x":"102.55px","y":"383.05px","width":"399.45px","height":"63.65px","nomeInstancia":"MovieClips/textConvertido_10_0","classe":"textConvertido_10_0","nome":"elm07_04_10_0"},{"tipo":"img","x":"102.55px","y":"241.8px","width":"419.45px","height":"125.3px","nomeInstancia":"MovieClips/textConvertido_9_1","classe":"textConvertido_9_1","nome":"elm07_04_9_0"},{"tipo":"img","x":"300.3px","y":"177.6px","width":"415.45px","height":"22.55px","nomeInstancia":"MovieClips/textConvertido_9_0","classe":"textConvertido_9_0","nome":"elm07_04_9_1"},{"tipo":"img","x":"589.85px","y":"253.25px","width":"322.1px","height":"282px","nomeInstancia":"MovieClips/transicao_9_2","classe":"transicao_9_2","nome":"elm07_04_9_2"}]},{"desenhos":[{"tipo":"img","x":"102.55px","y":"462.65px","width":"423.45px","height":"84.2px","nomeInstancia":"MovieClips/textConvertido_11_0","classe":"textConvertido_11_0","nome":"elm07_04_11_0"},{"tipo":"img","x":"102.55px","y":"383.05px","width":"399.45px","height":"63.65px","nomeInstancia":"MovieClips/textConvertido_10_0","classe":"textConvertido_10_0","nome":"elm07_04_10_0"},{"tipo":"img","x":"102.55px","y":"241.8px","width":"419.45px","height":"125.3px","nomeInstancia":"MovieClips/textConvertido_9_1","classe":"textConvertido_9_1","nome":"elm07_04_9_0"},{"tipo":"img","x":"300.3px","y":"177.6px","width":"415.45px","height":"22.55px","nomeInstancia":"MovieClips/textConvertido_9_0","classe":"textConvertido_9_0","nome":"elm07_04_9_1"},{"tipo":"img","x":"589.85px","y":"253.25px","width":"322.1px","height":"282px","nomeInstancia":"MovieClips/transicao_9_2","classe":"transicao_9_2","nome":"elm07_04_9_2"}]},{"desenhos":[{"tipo":"img","x":"524.55px","y":"294.8px","width":"411.45px","height":"84.2px","nomeInstancia":"MovieClips/textConvertido_12_0","classe":"textConvertido_12_0","nome":"elm07_04_12_0"},{"tipo":"img","x":"150.4px","y":"216.4px","width":"299.8px","height":"280.15px","nomeInstancia":"MovieClips/transicao_12_1","classe":"transicao_12_1","nome":"elm07_04_12_1"}]},{"desenhos":[{"tipo":"img","x":"524.55px","y":"405.1px","width":"399.45px","height":"43.1px","nomeInstancia":"MovieClips/textConvertido_13_0","classe":"textConvertido_13_0","nome":"elm07_04_13_0"},{"tipo":"img","x":"524.55px","y":"294.8px","width":"411.45px","height":"84.2px","nomeInstancia":"MovieClips/textConvertido_12_0","classe":"textConvertido_12_0","nome":"elm07_04_12_0"},{"tipo":"img","x":"150.4px","y":"216.4px","width":"299.8px","height":"280.15px","nomeInstancia":"MovieClips/transicao_12_1","classe":"transicao_12_1","nome":"elm07_04_12_1"}]},{"desenhos":[{"tipo":"img","x":"280.3px","y":"194.8px","width":"455.45px","height":"22.55px","nomeInstancia":"MovieClips/textConvertido_14_1","classe":"textConvertido_14_1","nome":"elm07_04_14_0"},{"tipo":"img","x":"101.55px","y":"305.15px","width":"399.45px","height":"104.75px","nomeInstancia":"MovieClips/textConvertido_14_0","classe":"textConvertido_14_0","nome":"elm07_04_14_1"},{"tipo":"img","x":"581.75px","y":"250.75px","width":"299.8px","height":"280.15px","nomeInstancia":"MovieClips/transicao_14_2","classe":"transicao_14_2","nome":"elm07_04_14_2"}]},{"desenhos":[{"tipo":"img","x":"101.55px","y":"438.1px","width":"376.45px","height":"43.1px","nomeInstancia":"MovieClips/textConvertido_15_0","classe":"textConvertido_15_0","nome":"elm07_04_15_0"},{"tipo":"img","x":"280.3px","y":"194.8px","width":"455.45px","height":"22.55px","nomeInstancia":"MovieClips/textConvertido_14_1","classe":"textConvertido_14_1","nome":"elm07_04_14_0"},{"tipo":"img","x":"101.55px","y":"305.15px","width":"399.45px","height":"104.75px","nomeInstancia":"MovieClips/textConvertido_14_0","classe":"textConvertido_14_0","nome":"elm07_04_14_1"},{"tipo":"img","x":"581.75px","y":"250.75px","width":"299.8px","height":"280.15px","nomeInstancia":"MovieClips/transicao_14_2","classe":"transicao_14_2","nome":"elm07_04_14_2"}]},{"desenhos":[{"tipo":"img","x":"530.55px","y":"203.25px","width":"399.45px","height":"43.1px","nomeInstancia":"MovieClips/textConvertido_16_0","classe":"textConvertido_16_0","nome":"elm07_04_16_0"},{"tipo":"img","x":"94.45px","y":"230.6px","width":"382.45px","height":"270.55px","nomeInstancia":"MovieClips/transicao_16_1","classe":"transicao_16_1","nome":"elm07_04_16_1"}]},{"desenhos":[{"tipo":"img","x":"530.55px","y":"271.9px","width":"401.45px","height":"104.75px","nomeInstancia":"MovieClips/textConvertido_17_0","classe":"textConvertido_17_0","nome":"elm07_04_17_0"},{"tipo":"img","x":"530.55px","y":"203.25px","width":"399.45px","height":"43.1px","nomeInstancia":"MovieClips/textConvertido_16_0","classe":"textConvertido_16_0","nome":"elm07_04_16_0"},{"tipo":"img","x":"94.45px","y":"230.6px","width":"382.45px","height":"270.55px","nomeInstancia":"MovieClips/transicao_16_1","classe":"transicao_16_1","nome":"elm07_04_16_1"}]},{"desenhos":[{"tipo":"img","x":"530.55px","y":"402.2px","width":"399.45px","height":"125.3px","nomeInstancia":"MovieClips/textConvertido_18_0","classe":"textConvertido_18_0","nome":"elm07_04_18_0"},{"tipo":"img","x":"530.55px","y":"271.9px","width":"401.45px","height":"104.75px","nomeInstancia":"MovieClips/textConvertido_17_0","classe":"textConvertido_17_0","nome":"elm07_04_17_0"},{"tipo":"img","x":"530.55px","y":"203.25px","width":"399.45px","height":"43.1px","nomeInstancia":"MovieClips/textConvertido_16_0","classe":"textConvertido_16_0","nome":"elm07_04_16_0"},{"tipo":"img","x":"94.45px","y":"230.6px","width":"382.45px","height":"270.55px","nomeInstancia":"MovieClips/transicao_16_1","classe":"transicao_16_1","nome":"elm07_04_16_1"}]},{"desenhos":[{"tipo":"img","x":"308.3px","y":"185.25px","width":"399.45px","height":"22.55px","nomeInstancia":"MovieClips/textConvertido_19_1","classe":"textConvertido_19_1","nome":"elm07_04_19_0"},{"tipo":"img","x":"92.55px","y":"286.9px","width":"464.45px","height":"104.75px","nomeInstancia":"MovieClips/textConvertido_19_0","classe":"textConvertido_19_0","nome":"elm07_04_19_1"},{"tipo":"img","x":"610.2px","y":"234.05px","width":"277.55px","height":"261.05px","nomeInstancia":"MovieClips/transicao_19_2","classe":"transicao_19_2","nome":"elm07_04_19_2"}]},{"desenhos":[{"tipo":"img","x":"92.55px","y":"418.85px","width":"464.45px","height":"63.65px","nomeInstancia":"MovieClips/textConvertido_20_0","classe":"textConvertido_20_0","nome":"elm07_04_20_0"},{"tipo":"img","x":"308.3px","y":"185.25px","width":"399.45px","height":"22.55px","nomeInstancia":"MovieClips/textConvertido_19_1","classe":"textConvertido_19_1","nome":"elm07_04_19_0"},{"tipo":"img","x":"92.55px","y":"286.9px","width":"464.45px","height":"104.75px","nomeInstancia":"MovieClips/textConvertido_19_0","classe":"textConvertido_19_0","nome":"elm07_04_19_1"},{"tipo":"img","x":"610.2px","y":"234.05px","width":"277.55px","height":"261.05px","nomeInstancia":"MovieClips/transicao_19_2","classe":"transicao_19_2","nome":"elm07_04_19_2"}]},{"desenhos":[{"tipo":"img","x":"484.55px","y":"252.9px","width":"462.45px","height":"84.2px","nomeInstancia":"MovieClips/textConvertido_21_0","classe":"textConvertido_21_0","nome":"elm07_04_21_0"},{"tipo":"img","x":"125.8px","y":"232.45px","width":"266.85px","height":"251.4px","nomeInstancia":"MovieClips/transicao_21_1","classe":"transicao_21_1","nome":"elm07_04_21_1"}]},{"desenhos":[{"tipo":"img","x":"484.55px","y":"357.1px","width":"444.45px","height":"63.65px","nomeInstancia":"MovieClips/textConvertido_22_0","classe":"textConvertido_22_0","nome":"elm07_04_22_0"},{"tipo":"img","x":"484.55px","y":"252.9px","width":"462.45px","height":"84.2px","nomeInstancia":"MovieClips/textConvertido_21_0","classe":"textConvertido_21_0","nome":"elm07_04_21_0"},{"tipo":"img","x":"125.8px","y":"232.45px","width":"266.85px","height":"251.4px","nomeInstancia":"MovieClips/transicao_21_1","classe":"transicao_21_1","nome":"elm07_04_21_1"}]},{"desenhos":[{"tipo":"img","x":"484.55px","y":"440.75px","width":"437.45px","height":"43.1px","nomeInstancia":"MovieClips/textConvertido_23_0","classe":"textConvertido_23_0","nome":"elm07_04_23_0"},{"tipo":"img","x":"484.55px","y":"357.1px","width":"444.45px","height":"63.65px","nomeInstancia":"MovieClips/textConvertido_22_0","classe":"textConvertido_22_0","nome":"elm07_04_22_0"},{"tipo":"img","x":"484.55px","y":"252.9px","width":"462.45px","height":"84.2px","nomeInstancia":"MovieClips/textConvertido_21_0","classe":"textConvertido_21_0","nome":"elm07_04_21_0"},{"tipo":"img","x":"125.8px","y":"232.45px","width":"266.85px","height":"251.4px","nomeInstancia":"MovieClips/transicao_21_1","classe":"transicao_21_1","nome":"elm07_04_21_1"}]},{"desenhos":[{"tipo":"img","x":"276.8px","y":"178.9px","width":"462.45px","height":"22.55px","nomeInstancia":"MovieClips/textConvertido_24_1","classe":"textConvertido_24_1","nome":"elm07_04_24_0"},{"tipo":"img","x":"32.75px","y":"265.15px","width":"315.45px","height":"125.3px","nomeInstancia":"MovieClips/textConvertido_24_0","classe":"textConvertido_24_0","nome":"elm07_04_24_1"},{"tipo":"img","x":"352px","y":"261px","width":"648.15px","height":"250.5px","nomeInstancia":"MovieClips/transicao_24_2","classe":"transicao_24_2","nome":"elm07_04_24_2"}]},{"desenhos":[{"tipo":"img","x":"28.75px","y":"406.75px","width":"297.45px","height":"104.75px","nomeInstancia":"MovieClips/textConvertido_25_0","classe":"textConvertido_25_0","nome":"elm07_04_25_0"},{"tipo":"img","x":"276.8px","y":"178.9px","width":"462.45px","height":"22.55px","nomeInstancia":"MovieClips/textConvertido_24_1","classe":"textConvertido_24_1","nome":"elm07_04_24_0"},{"tipo":"img","x":"32.75px","y":"265.15px","width":"315.45px","height":"125.3px","nomeInstancia":"MovieClips/textConvertido_24_0","classe":"textConvertido_24_0","nome":"elm07_04_24_1"},{"tipo":"img","x":"352px","y":"261px","width":"648.15px","height":"250.5px","nomeInstancia":"MovieClips/transicao_24_2","classe":"transicao_24_2","nome":"elm07_04_24_2"}]},{"desenhos":[{"tipo":"img","x":"133.75px","y":"188.6px","width":"803.65px","height":"392.6px","nomeInstancia":"MovieClips/telaInfo26","classe":"telaInfo26","nome":"elm07_04_26_0"},{"tipo":"img","x":"601.5px","y":"317.15px","width":"315.45px","height":"63.65px","nomeInstancia":"MovieClips/textConvertido_26_2","classe":"textConvertido_26_2","nome":"elm07_04_26_1"},{"tipo":"img","x":"601.5px","y":"415.8px","width":"297.45px","height":"22.55px","nomeInstancia":"MovieClips/textConvertido_26_1","classe":"textConvertido_26_1","nome":"elm07_04_26_2"},{"tipo":"img","x":"85.55px","y":"196.75px","width":"429.05px","height":"287.95px","nomeInstancia":"MovieClips/transicao_26_3","classe":"transicao_26_3","nome":"elm07_04_26_3"}]},{"desenhos":[{"tipo":"img","x":"322.05px","y":"186.5px","width":"579.95px","height":"382.6px","nomeInstancia":"MovieClips/atvClick27","classe":"atvClick27","nome":"elm07_04_27_0"},{"tipo":"img","x":"55.25px","y":"272.15px","width":"405.75px","height":"248.6px","nomeInstancia":"MovieClips/textConvertido_27_1","classe":"textConvertido_27_1","nome":"elm07_04_27_1"},{"tipo":"img","x":"145.15px","y":"168.55px","width":"225.9px","height":"74.55px","nomeInstancia":"MovieClips/transicao_27_2","classe":"transicao_27_2","nome":"elm07_04_27_2"}]},{"desenhos":[{"tipo":"img","x":"453.65px","y":"249.2px","width":"502px","height":"92.05px","nomeInstancia":"MovieClips/transicao_28_0","classe":"transicao_28_0","nome":"elm07_04_28_0"},{"tipo":"img","x":"52px","y":"144.85px","width":"122.65px","height":"77.95px","nomeInstancia":"MovieClips/transicao_28_1","classe":"transicao_28_1","nome":"elm07_04_28_1"},{"nome":"elm07_04_28_2","tipo":"personagem","x":"0px","y":"0px","width":"1016px","height":"659px","nomeInstancia":"MovieClips/animaP28","classe":"animaP28"}]},{"desenhos":[{"tipo":"img","x":"503.35px","y":"334.4px","width":"422.8px","height":"131.4px","nomeInstancia":"MovieClips/transicao_29_0","classe":"transicao_29_0","nome":"elm07_04_29_0"},{"tipo":"img","x":"453.65px","y":"249.2px","width":"502px","height":"92.05px","nomeInstancia":"MovieClips/transicao_28_0","classe":"transicao_28_0","nome":"elm07_04_28_0"},{"tipo":"img","x":"52px","y":"144.85px","width":"122.65px","height":"77.95px","nomeInstancia":"MovieClips/transicao_28_1","classe":"transicao_28_1","nome":"elm07_04_28_1"},{"nome":"elm07_04_28_2","tipo":"personagem","x":"0px","y":"0px","width":"1016px","height":"659px","nomeInstancia":"MovieClips/animaP28","classe":"animaP28"}]},{"desenhos":[{"tipo":"img","x":"638.4px","y":"458.95px","width":"172.75px","height":"64.25px","nomeInstancia":"MovieClips/transicao_30_0","classe":"transicao_30_0","nome":"elm07_04_30_0"},{"tipo":"img","x":"503.35px","y":"334.4px","width":"422.8px","height":"131.4px","nomeInstancia":"MovieClips/transicao_29_0","classe":"transicao_29_0","nome":"elm07_04_29_0"},{"tipo":"img","x":"453.65px","y":"249.2px","width":"502px","height":"92.05px","nomeInstancia":"MovieClips/transicao_28_0","classe":"transicao_28_0","nome":"elm07_04_28_0"},{"tipo":"img","x":"52px","y":"144.85px","width":"122.65px","height":"77.95px","nomeInstancia":"MovieClips/transicao_28_1","classe":"transicao_28_1","nome":"elm07_04_28_1"},{"nome":"elm07_04_28_2","tipo":"personagem","x":"0px","y":"0px","width":"1016px","height":"659px","nomeInstancia":"MovieClips/animaP28","classe":"animaP28"}]},{"desenhos":[{"tipo":"img","x":"202.4px","y":"211.8px","width":"611.25px","height":"235.4px","nomeInstancia":"MovieClips/transicao_31_0","classe":"transicao_31_0","nome":"elm07_04_31_0"}]}]}