{"licao":"elm07_02","topico":"02","telas":[{"desenhos":[{"tipo":"img","x":"89.55px","y":"229.8px","width":"389.1px","height":"145.85px","nomeInstancia":"textConvertido_1_0","classe":"textConvertido_1_0","nome":"elm07_02_1_0"},{"tipo":"img","x":"536.8px","y":"226.05px","width":"377.4px","height":"289.35px","nomeInstancia":"transicao_1_1","classe":"transicao_1_1","nome":"elm07_02_1_1"}]},{"desenhos":[{"tipo":"img","x":"89.55px","y":"392.15px","width":"389.1px","height":"43.1px","nomeInstancia":"textConvertido_2_0","classe":"textConvertido_2_0","nome":"elm07_02_2_0"},{"tipo":"img","x":"89.55px","y":"229.8px","width":"389.1px","height":"145.85px","nomeInstancia":"textConvertido_1_0","classe":"textConvertido_1_0","nome":"elm07_02_1_0"},{"tipo":"img","x":"536.8px","y":"226.05px","width":"377.4px","height":"289.35px","nomeInstancia":"transicao_1_1","classe":"transicao_1_1","nome":"elm07_02_1_1"}]},{"desenhos":[{"tipo":"img","x":"89.55px","y":"451.75px","width":"389.1px","height":"63.65px","nomeInstancia":"textConvertido_3_0","classe":"textConvertido_3_0","nome":"elm07_02_3_0"},{"tipo":"img","x":"89.55px","y":"392.15px","width":"389.1px","height":"43.1px","nomeInstancia":"textConvertido_2_0","classe":"textConvertido_2_0","nome":"elm07_02_2_0"},{"tipo":"img","x":"89.55px","y":"229.8px","width":"389.1px","height":"145.85px","nomeInstancia":"textConvertido_1_0","classe":"textConvertido_1_0","nome":"elm07_02_1_0"},{"tipo":"img","x":"536.8px","y":"226.05px","width":"377.4px","height":"289.35px","nomeInstancia":"transicao_1_1","classe":"transicao_1_1","nome":"elm07_02_1_1"}]},{"desenhos":[{"tipo":"img","x":"535.5px","y":"269.8px","width":"383.5px","height":"104.75px","nomeInstancia":"textConvertido_4_0","classe":"textConvertido_4_0","nome":"elm07_02_4_0"},{"tipo":"img","x":"93.3px","y":"193.15px","width":"377.4px","height":"289.35px","nomeInstancia":"transicao_4_1","classe":"transicao_4_1","nome":"elm07_02_4_1"}]},{"desenhos":[{"tipo":"img","x":"535.5px","y":"397.2px","width":"404.5px","height":"43.1px","nomeInstancia":"textConvertido_5_0","classe":"textConvertido_5_0","nome":"elm07_02_5_0"},{"tipo":"img","x":"535.5px","y":"269.8px","width":"383.5px","height":"104.75px","nomeInstancia":"textConvertido_4_0","classe":"textConvertido_4_0","nome":"elm07_02_4_0"},{"tipo":"img","x":"93.3px","y":"193.15px","width":"377.4px","height":"289.35px","nomeInstancia":"transicao_4_1","classe":"transicao_4_1","nome":"elm07_02_4_1"}]},{"desenhos":[{"tipo":"img","x":"96.5px","y":"277.8px","width":"362.5px","height":"125.3px","nomeInstancia":"textConvertido_6_0","classe":"textConvertido_6_0","nome":"elm07_02_6_0"},{"tipo":"img","x":"525.25px","y":"201.1px","width":"377.4px","height":"284.75px","nomeInstancia":"transicao_6_1","classe":"transicao_6_1","nome":"elm07_02_6_1"}]},{"desenhos":[{"tipo":"img","x":"96.5px","y":"422.2px","width":"372.5px","height":"63.65px","nomeInstancia":"textConvertido_7_0","classe":"textConvertido_7_0","nome":"elm07_02_7_0"},{"tipo":"img","x":"96.5px","y":"277.8px","width":"362.5px","height":"125.3px","nomeInstancia":"textConvertido_6_0","classe":"textConvertido_6_0","nome":"elm07_02_6_0"},{"tipo":"img","x":"525.25px","y":"201.1px","width":"377.4px","height":"284.75px","nomeInstancia":"transicao_6_1","classe":"transicao_6_1","nome":"elm07_02_6_1"}]},{"desenhos":[{"tipo":"img","x":"562.45px","y":"272.8px","width":"362.5px","height":"104.75px","nomeInstancia":"textConvertido_8_0","classe":"textConvertido_8_0","nome":"elm07_02_8_0"},{"tipo":"img","x":"109.8px","y":"197.9px","width":"377.4px","height":"282.05px","nomeInstancia":"transicao_8_1","classe":"transicao_8_1","nome":"elm07_02_8_1"}]},{"desenhos":[{"tipo":"img","x":"562.45px","y":"413.2px","width":"363.55px","height":"63.65px","nomeInstancia":"textConvertido_9_0","classe":"textConvertido_9_0","nome":"elm07_02_9_0"},{"tipo":"img","x":"562.45px","y":"272.8px","width":"362.5px","height":"104.75px","nomeInstancia":"textConvertido_8_0","classe":"textConvertido_8_0","nome":"elm07_02_8_0"},{"tipo":"img","x":"109.8px","y":"197.9px","width":"377.4px","height":"282.05px","nomeInstancia":"transicao_8_1","classe":"transicao_8_1","nome":"elm07_02_8_1"}]},{"desenhos":[{"tipo":"img","x":"162.65px","y":"228.8px","width":"687.75px","height":"43.1px","nomeInstancia":"textConvertido_10_1","classe":"textConvertido_10_1","nome":"elm07_02_10_0"},{"tipo":"img","x":"447.5px","y":"293.5px","width":"121.05px","height":"73.35px","nomeInstancia":"transicao_10_0","classe":"transicao_10_0","nome":"elm07_02_10_1"}]},{"desenhos":[{"tipo":"img","x":"162.65px","y":"388.45px","width":"690.75px","height":"63.65px","nomeInstancia":"textConvertido_11_0","classe":"textConvertido_11_0","nome":"elm07_02_11_0"},{"tipo":"img","x":"162.65px","y":"228.8px","width":"687.75px","height":"43.1px","nomeInstancia":"textConvertido_10_1","classe":"textConvertido_10_1","nome":"elm07_02_10_0"},{"tipo":"img","x":"447.5px","y":"293.5px","width":"121.05px","height":"73.35px","nomeInstancia":"transicao_10_0","classe":"transicao_10_0","nome":"elm07_02_10_1"}]},{"desenhos":[{"tipo":"img","x":"162.65px","y":"473.7px","width":"717.75px","height":"22.55px","nomeInstancia":"textConvertido_12_0","classe":"textConvertido_12_0","nome":"elm07_02_12_0"},{"tipo":"img","x":"162.65px","y":"388.45px","width":"690.75px","height":"63.65px","nomeInstancia":"textConvertido_11_0","classe":"textConvertido_11_0","nome":"elm07_02_11_0"},{"tipo":"img","x":"162.65px","y":"228.8px","width":"687.75px","height":"43.1px","nomeInstancia":"textConvertido_10_1","classe":"textConvertido_10_1","nome":"elm07_02_10_0"},{"tipo":"img","x":"447.5px","y":"293.5px","width":"121.05px","height":"73.35px","nomeInstancia":"transicao_10_0","classe":"transicao_10_0","nome":"elm07_02_10_1"}]},{"desenhos":[{"tipo":"img","x":"370.05px","y":"130.55px","width":"225.9px","height":"74.55px","nomeInstancia":"transicao_13_1","classe":"transicao_13_1","nome":"elm07_02_13_0"},{"tipo":"img","x":"68.15px","y":"245.35px","width":"913.55px","height":"329.6px","nomeInstancia":"dragDrop13","classe":"dragDrop13","nome":"elm07_02_13_1"},{"tipo":"img","x":"120.55px","y":"225.2px","width":"724.9px","height":"43.1px","nomeInstancia":"MovieClips/textConvertido_13_0","classe":"textConvertido_13_0","nome":"elm07_02_13_2"}]}]}