{"licao":"eba04_02","topico":"02","telas":[{"desenhos":[{"tipo":"img","x":"496.05px","y":"358.6px","width":"438.25px","height":"63.65px","nomeInstancia":"MovieClips/textConvertido_1_0","classe":"textConvertido_1_0","nome":"eba04_02_1_0"},{"tipo":"img","x":"153.7px","y":"238.45px","width":"262px","height":"262px","nomeInstancia":"MovieClips/04T04","classe":"04T04","nome":"eba04_02_1_1"},{"tipo":"img","x":"495.75px","y":"256.6px","width":"250.55px","height":"72.85px","nomeInstancia":"MovieClips/título0342","classe":"título0342","nome":"eba04_02_1_2"}]},{"desenhos":[{"tipo":"img","x":"496.05px","y":"441.55px","width":"423px","height":"43.1px","nomeInstancia":"MovieClips/textConvertido_2_0","classe":"textConvertido_2_0","nome":"eba04_02_2_0"},{"tipo":"img","x":"496.05px","y":"358.6px","width":"438.25px","height":"63.65px","nomeInstancia":"MovieClips/textConvertido_1_0","classe":"textConvertido_1_0","nome":"eba04_02_1_0"},{"tipo":"img","x":"153.7px","y":"238.45px","width":"262px","height":"262px","nomeInstancia":"MovieClips/04T04","classe":"04T04","nome":"eba04_02_1_1"},{"tipo":"img","x":"495.75px","y":"256.6px","width":"250.55px","height":"72.85px","nomeInstancia":"MovieClips/título0342","classe":"título0342","nome":"eba04_02_1_2"}]},{"desenhos":[{"tipo":"img","x":"113px","y":"278.5px","width":"438.25px","height":"63.65px","nomeInstancia":"MovieClips/textConvertido_3_0","classe":"textConvertido_3_0","nome":"eba04_02_3_0"},{"tipo":"img","x":"638.05px","y":"251.7px","width":"226px","height":"226px","nomeInstancia":"MovieClips/04T05","classe":"04T05","nome":"eba04_02_3_1"}]},{"desenhos":[{"tipo":"img","x":"113px","y":"361.45px","width":"401.1px","height":"104.75px","nomeInstancia":"MovieClips/textConvertido_4_0","classe":"textConvertido_4_0","nome":"eba04_02_4_0"},{"tipo":"img","x":"113px","y":"278.5px","width":"438.25px","height":"63.65px","nomeInstancia":"MovieClips/textConvertido_3_0","classe":"textConvertido_3_0","nome":"eba04_02_3_0"},{"tipo":"img","x":"638.05px","y":"251.7px","width":"226px","height":"226px","nomeInstancia":"MovieClips/04T05","classe":"04T05","nome":"eba04_02_3_1"}]},{"desenhos":[{"tipo":"img","x":"255.55px","y":"161.8px","width":"504.9px","height":"335.45px","nomeInstancia":"MovieClips/destaque_5","classe":"destaque_5","nome":"eba04_02_5_0"},{"tipo":"img","x":"113px","y":"361.45px","width":"401.1px","height":"104.75px","nomeInstancia":"MovieClips/textConvertido_4_0","classe":"textConvertido_4_0","nome":"eba04_02_4_0"},{"tipo":"img","x":"113px","y":"278.5px","width":"438.25px","height":"63.65px","nomeInstancia":"MovieClips/textConvertido_3_0","classe":"textConvertido_3_0","nome":"eba04_02_3_0"},{"tipo":"img","x":"638.05px","y":"251.7px","width":"226px","height":"226px","nomeInstancia":"MovieClips/04T05","classe":"04T05","nome":"eba04_02_3_1"}]},{"desenhos":[{"tipo":"img","x":"492.45px","y":"297.6px","width":"451.4px","height":"63.65px","nomeInstancia":"MovieClips/textConvertido_6_0","classe":"textConvertido_6_0","nome":"eba04_02_6_0"},{"tipo":"img","x":"137.15px","y":"192.4px","width":"256.85px","height":"346.45px","nomeInstancia":"MovieClips/04T06","classe":"04T06","nome":"eba04_02_6_1"}]},{"desenhos":[{"tipo":"img","x":"492.45px","y":"384.4px","width":"430.45px","height":"63.65px","nomeInstancia":"MovieClips/textConvertido_7_0","classe":"textConvertido_7_0","nome":"eba04_02_7_0"},{"tipo":"img","x":"492.45px","y":"297.6px","width":"451.4px","height":"63.65px","nomeInstancia":"MovieClips/textConvertido_6_0","classe":"textConvertido_6_0","nome":"eba04_02_6_0"},{"tipo":"img","x":"137.15px","y":"192.4px","width":"256.85px","height":"346.45px","nomeInstancia":"MovieClips/04T06","classe":"04T06","nome":"eba04_02_6_1"}]},{"desenhos":[{"tipo":"img","x":"196.5px","y":"182.95px","width":"460.5px","height":"155.8px","nomeInstancia":"MovieClips/hotWord41570198174843","classe":"hotWord41570198174843","nome":"eba04_02_8_0"},{"tipo":"img","x":"199.25px","y":"264.55px","width":"427.4px","height":"149.2px","nomeInstancia":"MovieClips/fala0407a","classe":"fala0407a","nome":"eba04_02_8_1"},{"nome":"eba04_02_8_2","tipo":"personagem","x":"0px","y":"0px","width":"1016px","height":"659px","nomeInstancia":"MovieClips/animaP8","classe":"animaP8"}]},{"desenhos":[{"tipo":"img","x":"196.5px","y":"182.95px","width":"460.5px","height":"155.8px","nomeInstancia":"MovieClips/hotWord41570198174843","classe":"hotWord41570198174843","nome":"eba04_02_8_0"},{"tipo":"img","x":"148.85px","y":"408px","width":"437.9px","height":"111.25px","nomeInstancia":"MovieClips/fala0407b","classe":"fala0407b","nome":"eba04_02_9_1"},{"tipo":"img","x":"199.25px","y":"264.55px","width":"427.4px","height":"149.2px","nomeInstancia":"MovieClips/fala0407a","classe":"fala0407a","nome":"eba04_02_8_1"},{"nome":"eba04_02_8_2","tipo":"personagem","x":"0px","y":"0px","width":"1016px","height":"659px","nomeInstancia":"MovieClips/animaP8","classe":"animaP8"}]},{"desenhos":[{"tipo":"img","x":"616.65px","y":"284.25px","width":"306.5px","height":"84.2px","nomeInstancia":"MovieClips/textConvertido_10_0","classe":"textConvertido_10_0","nome":"eba04_02_10_0"},{"tipo":"img","x":"82.15px","y":"298.65px","width":"460.2px","height":"164.45px","nomeInstancia":"MovieClips/04T08","classe":"04T08","nome":"eba04_02_10_1"}]},{"desenhos":[{"tipo":"img","x":"616.65px","y":"386.55px","width":"317px","height":"22.55px","nomeInstancia":"MovieClips/textConvertido_11_0","classe":"textConvertido_11_0","nome":"eba04_02_11_0"},{"tipo":"img","x":"616.65px","y":"284.25px","width":"306.5px","height":"84.2px","nomeInstancia":"MovieClips/textConvertido_10_0","classe":"textConvertido_10_0","nome":"eba04_02_10_0"},{"tipo":"img","x":"82.15px","y":"298.65px","width":"460.2px","height":"164.45px","nomeInstancia":"MovieClips/04T08","classe":"04T08","nome":"eba04_02_10_1"}]},{"desenhos":[{"tipo":"img","x":"616.65px","y":"427.2px","width":"310.3px","height":"43.1px","nomeInstancia":"MovieClips/textConvertido_12_0","classe":"textConvertido_12_0","nome":"eba04_02_12_0"},{"tipo":"img","x":"616.65px","y":"386.55px","width":"317px","height":"22.55px","nomeInstancia":"MovieClips/textConvertido_11_0","classe":"textConvertido_11_0","nome":"eba04_02_11_0"},{"tipo":"img","x":"616.65px","y":"284.25px","width":"306.5px","height":"84.2px","nomeInstancia":"MovieClips/textConvertido_10_0","classe":"textConvertido_10_0","nome":"eba04_02_10_0"},{"tipo":"img","x":"82.15px","y":"298.65px","width":"460.2px","height":"164.45px","nomeInstancia":"MovieClips/04T08","classe":"04T08","nome":"eba04_02_10_1"}]},{"desenhos":[{"tipo":"img","x":"47.7px","y":"261.4px","width":"306.5px","height":"84.2px","nomeInstancia":"MovieClips/textConvertido_13_0","classe":"textConvertido_13_0","nome":"eba04_02_13_0"},{"tipo":"img","x":"395.35px","y":"273.45px","width":"585.65px","height":"180.6px","nomeInstancia":"MovieClips/04T09","classe":"04T09","nome":"eba04_02_13_1"}]},{"desenhos":[{"tipo":"img","x":"47.7px","y":"360.1px","width":"317px","height":"43.1px","nomeInstancia":"MovieClips/textConvertido_14_0","classe":"textConvertido_14_0","nome":"eba04_02_14_0"},{"tipo":"img","x":"47.7px","y":"261.4px","width":"306.5px","height":"84.2px","nomeInstancia":"MovieClips/textConvertido_13_0","classe":"textConvertido_13_0","nome":"eba04_02_13_0"},{"tipo":"img","x":"395.35px","y":"273.45px","width":"585.65px","height":"180.6px","nomeInstancia":"MovieClips/04T09","classe":"04T09","nome":"eba04_02_13_1"}]},{"desenhos":[{"tipo":"img","x":"47.7px","y":"417.7px","width":"310.3px","height":"63.65px","nomeInstancia":"MovieClips/textConvertido_15_0","classe":"textConvertido_15_0","nome":"eba04_02_15_0"},{"tipo":"img","x":"47.7px","y":"360.1px","width":"317px","height":"43.1px","nomeInstancia":"MovieClips/textConvertido_14_0","classe":"textConvertido_14_0","nome":"eba04_02_14_0"},{"tipo":"img","x":"47.7px","y":"261.4px","width":"306.5px","height":"84.2px","nomeInstancia":"MovieClips/textConvertido_13_0","classe":"textConvertido_13_0","nome":"eba04_02_13_0"},{"tipo":"img","x":"395.35px","y":"273.45px","width":"585.65px","height":"180.6px","nomeInstancia":"MovieClips/04T09","classe":"04T09","nome":"eba04_02_13_1"}]},{"desenhos":[{"tipo":"img","x":"96.75px","y":"269.6px","width":"567.85px","height":"299.55px","nomeInstancia":"vouf_16","classe":"vouf_16","nome":"eba04_02_16_0"},{"tipo":"img","x":"89.4px","y":"287.85px","width":"898.3px","height":"170.95px","nomeInstancia":"MovieClips/textConvertido_16_1","classe":"textConvertido_16_1","nome":"eba04_02_16_1"},{"tipo":"img","x":"392.75px","y":"156.5px","width":"230.5px","height":"78.4px","nomeInstancia":"MovieClips/exerciatndo copy","classe":"exerciatndo copy","nome":"eba04_02_16_2"}]},{"desenhos":[{"tipo":"img","x":"57.65px","y":"301.85px","width":"662.75px","height":"299.5px","nomeInstancia":"MovieClips/hotWord41570198491289","classe":"hotWord41570198491289","nome":"eba04_02_17_0"},{"tipo":"img","x":"536.85px","y":"261.4px","width":"398.45px","height":"84.2px","nomeInstancia":"MovieClips/textConvertido_17_1","classe":"textConvertido_17_1","nome":"eba04_02_17_1"},{"tipo":"img","x":"382.5px","y":"165.85px","width":"250.55px","height":"72.85px","nomeInstancia":"MovieClips/título0411","classe":"título0411","nome":"eba04_02_17_2"},{"tipo":"img","x":"83.5px","y":"282.95px","width":"392.85px","height":"205.45px","nomeInstancia":"MovieClips/04T11","classe":"04T11","nome":"eba04_02_17_3"}]},{"desenhos":[{"tipo":"img","x":"57.65px","y":"301.85px","width":"662.75px","height":"299.5px","nomeInstancia":"MovieClips/hotWord41570198491289","classe":"hotWord41570198491289","nome":"eba04_02_17_0"},{"tipo":"img","x":"536.85px","y":"362.2px","width":"386.05px","height":"63.65px","nomeInstancia":"MovieClips/textConvertido_18_1","classe":"textConvertido_18_1","nome":"eba04_02_18_1"},{"tipo":"img","x":"536.85px","y":"261.4px","width":"398.45px","height":"84.2px","nomeInstancia":"MovieClips/textConvertido_17_1","classe":"textConvertido_17_1","nome":"eba04_02_17_1"},{"tipo":"img","x":"382.5px","y":"165.85px","width":"250.55px","height":"72.85px","nomeInstancia":"MovieClips/título0411","classe":"título0411","nome":"eba04_02_17_2"},{"tipo":"img","x":"83.5px","y":"282.95px","width":"392.85px","height":"205.45px","nomeInstancia":"MovieClips/04T11","classe":"04T11","nome":"eba04_02_17_3"}]},{"desenhos":[{"tipo":"img","x":"57.65px","y":"301.85px","width":"662.75px","height":"299.5px","nomeInstancia":"MovieClips/hotWord41570198491289","classe":"hotWord41570198491289","nome":"eba04_02_17_0"},{"tipo":"img","x":"536.85px","y":"442.45px","width":"384.15px","height":"63.65px","nomeInstancia":"MovieClips/textConvertido_19_1","classe":"textConvertido_19_1","nome":"eba04_02_19_1"},{"tipo":"img","x":"536.85px","y":"362.2px","width":"386.05px","height":"63.65px","nomeInstancia":"MovieClips/textConvertido_18_1","classe":"textConvertido_18_1","nome":"eba04_02_18_1"},{"tipo":"img","x":"536.85px","y":"261.4px","width":"398.45px","height":"84.2px","nomeInstancia":"MovieClips/textConvertido_17_1","classe":"textConvertido_17_1","nome":"eba04_02_17_1"},{"tipo":"img","x":"382.5px","y":"165.85px","width":"250.55px","height":"72.85px","nomeInstancia":"MovieClips/título0411","classe":"título0411","nome":"eba04_02_17_2"},{"tipo":"img","x":"83.5px","y":"282.95px","width":"392.85px","height":"205.45px","nomeInstancia":"MovieClips/04T11","classe":"04T11","nome":"eba04_02_17_3"}]},{"desenhos":[{"tipo":"img","x":"195.15px","y":"244.4px","width":"454px","height":"93.8px","nomeInstancia":"MovieClips/fala0412a","classe":"fala0412a","nome":"eba04_02_20_0"},{"nome":"eba04_02_20_1","tipo":"personagem","x":"0px","y":"0px","width":"1016px","height":"659px","nomeInstancia":"MovieClips/animaP20","classe":"animaP20"}]},{"desenhos":[{"tipo":"img","x":"134.4px","y":"332.55px","width":"441.65px","height":"145.95px","nomeInstancia":"MovieClips/fala0412b","classe":"fala0412b","nome":"eba04_02_21_0"},{"tipo":"img","x":"195.15px","y":"244.4px","width":"454px","height":"93.8px","nomeInstancia":"MovieClips/fala0412a","classe":"fala0412a","nome":"eba04_02_20_0"},{"nome":"eba04_02_20_1","tipo":"personagem","x":"0px","y":"0px","width":"1016px","height":"659px","nomeInstancia":"MovieClips/animaP20","classe":"animaP20"}]},{"desenhos":[{"tipo":"img","x":"594.45px","y":"197.9px","width":"295.7px","height":"127.3px","nomeInstancia":"MovieClips/hotWord41570198565640","classe":"hotWord41570198565640","nome":"eba04_02_22_0"},{"tipo":"img","x":"542.55px","y":"282.1px","width":"363.15px","height":"43.1px","nomeInstancia":"MovieClips/textConvertido_22_1","classe":"textConvertido_22_1","nome":"eba04_02_22_1"},{"tipo":"img","x":"87.25px","y":"263.9px","width":"392.85px","height":"205.45px","nomeInstancia":"MovieClips/04T11","classe":"04T11","nome":"eba04_02_17_3"}]},{"desenhos":[{"tipo":"img","x":"594.45px","y":"197.9px","width":"295.7px","height":"127.3px","nomeInstancia":"MovieClips/hotWord41570198565640","classe":"hotWord41570198565640","nome":"eba04_02_22_0"},{"tipo":"img","x":"542.55px","y":"348.8px","width":"374.6px","height":"104.75px","nomeInstancia":"MovieClips/textConvertido_23_1","classe":"textConvertido_23_1","nome":"eba04_02_23_1"},{"tipo":"img","x":"542.55px","y":"282.1px","width":"363.15px","height":"43.1px","nomeInstancia":"MovieClips/textConvertido_22_1","classe":"textConvertido_22_1","nome":"eba04_02_22_1"},{"tipo":"img","x":"87.25px","y":"263.9px","width":"392.85px","height":"205.45px","nomeInstancia":"MovieClips/04T11","classe":"04T11","nome":"eba04_02_17_3"}]},{"desenhos":[{"tipo":"img","x":"88.45px","y":"279.2px","width":"418.75px","height":"104.75px","nomeInstancia":"MovieClips/textConvertido_24_0","classe":"textConvertido_24_0","nome":"eba04_02_24_0"},{"tipo":"img","x":"573.95px","y":"264.05px","width":"311.95px","height":"206.55px","nomeInstancia":"MovieClips/04T14","classe":"04T14","nome":"eba04_02_24_1"}]},{"desenhos":[{"tipo":"img","x":"88.45px","y":"406.95px","width":"423.55px","height":"63.65px","nomeInstancia":"MovieClips/textConvertido_25_0","classe":"textConvertido_25_0","nome":"eba04_02_25_0"},{"tipo":"img","x":"88.45px","y":"279.2px","width":"418.75px","height":"104.75px","nomeInstancia":"MovieClips/textConvertido_24_0","classe":"textConvertido_24_0","nome":"eba04_02_24_0"},{"tipo":"img","x":"573.95px","y":"264.05px","width":"311.95px","height":"206.55px","nomeInstancia":"MovieClips/04T14","classe":"04T14","nome":"eba04_02_24_1"}]},{"desenhos":[{"tipo":"img","x":"525.2px","y":"304.95px","width":"370.1px","height":"84.2px","nomeInstancia":"MovieClips/textConvertido_26_0","classe":"textConvertido_26_0","nome":"eba04_02_26_0"},{"tipo":"img","x":"119.95px","y":"264.05px","width":"311.95px","height":"206.55px","nomeInstancia":"MovieClips/Symbol 8","classe":"Symbol 8","nome":"eba04_02_26_1"}]},{"desenhos":[{"tipo":"img","x":"119.95px","y":"191.1px","width":"612.15px","height":"279.5px","nomeInstancia":"MovieClips/telaInfo271570198666370","classe":"telaInfo271570198666370","nome":"eba04_02_27_0"},{"tipo":"img","x":"525.2px","y":"413.65px","width":"354.85px","height":"43.1px","nomeInstancia":"MovieClips/textConvertido_27_1","classe":"textConvertido_27_1","nome":"eba04_02_27_1"},{"tipo":"img","x":"525.2px","y":"304.95px","width":"370.1px","height":"84.2px","nomeInstancia":"MovieClips/textConvertido_26_0","classe":"textConvertido_26_0","nome":"eba04_02_26_0"}]},{"desenhos":[{"tipo":"img","x":"71.65px","y":"263.5px","width":"357.05px","height":"63.65px","nomeInstancia":"MovieClips/textConvertido_28_0","classe":"textConvertido_28_0","nome":"eba04_02_28_0"},{"tipo":"img","x":"481.3px","y":"274.95px","width":"461px","height":"210px","nomeInstancia":"MovieClips/04T16","classe":"04T16","nome":"eba04_02_28_1"}]},{"desenhos":[{"tipo":"img","x":"71.65px","y":"339.85px","width":"354.85px","height":"104.75px","nomeInstancia":"MovieClips/textConvertido_29_0","classe":"textConvertido_29_0","nome":"eba04_02_29_0"},{"tipo":"img","x":"71.65px","y":"263.5px","width":"357.05px","height":"63.65px","nomeInstancia":"MovieClips/textConvertido_28_0","classe":"textConvertido_28_0","nome":"eba04_02_28_0"},{"tipo":"img","x":"481.3px","y":"274.95px","width":"461px","height":"210px","nomeInstancia":"MovieClips/04T16","classe":"04T16","nome":"eba04_02_28_1"}]},{"desenhos":[{"tipo":"img","x":"71.65px","y":"457.3px","width":"358.95px","height":"43.1px","nomeInstancia":"MovieClips/textConvertido_30_0","classe":"textConvertido_30_0","nome":"eba04_02_30_0"},{"tipo":"img","x":"71.65px","y":"339.85px","width":"354.85px","height":"104.75px","nomeInstancia":"MovieClips/textConvertido_29_0","classe":"textConvertido_29_0","nome":"eba04_02_29_0"},{"tipo":"img","x":"71.65px","y":"263.5px","width":"357.05px","height":"63.65px","nomeInstancia":"MovieClips/textConvertido_28_0","classe":"textConvertido_28_0","nome":"eba04_02_28_0"},{"tipo":"img","x":"481.3px","y":"274.95px","width":"461px","height":"210px","nomeInstancia":"MovieClips/04T16","classe":"04T16","nome":"eba04_02_28_1"}]},{"desenhos":[{"tipo":"img","x":"381.15px","y":"193.95px","width":"448.45px","height":"115px","nomeInstancia":"MovieClips/fala0417A","classe":"fala0417A","nome":"eba04_02_31_0"},{"nome":"eba04_02_31_1","tipo":"personagem","x":"0px","y":"0px","width":"1016px","height":"659px","nomeInstancia":"MovieClips/animaP31","classe":"animaP31"}]},{"desenhos":[{"tipo":"img","x":"428.05px","y":"302.1px","width":"420.05px","height":"122.6px","nomeInstancia":"MovieClips/fala0417b","classe":"fala0417b","nome":"eba04_02_32_0"},{"tipo":"img","x":"381.15px","y":"193.95px","width":"448.45px","height":"115px","nomeInstancia":"MovieClips/fala0417A","classe":"fala0417A","nome":"eba04_02_31_0"},{"nome":"eba04_02_31_1","tipo":"personagem","x":"0px","y":"0px","width":"1016px","height":"659px","nomeInstancia":"MovieClips/animaP31","classe":"animaP31"}]},{"desenhos":[{"tipo":"img","x":"145.35px","y":"204.45px","width":"495.25px","height":"135.35px","nomeInstancia":"MovieClips/fala0418a","classe":"fala0418a","nome":"eba04_02_33_0"},{"nome":"eba04_02_33_1","tipo":"personagem","x":"0px","y":"0px","width":"1016px","height":"659px","nomeInstancia":"MovieClips/animaP33","classe":"animaP33"}]},{"desenhos":[{"tipo":"img","x":"152.2px","y":"333.6px","width":"440.85px","height":"122.6px","nomeInstancia":"MovieClips/fala0418b","classe":"fala0418b","nome":"eba04_02_34_0"},{"tipo":"img","x":"145.35px","y":"204.45px","width":"495.25px","height":"135.35px","nomeInstancia":"MovieClips/fala0418a","classe":"fala0418a","nome":"eba04_02_33_0"},{"nome":"eba04_02_33_1","tipo":"personagem","x":"0px","y":"0px","width":"1016px","height":"659px","nomeInstancia":"MovieClips/animaP33","classe":"animaP33"}]},{"desenhos":[{"tipo":"img","x":"419.15px","y":"220.55px","width":"296.9px","height":"72.85px","nomeInstancia":"MovieClips/Symbol 11","classe":"Symbol 11","nome":"eba04_02_35_0"},{"nome":"eba04_02_35_1","tipo":"personagem","x":"0px","y":"0px","width":"1016px","height":"659px","nomeInstancia":"MovieClips/animaP35","classe":"animaP35"},{"tipo":"img","x":"405.4px","y":"132.55px","width":"204.6px","height":"72.85px","nomeInstancia":"MovieClips/título0419 copy","classe":"título0419 copy","nome":"eba04_02_35_2"}]},{"desenhos":[{"tipo":"img","x":"468.55px","y":"287.5px","width":"355.45px","height":"118.35px","nomeInstancia":"MovieClips/fala0419b","classe":"fala0419b","nome":"eba04_02_36_0"},{"tipo":"img","x":"419.15px","y":"220.55px","width":"296.9px","height":"72.85px","nomeInstancia":"MovieClips/Symbol 11","classe":"Symbol 11","nome":"eba04_02_35_0"},{"nome":"eba04_02_35_1","tipo":"personagem","x":"0px","y":"0px","width":"1016px","height":"659px","nomeInstancia":"MovieClips/animaP35","classe":"animaP35"},{"tipo":"img","x":"405.4px","y":"132.55px","width":"204.6px","height":"72.85px","nomeInstancia":"MovieClips/título0419 copy","classe":"título0419 copy","nome":"eba04_02_35_2"}]},{"desenhos":[{"tipo":"img","x":"58.3px","y":"287.45px","width":"292.45px","height":"63.65px","nomeInstancia":"MovieClips/textConvertido_37_0","classe":"textConvertido_37_0","nome":"eba04_02_37_0"},{"tipo":"img","x":"386.6px","y":"287.45px","width":"586.45px","height":"189.1px","nomeInstancia":"MovieClips/04T20","classe":"04T20","nome":"eba04_02_37_1"}]},{"desenhos":[{"tipo":"img","x":"58.3px","y":"363.8px","width":"292.45px","height":"43.1px","nomeInstancia":"MovieClips/textConvertido_38_0","classe":"textConvertido_38_0","nome":"eba04_02_38_0"},{"tipo":"img","x":"58.3px","y":"287.45px","width":"292.45px","height":"63.65px","nomeInstancia":"MovieClips/textConvertido_37_0","classe":"textConvertido_37_0","nome":"eba04_02_37_0"},{"tipo":"img","x":"386.6px","y":"287.45px","width":"586.45px","height":"189.1px","nomeInstancia":"MovieClips/04T20","classe":"04T20","nome":"eba04_02_37_1"}]},{"desenhos":[{"tipo":"img","x":"58.3px","y":"424.15px","width":"292.45px","height":"63.65px","nomeInstancia":"MovieClips/textConvertido_39_0","classe":"textConvertido_39_0","nome":"eba04_02_39_0"},{"tipo":"img","x":"58.3px","y":"363.8px","width":"292.45px","height":"43.1px","nomeInstancia":"MovieClips/textConvertido_38_0","classe":"textConvertido_38_0","nome":"eba04_02_38_0"},{"tipo":"img","x":"58.3px","y":"287.45px","width":"292.45px","height":"63.65px","nomeInstancia":"MovieClips/textConvertido_37_0","classe":"textConvertido_37_0","nome":"eba04_02_37_0"},{"tipo":"img","x":"386.6px","y":"287.45px","width":"586.45px","height":"189.1px","nomeInstancia":"MovieClips/04T20","classe":"04T20","nome":"eba04_02_37_1"}]},{"desenhos":[{"tipo":"img","x":"572.85px","y":"317.15px","width":"381.5px","height":"84.2px","nomeInstancia":"MovieClips/textConvertido_40_0","classe":"textConvertido_40_0","nome":"eba04_02_40_0"},{"tipo":"img","x":"63.35px","y":"263.2px","width":"460.65px","height":"206.3px","nomeInstancia":"MovieClips/04T21","classe":"04T21","nome":"eba04_02_40_1"}]},{"desenhos":[{"tipo":"img","x":"46.6px","y":"191.1px","width":"685.5px","height":"392.75px","nomeInstancia":"MovieClips/telaInfo411570198739686","classe":"telaInfo411570198739686","nome":"eba04_02_41_0"},{"tipo":"img","x":"572.85px","y":"425.1px","width":"398.75px","height":"22.55px","nomeInstancia":"MovieClips/textConvertido_41_1","classe":"textConvertido_41_1","nome":"eba04_02_41_1"},{"tipo":"img","x":"572.85px","y":"317.15px","width":"381.5px","height":"84.2px","nomeInstancia":"MovieClips/textConvertido_40_0","classe":"textConvertido_40_0","nome":"eba04_02_40_0"},{"tipo":"img","x":"63.35px","y":"263.2px","width":"460.65px","height":"206.3px","nomeInstancia":"MovieClips/04T21","classe":"04T21","nome":"eba04_02_40_1"}]},{"desenhos":[{"tipo":"img","x":"64.15px","y":"290.35px","width":"381.5px","height":"43.1px","nomeInstancia":"MovieClips/textConvertido_42_0","classe":"textConvertido_42_0","nome":"eba04_02_42_0"},{"tipo":"img","x":"487.85px","y":"328.75px","width":"471.25px","height":"121.05px","nomeInstancia":"MovieClips/04T22","classe":"04T22","nome":"eba04_02_42_1"}]},{"desenhos":[{"tipo":"img","x":"64.15px","y":"356.05px","width":"398.75px","height":"63.65px","nomeInstancia":"MovieClips/textConvertido_43_0","classe":"textConvertido_43_0","nome":"eba04_02_43_0"},{"tipo":"img","x":"64.15px","y":"290.35px","width":"381.5px","height":"43.1px","nomeInstancia":"MovieClips/textConvertido_42_0","classe":"textConvertido_42_0","nome":"eba04_02_42_0"},{"tipo":"img","x":"487.85px","y":"328.75px","width":"471.25px","height":"121.05px","nomeInstancia":"MovieClips/04T22","classe":"04T22","nome":"eba04_02_42_1"}]},{"desenhos":[{"tipo":"img","x":"64.15px","y":"442.3px","width":"386.2px","height":"43.1px","nomeInstancia":"MovieClips/textConvertido_44_0","classe":"textConvertido_44_0","nome":"eba04_02_44_0"},{"tipo":"img","x":"64.15px","y":"356.05px","width":"398.75px","height":"63.65px","nomeInstancia":"MovieClips/textConvertido_43_0","classe":"textConvertido_43_0","nome":"eba04_02_43_0"},{"tipo":"img","x":"64.15px","y":"290.35px","width":"381.5px","height":"43.1px","nomeInstancia":"MovieClips/textConvertido_42_0","classe":"textConvertido_42_0","nome":"eba04_02_42_0"},{"tipo":"img","x":"487.85px","y":"328.75px","width":"471.25px","height":"121.05px","nomeInstancia":"MovieClips/04T22","classe":"04T22","nome":"eba04_02_42_1"}]},{"desenhos":[{"tipo":"img","x":"582.25px","y":"280.75px","width":"365.1px","height":"84.2px","nomeInstancia":"MovieClips/textConvertido_45_0","classe":"textConvertido_45_0","nome":"eba04_02_45_0"},{"tipo":"img","x":"47.75px","y":"315.7px","width":"479.9px","height":"154.9px","nomeInstancia":"MovieClips/04T23","classe":"04T23","nome":"eba04_02_45_1"}]},{"desenhos":[{"tipo":"img","x":"582.25px","y":"378.25px","width":"398.75px","height":"84.2px","nomeInstancia":"MovieClips/textConvertido_46_0","classe":"textConvertido_46_0","nome":"eba04_02_46_0"},{"tipo":"img","x":"582.25px","y":"280.75px","width":"365.1px","height":"84.2px","nomeInstancia":"MovieClips/textConvertido_45_0","classe":"textConvertido_45_0","nome":"eba04_02_45_0"},{"tipo":"img","x":"47.75px","y":"315.7px","width":"479.9px","height":"154.9px","nomeInstancia":"MovieClips/04T23","classe":"04T23","nome":"eba04_02_45_1"}]},{"desenhos":[{"tipo":"img","x":"582.25px","y":"475.75px","width":"386.2px","height":"22.55px","nomeInstancia":"MovieClips/textConvertido_47_0","classe":"textConvertido_47_0","nome":"eba04_02_47_0"},{"tipo":"img","x":"582.25px","y":"378.25px","width":"398.75px","height":"84.2px","nomeInstancia":"MovieClips/textConvertido_46_0","classe":"textConvertido_46_0","nome":"eba04_02_46_0"},{"tipo":"img","x":"582.25px","y":"280.75px","width":"365.1px","height":"84.2px","nomeInstancia":"MovieClips/textConvertido_45_0","classe":"textConvertido_45_0","nome":"eba04_02_45_0"},{"tipo":"img","x":"47.75px","y":"315.7px","width":"479.9px","height":"154.9px","nomeInstancia":"MovieClips/04T23","classe":"04T23","nome":"eba04_02_45_1"}]},{"desenhos":[{"tipo":"img","x":"259.35px","y":"276.15px","width":"322.65px","height":"67.6px","nomeInstancia":"MovieClips/fala0424a","classe":"fala0424a","nome":"eba04_02_48_0"},{"nome":"eba04_02_48_1","tipo":"personagem","x":"0px","y":"0px","width":"1016px","height":"659px","nomeInstancia":"MovieClips/animaP48","classe":"animaP48"},{"tipo":"img","x":"405.4px","y":"132.55px","width":"204.6px","height":"72.85px","nomeInstancia":"MovieClips/título0424","classe":"título0424","nome":"eba04_02_48_2"}]},{"desenhos":[{"tipo":"img","x":"176px","y":"338.3px","width":"355.75px","height":"80.2px","nomeInstancia":"MovieClips/fala0424b","classe":"fala0424b","nome":"eba04_02_49_0"},{"tipo":"img","x":"259.35px","y":"276.15px","width":"322.65px","height":"67.6px","nomeInstancia":"MovieClips/fala0424a","classe":"fala0424a","nome":"eba04_02_48_0"},{"nome":"eba04_02_48_1","tipo":"personagem","x":"0px","y":"0px","width":"1016px","height":"659px","nomeInstancia":"MovieClips/animaP48","classe":"animaP48"},{"tipo":"img","x":"405.4px","y":"132.55px","width":"204.6px","height":"72.85px","nomeInstancia":"MovieClips/título0424","classe":"título0424","nome":"eba04_02_48_2"}]},{"desenhos":[{"tipo":"img","x":"268px","y":"412.75px","width":"249.45px","height":"80.2px","nomeInstancia":"MovieClips/fala0424c","classe":"fala0424c","nome":"eba04_02_50_0"},{"tipo":"img","x":"176px","y":"338.3px","width":"355.75px","height":"80.2px","nomeInstancia":"MovieClips/fala0424b","classe":"fala0424b","nome":"eba04_02_49_0"},{"tipo":"img","x":"259.35px","y":"276.15px","width":"322.65px","height":"67.6px","nomeInstancia":"MovieClips/fala0424a","classe":"fala0424a","nome":"eba04_02_48_0"},{"nome":"eba04_02_48_1","tipo":"personagem","x":"0px","y":"0px","width":"1016px","height":"659px","nomeInstancia":"MovieClips/animaP48","classe":"animaP48"},{"tipo":"img","x":"405.4px","y":"132.55px","width":"204.6px","height":"72.85px","nomeInstancia":"MovieClips/título0424","classe":"título0424","nome":"eba04_02_48_2"}]},{"passo":"fim","desenhos":[{"tipo":"img","x":"559.2px","y":"241.4px","width":"379.75px","height":"166.4px","nomeInstancia":"MovieClips/textConvertido_51_0","classe":"textConvertido_51_0","nome":"eba04_02_51_0"},{"tipo":"img","x":"85.25px","y":"265.1px","width":"418.65px","height":"217.05px","nomeInstancia":"MovieClips/04T25","classe":"04T25","nome":"eba04_02_51_1"}]},{"desenhos":[{"tipo":"img","x":"219.55px","y":"148.35px","width":"440.65px","height":"346.9px","nomeInstancia":"hotWord_52_a","classe":"hotWord_52_a","nome":"eba04_02_52_0"},{"tipo":"img","x":"22.1px","y":"345.6px","width":"757.05px","height":"171.45px","nomeInstancia":"MovieClips/hotWord41570198861633","classe":"hotWord41570198861633","nome":"eba04_02_52_1"},{"tipo":"img","x":"61.35px","y":"191.1px","width":"670.75px","height":"391.1px","nomeInstancia":"MovieClips/telaInfo521570198891919","classe":"telaInfo521570198891919","nome":"eba04_02_52_2"},{"tipo":"img","x":"559.2px","y":"432.05px","width":"379.75px","height":"84.2px","nomeInstancia":"MovieClips/textConvertido_52_3","classe":"textConvertido_52_3","nome":"eba04_02_52_3"},{"tipo":"img","x":"559.2px","y":"241.4px","width":"379.75px","height":"166.4px","nomeInstancia":"MovieClips/textConvertido_51_0","classe":"textConvertido_51_0","nome":"eba04_02_51_0"},{"tipo":"img","x":"85.25px","y":"265.1px","width":"418.65px","height":"217.05px","nomeInstancia":"MovieClips/04T25","classe":"04T25","nome":"eba04_02_51_1"}]},{"desenhos":[{"tipo":"img","x":"152.25px","y":"242.7px","width":"711.5px","height":"356px","nomeInstancia":"MovieClips/dragDrop_53","classe":"dragDrop_53","nome":"eba04_02_53_0"},{"tipo":"img","x":"392.75px","y":"156.5px","width":"230.5px","height":"78.4px","nomeInstancia":"MovieClips/exerciatndo","classe":"exerciatndo","nome":"eba04_02_53_1"}]}]}