{"licao":"eba04_03","topico":"03","telas":[{"desenhos":[{"tipo":"img","x":"203.1px","y":"253.15px","width":"434.35px","height":"72.55px","nomeInstancia":"MovieClips/fala0427a","classe":"fala0427a","nome":"eba04_03_1_0"},{"nome":"eba04_03_1_1","tipo":"personagem","x":"0px","y":"0px","width":"1016px","height":"659px","nomeInstancia":"animaP1","classe":"animaP1"}]},{"desenhos":[{"tipo":"img","x":"177.35px","y":"320.3px","width":"373.7px","height":"122.55px","nomeInstancia":"MovieClips/fala0427b","classe":"fala0427b","nome":"eba04_03_2_0"},{"tipo":"img","x":"203.1px","y":"253.15px","width":"434.35px","height":"72.55px","nomeInstancia":"MovieClips/fala0427a","classe":"fala0427a","nome":"eba04_03_1_0"},{"nome":"eba04_03_1_1","tipo":"personagem","x":"0px","y":"0px","width":"1016px","height":"659px","nomeInstancia":"animaP1","classe":"animaP1"}]},{"desenhos":[{"tipo":"img","x":"36.75px","y":"310.65px","width":"501.5px","height":"140.7px","nomeInstancia":"Symbol 9","classe":"Symbol 9","nome":"eba04_03_3_0"},{"tipo":"img","x":"585.7px","y":"287.25px","width":"380.05px","height":"43.1px","nomeInstancia":"textConvertido_3_1","classe":"textConvertido_3_1","nome":"eba04_03_3_1"},{"tipo":"img","x":"36.75px","y":"310.65px","width":"501.5px","height":"140.7px","nomeInstancia":"MovieClips/04T28","classe":"04T28","nome":"eba04_03_3_2"}]},{"desenhos":[{"tipo":"img","x":"585.7px","y":"344.5px","width":"366.7px","height":"63.65px","nomeInstancia":"textConvertido_4_0","classe":"textConvertido_4_0","nome":"eba04_03_4_0"},{"tipo":"img","x":"36.75px","y":"310.65px","width":"501.5px","height":"140.7px","nomeInstancia":"Symbol 9","classe":"Symbol 9","nome":"eba04_03_3_0"},{"tipo":"img","x":"585.7px","y":"287.25px","width":"380.05px","height":"43.1px","nomeInstancia":"textConvertido_3_1","classe":"textConvertido_3_1","nome":"eba04_03_3_1"},{"tipo":"img","x":"36.75px","y":"310.65px","width":"501.5px","height":"140.7px","nomeInstancia":"MovieClips/04T28","classe":"04T28","nome":"eba04_03_3_2"}]},{"desenhos":[{"tipo":"img","x":"585.7px","y":"422.3px","width":"379.75px","height":"43.1px","nomeInstancia":"textConvertido_5_0","classe":"textConvertido_5_0","nome":"eba04_03_5_0"},{"tipo":"img","x":"585.7px","y":"344.5px","width":"366.7px","height":"63.65px","nomeInstancia":"textConvertido_4_0","classe":"textConvertido_4_0","nome":"eba04_03_4_0"},{"tipo":"img","x":"36.75px","y":"310.65px","width":"501.5px","height":"140.7px","nomeInstancia":"Symbol 9","classe":"Symbol 9","nome":"eba04_03_3_0"},{"tipo":"img","x":"585.7px","y":"287.25px","width":"380.05px","height":"43.1px","nomeInstancia":"textConvertido_3_1","classe":"textConvertido_3_1","nome":"eba04_03_3_1"},{"tipo":"img","x":"36.75px","y":"310.65px","width":"501.5px","height":"140.7px","nomeInstancia":"MovieClips/04T28","classe":"04T28","nome":"eba04_03_3_2"}]},{"desenhos":[{"tipo":"img","x":"86.55px","y":"265.8px","width":"300.85px","height":"63.65px","nomeInstancia":"textConvertido_6_0","classe":"textConvertido_6_0","nome":"eba04_03_6_0"},{"tipo":"img","x":"445.6px","y":"310.65px","width":"501.5px","height":"140.7px","nomeInstancia":"Symbol 1","classe":"Symbol 1","nome":"eba04_03_6_1"}]},{"desenhos":[{"tipo":"img","x":"86.55px","y":"348.2px","width":"281.8px","height":"63.65px","nomeInstancia":"textConvertido_7_0","classe":"textConvertido_7_0","nome":"eba04_03_7_0"},{"tipo":"img","x":"86.55px","y":"265.8px","width":"300.85px","height":"63.65px","nomeInstancia":"textConvertido_6_0","classe":"textConvertido_6_0","nome":"eba04_03_6_0"},{"tipo":"img","x":"445.6px","y":"310.65px","width":"501.5px","height":"140.7px","nomeInstancia":"Symbol 1","classe":"Symbol 1","nome":"eba04_03_6_1"}]},{"desenhos":[{"tipo":"img","x":"86.55px","y":"430.6px","width":"293.7px","height":"63.65px","nomeInstancia":"textConvertido_8_0","classe":"textConvertido_8_0","nome":"eba04_03_8_0"},{"tipo":"img","x":"86.55px","y":"348.2px","width":"281.8px","height":"63.65px","nomeInstancia":"textConvertido_7_0","classe":"textConvertido_7_0","nome":"eba04_03_7_0"},{"tipo":"img","x":"86.55px","y":"265.8px","width":"300.85px","height":"63.65px","nomeInstancia":"textConvertido_6_0","classe":"textConvertido_6_0","nome":"eba04_03_6_0"},{"tipo":"img","x":"445.6px","y":"310.65px","width":"501.5px","height":"140.7px","nomeInstancia":"Symbol 1","classe":"Symbol 1","nome":"eba04_03_6_1"}]},{"desenhos":[{"tipo":"img","x":"551.1px","y":"302.15px","width":"389.55px","height":"63.65px","nomeInstancia":"textConvertido_9_0","classe":"textConvertido_9_0","nome":"eba04_03_9_0"},{"tipo":"img","x":"54px","y":"353.5px","width":"402.95px","height":"128.55px","nomeInstancia":"MovieClips/04T30","classe":"04T30","nome":"eba04_03_9_1"},{"tipo":"img","x":"551.1px","y":"206.9px","width":"159.9px","height":"56.3px","nomeInstancia":"MovieClips/título0430","classe":"título0430","nome":"eba04_03_9_2"}]},{"desenhos":[{"tipo":"img","x":"551.1px","y":"385.9px","width":"372.35px","height":"63.65px","nomeInstancia":"textConvertido_10_0","classe":"textConvertido_10_0","nome":"eba04_03_10_0"},{"tipo":"img","x":"551.1px","y":"302.15px","width":"389.55px","height":"63.65px","nomeInstancia":"textConvertido_9_0","classe":"textConvertido_9_0","nome":"eba04_03_9_0"},{"tipo":"img","x":"54px","y":"353.5px","width":"402.95px","height":"128.55px","nomeInstancia":"MovieClips/04T30","classe":"04T30","nome":"eba04_03_9_1"},{"tipo":"img","x":"551.1px","y":"206.9px","width":"159.9px","height":"56.3px","nomeInstancia":"MovieClips/título0430","classe":"título0430","nome":"eba04_03_9_2"}]},{"desenhos":[{"tipo":"img","x":"551.1px","y":"469.65px","width":"375.15px","height":"63.65px","nomeInstancia":"textConvertido_11_0","classe":"textConvertido_11_0","nome":"eba04_03_11_0"},{"tipo":"img","x":"551.1px","y":"385.9px","width":"372.35px","height":"63.65px","nomeInstancia":"textConvertido_10_0","classe":"textConvertido_10_0","nome":"eba04_03_10_0"},{"tipo":"img","x":"551.1px","y":"302.15px","width":"389.55px","height":"63.65px","nomeInstancia":"textConvertido_9_0","classe":"textConvertido_9_0","nome":"eba04_03_9_0"},{"tipo":"img","x":"54px","y":"353.5px","width":"402.95px","height":"128.55px","nomeInstancia":"MovieClips/04T30","classe":"04T30","nome":"eba04_03_9_1"},{"tipo":"img","x":"551.1px","y":"206.9px","width":"159.9px","height":"56.3px","nomeInstancia":"MovieClips/título0430","classe":"título0430","nome":"eba04_03_9_2"}]},{"desenhos":[{"tipo":"img","x":"73.05px","y":"277.25px","width":"389.55px","height":"43.1px","nomeInstancia":"textConvertido_12_0","classe":"textConvertido_12_0","nome":"eba04_03_12_0"},{"tipo":"img","x":"504.15px","y":"312.35px","width":"402.95px","height":"128.55px","nomeInstancia":"Symbol 2","classe":"Symbol 2","nome":"eba04_03_12_1"}]},{"desenhos":[{"tipo":"img","x":"73.05px","y":"334.95px","width":"372.35px","height":"63.65px","nomeInstancia":"textConvertido_13_0","classe":"textConvertido_13_0","nome":"eba04_03_13_0"},{"tipo":"img","x":"73.05px","y":"277.25px","width":"389.55px","height":"43.1px","nomeInstancia":"textConvertido_12_0","classe":"textConvertido_12_0","nome":"eba04_03_12_0"},{"tipo":"img","x":"504.15px","y":"312.35px","width":"402.95px","height":"128.55px","nomeInstancia":"Symbol 2","classe":"Symbol 2","nome":"eba04_03_12_1"}]},{"desenhos":[{"tipo":"img","x":"283.95px","y":"191.1px","width":"663px","height":"391.15px","nomeInstancia":"telaInfo141570200231747","classe":"telaInfo141570200231747","nome":"eba04_03_14_0"},{"tipo":"img","x":"73.05px","y":"413.2px","width":"375.15px","height":"63.65px","nomeInstancia":"textConvertido_14_1","classe":"textConvertido_14_1","nome":"eba04_03_14_1"},{"tipo":"img","x":"73.05px","y":"334.95px","width":"372.35px","height":"63.65px","nomeInstancia":"textConvertido_13_0","classe":"textConvertido_13_0","nome":"eba04_03_13_0"},{"tipo":"img","x":"73.05px","y":"277.25px","width":"389.55px","height":"43.1px","nomeInstancia":"textConvertido_12_0","classe":"textConvertido_12_0","nome":"eba04_03_12_0"},{"tipo":"img","x":"504.15px","y":"312.35px","width":"402.95px","height":"128.55px","nomeInstancia":"Symbol 2","classe":"Symbol 2","nome":"eba04_03_12_1"}]},{"desenhos":[{"tipo":"img","x":"143.8px","y":"222.65px","width":"728.45px","height":"371.35px","nomeInstancia":"dragDrop_15","classe":"dragDrop_15","nome":"eba04_03_15_0"},{"tipo":"img","x":"392.1px","y":"136.45px","width":"230.5px","height":"78.4px","nomeInstancia":"MovieClips/exerciatndo","classe":"exerciatndo","nome":"eba04_03_15_1"}]}]}