{"licao":"eba04_07","topico":"07","telas":[{"desenhos":[{"tipo":"img","x":"306.4px","y":"189.5px","width":"324.55px","height":"74.5px","nomeInstancia":"transicao_1_0","classe":"transicao_1_0","nome":"eba04_07_1_0"},{"nome":"eba04_07_1_1","tipo":"personagem","x":"0px","y":"0px","width":"1016px","height":"659px","nomeInstancia":"MovieClips/animaP1","classe":"animaP1"}]},{"desenhos":[{"tipo":"img","x":"244.15px","y":"258.75px","width":"336.8px","height":"85.15px","nomeInstancia":"transicao_2_0","classe":"transicao_2_0","nome":"eba04_07_2_0"},{"tipo":"img","x":"306.4px","y":"189.5px","width":"324.55px","height":"74.5px","nomeInstancia":"transicao_1_0","classe":"transicao_1_0","nome":"eba04_07_1_0"},{"nome":"eba04_07_1_1","tipo":"personagem","x":"0px","y":"0px","width":"1016px","height":"659px","nomeInstancia":"MovieClips/animaP1","classe":"animaP1"}]},{"desenhos":[{"tipo":"img","x":"153.7px","y":"338.5px","width":"427.25px","height":"103.85px","nomeInstancia":"transicao_3_0","classe":"transicao_3_0","nome":"eba04_07_3_0"},{"tipo":"img","x":"244.15px","y":"258.75px","width":"336.8px","height":"85.15px","nomeInstancia":"transicao_2_0","classe":"transicao_2_0","nome":"eba04_07_2_0"},{"tipo":"img","x":"306.4px","y":"189.5px","width":"324.55px","height":"74.5px","nomeInstancia":"transicao_1_0","classe":"transicao_1_0","nome":"eba04_07_1_0"},{"nome":"eba04_07_1_1","tipo":"personagem","x":"0px","y":"0px","width":"1016px","height":"659px","nomeInstancia":"MovieClips/animaP1","classe":"animaP1"}]},{"desenhos":[{"tipo":"img","x":"429.15px","y":"252.8px","width":"277.5px","height":"51.45px","nomeInstancia":"transicao_4_0","classe":"transicao_4_0","nome":"eba04_07_4_0"},{"nome":"eba04_07_4_1","tipo":"personagem","x":"0px","y":"0px","width":"1016px","height":"659px","nomeInstancia":"MovieClips/animaP4","classe":"animaP4"}]},{"desenhos":[{"tipo":"img","x":"480.2px","y":"299.55px","width":"380.25px","height":"97.25px","nomeInstancia":"transicao_5_0","classe":"transicao_5_0","nome":"eba04_07_5_0"},{"tipo":"img","x":"429.15px","y":"252.8px","width":"277.5px","height":"51.45px","nomeInstancia":"transicao_4_0","classe":"transicao_4_0","nome":"eba04_07_4_0"},{"nome":"eba04_07_4_1","tipo":"personagem","x":"0px","y":"0px","width":"1016px","height":"659px","nomeInstancia":"MovieClips/animaP4","classe":"animaP4"}]},{"desenhos":[{"tipo":"img","x":"498.2px","y":"393px","width":"282.4px","height":"82.35px","nomeInstancia":"transicao_6_0","classe":"transicao_6_0","nome":"eba04_07_6_0"},{"tipo":"img","x":"480.2px","y":"299.55px","width":"380.25px","height":"97.25px","nomeInstancia":"transicao_5_0","classe":"transicao_5_0","nome":"eba04_07_5_0"},{"tipo":"img","x":"429.15px","y":"252.8px","width":"277.5px","height":"51.45px","nomeInstancia":"transicao_4_0","classe":"transicao_4_0","nome":"eba04_07_4_0"},{"nome":"eba04_07_4_1","tipo":"personagem","x":"0px","y":"0px","width":"1016px","height":"659px","nomeInstancia":"MovieClips/animaP4","classe":"animaP4"}]},{"desenhos":[{"tipo":"img","x":"60.1px","y":"256.65px","width":"394.75px","height":"104.75px","nomeInstancia":"MovieClips/textConvertido_7_0","classe":"textConvertido_7_0","nome":"eba04_07_7_0"},{"tipo":"img","x":"516.4px","y":"248.55px","width":"456.6px","height":"249.5px","nomeInstancia":"transicao_7_1","classe":"transicao_7_1","nome":"eba04_07_7_1"}]},{"desenhos":[{"tipo":"img","x":"60.1px","y":"376.35px","width":"407.3px","height":"63.65px","nomeInstancia":"MovieClips/textConvertido_8_0","classe":"textConvertido_8_0","nome":"eba04_07_8_0"},{"tipo":"img","x":"60.1px","y":"256.65px","width":"394.75px","height":"104.75px","nomeInstancia":"MovieClips/textConvertido_7_0","classe":"textConvertido_7_0","nome":"eba04_07_7_0"},{"tipo":"img","x":"516.4px","y":"248.55px","width":"456.6px","height":"249.5px","nomeInstancia":"transicao_7_1","classe":"transicao_7_1","nome":"eba04_07_7_1"}]},{"desenhos":[{"tipo":"img","x":"283.95px","y":"191.1px","width":"689.05px","height":"400.15px","nomeInstancia":"MovieClips/telaInfo91570202363714","classe":"telaInfo91570202363714","nome":"eba04_07_9_0"},{"tipo":"img","x":"60.1px","y":"454.95px","width":"379.8px","height":"43.1px","nomeInstancia":"MovieClips/textConvertido_9_1","classe":"textConvertido_9_1","nome":"eba04_07_9_1"},{"tipo":"img","x":"60.1px","y":"376.35px","width":"407.3px","height":"63.65px","nomeInstancia":"MovieClips/textConvertido_8_0","classe":"textConvertido_8_0","nome":"eba04_07_8_0"},{"tipo":"img","x":"60.1px","y":"256.65px","width":"394.75px","height":"104.75px","nomeInstancia":"MovieClips/textConvertido_7_0","classe":"textConvertido_7_0","nome":"eba04_07_7_0"},{"tipo":"img","x":"516.4px","y":"248.55px","width":"456.6px","height":"249.5px","nomeInstancia":"transicao_7_1","classe":"transicao_7_1","nome":"eba04_07_7_1"}]},{"desenhos":[{"tipo":"img","x":"556.95px","y":"256.65px","width":"394.75px","height":"63.65px","nomeInstancia":"MovieClips/textConvertido_10_0","classe":"textConvertido_10_0","nome":"eba04_07_10_0"},{"tipo":"img","x":"54.35px","y":"248.55px","width":"456.6px","height":"249.5px","nomeInstancia":"transicao_10_1","classe":"transicao_10_1","nome":"eba04_07_10_1"}]},{"desenhos":[{"tipo":"img","x":"556.95px","y":"338.95px","width":"407.3px","height":"63.65px","nomeInstancia":"MovieClips/textConvertido_11_0","classe":"textConvertido_11_0","nome":"eba04_07_11_0"},{"tipo":"img","x":"556.95px","y":"256.65px","width":"394.75px","height":"63.65px","nomeInstancia":"MovieClips/textConvertido_10_0","classe":"textConvertido_10_0","nome":"eba04_07_10_0"},{"tipo":"img","x":"54.35px","y":"248.55px","width":"456.6px","height":"249.5px","nomeInstancia":"transicao_10_1","classe":"transicao_10_1","nome":"eba04_07_10_1"}]},{"desenhos":[{"tipo":"img","x":"556.95px","y":"421.25px","width":"404.1px","height":"84.2px","nomeInstancia":"MovieClips/textConvertido_12_0","classe":"textConvertido_12_0","nome":"eba04_07_12_0"},{"tipo":"img","x":"556.95px","y":"338.95px","width":"407.3px","height":"63.65px","nomeInstancia":"MovieClips/textConvertido_11_0","classe":"textConvertido_11_0","nome":"eba04_07_11_0"},{"tipo":"img","x":"556.95px","y":"256.65px","width":"394.75px","height":"63.65px","nomeInstancia":"MovieClips/textConvertido_10_0","classe":"textConvertido_10_0","nome":"eba04_07_10_0"},{"tipo":"img","x":"54.35px","y":"248.55px","width":"456.6px","height":"249.5px","nomeInstancia":"transicao_10_1","classe":"transicao_10_1","nome":"eba04_07_10_1"}]},{"desenhos":[{"tipo":"img","x":"67.55px","y":"300.85px","width":"394.75px","height":"43.1px","nomeInstancia":"MovieClips/textConvertido_13_0","classe":"textConvertido_13_0","nome":"eba04_07_13_0"},{"tipo":"img","x":"503.85px","y":"248.55px","width":"456.6px","height":"249.5px","nomeInstancia":"transicao_13_1","classe":"transicao_13_1","nome":"eba04_07_13_1"}]},{"desenhos":[{"tipo":"img","x":"67.55px","y":"360.25px","width":"407.3px","height":"22.55px","nomeInstancia":"MovieClips/textConvertido_14_0","classe":"textConvertido_14_0","nome":"eba04_07_14_0"},{"tipo":"img","x":"67.55px","y":"300.85px","width":"394.75px","height":"43.1px","nomeInstancia":"MovieClips/textConvertido_13_0","classe":"textConvertido_13_0","nome":"eba04_07_13_0"},{"tipo":"img","x":"503.85px","y":"248.55px","width":"456.6px","height":"249.5px","nomeInstancia":"transicao_13_1","classe":"transicao_13_1","nome":"eba04_07_13_1"}]},{"desenhos":[{"tipo":"img","x":"67.55px","y":"399.1px","width":"404.1px","height":"63.65px","nomeInstancia":"MovieClips/textConvertido_15_0","classe":"textConvertido_15_0","nome":"eba04_07_15_0"},{"tipo":"img","x":"67.55px","y":"360.25px","width":"407.3px","height":"22.55px","nomeInstancia":"MovieClips/textConvertido_14_0","classe":"textConvertido_14_0","nome":"eba04_07_14_0"},{"tipo":"img","x":"67.55px","y":"300.85px","width":"394.75px","height":"43.1px","nomeInstancia":"MovieClips/textConvertido_13_0","classe":"textConvertido_13_0","nome":"eba04_07_13_0"},{"tipo":"img","x":"503.85px","y":"248.55px","width":"456.6px","height":"249.5px","nomeInstancia":"transicao_13_1","classe":"transicao_13_1","nome":"eba04_07_13_1"}]},{"desenhos":[{"tipo":"img","x":"591.75px","y":"294.55px","width":"340.9px","height":"63.65px","nomeInstancia":"MovieClips/textConvertido_16_0","classe":"textConvertido_16_0","nome":"eba04_07_16_0"},{"tipo":"img","x":"83.8px","y":"248.55px","width":"456.6px","height":"249.5px","nomeInstancia":"transicao_16_1","classe":"transicao_16_1","nome":"eba04_07_16_1"}]},{"desenhos":[{"tipo":"img","x":"591.75px","y":"387.6px","width":"366.15px","height":"63.65px","nomeInstancia":"MovieClips/textConvertido_17_0","classe":"textConvertido_17_0","nome":"eba04_07_17_0"},{"tipo":"img","x":"591.75px","y":"294.55px","width":"340.9px","height":"63.65px","nomeInstancia":"MovieClips/textConvertido_16_0","classe":"textConvertido_16_0","nome":"eba04_07_16_0"},{"tipo":"img","x":"83.8px","y":"248.55px","width":"456.6px","height":"249.5px","nomeInstancia":"transicao_16_1","classe":"transicao_16_1","nome":"eba04_07_16_1"}]},{"desenhos":[{"tipo":"img","x":"251.55px","y":"286.65px","width":"322.45px","height":"67.3px","nomeInstancia":"transicao_18_0","classe":"transicao_18_0","nome":"eba04_07_18_0"},{"tipo":"img","x":"382.75px","y":"144.3px","width":"250.55px","height":"72.85px","nomeInstancia":"transicao_18_2","classe":"transicao_18_2","nome":"eba04_07_18_1"},{"nome":"eba04_07_18_2","tipo":"personagem","x":"0px","y":"0px","width":"1016px","height":"659px","nomeInstancia":"MovieClips/animaP18","classe":"animaP18"}]},{"desenhos":[{"tipo":"img","x":"168.45px","y":"347.45px","width":"355.75px","height":"123.7px","nomeInstancia":"transicao_19_0","classe":"transicao_19_0","nome":"eba04_07_19_0"},{"tipo":"img","x":"251.55px","y":"286.65px","width":"322.45px","height":"67.3px","nomeInstancia":"transicao_18_0","classe":"transicao_18_0","nome":"eba04_07_18_0"},{"tipo":"img","x":"382.75px","y":"144.3px","width":"250.55px","height":"72.85px","nomeInstancia":"transicao_18_2","classe":"transicao_18_2","nome":"eba04_07_18_1"},{"nome":"eba04_07_18_2","tipo":"personagem","x":"0px","y":"0px","width":"1016px","height":"659px","nomeInstancia":"MovieClips/animaP18","classe":"animaP18"}]},{"desenhos":[{"tipo":"img","x":"564.5px","y":"260.6px","width":"389.2px","height":"207.5px","nomeInstancia":"MovieClips/textConvertido_20_0","classe":"textConvertido_20_0","nome":"eba04_07_20_0"},{"tipo":"img","x":"56.45px","y":"239.6px","width":"456.6px","height":"249.5px","nomeInstancia":"transicao_20_1","classe":"transicao_20_1","nome":"eba04_07_20_1"}]},{"desenhos":[{"tipo":"img","x":"78.2px","y":"244.75px","width":"346px","height":"84.2px","nomeInstancia":"MovieClips/textConvertido_21_0","classe":"textConvertido_21_0","nome":"eba04_07_21_0"},{"tipo":"img","x":"474.75px","y":"178.1px","width":"487.65px","height":"391.1px","nomeInstancia":"transicao_21_1","classe":"transicao_21_1","nome":"eba04_07_21_1"}]},{"desenhos":[{"tipo":"img","x":"78.2px","y":"342.9px","width":"353.35px","height":"63.65px","nomeInstancia":"MovieClips/textConvertido_22_0","classe":"textConvertido_22_0","nome":"eba04_07_22_0"},{"tipo":"img","x":"78.2px","y":"244.75px","width":"346px","height":"84.2px","nomeInstancia":"MovieClips/textConvertido_21_0","classe":"textConvertido_21_0","nome":"eba04_07_21_0"},{"tipo":"img","x":"474.75px","y":"178.1px","width":"487.65px","height":"391.1px","nomeInstancia":"transicao_21_1","classe":"transicao_21_1","nome":"eba04_07_21_1"}]},{"desenhos":[{"tipo":"img","x":"66.65px","y":"191.1px","width":"665.45px","height":"403.5px","nomeInstancia":"MovieClips/telaInfo231570202415716","classe":"telaInfo231570202415716","nome":"eba04_07_23_0"},{"tipo":"img","x":"78.2px","y":"420.5px","width":"348.1px","height":"63.65px","nomeInstancia":"MovieClips/textConvertido_23_1","classe":"textConvertido_23_1","nome":"eba04_07_23_1"},{"tipo":"img","x":"78.2px","y":"342.9px","width":"353.35px","height":"63.65px","nomeInstancia":"MovieClips/textConvertido_22_0","classe":"textConvertido_22_0","nome":"eba04_07_22_0"},{"tipo":"img","x":"78.2px","y":"244.75px","width":"346px","height":"84.2px","nomeInstancia":"MovieClips/textConvertido_21_0","classe":"textConvertido_21_0","nome":"eba04_07_21_0"},{"tipo":"img","x":"474.75px","y":"178.1px","width":"487.65px","height":"391.1px","nomeInstancia":"transicao_21_1","classe":"transicao_21_1","nome":"eba04_07_21_1"}]},{"desenhos":[{"tipo":"img","x":"388.1px","y":"262.1px","width":"434.2px","height":"112.25px","nomeInstancia":"transicao_24_0","classe":"transicao_24_0","nome":"eba04_07_24_0"},{"nome":"eba04_07_24_1","tipo":"personagem","x":"0px","y":"0px","width":"1016px","height":"659px","nomeInstancia":"MovieClips/animaP24","classe":"animaP24"}]},{"desenhos":[{"tipo":"img","x":"434.5px","y":"369.95px","width":"355.75px","height":"85.45px","nomeInstancia":"transicao_25_0","classe":"transicao_25_0","nome":"eba04_07_25_0"},{"tipo":"img","x":"388.1px","y":"262.1px","width":"434.2px","height":"112.25px","nomeInstancia":"transicao_24_0","classe":"transicao_24_0","nome":"eba04_07_24_0"},{"nome":"eba04_07_24_1","tipo":"personagem","x":"0px","y":"0px","width":"1016px","height":"659px","nomeInstancia":"MovieClips/animaP24","classe":"animaP24"}]},{"desenhos":[{"tipo":"img","x":"97.15px","y":"310px","width":"377.6px","height":"43.1px","nomeInstancia":"MovieClips/textConvertido_26_0","classe":"textConvertido_26_0","nome":"eba04_07_26_0"},{"tipo":"img","x":"504.45px","y":"257.5px","width":"361.6px","height":"232.5px","nomeInstancia":"transicao_26_1","classe":"transicao_26_1","nome":"eba04_07_26_1"}]},{"desenhos":[{"tipo":"img","x":"97.15px","y":"376.6px","width":"353.35px","height":"63.65px","nomeInstancia":"MovieClips/textConvertido_27_0","classe":"textConvertido_27_0","nome":"eba04_07_27_0"},{"tipo":"img","x":"97.15px","y":"310px","width":"377.6px","height":"43.1px","nomeInstancia":"MovieClips/textConvertido_26_0","classe":"textConvertido_26_0","nome":"eba04_07_26_0"},{"tipo":"img","x":"504.45px","y":"257.5px","width":"361.6px","height":"232.5px","nomeInstancia":"transicao_26_1","classe":"transicao_26_1","nome":"eba04_07_26_1"}]},{"desenhos":[{"tipo":"img","x":"96.2px","y":"294.85px","width":"528.75px","height":"268px","nomeInstancia":"MovieClips/opcoes28","classe":"opcoes28","nome":"eba04_07_28_0"},{"tipo":"img","x":"96.2px","y":"302.95px","width":"410.2px","height":"166.4px","nomeInstancia":"MovieClips/textConvertido_28_1","classe":"textConvertido_28_1","nome":"eba04_07_28_1"},{"tipo":"img","x":"392.75px","y":"159.15px","width":"230.5px","height":"78.4px","nomeInstancia":"transicao_28_3","classe":"transicao_28_3","nome":"eba04_07_28_2"},{"tipo":"img","x":"549.75px","y":"208.15px","width":"373.9px","height":"350px","nomeInstancia":"transicao_28_2","classe":"transicao_28_2","nome":"eba04_07_28_3"}]}]}