{"licao":"eba04_01","topico":"01","telas":[{"desenhos":[{"tipo":"img","x":"414.7px","y":"211.75px","width":"395.35px","height":"71.55px","nomeInstancia":"transicao_1_0","classe":"transicao_1_0","nome":"eba04_01_1_0"},{"nome":"eba04_01_1_1","tipo":"personagem","x":"0px","y":"0px","width":"1016px","height":"659px","nomeInstancia":"animaP1","classe":"animaP1"}]},{"desenhos":[{"tipo":"img","x":"461.55px","y":"277.35px","width":"385px","height":"111.25px","nomeInstancia":"transicao_2_0","classe":"transicao_2_0","nome":"eba04_01_2_0"},{"tipo":"img","x":"414.7px","y":"211.75px","width":"395.35px","height":"71.55px","nomeInstancia":"transicao_1_0","classe":"transicao_1_0","nome":"eba04_01_1_0"},{"nome":"eba04_01_1_1","tipo":"personagem","x":"0px","y":"0px","width":"1016px","height":"659px","nomeInstancia":"animaP1","classe":"animaP1"}]},{"desenhos":[{"tipo":"img","x":"461.55px","y":"382.2px","width":"385px","height":"111.25px","nomeInstancia":"transicao_3_0","classe":"transicao_3_0","nome":"eba04_01_3_0"},{"tipo":"img","x":"461.55px","y":"277.35px","width":"385px","height":"111.25px","nomeInstancia":"transicao_2_0","classe":"transicao_2_0","nome":"eba04_01_2_0"},{"tipo":"img","x":"414.7px","y":"211.75px","width":"395.35px","height":"71.55px","nomeInstancia":"transicao_1_0","classe":"transicao_1_0","nome":"eba04_01_1_0"},{"nome":"eba04_01_1_1","tipo":"personagem","x":"0px","y":"0px","width":"1016px","height":"659px","nomeInstancia":"animaP1","classe":"animaP1"}]},{"desenhos":[{"tipo":"img","x":"159.15px","y":"197.8px","width":"501.4px","height":"154.85px","nomeInstancia":"transicao_4_0","classe":"transicao_4_0","nome":"eba04_01_4_0"},{"nome":"eba04_01_4_1","tipo":"personagem","x":"0px","y":"0px","width":"1016px","height":"659px","nomeInstancia":"animaP4","classe":"animaP4"}]},{"desenhos":[{"tipo":"img","x":"205.9px","y":"346.95px","width":"364.2px","height":"111.25px","nomeInstancia":"transicao_5_0","classe":"transicao_5_0","nome":"eba04_01_5_0"},{"tipo":"img","x":"159.15px","y":"197.8px","width":"501.4px","height":"154.85px","nomeInstancia":"transicao_4_0","classe":"transicao_4_0","nome":"eba04_01_4_0"},{"nome":"eba04_01_4_1","tipo":"personagem","x":"0px","y":"0px","width":"1016px","height":"659px","nomeInstancia":"animaP4","classe":"animaP4"}]}]}