{"licao":"eba04_08","topico":"08","telas":[{"desenhos":[{"tipo":"img","x":"426.1px","y":"189.75px","width":"454.1px","height":"69px","nomeInstancia":"transicao_1_0","classe":"transicao_1_0","nome":"eba04_08_1_0"},{"tipo":"img","x":"60.75px","y":"160.1px","width":"130.05px","height":"56.3px","nomeInstancia":"transicao_1_2","classe":"transicao_1_2","nome":"eba04_08_1_1"},{"nome":"eba04_08_1_2","tipo":"personagem","x":"0px","y":"0px","width":"1016px","height":"659px","nomeInstancia":"animaP3","classe":"animaP3"}]},{"desenhos":[{"tipo":"img","x":"472.55px","y":"252.75px","width":"376.4px","height":"96.35px","nomeInstancia":"transicao_2_0","classe":"transicao_2_0","nome":"eba04_08_2_0"},{"tipo":"img","x":"426.1px","y":"189.75px","width":"454.1px","height":"69px","nomeInstancia":"transicao_1_0","classe":"transicao_1_0","nome":"eba04_08_1_0"},{"tipo":"img","x":"60.75px","y":"160.1px","width":"130.05px","height":"56.3px","nomeInstancia":"transicao_1_2","classe":"transicao_1_2","nome":"eba04_08_1_1"},{"nome":"eba04_08_1_2","tipo":"personagem","x":"0px","y":"0px","width":"1016px","height":"659px","nomeInstancia":"animaP3","classe":"animaP3"}]},{"desenhos":[{"tipo":"img","x":"472.55px","y":"343.9px","width":"376.4px","height":"117.85px","nomeInstancia":"transicao_3_0","classe":"transicao_3_0","nome":"eba04_08_3_0"},{"tipo":"img","x":"472.55px","y":"252.75px","width":"376.4px","height":"96.35px","nomeInstancia":"transicao_2_0","classe":"transicao_2_0","nome":"eba04_08_2_0"},{"tipo":"img","x":"426.1px","y":"189.75px","width":"454.1px","height":"69px","nomeInstancia":"transicao_1_0","classe":"transicao_1_0","nome":"eba04_08_1_0"},{"tipo":"img","x":"60.75px","y":"160.1px","width":"130.05px","height":"56.3px","nomeInstancia":"transicao_1_2","classe":"transicao_1_2","nome":"eba04_08_1_1"},{"nome":"eba04_08_1_2","tipo":"personagem","x":"0px","y":"0px","width":"1016px","height":"659px","nomeInstancia":"animaP3","classe":"animaP3"}]},{"desenhos":[{"tipo":"img","x":"283.95px","y":"174.5px","width":"448.15px","height":"310.05px","nomeInstancia":"transicao_4_0","classe":"transicao_4_0","nome":"eba04_08_4_0"}]}]}