{"licao":"eba04_06","topico":"06","telas":[{"desenhos":[{"tipo":"img","x":"507.85px","y":"276.6px","width":"408.75px","height":"43.1px","nomeInstancia":"textConvertido_1_0","classe":"textConvertido_1_0","nome":"eba04_06_1_0"},{"tipo":"img","x":"101.8px","y":"261.5px","width":"317.05px","height":"225.7px","nomeInstancia":"transicao_1_1","classe":"transicao_1_1","nome":"eba04_06_1_1"}]},{"desenhos":[{"tipo":"img","x":"507.85px","y":"339.8px","width":"400.15px","height":"63.65px","nomeInstancia":"textConvertido_2_0","classe":"textConvertido_2_0","nome":"eba04_06_2_0"},{"tipo":"img","x":"507.85px","y":"276.6px","width":"408.75px","height":"43.1px","nomeInstancia":"textConvertido_1_0","classe":"textConvertido_1_0","nome":"eba04_06_1_0"},{"tipo":"img","x":"101.8px","y":"261.5px","width":"317.05px","height":"225.7px","nomeInstancia":"transicao_1_1","classe":"transicao_1_1","nome":"eba04_06_1_1"}]},{"desenhos":[{"tipo":"img","x":"507.85px","y":"423.55px","width":"408.75px","height":"63.65px","nomeInstancia":"textConvertido_3_0","classe":"textConvertido_3_0","nome":"eba04_06_3_0"},{"tipo":"img","x":"507.85px","y":"339.8px","width":"400.15px","height":"63.65px","nomeInstancia":"textConvertido_2_0","classe":"textConvertido_2_0","nome":"eba04_06_2_0"},{"tipo":"img","x":"507.85px","y":"276.6px","width":"408.75px","height":"43.1px","nomeInstancia":"textConvertido_1_0","classe":"textConvertido_1_0","nome":"eba04_06_1_0"},{"tipo":"img","x":"101.8px","y":"261.5px","width":"317.05px","height":"225.7px","nomeInstancia":"transicao_1_1","classe":"transicao_1_1","nome":"eba04_06_1_1"}]},{"desenhos":[{"tipo":"img","x":"105.65px","y":"313.6px","width":"322.45px","height":"63.65px","nomeInstancia":"textConvertido_4_0","classe":"textConvertido_4_0","nome":"eba04_06_4_0"},{"tipo":"img","x":"564.1px","y":"277.35px","width":"317.05px","height":"225.7px","nomeInstancia":"transicao_4_1","classe":"transicao_4_1","nome":"eba04_06_4_1"}]},{"desenhos":[{"tipo":"img","x":"105.65px","y":"403.6px","width":"400.15px","height":"63.65px","nomeInstancia":"textConvertido_5_0","classe":"textConvertido_5_0","nome":"eba04_06_5_0"},{"tipo":"img","x":"105.65px","y":"313.6px","width":"322.45px","height":"63.65px","nomeInstancia":"textConvertido_4_0","classe":"textConvertido_4_0","nome":"eba04_06_4_0"},{"tipo":"img","x":"564.1px","y":"277.35px","width":"317.05px","height":"225.7px","nomeInstancia":"transicao_4_1","classe":"transicao_4_1","nome":"eba04_06_4_1"}]},{"desenhos":[{"tipo":"img","x":"501.35px","y":"277.55px","width":"379.8px","height":"84.2px","nomeInstancia":"textConvertido_6_0","classe":"textConvertido_6_0","nome":"eba04_06_6_0"},{"tipo":"img","x":"163.85px","y":"277.55px","width":"176.95px","height":"196.75px","nomeInstancia":"transicao_6_1","classe":"transicao_6_1","nome":"eba04_06_6_1"}]},{"desenhos":[{"tipo":"img","x":"501.35px","y":"378.5px","width":"430.65px","height":"43.1px","nomeInstancia":"textConvertido_7_0","classe":"textConvertido_7_0","nome":"eba04_06_7_0"},{"tipo":"img","x":"501.35px","y":"277.55px","width":"379.8px","height":"84.2px","nomeInstancia":"textConvertido_6_0","classe":"textConvertido_6_0","nome":"eba04_06_6_0"},{"tipo":"img","x":"163.85px","y":"277.55px","width":"176.95px","height":"196.75px","nomeInstancia":"transicao_6_1","classe":"transicao_6_1","nome":"eba04_06_6_1"}]},{"desenhos":[{"tipo":"img","x":"501.35px","y":"438.35px","width":"379.8px","height":"63.65px","nomeInstancia":"textConvertido_8_0","classe":"textConvertido_8_0","nome":"eba04_06_8_0"},{"tipo":"img","x":"501.35px","y":"378.5px","width":"430.65px","height":"43.1px","nomeInstancia":"textConvertido_7_0","classe":"textConvertido_7_0","nome":"eba04_06_7_0"},{"tipo":"img","x":"501.35px","y":"277.55px","width":"379.8px","height":"84.2px","nomeInstancia":"textConvertido_6_0","classe":"textConvertido_6_0","nome":"eba04_06_6_0"},{"tipo":"img","x":"163.85px","y":"277.55px","width":"176.95px","height":"196.75px","nomeInstancia":"transicao_6_1","classe":"transicao_6_1","nome":"eba04_06_6_1"}]},{"desenhos":[{"tipo":"img","x":"159.05px","y":"195.6px","width":"808.4px","height":"378.05px","nomeInstancia":"dragDrop","classe":"dragDrop","nome":"eba04_06_9_0"},{"tipo":"img","x":"435.65px","y":"356.35px","width":"543px","height":"250px","nomeInstancia":"transicao_9_1","classe":"transicao_9_1","nome":"eba04_06_9_1"},{"tipo":"img","x":"68.85px","y":"310.65px","width":"381.3px","height":"145.85px","nomeInstancia":"textConvertido_9_1","classe":"textConvertido_9_1","nome":"eba04_06_9_2"},{"tipo":"img","x":"144.25px","y":"191.55px","width":"230.5px","height":"78.4px","nomeInstancia":"transicao_9_3","classe":"transicao_9_3","nome":"eba04_06_9_3"}]}]}