{"licao":"eba04_05","topico":"05","telas":[{"desenhos":[{"tipo":"img","x":"409.15px","y":"192.95px","width":"413.95px","height":"92.85px","nomeInstancia":"transicao_1_0","classe":"transicao_1_0","nome":"eba04_05_1_0"},{"nome":"eba04_05_1_1","tipo":"personagem","x":"0px","y":"0px","width":"1016px","height":"659px","nomeInstancia":"MovieClips/animaP1","classe":"animaP1"}]},{"desenhos":[{"tipo":"img","x":"456.5px","y":"280.2px","width":"355.75px","height":"101.9px","nomeInstancia":"transicao_2_0","classe":"transicao_2_0","nome":"eba04_05_2_0"},{"tipo":"img","x":"409.15px","y":"192.95px","width":"413.95px","height":"92.85px","nomeInstancia":"transicao_1_0","classe":"transicao_1_0","nome":"eba04_05_1_0"},{"nome":"eba04_05_1_1","tipo":"personagem","x":"0px","y":"0px","width":"1016px","height":"659px","nomeInstancia":"MovieClips/animaP1","classe":"animaP1"}]},{"desenhos":[{"tipo":"img","x":"522.6px","y":"376.5px","width":"289.65px","height":"77.5px","nomeInstancia":"transicao_3_0","classe":"transicao_3_0","nome":"eba04_05_3_0"},{"tipo":"img","x":"456.5px","y":"280.2px","width":"355.75px","height":"101.9px","nomeInstancia":"transicao_2_0","classe":"transicao_2_0","nome":"eba04_05_2_0"},{"tipo":"img","x":"409.15px","y":"192.95px","width":"413.95px","height":"92.85px","nomeInstancia":"transicao_1_0","classe":"transicao_1_0","nome":"eba04_05_1_0"},{"nome":"eba04_05_1_1","tipo":"personagem","x":"0px","y":"0px","width":"1016px","height":"659px","nomeInstancia":"MovieClips/animaP1","classe":"animaP1"}]},{"desenhos":[{"tipo":"img","x":"98.75px","y":"242.55px","width":"420.85px","height":"104.75px","nomeInstancia":"MovieClips/textConvertido_4_0","classe":"textConvertido_4_0","nome":"eba04_05_4_0"},{"tipo":"img","x":"598.25px","y":"312.35px","width":"272.75px","height":"167.55px","nomeInstancia":"transicao_4_1","classe":"transicao_4_1","nome":"eba04_05_4_1"}]},{"desenhos":[{"tipo":"img","x":"98.75px","y":"365.8px","width":"427.55px","height":"63.65px","nomeInstancia":"MovieClips/textConvertido_5_0","classe":"textConvertido_5_0","nome":"eba04_05_5_0"},{"tipo":"img","x":"98.75px","y":"242.55px","width":"420.85px","height":"104.75px","nomeInstancia":"MovieClips/textConvertido_4_0","classe":"textConvertido_4_0","nome":"eba04_05_4_0"},{"tipo":"img","x":"598.25px","y":"312.35px","width":"272.75px","height":"167.55px","nomeInstancia":"transicao_4_1","classe":"transicao_4_1","nome":"eba04_05_4_1"}]},{"desenhos":[{"tipo":"img","x":"98.75px","y":"447.95px","width":"423.7px","height":"63.65px","nomeInstancia":"MovieClips/textConvertido_6_0","classe":"textConvertido_6_0","nome":"eba04_05_6_0"},{"tipo":"img","x":"98.75px","y":"365.8px","width":"427.55px","height":"63.65px","nomeInstancia":"MovieClips/textConvertido_5_0","classe":"textConvertido_5_0","nome":"eba04_05_5_0"},{"tipo":"img","x":"98.75px","y":"242.55px","width":"420.85px","height":"104.75px","nomeInstancia":"MovieClips/textConvertido_4_0","classe":"textConvertido_4_0","nome":"eba04_05_4_0"},{"tipo":"img","x":"598.25px","y":"312.35px","width":"272.75px","height":"167.55px","nomeInstancia":"transicao_4_1","classe":"transicao_4_1","nome":"eba04_05_4_1"}]},{"desenhos":[{"tipo":"img","x":"497.7px","y":"268.3px","width":"408.75px","height":"43.1px","nomeInstancia":"MovieClips/textConvertido_7_0","classe":"textConvertido_7_0","nome":"eba04_05_7_0"},{"tipo":"img","x":"100.9px","y":"300.9px","width":"272.75px","height":"167.55px","nomeInstancia":"transicao_7_1","classe":"transicao_7_1","nome":"eba04_05_7_1"}]},{"desenhos":[{"tipo":"img","x":"497.7px","y":"325.65px","width":"409.7px","height":"84.2px","nomeInstancia":"MovieClips/textConvertido_8_0","classe":"textConvertido_8_0","nome":"eba04_05_8_0"},{"tipo":"img","x":"497.7px","y":"268.3px","width":"408.75px","height":"43.1px","nomeInstancia":"MovieClips/textConvertido_7_0","classe":"textConvertido_7_0","nome":"eba04_05_7_0"},{"tipo":"img","x":"100.9px","y":"300.9px","width":"272.75px","height":"167.55px","nomeInstancia":"transicao_7_1","classe":"transicao_7_1","nome":"eba04_05_7_1"}]},{"desenhos":[{"tipo":"img","x":"67.2px","y":"156.9px","width":"658.6px","height":"330.25px","nomeInstancia":"MovieClips/hotWord9","classe":"hotWord9","nome":"eba04_05_9_0"},{"tipo":"img","x":"497.7px","y":"141.45px","width":"425.05px","height":"345.6px","nomeInstancia":"MovieClips/hotWord_9_b","classe":"hotWord_9_b","nome":"eba04_05_9_1"},{"tipo":"img","x":"497.7px","y":"424.1px","width":"402.05px","height":"84.2px","nomeInstancia":"MovieClips/textConvertido_9_2","classe":"textConvertido_9_2","nome":"eba04_05_9_2"},{"tipo":"img","x":"497.7px","y":"325.65px","width":"409.7px","height":"84.2px","nomeInstancia":"MovieClips/textConvertido_8_0","classe":"textConvertido_8_0","nome":"eba04_05_8_0"},{"tipo":"img","x":"497.7px","y":"268.3px","width":"408.75px","height":"43.1px","nomeInstancia":"MovieClips/textConvertido_7_0","classe":"textConvertido_7_0","nome":"eba04_05_7_0"},{"tipo":"img","x":"100.9px","y":"300.9px","width":"272.75px","height":"167.55px","nomeInstancia":"transicao_7_1","classe":"transicao_7_1","nome":"eba04_05_7_1"}]},{"desenhos":[{"tipo":"img","x":"63.5px","y":"337.5px","width":"615.4px","height":"244.05px","nomeInstancia":"MovieClips/opcoes_10","classe":"opcoes_10","nome":"eba04_05_10_0"},{"tipo":"img","x":"392.75px","y":"159.15px","width":"230.5px","height":"78.4px","nomeInstancia":"transicao_10_2","classe":"transicao_10_2","nome":"eba04_05_10_1"},{"tipo":"img","x":"63.5px","y":"272.45px","width":"547.85px","height":"248.6px","nomeInstancia":"MovieClips/textConvertido_10_1","classe":"textConvertido_10_1","nome":"eba04_05_10_2"},{"tipo":"img","x":"640.75px","y":"180.2px","width":"313.4px","height":"391px","nomeInstancia":"transicao_10_3","classe":"transicao_10_3","nome":"eba04_05_10_3"}]}]}