{"licao":"eba04_04","topico":"04","telas":[{"desenhos":[{"tipo":"img","x":"410.95px","y":"232.45px","width":"435.9px","height":"112.25px","nomeInstancia":"transicao_1_0","classe":"transicao_1_0","nome":"eba04_04_1_0"},{"nome":"eba04_04_1_1","tipo":"personagem","x":"0px","y":"0px","width":"1016px","height":"659px","nomeInstancia":"animaP1","classe":"animaP1"}]},{"desenhos":[{"tipo":"img","x":"519.65px","y":"290.25px","width":"321.5px","height":"118.05px","nomeInstancia":"hotWord31570201404773","classe":"hotWord31570201404773","nome":"eba04_04_2_0"},{"tipo":"img","x":"459.5px","y":"339.35px","width":"399.15px","height":"104.75px","nomeInstancia":"transicao_2_1","classe":"transicao_2_1","nome":"eba04_04_2_1"},{"tipo":"img","x":"410.95px","y":"232.45px","width":"435.9px","height":"112.25px","nomeInstancia":"transicao_1_0","classe":"transicao_1_0","nome":"eba04_04_1_0"},{"nome":"eba04_04_1_1","tipo":"personagem","x":"0px","y":"0px","width":"1016px","height":"659px","nomeInstancia":"animaP1","classe":"animaP1"}]},{"desenhos":[{"tipo":"img","x":"519.65px","y":"290.25px","width":"321.5px","height":"118.05px","nomeInstancia":"hotWord31570201404773","classe":"hotWord31570201404773","nome":"eba04_04_2_0"},{"tipo":"img","x":"459.5px","y":"439.35px","width":"289.65px","height":"83.25px","nomeInstancia":"transicao_3_1","classe":"transicao_3_1","nome":"eba04_04_3_1"},{"tipo":"img","x":"459.5px","y":"339.35px","width":"399.15px","height":"104.75px","nomeInstancia":"transicao_2_1","classe":"transicao_2_1","nome":"eba04_04_2_1"},{"tipo":"img","x":"410.95px","y":"232.45px","width":"435.9px","height":"112.25px","nomeInstancia":"transicao_1_0","classe":"transicao_1_0","nome":"eba04_04_1_0"},{"nome":"eba04_04_1_1","tipo":"personagem","x":"0px","y":"0px","width":"1016px","height":"659px","nomeInstancia":"animaP1","classe":"animaP1"}]},{"desenhos":[{"tipo":"img","x":"83.25px","y":"297.6px","width":"387.75px","height":"84.2px","nomeInstancia":"textConvertido_4_0","classe":"textConvertido_4_0","nome":"eba04_04_4_0"},{"tipo":"img","x":"570.85px","y":"178.6px","width":"312.25px","height":"356.95px","nomeInstancia":"transicao_4_1","classe":"transicao_4_1","nome":"eba04_04_4_1"}]},{"desenhos":[{"tipo":"img","x":"83.25px","y":"408.15px","width":"422.05px","height":"22.55px","nomeInstancia":"textConvertido_5_0","classe":"textConvertido_5_0","nome":"eba04_04_5_0"},{"tipo":"img","x":"83.25px","y":"297.6px","width":"387.75px","height":"84.2px","nomeInstancia":"textConvertido_4_0","classe":"textConvertido_4_0","nome":"eba04_04_4_0"},{"tipo":"img","x":"570.85px","y":"178.6px","width":"312.25px","height":"356.95px","nomeInstancia":"transicao_4_1","classe":"transicao_4_1","nome":"eba04_04_4_1"}]},{"desenhos":[{"tipo":"img","x":"511.35px","y":"297.6px","width":"387.75px","height":"63.65px","nomeInstancia":"textConvertido_6_0","classe":"textConvertido_6_0","nome":"eba04_04_6_0"},{"tipo":"img","x":"111.3px","y":"178.6px","width":"312.25px","height":"356.95px","nomeInstancia":"transicao_6_1","classe":"transicao_6_1","nome":"eba04_04_6_1"}]},{"desenhos":[{"tipo":"img","x":"511.35px","y":"385.25px","width":"431.55px","height":"63.65px","nomeInstancia":"textConvertido_7_0","classe":"textConvertido_7_0","nome":"eba04_04_7_0"},{"tipo":"img","x":"511.35px","y":"297.6px","width":"387.75px","height":"63.65px","nomeInstancia":"textConvertido_6_0","classe":"textConvertido_6_0","nome":"eba04_04_6_0"},{"tipo":"img","x":"111.3px","y":"178.6px","width":"312.25px","height":"356.95px","nomeInstancia":"transicao_6_1","classe":"transicao_6_1","nome":"eba04_04_6_1"}]},{"desenhos":[{"tipo":"img","x":"93.8px","y":"297.6px","width":"387.75px","height":"63.65px","nomeInstancia":"textConvertido_8_0","classe":"textConvertido_8_0","nome":"eba04_04_8_0"},{"tipo":"img","x":"581.35px","y":"178.6px","width":"312.25px","height":"356.95px","nomeInstancia":"transicao_8_1","classe":"transicao_8_1","nome":"eba04_04_8_1"}]},{"desenhos":[{"tipo":"img","x":"93.8px","y":"385.25px","width":"390.55px","height":"84.2px","nomeInstancia":"textConvertido_9_0","classe":"textConvertido_9_0","nome":"eba04_04_9_0"},{"tipo":"img","x":"93.8px","y":"297.6px","width":"387.75px","height":"63.65px","nomeInstancia":"textConvertido_8_0","classe":"textConvertido_8_0","nome":"eba04_04_8_0"},{"tipo":"img","x":"581.35px","y":"178.6px","width":"312.25px","height":"356.95px","nomeInstancia":"transicao_8_1","classe":"transicao_8_1","nome":"eba04_04_8_1"}]},{"desenhos":[{"tipo":"img","x":"595.95px","y":"269px","width":"334.3px","height":"84.2px","nomeInstancia":"textConvertido_10_0","classe":"textConvertido_10_0","nome":"eba04_04_10_0"},{"tipo":"img","x":"68.25px","y":"300.75px","width":"479.05px","height":"173.35px","nomeInstancia":"transicao_10_1","classe":"transicao_10_1","nome":"eba04_04_10_1"}]},{"desenhos":[{"tipo":"img","x":"595.95px","y":"370.55px","width":"355.3px","height":"84.2px","nomeInstancia":"textConvertido_11_0","classe":"textConvertido_11_0","nome":"eba04_04_11_0"},{"tipo":"img","x":"595.95px","y":"269px","width":"334.3px","height":"84.2px","nomeInstancia":"textConvertido_10_0","classe":"textConvertido_10_0","nome":"eba04_04_10_0"},{"tipo":"img","x":"68.25px","y":"300.75px","width":"479.05px","height":"173.35px","nomeInstancia":"transicao_10_1","classe":"transicao_10_1","nome":"eba04_04_10_1"}]},{"desenhos":[{"tipo":"img","x":"595.95px","y":"472.1px","width":"338.1px","height":"43.1px","nomeInstancia":"textConvertido_12_0","classe":"textConvertido_12_0","nome":"eba04_04_12_0"},{"tipo":"img","x":"595.95px","y":"370.55px","width":"355.3px","height":"84.2px","nomeInstancia":"textConvertido_11_0","classe":"textConvertido_11_0","nome":"eba04_04_11_0"},{"tipo":"img","x":"595.95px","y":"269px","width":"334.3px","height":"84.2px","nomeInstancia":"textConvertido_10_0","classe":"textConvertido_10_0","nome":"eba04_04_10_0"},{"tipo":"img","x":"68.25px","y":"300.75px","width":"479.05px","height":"173.35px","nomeInstancia":"transicao_10_1","classe":"transicao_10_1","nome":"eba04_04_10_1"}]},{"desenhos":[{"tipo":"img","x":"75.35px","y":"308.05px","width":"333.6px","height":"84.2px","nomeInstancia":"textConvertido_13_0","classe":"textConvertido_13_0","nome":"eba04_04_13_0"},{"tipo":"img","x":"472.45px","y":"300.75px","width":"479.05px","height":"173.35px","nomeInstancia":"transicao_13_1","classe":"transicao_13_1","nome":"eba04_04_13_1"}]},{"desenhos":[{"tipo":"img","x":"283.95px","y":"191.1px","width":"662.65px","height":"389.75px","nomeInstancia":"telaInfo141570201000013","classe":"telaInfo141570201000013","nome":"eba04_04_14_0"},{"tipo":"img","x":"75.35px","y":"410.45px","width":"303.1px","height":"63.65px","nomeInstancia":"textConvertido_14_1","classe":"textConvertido_14_1","nome":"eba04_04_14_1"},{"tipo":"img","x":"75.35px","y":"308.05px","width":"333.6px","height":"84.2px","nomeInstancia":"textConvertido_13_0","classe":"textConvertido_13_0","nome":"eba04_04_13_0"},{"tipo":"img","x":"472.45px","y":"300.75px","width":"479.05px","height":"173.35px","nomeInstancia":"transicao_13_1","classe":"transicao_13_1","nome":"eba04_04_13_1"}]},{"desenhos":[{"tipo":"img","x":"440.45px","y":"193.95px","width":"326px","height":"90.1px","nomeInstancia":"transicao_15_0","classe":"transicao_15_0","nome":"eba04_04_15_0"},{"nome":"eba04_04_15_1","tipo":"personagem","x":"0px","y":"0px","width":"1016px","height":"659px","nomeInstancia":"animaP15","classe":"animaP15"}]},{"desenhos":[{"tipo":"img","x":"486.75px","y":"279.3px","width":"184.85px","height":"63.45px","nomeInstancia":"transicao_16_0","classe":"transicao_16_0","nome":"eba04_04_16_0"},{"tipo":"img","x":"440.45px","y":"193.95px","width":"326px","height":"90.1px","nomeInstancia":"transicao_15_0","classe":"transicao_15_0","nome":"eba04_04_15_0"},{"nome":"eba04_04_15_1","tipo":"personagem","x":"0px","y":"0px","width":"1016px","height":"659px","nomeInstancia":"animaP15","classe":"animaP15"}]},{"desenhos":[{"tipo":"img","x":"87.45px","y":"264.2px","width":"333.6px","height":"43.1px","nomeInstancia":"textConvertido_17_0","classe":"textConvertido_17_0","nome":"eba04_04_17_0"},{"tipo":"img","x":"501.15px","y":"286.35px","width":"438.35px","height":"215.8px","nomeInstancia":"transicao_17_1","classe":"transicao_17_1","nome":"eba04_04_17_1"}]},{"desenhos":[{"tipo":"img","x":"87.45px","y":"174.55px","width":"414.95px","height":"231.75px","nomeInstancia":"hotWord41570201047269","classe":"hotWord41570201047269","nome":"eba04_04_18_0"},{"tipo":"img","x":"87.45px","y":"322.7px","width":"354.65px","height":"104.75px","nomeInstancia":"textConvertido_18_1","classe":"textConvertido_18_1","nome":"eba04_04_18_1"},{"tipo":"img","x":"87.45px","y":"264.2px","width":"333.6px","height":"43.1px","nomeInstancia":"textConvertido_17_0","classe":"textConvertido_17_0","nome":"eba04_04_17_0"},{"tipo":"img","x":"501.15px","y":"286.35px","width":"438.35px","height":"215.8px","nomeInstancia":"transicao_17_1","classe":"transicao_17_1","nome":"eba04_04_17_1"}]},{"desenhos":[{"tipo":"img","x":"87.45px","y":"174.55px","width":"414.95px","height":"231.75px","nomeInstancia":"hotWord41570201047269","classe":"hotWord41570201047269","nome":"eba04_04_18_0"},{"tipo":"img","x":"87.45px","y":"442.85px","width":"321.25px","height":"63.65px","nomeInstancia":"textConvertido_19_1","classe":"textConvertido_19_1","nome":"eba04_04_19_1"},{"tipo":"img","x":"87.45px","y":"322.7px","width":"354.65px","height":"104.75px","nomeInstancia":"textConvertido_18_1","classe":"textConvertido_18_1","nome":"eba04_04_18_1"},{"tipo":"img","x":"87.45px","y":"264.2px","width":"333.6px","height":"43.1px","nomeInstancia":"textConvertido_17_0","classe":"textConvertido_17_0","nome":"eba04_04_17_0"},{"tipo":"img","x":"501.15px","y":"286.35px","width":"438.35px","height":"215.8px","nomeInstancia":"transicao_17_1","classe":"transicao_17_1","nome":"eba04_04_17_1"}]},{"desenhos":[{"tipo":"img","x":"449.6px","y":"229.25px","width":"77.9px","height":"45.1px","nomeInstancia":"transicao_20_1","classe":"transicao_20_1","nome":"eba04_04_20_0"},{"tipo":"img","x":"130px","y":"235.4px","width":"756.05px","height":"84.2px","nomeInstancia":"textConvertido_20_1","classe":"textConvertido_20_1","nome":"eba04_04_20_1"}]},{"desenhos":[{"tipo":"img","x":"259px","y":"454.7px","width":"498.05px","height":"56.4px","nomeInstancia":"transicao_21_1","classe":"transicao_21_1","nome":"eba04_04_21_0"},{"tipo":"img","x":"130px","y":"340.6px","width":"354.65px","height":"22.55px","nomeInstancia":"textConvertido_21_0","classe":"textConvertido_21_0","nome":"eba04_04_21_1"},{"tipo":"img","x":"449.6px","y":"229.25px","width":"77.9px","height":"45.1px","nomeInstancia":"transicao_20_1","classe":"transicao_20_1","nome":"eba04_04_20_0"},{"tipo":"img","x":"130px","y":"235.4px","width":"756.05px","height":"84.2px","nomeInstancia":"textConvertido_20_1","classe":"textConvertido_20_1","nome":"eba04_04_20_1"}]},{"desenhos":[{"tipo":"img","x":"130px","y":"384.15px","width":"670.25px","height":"22.55px","nomeInstancia":"textConvertido_22_0","classe":"textConvertido_22_0","nome":"eba04_04_22_0"},{"tipo":"img","x":"259px","y":"454.7px","width":"498.05px","height":"56.4px","nomeInstancia":"transicao_21_1","classe":"transicao_21_1","nome":"eba04_04_21_0"},{"tipo":"img","x":"130px","y":"340.6px","width":"354.65px","height":"22.55px","nomeInstancia":"textConvertido_21_0","classe":"textConvertido_21_0","nome":"eba04_04_21_1"},{"tipo":"img","x":"449.6px","y":"229.25px","width":"77.9px","height":"45.1px","nomeInstancia":"transicao_20_1","classe":"transicao_20_1","nome":"eba04_04_20_0"},{"tipo":"img","x":"130px","y":"235.4px","width":"756.05px","height":"84.2px","nomeInstancia":"textConvertido_20_1","classe":"textConvertido_20_1","nome":"eba04_04_20_1"}]},{"desenhos":[{"tipo":"img","x":"255.55px","y":"181.2px","width":"504.9px","height":"335.45px","nomeInstancia":"destaque_23","classe":"destaque_23","nome":"eba04_04_23_0"},{"tipo":"img","x":"130px","y":"384.15px","width":"670.25px","height":"22.55px","nomeInstancia":"textConvertido_22_0","classe":"textConvertido_22_0","nome":"eba04_04_22_0"},{"tipo":"img","x":"259px","y":"454.7px","width":"498.05px","height":"56.4px","nomeInstancia":"transicao_21_1","classe":"transicao_21_1","nome":"eba04_04_21_0"},{"tipo":"img","x":"130px","y":"340.6px","width":"354.65px","height":"22.55px","nomeInstancia":"textConvertido_21_0","classe":"textConvertido_21_0","nome":"eba04_04_21_1"},{"tipo":"img","x":"449.6px","y":"229.25px","width":"77.9px","height":"45.1px","nomeInstancia":"transicao_20_1","classe":"transicao_20_1","nome":"eba04_04_20_0"},{"tipo":"img","x":"130px","y":"235.4px","width":"756.05px","height":"84.2px","nomeInstancia":"textConvertido_20_1","classe":"textConvertido_20_1","nome":"eba04_04_20_1"}]},{"desenhos":[{"tipo":"img","x":"89.4px","y":"269.6px","width":"577.65px","height":"299.55px","nomeInstancia":"opcoes241570201192121","classe":"opcoes241570201192121","nome":"eba04_04_24_0"},{"tipo":"img","x":"89.4px","y":"287.85px","width":"861.3px","height":"170.95px","nomeInstancia":"textConvertido_24_1","classe":"textConvertido_24_1","nome":"eba04_04_24_1"},{"tipo":"img","x":"392.75px","y":"156.5px","width":"230.5px","height":"78.4px","nomeInstancia":"transicao_24_2","classe":"transicao_24_2","nome":"eba04_04_24_2"}]}]}