{"licao":"maa01_00","topico":"00","telas":[{"desenhos":[{"tipo":"img","x":"258.2px","y":"160.45px","width":"340.6px","height":"81.75px","nomeInstancia":"MovieClips/transicao_1_0","classe":"transicao_1_0","nome":"maa01_00_1_0"},{"nome":"maa01_00_1_1","tipo":"personagem","x":"0px","y":"0px","width":"1016px","height":"659px","nomeInstancia":"MovieClips/animaP","classe":"animaP"}]},{"desenhos":[{"tipo":"img","x":"158.6px","y":"236.6px","width":"389.65px","height":"128.15px","nomeInstancia":"MovieClips/transicao_2_0","classe":"transicao_2_0","nome":"maa01_00_2_0"},{"tipo":"img","x":"258.2px","y":"160.45px","width":"340.6px","height":"81.75px","nomeInstancia":"MovieClips/transicao_1_0","classe":"transicao_1_0","nome":"maa01_00_1_0"},{"nome":"maa01_00_1_1","tipo":"personagem","x":"0px","y":"0px","width":"1016px","height":"659px","nomeInstancia":"MovieClips/animaP","classe":"animaP"}]},{"desenhos":[{"tipo":"img","x":"314.2px","y":"147.3px","width":"514.75px","height":"86.5px","nomeInstancia":"MovieClips/transicao_3_0","classe":"transicao_3_0","nome":"maa01_00_3_0"},{"nome":"maa01_00_3_1","tipo":"personagem","x":"0px","y":"0px","width":"1016px","height":"659px","nomeInstancia":"MovieClips/animaP02","classe":"animaP02"}]},{"desenhos":[{"tipo":"img","x":"363.3px","y":"228.75px","width":"470.35px","height":"145.2px","nomeInstancia":"MovieClips/transicao_4_0","classe":"transicao_4_0","nome":"maa01_00_4_0"},{"tipo":"img","x":"314.2px","y":"147.3px","width":"514.75px","height":"86.5px","nomeInstancia":"MovieClips/transicao_3_0","classe":"transicao_3_0","nome":"maa01_00_3_0"},{"nome":"maa01_00_3_1","tipo":"personagem","x":"0px","y":"0px","width":"1016px","height":"659px","nomeInstancia":"MovieClips/animaP02","classe":"animaP02"}]},{"desenhos":[{"tipo":"img","x":"363.3px","y":"368px","width":"445.7px","height":"110.05px","nomeInstancia":"MovieClips/transicao_5_0","classe":"transicao_5_0","nome":"maa01_00_5_0"},{"tipo":"img","x":"363.3px","y":"228.75px","width":"470.35px","height":"145.2px","nomeInstancia":"MovieClips/transicao_4_0","classe":"transicao_4_0","nome":"maa01_00_4_0"},{"tipo":"img","x":"314.2px","y":"147.3px","width":"514.75px","height":"86.5px","nomeInstancia":"MovieClips/transicao_3_0","classe":"transicao_3_0","nome":"maa01_00_3_0"},{"nome":"maa01_00_3_1","tipo":"personagem","x":"0px","y":"0px","width":"1016px","height":"659px","nomeInstancia":"MovieClips/animaP02","classe":"animaP02"}]},{"desenhos":[{"tipo":"img","x":"182.45px","y":"221.95px","width":"695px","height":"247px","nomeInstancia":"telaInfo61576593242878","classe":"telaInfo61576593242878","nome":"maa01_00_6_0"},{"tipo":"img","x":"220.7px","y":"256.95px","width":"595.95px","height":"43.1px","nomeInstancia":"MovieClips/textConvertido_6_0","classe":"textConvertido_6_0","nome":"maa01_00_6_1"}]},{"desenhos":[{"tipo":"img","x":"415.8px","y":"202.3px","width":"409.35px","height":"115px","nomeInstancia":"MovieClips/transicao_7_0","classe":"transicao_7_0","nome":"maa01_00_7_0"},{"nome":"maa01_00_7_1","tipo":"personagem","x":"0px","y":"0px","width":"1016px","height":"659px","nomeInstancia":"MovieClips/animaP03","classe":"animaP03"}]},{"desenhos":[{"tipo":"img","x":"458.25px","y":"314.15px","width":"194.15px","height":"79.7px","nomeInstancia":"MovieClips/transicao_8_0","classe":"transicao_8_0","nome":"maa01_00_8_0"},{"tipo":"img","x":"415.8px","y":"202.3px","width":"409.35px","height":"115px","nomeInstancia":"MovieClips/transicao_7_0","classe":"transicao_7_0","nome":"maa01_00_7_0"},{"nome":"maa01_00_7_1","tipo":"personagem","x":"0px","y":"0px","width":"1016px","height":"659px","nomeInstancia":"MovieClips/animaP03","classe":"animaP03"}]}]}