{"licao":"elb05_04","topico":"04","telas":[{"desenhos":[{"tipo":"img","x":"100.6px","y":"321.7px","width":"426px","height":"84.2px","nomeInstancia":"MovieClips/textConvertido_1_1","classe":"textConvertido_1_1","nome":"elb05_04_1_0"},{"tipo":"img","x":"612.95px","y":"234.25px","width":"284.1px","height":"253.15px","nomeInstancia":"MovieClips/transicao_1_0","classe":"transicao_1_0","nome":"elb05_04_1_1"}]},{"desenhos":[{"tipo":"img","x":"88.2px","y":"152.15px","width":"426px","height":"24.9px","nomeInstancia":"MovieClips/textConvertido_2_0","classe":"textConvertido_2_0","nome":"elb05_04_2_0"},{"tipo":"img","x":"197px","y":"218.55px","width":"130.4px","height":"52.15px","nomeInstancia":"MovieClips/transicao_2_4","classe":"transicao_2_4","nome":"elb05_04_2_1"},{"tipo":"img","x":"197px","y":"302px","width":"130.4px","height":"52.15px","nomeInstancia":"MovieClips/transicao_2_3","classe":"transicao_2_3","nome":"elb05_04_2_2"},{"tipo":"img","x":"197px","y":"385.55px","width":"130.4px","height":"52.15px","nomeInstancia":"MovieClips/transicao_2_2","classe":"transicao_2_2","nome":"elb05_04_2_3"},{"tipo":"img","x":"197px","y":"469.05px","width":"130.4px","height":"52.15px","nomeInstancia":"MovieClips/transicao_2_1","classe":"transicao_2_1","nome":"elb05_04_2_4"}]},{"desenhos":[{"tipo":"img","x":"197px","y":"129.9px","width":"602.5px","height":"463.2px","nomeInstancia":"MovieClips/telaInfo03","classe":"telaInfo03","nome":"elb05_04_3_0"},{"tipo":"img","x":"521.35px","y":"341.75px","width":"408.45px","height":"22.55px","nomeInstancia":"MovieClips/textConvertido_3_1","classe":"textConvertido_3_1","nome":"elb05_04_3_1"},{"tipo":"img","x":"88.2px","y":"152.15px","width":"426px","height":"24.9px","nomeInstancia":"MovieClips/textConvertido_2_0","classe":"textConvertido_2_0","nome":"elb05_04_2_0"},{"tipo":"img","x":"197px","y":"218.55px","width":"130.4px","height":"52.15px","nomeInstancia":"MovieClips/transicao_2_4","classe":"transicao_2_4","nome":"elb05_04_2_1"},{"tipo":"img","x":"197px","y":"302px","width":"130.4px","height":"52.15px","nomeInstancia":"MovieClips/transicao_2_3","classe":"transicao_2_3","nome":"elb05_04_2_2"},{"tipo":"img","x":"197px","y":"385.55px","width":"130.4px","height":"52.15px","nomeInstancia":"MovieClips/transicao_2_2","classe":"transicao_2_2","nome":"elb05_04_2_3"},{"tipo":"img","x":"197px","y":"469.05px","width":"130.4px","height":"52.15px","nomeInstancia":"MovieClips/transicao_2_1","classe":"transicao_2_1","nome":"elb05_04_2_4"}]},{"desenhos":[{"tipo":"img","x":"76px","y":"231.75px","width":"426px","height":"84.2px","nomeInstancia":"MovieClips/textConvertido_4_0","classe":"textConvertido_4_0","nome":"elb05_04_4_0"},{"tipo":"img","x":"76px","y":"155.1px","width":"426px","height":"24.9px","nomeInstancia":"MovieClips/textConvertido_4_1","classe":"textConvertido_4_1","nome":"elb05_04_4_1"},{"tipo":"img","x":"578.05px","y":"169.5px","width":"346.3px","height":"396.7px","nomeInstancia":"MovieClips/transicao_4_2","classe":"transicao_4_2","nome":"elb05_04_4_2"}]},{"desenhos":[{"tipo":"img","x":"76px","y":"337.2px","width":"426px","height":"84.2px","nomeInstancia":"MovieClips/textConvertido_5_0","classe":"textConvertido_5_0","nome":"elb05_04_5_0"},{"tipo":"img","x":"76px","y":"231.75px","width":"426px","height":"84.2px","nomeInstancia":"MovieClips/textConvertido_4_0","classe":"textConvertido_4_0","nome":"elb05_04_4_0"},{"tipo":"img","x":"76px","y":"155.1px","width":"426px","height":"24.9px","nomeInstancia":"MovieClips/textConvertido_4_1","classe":"textConvertido_4_1","nome":"elb05_04_4_1"},{"tipo":"img","x":"578.05px","y":"169.5px","width":"346.3px","height":"396.7px","nomeInstancia":"MovieClips/transicao_4_2","classe":"transicao_4_2","nome":"elb05_04_4_2"}]},{"desenhos":[{"tipo":"img","x":"76px","y":"442.65px","width":"426px","height":"63.65px","nomeInstancia":"MovieClips/textConvertido_6_0","classe":"textConvertido_6_0","nome":"elb05_04_6_0"},{"tipo":"img","x":"76px","y":"337.2px","width":"426px","height":"84.2px","nomeInstancia":"MovieClips/textConvertido_5_0","classe":"textConvertido_5_0","nome":"elb05_04_5_0"},{"tipo":"img","x":"76px","y":"231.75px","width":"426px","height":"84.2px","nomeInstancia":"MovieClips/textConvertido_4_0","classe":"textConvertido_4_0","nome":"elb05_04_4_0"},{"tipo":"img","x":"76px","y":"155.1px","width":"426px","height":"24.9px","nomeInstancia":"MovieClips/textConvertido_4_1","classe":"textConvertido_4_1","nome":"elb05_04_4_1"},{"tipo":"img","x":"578.05px","y":"169.5px","width":"346.3px","height":"396.7px","nomeInstancia":"MovieClips/transicao_4_2","classe":"transicao_4_2","nome":"elb05_04_4_2"}]},{"desenhos":[{"tipo":"img","x":"234.05px","y":"271.95px","width":"548.95px","height":"303.3px","nomeInstancia":"MovieClips/telaInfo_movimenta07","classe":"telaInfo_movimenta07","nome":"elb05_04_7_0"},{"tipo":"img","x":"121.6px","y":"212px","width":"772.85px","height":"43.1px","nomeInstancia":"MovieClips/textConvertido_7_0","classe":"textConvertido_7_0","nome":"elb05_04_7_1"},{"tipo":"img","x":"74.35px","y":"133.6px","width":"131.9px","height":"70px","nomeInstancia":"MovieClips/transicao_7_1","classe":"transicao_7_1","nome":"elb05_04_7_2"}]}]}