{"licao":"elb05_05","topico":"05","telas":[{"desenhos":[{"tipo":"img","x":"98px","y":"210.5px","width":"426px","height":"84.2px","nomeInstancia":"MovieClips/textConvertido_1_0","classe":"textConvertido_1_0","nome":"elb05_05_1_0"},{"tipo":"img","x":"616.85px","y":"163.75px","width":"254.15px","height":"392.2px","nomeInstancia":"MovieClips/transicao_1_1","classe":"transicao_1_1","nome":"elb05_05_1_1"}]},{"desenhos":[{"tipo":"img","x":"98px","y":"328.7px","width":"426px","height":"63.65px","nomeInstancia":"MovieClips/textConvertido_2_0","classe":"textConvertido_2_0","nome":"elb05_05_2_0"},{"tipo":"img","x":"98px","y":"210.5px","width":"426px","height":"84.2px","nomeInstancia":"MovieClips/textConvertido_1_0","classe":"textConvertido_1_0","nome":"elb05_05_1_0"},{"tipo":"img","x":"616.85px","y":"163.75px","width":"254.15px","height":"392.2px","nomeInstancia":"MovieClips/transicao_1_1","classe":"transicao_1_1","nome":"elb05_05_1_1"}]},{"desenhos":[{"tipo":"img","x":"98px","y":"426.35px","width":"426px","height":"84.2px","nomeInstancia":"MovieClips/textConvertido_3_0","classe":"textConvertido_3_0","nome":"elb05_05_3_0"},{"tipo":"img","x":"98px","y":"328.7px","width":"426px","height":"63.65px","nomeInstancia":"MovieClips/textConvertido_2_0","classe":"textConvertido_2_0","nome":"elb05_05_2_0"},{"tipo":"img","x":"98px","y":"210.5px","width":"426px","height":"84.2px","nomeInstancia":"MovieClips/textConvertido_1_0","classe":"textConvertido_1_0","nome":"elb05_05_1_0"},{"tipo":"img","x":"616.85px","y":"163.75px","width":"254.15px","height":"392.2px","nomeInstancia":"MovieClips/transicao_1_1","classe":"transicao_1_1","nome":"elb05_05_1_1"}]},{"desenhos":[{"tipo":"img","x":"74px","y":"155.2px","width":"335.25px","height":"47.8px","nomeInstancia":"MovieClips/textConvertido_4_0","classe":"textConvertido_4_0","nome":"elb05_05_4_0"},{"tipo":"img","x":"99.25px","y":"272.7px","width":"310px","height":"202.65px","nomeInstancia":"MovieClips/transicao_4_1","classe":"transicao_4_1","nome":"elb05_05_4_1"}]},{"desenhos":[{"tipo":"img","x":"500px","y":"289px","width":"426px","height":"63.65px","nomeInstancia":"MovieClips/textConvertido_5_0","classe":"textConvertido_5_0","nome":"elb05_05_5_0"},{"tipo":"img","x":"74px","y":"155.2px","width":"335.25px","height":"47.8px","nomeInstancia":"MovieClips/textConvertido_4_0","classe":"textConvertido_4_0","nome":"elb05_05_4_0"},{"tipo":"img","x":"99.25px","y":"272.7px","width":"310px","height":"202.65px","nomeInstancia":"MovieClips/transicao_4_1","classe":"transicao_4_1","nome":"elb05_05_4_1"}]},{"desenhos":[{"tipo":"img","x":"150px","y":"219.85px","width":"765.75px","height":"347.65px","nomeInstancia":"MovieClips/telaInfo_miniNavegacao06","classe":"telaInfo_miniNavegacao06","nome":"elb05_05_6_0"},{"tipo":"img","x":"500px","y":"370.8px","width":"426px","height":"84.2px","nomeInstancia":"MovieClips/textConvertido_6_1","classe":"textConvertido_6_1","nome":"elb05_05_6_1"},{"tipo":"img","x":"500px","y":"289px","width":"426px","height":"63.65px","nomeInstancia":"MovieClips/textConvertido_5_0","classe":"textConvertido_5_0","nome":"elb05_05_5_0"},{"tipo":"img","x":"74px","y":"155.2px","width":"335.25px","height":"47.8px","nomeInstancia":"MovieClips/textConvertido_4_0","classe":"textConvertido_4_0","nome":"elb05_05_4_0"},{"tipo":"img","x":"99.25px","y":"272.7px","width":"310px","height":"202.65px","nomeInstancia":"MovieClips/transicao_4_1","classe":"transicao_4_1","nome":"elb05_05_4_1"}]},{"desenhos":[{"tipo":"img","x":"76px","y":"240.2px","width":"386.45px","height":"104.75px","nomeInstancia":"MovieClips/textConvertido_7_0","classe":"textConvertido_7_0","nome":"elb05_05_7_0"},{"tipo":"img","x":"522.45px","y":"228.9px","width":"434.9px","height":"261.9px","nomeInstancia":"MovieClips/transicao_7_1","classe":"transicao_7_1","nome":"elb05_05_7_1"}]},{"desenhos":[{"tipo":"img","x":"76px","y":"374.4px","width":"385.4px","height":"104.75px","nomeInstancia":"MovieClips/textConvertido_8_0","classe":"textConvertido_8_0","nome":"elb05_05_8_0"},{"tipo":"img","x":"76px","y":"240.2px","width":"386.45px","height":"104.75px","nomeInstancia":"MovieClips/textConvertido_7_0","classe":"textConvertido_7_0","nome":"elb05_05_7_0"},{"tipo":"img","x":"522.45px","y":"228.9px","width":"434.9px","height":"261.9px","nomeInstancia":"MovieClips/transicao_7_1","classe":"transicao_7_1","nome":"elb05_05_7_1"}]},{"desenhos":[{"tipo":"img","x":"280.95px","y":"145.75px","width":"587.85px","height":"161.65px","nomeInstancia":"MovieClips/transicao_9_0","classe":"transicao_9_0","nome":"elb05_05_9_0"},{"nome":"elb05_05_9_1","tipo":"personagem","x":"0px","y":"0px","width":"1016px","height":"659px","nomeInstancia":"MovieClips/animaP9","classe":"animaP9"}]},{"desenhos":[{"tipo":"img","x":"118.6px","y":"214.2px","width":"833.65px","height":"376.55px","nomeInstancia":"MovieClips/labglobal","classe":"labglobal","nome":"elb05_05_10_0"},{"tipo":"img","x":"72px","y":"233.6px","width":"249.45px","height":"145.85px","nomeInstancia":"MovieClips/textConvertido_10_1","classe":"textConvertido_10_1","nome":"elb05_05_10_1"},{"tipo":"img","x":"250.75px","y":"160.05px","width":"383.75px","height":"43.1px","nomeInstancia":"MovieClips/textConvertido_10_2","classe":"textConvertido_10_2","nome":"elb05_05_10_2"},{"tipo":"img","x":"76px","y":"133.4px","width":"131.9px","height":"70px","nomeInstancia":"MovieClips/transicao_10_3","classe":"transicao_10_3","nome":"elb05_05_10_3"}]},{"desenhos":[{"tipo":"img","x":"69.2px","y":"144.85px","width":"362.5px","height":"47.8px","nomeInstancia":"MovieClips/textConvertido_11_0","classe":"textConvertido_11_0","nome":"elb05_05_11_0"},{"tipo":"img","x":"104.15px","y":"244.35px","width":"301.3px","height":"271.85px","nomeInstancia":"MovieClips/transicao_11_1","classe":"transicao_11_1","nome":"elb05_05_11_1"}]},{"desenhos":[{"tipo":"img","x":"500px","y":"303.25px","width":"426px","height":"63.65px","nomeInstancia":"MovieClips/textConvertido_12_0","classe":"textConvertido_12_0","nome":"elb05_05_12_0"},{"tipo":"img","x":"69.2px","y":"144.85px","width":"362.5px","height":"47.8px","nomeInstancia":"MovieClips/textConvertido_11_0","classe":"textConvertido_11_0","nome":"elb05_05_11_0"},{"tipo":"img","x":"104.15px","y":"244.35px","width":"301.3px","height":"271.85px","nomeInstancia":"MovieClips/transicao_11_1","classe":"transicao_11_1","nome":"elb05_05_11_1"}]},{"desenhos":[{"tipo":"img","x":"213px","y":"221.75px","width":"732.45px","height":"353.95px","nomeInstancia":"MovieClips/telaInfo_miniNavegacao","classe":"telaInfo_miniNavegacao","nome":"elb05_05_13_0"},{"tipo":"img","x":"500px","y":"384.6px","width":"426px","height":"84.2px","nomeInstancia":"MovieClips/textConvertido_13_1","classe":"textConvertido_13_1","nome":"elb05_05_13_1"},{"tipo":"img","x":"500px","y":"303.25px","width":"426px","height":"63.65px","nomeInstancia":"MovieClips/textConvertido_12_0","classe":"textConvertido_12_0","nome":"elb05_05_12_0"},{"tipo":"img","x":"69.2px","y":"144.85px","width":"362.5px","height":"47.8px","nomeInstancia":"MovieClips/textConvertido_11_0","classe":"textConvertido_11_0","nome":"elb05_05_11_0"},{"tipo":"img","x":"104.15px","y":"244.35px","width":"301.3px","height":"271.85px","nomeInstancia":"MovieClips/transicao_11_1","classe":"transicao_11_1","nome":"elb05_05_11_1"}]},{"desenhos":[{"tipo":"img","x":"79.85px","y":"217.8px","width":"426px","height":"104.75px","nomeInstancia":"MovieClips/textConvertido_14_0","classe":"textConvertido_14_0","nome":"elb05_05_14_0"},{"tipo":"img","x":"564.1px","y":"247.2px","width":"380.6px","height":"229.2px","nomeInstancia":"MovieClips/transicao_14_1","classe":"transicao_14_1","nome":"elb05_05_14_1"}]},{"desenhos":[{"tipo":"img","x":"79.85px","y":"340.75px","width":"426px","height":"63.65px","nomeInstancia":"MovieClips/textConvertido_15_0","classe":"textConvertido_15_0","nome":"elb05_05_15_0"},{"tipo":"img","x":"79.85px","y":"217.8px","width":"426px","height":"104.75px","nomeInstancia":"MovieClips/textConvertido_14_0","classe":"textConvertido_14_0","nome":"elb05_05_14_0"},{"tipo":"img","x":"564.1px","y":"247.2px","width":"380.6px","height":"229.2px","nomeInstancia":"MovieClips/transicao_14_1","classe":"transicao_14_1","nome":"elb05_05_14_1"}]},{"desenhos":[{"tipo":"img","x":"79.85px","y":"423.55px","width":"426px","height":"104.75px","nomeInstancia":"MovieClips/textConvertido_16_0","classe":"textConvertido_16_0","nome":"elb05_05_16_0"},{"tipo":"img","x":"79.85px","y":"340.75px","width":"426px","height":"63.65px","nomeInstancia":"MovieClips/textConvertido_15_0","classe":"textConvertido_15_0","nome":"elb05_05_15_0"},{"tipo":"img","x":"79.85px","y":"217.8px","width":"426px","height":"104.75px","nomeInstancia":"MovieClips/textConvertido_14_0","classe":"textConvertido_14_0","nome":"elb05_05_14_0"},{"tipo":"img","x":"564.1px","y":"247.2px","width":"380.6px","height":"229.2px","nomeInstancia":"MovieClips/transicao_14_1","classe":"transicao_14_1","nome":"elb05_05_14_1"}]},{"desenhos":[{"tipo":"img","x":"500px","y":"256.7px","width":"426px","height":"145.85px","nomeInstancia":"MovieClips/textConvertido_17_0","classe":"textConvertido_17_0","nome":"elb05_05_17_0"},{"tipo":"img","x":"500px","y":"217.9px","width":"426px","height":"22.55px","nomeInstancia":"MovieClips/textConvertido_17_1","classe":"textConvertido_17_1","nome":"elb05_05_17_1"},{"tipo":"img","x":"94.8px","y":"260.9px","width":"334.6px","height":"189px","nomeInstancia":"MovieClips/transicao_17_2","classe":"transicao_17_2","nome":"elb05_05_17_2"}]},{"desenhos":[{"tipo":"img","x":"94.8px","y":"177.75px","width":"710.25px","height":"325.7px","nomeInstancia":"MovieClips/telaInfo_miniNavegacao18","classe":"telaInfo_miniNavegacao18","nome":"elb05_05_18_0"},{"tipo":"img","x":"-1160.45px","y":"76.1px","width":"468.55px","height":"165.4px","nomeInstancia":"MovieClips/destaque_520_10","classe":"destaque_520_10","nome":"elb05_05_18_1"},{"tipo":"img","x":"500px","y":"418.8px","width":"426px","height":"43.1px","nomeInstancia":"MovieClips/textConvertido_18_2","classe":"textConvertido_18_2","nome":"elb05_05_18_2"},{"tipo":"img","x":"500px","y":"256.7px","width":"426px","height":"145.85px","nomeInstancia":"MovieClips/textConvertido_17_0","classe":"textConvertido_17_0","nome":"elb05_05_17_0"},{"tipo":"img","x":"500px","y":"217.9px","width":"426px","height":"22.55px","nomeInstancia":"MovieClips/textConvertido_17_1","classe":"textConvertido_17_1","nome":"elb05_05_17_1"},{"tipo":"img","x":"94.8px","y":"260.9px","width":"334.6px","height":"189px","nomeInstancia":"MovieClips/transicao_17_2","classe":"transicao_17_2","nome":"elb05_05_17_2"}]},{"desenhos":[{"tipo":"img","x":"80.85px","y":"261.9px","width":"820.3px","height":"306.8px","nomeInstancia":"MovieClips/opcoes19","classe":"opcoes19","nome":"elb05_05_19_0"},{"tipo":"img","x":"107.85px","y":"229.35px","width":"553.8px","height":"269.15px","nomeInstancia":"MovieClips/textConvertido_19_1","classe":"textConvertido_19_1","nome":"elb05_05_19_1"},{"tipo":"img","x":"76px","y":"138.55px","width":"131.9px","height":"70px","nomeInstancia":"MovieClips/transicao_19_2","classe":"transicao_19_2","nome":"elb05_05_19_2"},{"tipo":"img","x":"577.35px","y":"281.15px","width":"344.8px","height":"203.75px","nomeInstancia":"MovieClips/transicao_19_3","classe":"transicao_19_3","nome":"elb05_05_19_3"}]},{"desenhos":[{"tipo":"img","x":"284.65px","y":"194.75px","width":"559.45px","height":"98.85px","nomeInstancia":"MovieClips/transicao_20_0","classe":"transicao_20_0","nome":"elb05_05_20_0"},{"tipo":"img","x":"85.3px","y":"140.35px","width":"133.2px","height":"49.65px","nomeInstancia":"MovieClips/transicao_20_1","classe":"transicao_20_1","nome":"elb05_05_20_1"},{"nome":"elb05_05_20_2","tipo":"personagem","x":"0px","y":"0px","width":"1016px","height":"659px","nomeInstancia":"MovieClips/animaP20","classe":"animaP20"}]},{"desenhos":[{"tipo":"img","x":"355.85px","y":"289.15px","width":"550.1px","height":"193.55px","nomeInstancia":"MovieClips/transicao_21_0","classe":"transicao_21_0","nome":"elb05_05_21_0"},{"tipo":"img","x":"284.65px","y":"194.75px","width":"559.45px","height":"98.85px","nomeInstancia":"MovieClips/transicao_20_0","classe":"transicao_20_0","nome":"elb05_05_20_0"},{"tipo":"img","x":"85.3px","y":"140.35px","width":"133.2px","height":"49.65px","nomeInstancia":"MovieClips/transicao_20_1","classe":"transicao_20_1","nome":"elb05_05_20_1"},{"nome":"elb05_05_20_2","tipo":"personagem","x":"0px","y":"0px","width":"1016px","height":"659px","nomeInstancia":"MovieClips/animaP20","classe":"animaP20"}]},{"desenhos":[{"tipo":"img","x":"171.15px","y":"218.85px","width":"535.35px","height":"106.55px","nomeInstancia":"MovieClips/transicao_22_0","classe":"transicao_22_0","nome":"elb05_05_22_0"},{"nome":"elb05_05_22_1","tipo":"personagem","x":"0px","y":"0px","width":"1016px","height":"659px","nomeInstancia":"MovieClips/animaP22","classe":"animaP22"}]},{"desenhos":[{"tipo":"img","x":"111px","y":"323.4px","width":"505.8px","height":"157.7px","nomeInstancia":"MovieClips/transicao_23_0","classe":"transicao_23_0","nome":"elb05_05_23_0"},{"tipo":"img","x":"171.15px","y":"218.85px","width":"535.35px","height":"106.55px","nomeInstancia":"MovieClips/transicao_22_0","classe":"transicao_22_0","nome":"elb05_05_22_0"},{"nome":"elb05_05_22_1","tipo":"personagem","x":"0px","y":"0px","width":"1016px","height":"659px","nomeInstancia":"MovieClips/animaP22","classe":"animaP22"}]},{"desenhos":[{"tipo":"img","x":"238.45px","y":"156.35px","width":"579.4px","height":"160.35px","nomeInstancia":"MovieClips/transicao_24_0","classe":"transicao_24_0","nome":"elb05_05_24_0"},{"nome":"elb05_05_24_1","tipo":"personagem","x":"0px","y":"0px","width":"1016px","height":"659px","nomeInstancia":"MovieClips/animaP24","classe":"animaP24"}]},{"desenhos":[{"tipo":"img","x":"359.75px","y":"312.35px","width":"479px","height":"135.55px","nomeInstancia":"MovieClips/transicao_25_0","classe":"transicao_25_0","nome":"elb05_05_25_0"},{"tipo":"img","x":"238.45px","y":"156.35px","width":"579.4px","height":"160.35px","nomeInstancia":"MovieClips/transicao_24_0","classe":"transicao_24_0","nome":"elb05_05_24_0"},{"nome":"elb05_05_24_1","tipo":"personagem","x":"0px","y":"0px","width":"1016px","height":"659px","nomeInstancia":"MovieClips/animaP24","classe":"animaP24"}]},{"desenhos":[{"tipo":"img","x":"355.95px","y":"442.35px","width":"505.9px","height":"124.35px","nomeInstancia":"MovieClips/transicao_26_0","classe":"transicao_26_0","nome":"elb05_05_26_0"},{"tipo":"img","x":"359.75px","y":"312.35px","width":"479px","height":"135.55px","nomeInstancia":"MovieClips/transicao_25_0","classe":"transicao_25_0","nome":"elb05_05_25_0"},{"tipo":"img","x":"238.45px","y":"156.35px","width":"579.4px","height":"160.35px","nomeInstancia":"MovieClips/transicao_24_0","classe":"transicao_24_0","nome":"elb05_05_24_0"},{"nome":"elb05_05_24_1","tipo":"personagem","x":"0px","y":"0px","width":"1016px","height":"659px","nomeInstancia":"MovieClips/animaP24","classe":"animaP24"}]},{"desenhos":[{"tipo":"img","x":"199.1px","y":"172.65px","width":"540.25px","height":"131.55px","nomeInstancia":"MovieClips/transicao_27_0","classe":"transicao_27_0","nome":"elb05_05_27_0"},{"nome":"elb05_05_27_1","tipo":"personagem","x":"0px","y":"0px","width":"1016px","height":"659px","nomeInstancia":"MovieClips/animaP27","classe":"animaP27"}]},{"desenhos":[{"tipo":"img","x":"177.55px","y":"299.8px","width":"477.1px","height":"161.8px","nomeInstancia":"MovieClips/transicao_28_0","classe":"transicao_28_0","nome":"elb05_05_28_0"},{"tipo":"img","x":"199.1px","y":"172.65px","width":"540.25px","height":"131.55px","nomeInstancia":"MovieClips/transicao_27_0","classe":"transicao_27_0","nome":"elb05_05_27_0"},{"nome":"elb05_05_27_1","tipo":"personagem","x":"0px","y":"0px","width":"1016px","height":"659px","nomeInstancia":"MovieClips/animaP27","classe":"animaP27"}]},{"desenhos":[{"tipo":"img","x":"222.15px","y":"164.1px","width":"587.55px","height":"112.35px","nomeInstancia":"MovieClips/transicao_29_0","classe":"transicao_29_0","nome":"elb05_05_29_0"},{"nome":"elb05_05_29_1","tipo":"personagem","x":"0px","y":"0px","width":"1016px","height":"659px","nomeInstancia":"MovieClips/animaP29","classe":"animaP29"}]},{"desenhos":[{"tipo":"img","x":"319.2px","y":"273.6px","width":"509.85px","height":"129.3px","nomeInstancia":"MovieClips/transicao_30_0","classe":"transicao_30_0","nome":"elb05_05_30_0"},{"tipo":"img","x":"222.15px","y":"164.1px","width":"587.55px","height":"112.35px","nomeInstancia":"MovieClips/transicao_29_0","classe":"transicao_29_0","nome":"elb05_05_29_0"},{"nome":"elb05_05_29_1","tipo":"personagem","x":"0px","y":"0px","width":"1016px","height":"659px","nomeInstancia":"MovieClips/animaP29","classe":"animaP29"}]},{"desenhos":[{"tipo":"img","x":"347.1px","y":"398.15px","width":"496.2px","height":"159.85px","nomeInstancia":"MovieClips/transicao_31_0","classe":"transicao_31_0","nome":"elb05_05_31_0"},{"tipo":"img","x":"319.2px","y":"273.6px","width":"509.85px","height":"129.3px","nomeInstancia":"MovieClips/transicao_30_0","classe":"transicao_30_0","nome":"elb05_05_30_0"},{"tipo":"img","x":"222.15px","y":"164.1px","width":"587.55px","height":"112.35px","nomeInstancia":"MovieClips/transicao_29_0","classe":"transicao_29_0","nome":"elb05_05_29_0"},{"nome":"elb05_05_29_1","tipo":"personagem","x":"0px","y":"0px","width":"1016px","height":"659px","nomeInstancia":"MovieClips/animaP29","classe":"animaP29"}]},{"desenhos":[{"tipo":"img","x":"181.75px","y":"136.15px","width":"599.85px","height":"133.55px","nomeInstancia":"MovieClips/transicao_32_0","classe":"transicao_32_0","nome":"elb05_05_32_0"},{"nome":"elb05_05_32_1","tipo":"personagem","x":"0px","y":"0px","width":"1016px","height":"659px","nomeInstancia":"MovieClips/animaP32","classe":"animaP32"}]},{"desenhos":[{"tipo":"img","x":"162.5px","y":"266.2px","width":"513.6px","height":"172.1px","nomeInstancia":"MovieClips/transicao_33_0","classe":"transicao_33_0","nome":"elb05_05_33_0"},{"tipo":"img","x":"181.75px","y":"136.15px","width":"599.85px","height":"133.55px","nomeInstancia":"MovieClips/transicao_32_0","classe":"transicao_32_0","nome":"elb05_05_32_0"},{"nome":"elb05_05_32_1","tipo":"personagem","x":"0px","y":"0px","width":"1016px","height":"659px","nomeInstancia":"MovieClips/animaP32","classe":"animaP32"}]},{"desenhos":[{"tipo":"img","x":"127.9px","y":"435.45px","width":"500.1px","height":"146.45px","nomeInstancia":"MovieClips/transicao_34_0","classe":"transicao_34_0","nome":"elb05_05_34_0"},{"tipo":"img","x":"162.5px","y":"266.2px","width":"513.6px","height":"172.1px","nomeInstancia":"MovieClips/transicao_33_0","classe":"transicao_33_0","nome":"elb05_05_33_0"},{"tipo":"img","x":"181.75px","y":"136.15px","width":"599.85px","height":"133.55px","nomeInstancia":"MovieClips/transicao_32_0","classe":"transicao_32_0","nome":"elb05_05_32_0"},{"nome":"elb05_05_32_1","tipo":"personagem","x":"0px","y":"0px","width":"1016px","height":"659px","nomeInstancia":"MovieClips/animaP32","classe":"animaP32"}]},{"desenhos":[{"tipo":"img","x":"247.6px","y":"209.9px","width":"511.65px","height":"295.7px","nomeInstancia":"MovieClips/transicao_35_0","classe":"transicao_35_0","nome":"elb05_05_35_0"}]}]}