{"licao":"elb05_01","topico":"01","telas":[{"desenhos":[{"tipo":"img","x":"203.45px","y":"163.85px","width":"551.2px","height":"119.35px","nomeInstancia":"MovieClips/transicao_1_0","classe":"transicao_1_0","nome":"elb05_01_1_0"},{"nome":"elb05_01_1_1","tipo":"personagem","x":"0px","y":"0px","width":"1016px","height":"659px","nomeInstancia":"MovieClips/animaP1","classe":"animaP1"}]},{"desenhos":[{"tipo":"img","x":"188.65px","y":"279px","width":"461.2px","height":"126.35px","nomeInstancia":"MovieClips/transicao_2_0","classe":"transicao_2_0","nome":"elb05_01_2_0"},{"tipo":"img","x":"203.45px","y":"163.85px","width":"551.2px","height":"119.35px","nomeInstancia":"MovieClips/transicao_1_0","classe":"transicao_1_0","nome":"elb05_01_1_0"},{"nome":"elb05_01_1_1","tipo":"personagem","x":"0px","y":"0px","width":"1016px","height":"659px","nomeInstancia":"MovieClips/animaP1","classe":"animaP1"}]},{"desenhos":[{"tipo":"img","x":"220.65px","y":"400.6px","width":"341.8px","height":"83.5px","nomeInstancia":"MovieClips/transicao_3_0","classe":"transicao_3_0","nome":"elb05_01_3_0"},{"tipo":"img","x":"188.65px","y":"279px","width":"461.2px","height":"126.35px","nomeInstancia":"MovieClips/transicao_2_0","classe":"transicao_2_0","nome":"elb05_01_2_0"},{"tipo":"img","x":"203.45px","y":"163.85px","width":"551.2px","height":"119.35px","nomeInstancia":"MovieClips/transicao_1_0","classe":"transicao_1_0","nome":"elb05_01_1_0"},{"nome":"elb05_01_1_1","tipo":"personagem","x":"0px","y":"0px","width":"1016px","height":"659px","nomeInstancia":"MovieClips/animaP1","classe":"animaP1"}]},{"desenhos":[{"tipo":"img","x":"500px","y":"238.7px","width":"426px","height":"84.2px","nomeInstancia":"MovieClips/textConvertido_4_0","classe":"textConvertido_4_0","nome":"elb05_01_4_0"},{"tipo":"img","x":"74px","y":"151.55px","width":"426px","height":"24.9px","nomeInstancia":"MovieClips/textConvertido_4_1","classe":"textConvertido_4_1","nome":"elb05_01_4_1"},{"tipo":"img","x":"68.35px","y":"295.7px","width":"362.75px","height":"128.35px","nomeInstancia":"MovieClips/transicao_4_2","classe":"transicao_4_2","nome":"elb05_01_4_2"}]},{"desenhos":[{"tipo":"img","x":"500px","y":"339px","width":"426px","height":"125.3px","nomeInstancia":"MovieClips/textConvertido_5_0","classe":"textConvertido_5_0","nome":"elb05_01_5_0"},{"tipo":"img","x":"500px","y":"238.7px","width":"426px","height":"84.2px","nomeInstancia":"MovieClips/textConvertido_4_0","classe":"textConvertido_4_0","nome":"elb05_01_4_0"},{"tipo":"img","x":"74px","y":"151.55px","width":"426px","height":"24.9px","nomeInstancia":"MovieClips/textConvertido_4_1","classe":"textConvertido_4_1","nome":"elb05_01_4_1"},{"tipo":"img","x":"68.35px","y":"295.7px","width":"362.75px","height":"128.35px","nomeInstancia":"MovieClips/transicao_4_2","classe":"transicao_4_2","nome":"elb05_01_4_2"}]},{"desenhos":[{"tipo":"img","x":"76px","y":"274.85px","width":"426px","height":"63.65px","nomeInstancia":"MovieClips/textConvertido_6_0","classe":"textConvertido_6_0","nome":"elb05_01_6_0"},{"tipo":"img","x":"567.6px","y":"248.4px","width":"356.7px","height":"222.95px","nomeInstancia":"MovieClips/transicao_6_1","classe":"transicao_6_1","nome":"elb05_01_6_1"}]},{"desenhos":[{"tipo":"img","x":"76px","y":"357.6px","width":"426px","height":"22.55px","nomeInstancia":"MovieClips/textConvertido_7_0","classe":"textConvertido_7_0","nome":"elb05_01_7_0"},{"tipo":"img","x":"76px","y":"274.85px","width":"426px","height":"63.65px","nomeInstancia":"MovieClips/textConvertido_6_0","classe":"textConvertido_6_0","nome":"elb05_01_6_0"},{"tipo":"img","x":"567.6px","y":"248.4px","width":"356.7px","height":"222.95px","nomeInstancia":"MovieClips/transicao_6_1","classe":"transicao_6_1","nome":"elb05_01_6_1"}]},{"desenhos":[{"tipo":"img","x":"76px","y":"399.25px","width":"426px","height":"43.1px","nomeInstancia":"MovieClips/textConvertido_8_0","classe":"textConvertido_8_0","nome":"elb05_01_8_0"},{"tipo":"img","x":"76px","y":"357.6px","width":"426px","height":"22.55px","nomeInstancia":"MovieClips/textConvertido_7_0","classe":"textConvertido_7_0","nome":"elb05_01_7_0"},{"tipo":"img","x":"76px","y":"274.85px","width":"426px","height":"63.65px","nomeInstancia":"MovieClips/textConvertido_6_0","classe":"textConvertido_6_0","nome":"elb05_01_6_0"},{"tipo":"img","x":"567.6px","y":"248.4px","width":"356.7px","height":"222.95px","nomeInstancia":"MovieClips/transicao_6_1","classe":"transicao_6_1","nome":"elb05_01_6_1"}]},{"desenhos":[{"tipo":"img","x":"206.8px","y":"262px","width":"609.05px","height":"306.65px","nomeInstancia":"MovieClips/dragDrop09","classe":"dragDrop09","nome":"elb05_01_9_0"},{"tipo":"img","x":"295px","y":"198.35px","width":"426px","height":"43.1px","nomeInstancia":"MovieClips/textConvertido_9_1","classe":"textConvertido_9_1","nome":"elb05_01_9_1"},{"tipo":"img","x":"295px","y":"168.8px","width":"377.9px","height":"22.55px","nomeInstancia":"MovieClips/textConvertido_9_2","classe":"textConvertido_9_2","nome":"elb05_01_9_2"},{"tipo":"img","x":"85.1px","y":"136.2px","width":"131.9px","height":"70px","nomeInstancia":"MovieClips/transicao_9_3","classe":"transicao_9_3","nome":"elb05_01_9_3"}]},{"desenhos":[{"tipo":"img","x":"78px","y":"238.8px","width":"426px","height":"104.75px","nomeInstancia":"MovieClips/textConvertido_10_0","classe":"textConvertido_10_0","nome":"elb05_01_10_0"},{"tipo":"img","x":"76px","y":"156.5px","width":"426px","height":"24.9px","nomeInstancia":"MovieClips/textConvertido_10_1","classe":"textConvertido_10_1","nome":"elb05_01_10_1"},{"tipo":"img","x":"620.25px","y":"291.15px","width":"270.5px","height":"177.15px","nomeInstancia":"MovieClips/transicao_10_2","classe":"transicao_10_2","nome":"elb05_01_10_2"}]},{"desenhos":[{"tipo":"img","x":"78px","y":"357.6px","width":"426px","height":"145.85px","nomeInstancia":"MovieClips/textConvertido_11_0","classe":"textConvertido_11_0","nome":"elb05_01_11_0"},{"tipo":"img","x":"78px","y":"238.8px","width":"426px","height":"104.75px","nomeInstancia":"MovieClips/textConvertido_10_0","classe":"textConvertido_10_0","nome":"elb05_01_10_0"},{"tipo":"img","x":"76px","y":"156.5px","width":"426px","height":"24.9px","nomeInstancia":"MovieClips/textConvertido_10_1","classe":"textConvertido_10_1","nome":"elb05_01_10_1"},{"tipo":"img","x":"620.25px","y":"291.15px","width":"270.5px","height":"177.15px","nomeInstancia":"MovieClips/transicao_10_2","classe":"transicao_10_2","nome":"elb05_01_10_2"}]},{"desenhos":[{"tipo":"img","x":"500px","y":"257.8px","width":"426px","height":"63.65px","nomeInstancia":"MovieClips/textConvertido_12_0","classe":"textConvertido_12_0","nome":"elb05_01_12_0"},{"tipo":"img","x":"78.35px","y":"195.15px","width":"336.9px","height":"332.7px","nomeInstancia":"MovieClips/transicao_12_1","classe":"transicao_12_1","nome":"elb05_01_12_1"}]},{"desenhos":[{"tipo":"img","x":"500px","y":"348.1px","width":"426px","height":"22.55px","nomeInstancia":"MovieClips/textConvertido_13_0","classe":"textConvertido_13_0","nome":"elb05_01_13_0"},{"tipo":"img","x":"500px","y":"257.8px","width":"426px","height":"63.65px","nomeInstancia":"MovieClips/textConvertido_12_0","classe":"textConvertido_12_0","nome":"elb05_01_12_0"},{"tipo":"img","x":"78.35px","y":"195.15px","width":"336.9px","height":"332.7px","nomeInstancia":"MovieClips/transicao_12_1","classe":"transicao_12_1","nome":"elb05_01_12_1"}]},{"desenhos":[{"tipo":"img","x":"263px","y":"230.75px","width":"632.75px","height":"319.7px","nomeInstancia":"MovieClips/telaInfo14","classe":"telaInfo14","nome":"elb05_01_14_0"},{"tipo":"img","x":"500px","y":"397.3px","width":"426px","height":"43.1px","nomeInstancia":"MovieClips/textConvertido_14_1","classe":"textConvertido_14_1","nome":"elb05_01_14_1"},{"tipo":"img","x":"500px","y":"348.1px","width":"426px","height":"22.55px","nomeInstancia":"MovieClips/textConvertido_13_0","classe":"textConvertido_13_0","nome":"elb05_01_13_0"},{"tipo":"img","x":"500px","y":"257.8px","width":"426px","height":"63.65px","nomeInstancia":"MovieClips/textConvertido_12_0","classe":"textConvertido_12_0","nome":"elb05_01_12_0"},{"tipo":"img","x":"78.35px","y":"195.15px","width":"336.9px","height":"332.7px","nomeInstancia":"MovieClips/transicao_12_1","classe":"transicao_12_1","nome":"elb05_01_12_1"}]},{"desenhos":[{"tipo":"img","x":"76px","y":"248.8px","width":"426px","height":"22.55px","nomeInstancia":"MovieClips/textConvertido_15_0","classe":"textConvertido_15_0","nome":"elb05_01_15_0"},{"tipo":"img","x":"76px","y":"137.35px","width":"131.9px","height":"70px","nomeInstancia":"MovieClips/transicao_15_1","classe":"transicao_15_1","nome":"elb05_01_15_1"},{"tipo":"img","x":"562.15px","y":"222.55px","width":"350.3px","height":"308.8px","nomeInstancia":"MovieClips/05T08","classe":"05T08","nome":"elb05_01_15_2"}]},{"desenhos":[{"tipo":"img","x":"220.4px","y":"78.3px","width":"795.55px","height":"580.55px","nomeInstancia":"MovieClips/dragDrop16a","classe":"dragDrop16a","nome":"elb05_01_16_0"},{"tipo":"img","x":"76px","y":"281.35px","width":"426px","height":"43.1px","nomeInstancia":"MovieClips/textConvertido_16_1","classe":"textConvertido_16_1","nome":"elb05_01_16_1"},{"tipo":"img","x":"76px","y":"248.8px","width":"426px","height":"22.55px","nomeInstancia":"MovieClips/textConvertido_15_0","classe":"textConvertido_15_0","nome":"elb05_01_15_0"},{"tipo":"img","x":"76px","y":"137.35px","width":"131.9px","height":"70px","nomeInstancia":"MovieClips/transicao_15_1","classe":"transicao_15_1","nome":"elb05_01_15_1"}]},{"desenhos":[{"tipo":"img","x":"524.3px","y":"278.4px","width":"426px","height":"63.65px","nomeInstancia":"MovieClips/textConvertido_17_0","classe":"textConvertido_17_0","nome":"elb05_01_17_0"},{"tipo":"img","x":"70.35px","y":"157.65px","width":"426px","height":"24.9px","nomeInstancia":"MovieClips/textConvertido_17_1","classe":"textConvertido_17_1","nome":"elb05_01_17_1"},{"tipo":"img","x":"70.35px","y":"268.65px","width":"403.4px","height":"183.8px","nomeInstancia":"MovieClips/transicao_17_2","classe":"transicao_17_2","nome":"elb05_01_17_2"}]},{"desenhos":[{"tipo":"img","x":"213.85px","y":"178.6px","width":"728.9px","height":"380.6px","nomeInstancia":"MovieClips/telaInfo18","classe":"telaInfo18","nome":"elb05_01_18_0"},{"tipo":"img","x":"524.3px","y":"368.25px","width":"426px","height":"84.2px","nomeInstancia":"MovieClips/textConvertido_18_1","classe":"textConvertido_18_1","nome":"elb05_01_18_1"},{"tipo":"img","x":"524.3px","y":"278.4px","width":"426px","height":"63.65px","nomeInstancia":"MovieClips/textConvertido_17_0","classe":"textConvertido_17_0","nome":"elb05_01_17_0"},{"tipo":"img","x":"70.35px","y":"157.65px","width":"426px","height":"24.9px","nomeInstancia":"MovieClips/textConvertido_17_1","classe":"textConvertido_17_1","nome":"elb05_01_17_1"},{"tipo":"img","x":"70.35px","y":"268.65px","width":"403.4px","height":"183.8px","nomeInstancia":"MovieClips/transicao_17_2","classe":"transicao_17_2","nome":"elb05_01_17_2"}]}]}