{"licao":"elb05_03","topico":"03","telas":[{"desenhos":[{"tipo":"img","x":"76px","y":"261.8px","width":"426px","height":"84.2px","nomeInstancia":"MovieClips/textConvertido_1_0","classe":"textConvertido_1_0","nome":"elb05_03_1_0"},{"tipo":"img","x":"538.15px","y":"241.5px","width":"403.5px","height":"222.6px","nomeInstancia":"MovieClips/transicao_1_1","classe":"transicao_1_1","nome":"elb05_03_1_1"}]},{"desenhos":[{"tipo":"img","x":"76px","y":"366.1px","width":"426px","height":"84.2px","nomeInstancia":"MovieClips/textConvertido_2_0","classe":"textConvertido_2_0","nome":"elb05_03_2_0"},{"tipo":"img","x":"76px","y":"261.8px","width":"426px","height":"84.2px","nomeInstancia":"MovieClips/textConvertido_1_0","classe":"textConvertido_1_0","nome":"elb05_03_1_0"},{"tipo":"img","x":"538.15px","y":"241.5px","width":"403.5px","height":"222.6px","nomeInstancia":"MovieClips/transicao_1_1","classe":"transicao_1_1","nome":"elb05_03_1_1"}]},{"desenhos":[{"tipo":"img","x":"500px","y":"244.8px","width":"426px","height":"63.65px","nomeInstancia":"MovieClips/textConvertido_3_0","classe":"textConvertido_3_0","nome":"elb05_03_3_0"},{"tipo":"img","x":"63.35px","y":"163.8px","width":"426px","height":"24.9px","nomeInstancia":"MovieClips/textConvertido_3_1","classe":"textConvertido_3_1","nome":"elb05_03_3_1"},{"tipo":"img","x":"69.4px","y":"278.2px","width":"351px","height":"163.4px","nomeInstancia":"MovieClips/transicao_3_2","classe":"transicao_3_2","nome":"elb05_03_3_2"}]},{"desenhos":[{"tipo":"img","x":"500px","y":"329px","width":"426px","height":"63.65px","nomeInstancia":"MovieClips/textConvertido_4_0","classe":"textConvertido_4_0","nome":"elb05_03_4_0"},{"tipo":"img","x":"500px","y":"244.8px","width":"426px","height":"63.65px","nomeInstancia":"MovieClips/textConvertido_3_0","classe":"textConvertido_3_0","nome":"elb05_03_3_0"},{"tipo":"img","x":"63.35px","y":"163.8px","width":"426px","height":"24.9px","nomeInstancia":"MovieClips/textConvertido_3_1","classe":"textConvertido_3_1","nome":"elb05_03_3_1"},{"tipo":"img","x":"69.4px","y":"278.2px","width":"351px","height":"163.4px","nomeInstancia":"MovieClips/transicao_3_2","classe":"transicao_3_2","nome":"elb05_03_3_2"}]},{"desenhos":[{"tipo":"img","x":"500px","y":"413.2px","width":"426px","height":"63.65px","nomeInstancia":"MovieClips/textConvertido_5_0","classe":"textConvertido_5_0","nome":"elb05_03_5_0"},{"tipo":"img","x":"500px","y":"329px","width":"426px","height":"63.65px","nomeInstancia":"MovieClips/textConvertido_4_0","classe":"textConvertido_4_0","nome":"elb05_03_4_0"},{"tipo":"img","x":"500px","y":"244.8px","width":"426px","height":"63.65px","nomeInstancia":"MovieClips/textConvertido_3_0","classe":"textConvertido_3_0","nome":"elb05_03_3_0"},{"tipo":"img","x":"63.35px","y":"163.8px","width":"426px","height":"24.9px","nomeInstancia":"MovieClips/textConvertido_3_1","classe":"textConvertido_3_1","nome":"elb05_03_3_1"},{"tipo":"img","x":"69.4px","y":"278.2px","width":"351px","height":"163.4px","nomeInstancia":"MovieClips/transicao_3_2","classe":"transicao_3_2","nome":"elb05_03_3_2"}]},{"desenhos":[{"tipo":"img","x":"76px","y":"234.65px","width":"426px","height":"63.65px","nomeInstancia":"MovieClips/textConvertido_6_0","classe":"textConvertido_6_0","nome":"elb05_03_6_0"},{"tipo":"img","x":"589px","y":"259.7px","width":"328.15px","height":"216.9px","nomeInstancia":"MovieClips/transicao_6_1","classe":"transicao_6_1","nome":"elb05_03_6_1"}]},{"desenhos":[{"tipo":"img","x":"76px","y":"315.3px","width":"426px","height":"84.2px","nomeInstancia":"MovieClips/textConvertido_7_0","classe":"textConvertido_7_0","nome":"elb05_03_7_0"},{"tipo":"img","x":"76px","y":"234.65px","width":"426px","height":"63.65px","nomeInstancia":"MovieClips/textConvertido_6_0","classe":"textConvertido_6_0","nome":"elb05_03_6_0"},{"tipo":"img","x":"589px","y":"259.7px","width":"328.15px","height":"216.9px","nomeInstancia":"MovieClips/transicao_6_1","classe":"transicao_6_1","nome":"elb05_03_6_1"}]},{"desenhos":[{"tipo":"img","x":"76px","y":"416.5px","width":"426px","height":"43.1px","nomeInstancia":"MovieClips/textConvertido_8_0","classe":"textConvertido_8_0","nome":"elb05_03_8_0"},{"tipo":"img","x":"76px","y":"315.3px","width":"426px","height":"84.2px","nomeInstancia":"MovieClips/textConvertido_7_0","classe":"textConvertido_7_0","nome":"elb05_03_7_0"},{"tipo":"img","x":"76px","y":"234.65px","width":"426px","height":"63.65px","nomeInstancia":"MovieClips/textConvertido_6_0","classe":"textConvertido_6_0","nome":"elb05_03_6_0"},{"tipo":"img","x":"589px","y":"259.7px","width":"328.15px","height":"216.9px","nomeInstancia":"MovieClips/transicao_6_1","classe":"transicao_6_1","nome":"elb05_03_6_1"}]},{"desenhos":[{"tipo":"img","x":"243.35px","y":"245.35px","width":"673.8px","height":"241.95px","nomeInstancia":"MovieClips/Cópia de telaInfo_miniNavegacao","classe":"Cópia de telaInfo_miniNavegacao","nome":"elb05_03_9_0"},{"tipo":"img","x":"76px","y":"476.6px","width":"426px","height":"43.1px","nomeInstancia":"MovieClips/textConvertido_9_1","classe":"textConvertido_9_1","nome":"elb05_03_9_1"},{"tipo":"img","x":"76px","y":"416.5px","width":"426px","height":"43.1px","nomeInstancia":"MovieClips/textConvertido_8_0","classe":"textConvertido_8_0","nome":"elb05_03_8_0"},{"tipo":"img","x":"76px","y":"315.3px","width":"426px","height":"84.2px","nomeInstancia":"MovieClips/textConvertido_7_0","classe":"textConvertido_7_0","nome":"elb05_03_7_0"},{"tipo":"img","x":"76px","y":"234.65px","width":"426px","height":"63.65px","nomeInstancia":"MovieClips/textConvertido_6_0","classe":"textConvertido_6_0","nome":"elb05_03_6_0"},{"tipo":"img","x":"589px","y":"259.7px","width":"328.15px","height":"216.9px","nomeInstancia":"MovieClips/transicao_6_1","classe":"transicao_6_1","nome":"elb05_03_6_1"}]},{"desenhos":[{"tipo":"img","x":"500px","y":"314.45px","width":"426px","height":"43.1px","nomeInstancia":"MovieClips/textConvertido_10_0","classe":"textConvertido_10_0","nome":"elb05_03_10_0"},{"tipo":"img","x":"88.25px","y":"153.6px","width":"426px","height":"24.9px","nomeInstancia":"MovieClips/textConvertido_10_1","classe":"textConvertido_10_1","nome":"elb05_03_10_1"},{"tipo":"img","x":"88.25px","y":"262.65px","width":"322.9px","height":"194.4px","nomeInstancia":"MovieClips/transicao_10_2","classe":"transicao_10_2","nome":"elb05_03_10_2"}]},{"desenhos":[{"tipo":"img","x":"500px","y":"388.8px","width":"426px","height":"22.55px","nomeInstancia":"MovieClips/textConvertido_11_0","classe":"textConvertido_11_0","nome":"elb05_03_11_0"},{"tipo":"img","x":"500px","y":"314.45px","width":"426px","height":"43.1px","nomeInstancia":"MovieClips/textConvertido_10_0","classe":"textConvertido_10_0","nome":"elb05_03_10_0"},{"tipo":"img","x":"88.25px","y":"153.6px","width":"426px","height":"24.9px","nomeInstancia":"MovieClips/textConvertido_10_1","classe":"textConvertido_10_1","nome":"elb05_03_10_1"},{"tipo":"img","x":"88.25px","y":"262.65px","width":"322.9px","height":"194.4px","nomeInstancia":"MovieClips/transicao_10_2","classe":"transicao_10_2","nome":"elb05_03_10_2"}]},{"desenhos":[{"tipo":"img","x":"66px","y":"212.15px","width":"426px","height":"104.75px","nomeInstancia":"MovieClips/textConvertido_12_0","classe":"textConvertido_12_0","nome":"elb05_03_12_0"},{"tipo":"img","x":"533.3px","y":"250.9px","width":"413.25px","height":"229.95px","nomeInstancia":"MovieClips/transicao_12_1","classe":"transicao_12_1","nome":"elb05_03_12_1"}]},{"desenhos":[{"tipo":"img","x":"66px","y":"329.45px","width":"426px","height":"104.75px","nomeInstancia":"MovieClips/textConvertido_13_0","classe":"textConvertido_13_0","nome":"elb05_03_13_0"},{"tipo":"img","x":"66px","y":"212.15px","width":"426px","height":"104.75px","nomeInstancia":"MovieClips/textConvertido_12_0","classe":"textConvertido_12_0","nome":"elb05_03_12_0"},{"tipo":"img","x":"533.3px","y":"250.9px","width":"413.25px","height":"229.95px","nomeInstancia":"MovieClips/transicao_12_1","classe":"transicao_12_1","nome":"elb05_03_12_1"}]},{"desenhos":[{"tipo":"img","x":"66px","y":"446.75px","width":"426px","height":"63.65px","nomeInstancia":"MovieClips/textConvertido_14_0","classe":"textConvertido_14_0","nome":"elb05_03_14_0"},{"tipo":"img","x":"66px","y":"329.45px","width":"426px","height":"104.75px","nomeInstancia":"MovieClips/textConvertido_13_0","classe":"textConvertido_13_0","nome":"elb05_03_13_0"},{"tipo":"img","x":"66px","y":"212.15px","width":"426px","height":"104.75px","nomeInstancia":"MovieClips/textConvertido_12_0","classe":"textConvertido_12_0","nome":"elb05_03_12_0"},{"tipo":"img","x":"533.3px","y":"250.9px","width":"413.25px","height":"229.95px","nomeInstancia":"MovieClips/transicao_12_1","classe":"transicao_12_1","nome":"elb05_03_12_1"}]},{"desenhos":[{"tipo":"img","x":"507.05px","y":"258.5px","width":"426px","height":"63.65px","nomeInstancia":"MovieClips/textConvertido_15_0","classe":"textConvertido_15_0","nome":"elb05_03_15_0"},{"tipo":"img","x":"56.3px","y":"152.6px","width":"426px","height":"24.9px","nomeInstancia":"MovieClips/textConvertido_15_1","classe":"textConvertido_15_1","nome":"elb05_03_15_1"},{"tipo":"img","x":"75.95px","y":"252.3px","width":"384px","height":"217.1px","nomeInstancia":"MovieClips/transicao_15_2","classe":"transicao_15_2","nome":"elb05_03_15_2"}]},{"desenhos":[{"tipo":"img","x":"507.05px","y":"332.15px","width":"426px","height":"63.65px","nomeInstancia":"MovieClips/textConvertido_16_0","classe":"textConvertido_16_0","nome":"elb05_03_16_0"},{"tipo":"img","x":"507.05px","y":"258.5px","width":"426px","height":"63.65px","nomeInstancia":"MovieClips/textConvertido_15_0","classe":"textConvertido_15_0","nome":"elb05_03_15_0"},{"tipo":"img","x":"56.3px","y":"152.6px","width":"426px","height":"24.9px","nomeInstancia":"MovieClips/textConvertido_15_1","classe":"textConvertido_15_1","nome":"elb05_03_15_1"},{"tipo":"img","x":"75.95px","y":"252.3px","width":"384px","height":"217.1px","nomeInstancia":"MovieClips/transicao_15_2","classe":"transicao_15_2","nome":"elb05_03_15_2"}]},{"desenhos":[{"tipo":"img","x":"507.05px","y":"405.75px","width":"426px","height":"63.65px","nomeInstancia":"MovieClips/textConvertido_17_0","classe":"textConvertido_17_0","nome":"elb05_03_17_0"},{"tipo":"img","x":"507.05px","y":"332.15px","width":"426px","height":"63.65px","nomeInstancia":"MovieClips/textConvertido_16_0","classe":"textConvertido_16_0","nome":"elb05_03_16_0"},{"tipo":"img","x":"507.05px","y":"258.5px","width":"426px","height":"63.65px","nomeInstancia":"MovieClips/textConvertido_15_0","classe":"textConvertido_15_0","nome":"elb05_03_15_0"},{"tipo":"img","x":"56.3px","y":"152.6px","width":"426px","height":"24.9px","nomeInstancia":"MovieClips/textConvertido_15_1","classe":"textConvertido_15_1","nome":"elb05_03_15_1"},{"tipo":"img","x":"75.95px","y":"252.3px","width":"384px","height":"217.1px","nomeInstancia":"MovieClips/transicao_15_2","classe":"transicao_15_2","nome":"elb05_03_15_2"}]},{"desenhos":[{"tipo":"img","x":"62.85px","y":"262.7px","width":"426px","height":"84.2px","nomeInstancia":"MovieClips/textConvertido_18_0","classe":"textConvertido_18_0","nome":"elb05_03_18_0"},{"tipo":"img","x":"538.3px","y":"248.55px","width":"405.3px","height":"228.5px","nomeInstancia":"MovieClips/transicao_18_1","classe":"transicao_18_1","nome":"elb05_03_18_1"}]},{"desenhos":[{"tipo":"img","x":"62.85px","y":"370.55px","width":"426px","height":"43.1px","nomeInstancia":"MovieClips/textConvertido_19_0","classe":"textConvertido_19_0","nome":"elb05_03_19_0"},{"tipo":"img","x":"62.85px","y":"262.7px","width":"426px","height":"84.2px","nomeInstancia":"MovieClips/textConvertido_18_0","classe":"textConvertido_18_0","nome":"elb05_03_18_0"},{"tipo":"img","x":"538.3px","y":"248.55px","width":"405.3px","height":"228.5px","nomeInstancia":"MovieClips/transicao_18_1","classe":"transicao_18_1","nome":"elb05_03_18_1"}]},{"desenhos":[{"tipo":"img","x":"334.8px","y":"248.55px","width":"608.8px","height":"228.5px","nomeInstancia":"MovieClips/telaInfo_miniNavegacao","classe":"telaInfo_miniNavegacao","nome":"elb05_03_20_0"},{"tipo":"img","x":"62.85px","y":"437.3px","width":"426px","height":"43.1px","nomeInstancia":"MovieClips/textConvertido_20_1","classe":"textConvertido_20_1","nome":"elb05_03_20_1"},{"tipo":"img","x":"62.85px","y":"370.55px","width":"426px","height":"43.1px","nomeInstancia":"MovieClips/textConvertido_19_0","classe":"textConvertido_19_0","nome":"elb05_03_19_0"},{"tipo":"img","x":"62.85px","y":"262.7px","width":"426px","height":"84.2px","nomeInstancia":"MovieClips/textConvertido_18_0","classe":"textConvertido_18_0","nome":"elb05_03_18_0"},{"tipo":"img","x":"538.3px","y":"248.55px","width":"405.3px","height":"228.5px","nomeInstancia":"MovieClips/transicao_18_1","classe":"transicao_18_1","nome":"elb05_03_18_1"}]},{"desenhos":[{"tipo":"img","x":"539.3px","y":"220.45px","width":"371.45px","height":"43.1px","nomeInstancia":"MovieClips/textConvertido_21_0","classe":"textConvertido_21_0","nome":"elb05_03_21_0"},{"tipo":"img","x":"49.2px","y":"251.2px","width":"429.55px","height":"235.65px","nomeInstancia":"MovieClips/transicao_21_1","classe":"transicao_21_1","nome":"elb05_03_21_1"}]},{"desenhos":[{"tipo":"img","x":"539.3px","y":"287.15px","width":"426px","height":"104.75px","nomeInstancia":"MovieClips/textConvertido_22_0","classe":"textConvertido_22_0","nome":"elb05_03_22_0"},{"tipo":"img","x":"539.3px","y":"220.45px","width":"371.45px","height":"43.1px","nomeInstancia":"MovieClips/textConvertido_21_0","classe":"textConvertido_21_0","nome":"elb05_03_21_0"},{"tipo":"img","x":"49.2px","y":"251.2px","width":"429.55px","height":"235.65px","nomeInstancia":"MovieClips/transicao_21_1","classe":"transicao_21_1","nome":"elb05_03_21_1"}]},{"desenhos":[{"tipo":"img","x":"539.3px","y":"415.5px","width":"426px","height":"84.2px","nomeInstancia":"MovieClips/textConvertido_23_0","classe":"textConvertido_23_0","nome":"elb05_03_23_0"},{"tipo":"img","x":"539.3px","y":"287.15px","width":"426px","height":"104.75px","nomeInstancia":"MovieClips/textConvertido_22_0","classe":"textConvertido_22_0","nome":"elb05_03_22_0"},{"tipo":"img","x":"539.3px","y":"220.45px","width":"371.45px","height":"43.1px","nomeInstancia":"MovieClips/textConvertido_21_0","classe":"textConvertido_21_0","nome":"elb05_03_21_0"},{"tipo":"img","x":"49.2px","y":"251.2px","width":"429.55px","height":"235.65px","nomeInstancia":"MovieClips/transicao_21_1","classe":"transicao_21_1","nome":"elb05_03_21_1"}]},{"desenhos":[{"tipo":"img","x":"177.65px","y":"204.7px","width":"710.1px","height":"372.9px","nomeInstancia":"MovieClips/forca24","classe":"forca24","nome":"elb05_03_24_0"},{"tipo":"img","x":"79.6px","y":"130.65px","width":"131.9px","height":"70px","nomeInstancia":"MovieClips/transicao_24_1","classe":"transicao_24_1","nome":"elb05_03_24_1"}]}]}