{"licao":"elb05_02","topico":"02","telas":[{"desenhos":[{"tipo":"img","x":"191.4px","y":"150.5px","width":"547.15px","height":"105.3px","nomeInstancia":"MovieClips/transicao_1_0","classe":"transicao_1_0","nome":"elb05_02_1_0"},{"nome":"elb05_02_1_1","tipo":"personagem","x":"0px","y":"0px","width":"1016px","height":"659px","nomeInstancia":"MovieClips/animaP1","classe":"animaP1"}]},{"desenhos":[{"tipo":"img","x":"126.55px","y":"251.8px","width":"513.7px","height":"121.1px","nomeInstancia":"MovieClips/transicao_2_0","classe":"transicao_2_0","nome":"elb05_02_2_0"},{"tipo":"img","x":"191.4px","y":"150.5px","width":"547.15px","height":"105.3px","nomeInstancia":"MovieClips/transicao_1_0","classe":"transicao_1_0","nome":"elb05_02_1_0"},{"nome":"elb05_02_1_1","tipo":"personagem","x":"0px","y":"0px","width":"1016px","height":"659px","nomeInstancia":"MovieClips/animaP1","classe":"animaP1"}]},{"desenhos":[{"tipo":"img","x":"105.6px","y":"368.85px","width":"497.6px","height":"126.55px","nomeInstancia":"MovieClips/transicao_3_0","classe":"transicao_3_0","nome":"elb05_02_3_0"},{"tipo":"img","x":"126.55px","y":"251.8px","width":"513.7px","height":"121.1px","nomeInstancia":"MovieClips/transicao_2_0","classe":"transicao_2_0","nome":"elb05_02_2_0"},{"tipo":"img","x":"191.4px","y":"150.5px","width":"547.15px","height":"105.3px","nomeInstancia":"MovieClips/transicao_1_0","classe":"transicao_1_0","nome":"elb05_02_1_0"},{"nome":"elb05_02_1_1","tipo":"personagem","x":"0px","y":"0px","width":"1016px","height":"659px","nomeInstancia":"MovieClips/animaP1","classe":"animaP1"}]},{"desenhos":[{"tipo":"img","x":"450.7px","y":"231.55px","width":"479.45px","height":"43.1px","nomeInstancia":"MovieClips/textConvertido_4_0","classe":"textConvertido_4_0","nome":"elb05_02_4_0"},{"tipo":"img","x":"96.7px","y":"155.65px","width":"295.5px","height":"24.9px","nomeInstancia":"MovieClips/textConvertido_4_1","classe":"textConvertido_4_1","nome":"elb05_02_4_1"},{"tipo":"img","x":"108.45px","y":"317.5px","width":"244.55px","height":"98.7px","nomeInstancia":"MovieClips/transicao_4_2","classe":"transicao_4_2","nome":"elb05_02_4_2"}]},{"desenhos":[{"tipo":"img","x":"450.7px","y":"298.4px","width":"478.4px","height":"84.2px","nomeInstancia":"MovieClips/textConvertido_5_0","classe":"textConvertido_5_0","nome":"elb05_02_5_0"},{"tipo":"img","x":"450.7px","y":"231.55px","width":"479.45px","height":"43.1px","nomeInstancia":"MovieClips/textConvertido_4_0","classe":"textConvertido_4_0","nome":"elb05_02_4_0"},{"tipo":"img","x":"96.7px","y":"155.65px","width":"295.5px","height":"24.9px","nomeInstancia":"MovieClips/textConvertido_4_1","classe":"textConvertido_4_1","nome":"elb05_02_4_1"},{"tipo":"img","x":"108.45px","y":"317.5px","width":"244.55px","height":"98.7px","nomeInstancia":"MovieClips/transicao_4_2","classe":"transicao_4_2","nome":"elb05_02_4_2"}]},{"desenhos":[{"tipo":"img","x":"450.7px","y":"406.35px","width":"483.45px","height":"84.2px","nomeInstancia":"MovieClips/textConvertido_6_0","classe":"textConvertido_6_0","nome":"elb05_02_6_0"},{"tipo":"img","x":"450.7px","y":"298.4px","width":"478.4px","height":"84.2px","nomeInstancia":"MovieClips/textConvertido_5_0","classe":"textConvertido_5_0","nome":"elb05_02_5_0"},{"tipo":"img","x":"450.7px","y":"231.55px","width":"479.45px","height":"43.1px","nomeInstancia":"MovieClips/textConvertido_4_0","classe":"textConvertido_4_0","nome":"elb05_02_4_0"},{"tipo":"img","x":"96.7px","y":"155.65px","width":"295.5px","height":"24.9px","nomeInstancia":"MovieClips/textConvertido_4_1","classe":"textConvertido_4_1","nome":"elb05_02_4_1"},{"tipo":"img","x":"108.45px","y":"317.5px","width":"244.55px","height":"98.7px","nomeInstancia":"MovieClips/transicao_4_2","classe":"transicao_4_2","nome":"elb05_02_4_2"}]},{"desenhos":[{"tipo":"img","x":"76px","y":"222.55px","width":"347.55px","height":"63.65px","nomeInstancia":"MovieClips/textConvertido_7_0","classe":"textConvertido_7_0","nome":"elb05_02_7_0"},{"tipo":"img","x":"71.75px","y":"133.3px","width":"131.9px","height":"70px","nomeInstancia":"MovieClips/transicao_7_1","classe":"transicao_7_1","nome":"elb05_02_7_1"}]},{"desenhos":[{"tipo":"img","x":"202.6px","y":"172.4px","width":"813.5px","height":"622.7px","nomeInstancia":"MovieClips/atvClick_followMouse08","classe":"atvClick_followMouse08","nome":"elb05_02_8_0"},{"tipo":"img","x":"76px","y":"301.95px","width":"346.5px","height":"22.55px","nomeInstancia":"MovieClips/textConvertido_8_1","classe":"textConvertido_8_1","nome":"elb05_02_8_1"},{"tipo":"img","x":"76px","y":"222.55px","width":"347.55px","height":"63.65px","nomeInstancia":"MovieClips/textConvertido_7_0","classe":"textConvertido_7_0","nome":"elb05_02_7_0"},{"tipo":"img","x":"71.75px","y":"133.3px","width":"131.9px","height":"70px","nomeInstancia":"MovieClips/transicao_7_1","classe":"transicao_7_1","nome":"elb05_02_7_1"}]},{"desenhos":[{"tipo":"img","x":"500px","y":"283.15px","width":"426px","height":"43.1px","nomeInstancia":"MovieClips/textConvertido_9_0","classe":"textConvertido_9_0","nome":"elb05_02_9_0"},{"tipo":"img","x":"96.75px","y":"161.65px","width":"426px","height":"24.9px","nomeInstancia":"MovieClips/textConvertido_9_1","classe":"textConvertido_9_1","nome":"elb05_02_9_1"},{"tipo":"img","x":"118.15px","y":"316.25px","width":"275.2px","height":"100.8px","nomeInstancia":"MovieClips/transicao_9_2","classe":"transicao_9_2","nome":"elb05_02_9_2"}]},{"desenhos":[{"tipo":"img","x":"125.25px","y":"242.6px","width":"604.5px","height":"290.85px","nomeInstancia":"MovieClips/telaInfo10","classe":"telaInfo10","nome":"elb05_02_10_0"},{"tipo":"img","x":"500px","y":"345.35px","width":"426px","height":"104.75px","nomeInstancia":"MovieClips/textConvertido_10_1","classe":"textConvertido_10_1","nome":"elb05_02_10_1"},{"tipo":"img","x":"500px","y":"283.15px","width":"426px","height":"43.1px","nomeInstancia":"MovieClips/textConvertido_9_0","classe":"textConvertido_9_0","nome":"elb05_02_9_0"},{"tipo":"img","x":"96.75px","y":"161.65px","width":"426px","height":"24.9px","nomeInstancia":"MovieClips/textConvertido_9_1","classe":"textConvertido_9_1","nome":"elb05_02_9_1"},{"tipo":"img","x":"118.15px","y":"316.25px","width":"275.2px","height":"100.8px","nomeInstancia":"MovieClips/transicao_9_2","classe":"transicao_9_2","nome":"elb05_02_9_2"}]},{"desenhos":[{"tipo":"img","x":"76.9px","y":"293.6px","width":"475.2px","height":"145.85px","nomeInstancia":"MovieClips/textConvertido_11_0","classe":"textConvertido_11_0","nome":"elb05_02_11_0"},{"tipo":"img","x":"624.3px","y":"316.1px","width":"275.2px","height":"100.8px","nomeInstancia":"MovieClips/transicao_11_1","classe":"transicao_11_1","nome":"elb05_02_11_1"}]},{"desenhos":[{"tipo":"img","x":"528.3px","y":"271.7px","width":"426px","height":"22.55px","nomeInstancia":"MovieClips/textConvertido_12_0","classe":"textConvertido_12_0","nome":"elb05_02_12_0"},{"tipo":"img","x":"67.7px","y":"244.55px","width":"406.6px","height":"244.85px","nomeInstancia":"MovieClips/transicao_12_1","classe":"transicao_12_1","nome":"elb05_02_12_1"}]},{"desenhos":[{"tipo":"img","x":"528.3px","y":"313.45px","width":"426px","height":"84.2px","nomeInstancia":"MovieClips/textConvertido_13_0","classe":"textConvertido_13_0","nome":"elb05_02_13_0"},{"tipo":"img","x":"528.3px","y":"271.7px","width":"426px","height":"22.55px","nomeInstancia":"MovieClips/textConvertido_12_0","classe":"textConvertido_12_0","nome":"elb05_02_12_0"},{"tipo":"img","x":"67.7px","y":"244.55px","width":"406.6px","height":"244.85px","nomeInstancia":"MovieClips/transicao_12_1","classe":"transicao_12_1","nome":"elb05_02_12_1"}]},{"desenhos":[{"tipo":"img","x":"528.3px","y":"416.85px","width":"426px","height":"43.1px","nomeInstancia":"MovieClips/textConvertido_14_0","classe":"textConvertido_14_0","nome":"elb05_02_14_0"},{"tipo":"img","x":"528.3px","y":"313.45px","width":"426px","height":"84.2px","nomeInstancia":"MovieClips/textConvertido_13_0","classe":"textConvertido_13_0","nome":"elb05_02_13_0"},{"tipo":"img","x":"528.3px","y":"271.7px","width":"426px","height":"22.55px","nomeInstancia":"MovieClips/textConvertido_12_0","classe":"textConvertido_12_0","nome":"elb05_02_12_0"},{"tipo":"img","x":"67.7px","y":"244.55px","width":"406.6px","height":"244.85px","nomeInstancia":"MovieClips/transicao_12_1","classe":"transicao_12_1","nome":"elb05_02_12_1"}]},{"desenhos":[{"tipo":"img","x":"68px","y":"310.4px","width":"426px","height":"43.1px","nomeInstancia":"MovieClips/textConvertido_15_0","classe":"textConvertido_15_0","nome":"elb05_02_15_0"},{"tipo":"img","x":"514.45px","y":"231.9px","width":"434.9px","height":"261.9px","nomeInstancia":"MovieClips/transicao_15_1","classe":"transicao_15_1","nome":"elb05_02_15_1"}]},{"desenhos":[{"tipo":"img","x":"68px","y":"375.6px","width":"426px","height":"22.55px","nomeInstancia":"MovieClips/textConvertido_16_0","classe":"textConvertido_16_0","nome":"elb05_02_16_0"},{"tipo":"img","x":"68px","y":"310.4px","width":"426px","height":"43.1px","nomeInstancia":"MovieClips/textConvertido_15_0","classe":"textConvertido_15_0","nome":"elb05_02_15_0"},{"tipo":"img","x":"514.45px","y":"231.9px","width":"434.9px","height":"261.9px","nomeInstancia":"MovieClips/transicao_15_1","classe":"transicao_15_1","nome":"elb05_02_15_1"}]},{"desenhos":[{"tipo":"img","x":"538.45px","y":"345.35px","width":"403.15px","height":"43.1px","nomeInstancia":"MovieClips/textConvertido_17_0","classe":"textConvertido_17_0","nome":"elb05_02_17_0"},{"tipo":"img","x":"70.7px","y":"235.95px","width":"434.9px","height":"261.9px","nomeInstancia":"MovieClips/transicao_17_1","classe":"transicao_17_1","nome":"elb05_02_17_1"}]},{"desenhos":[{"tipo":"img","x":"82.1px","y":"341.3px","width":"367px","height":"43.1px","nomeInstancia":"MovieClips/textConvertido_18_0","classe":"textConvertido_18_0","nome":"elb05_02_18_0"},{"tipo":"img","x":"507.3px","y":"231.9px","width":"434.9px","height":"261.9px","nomeInstancia":"MovieClips/transicao_18_1","classe":"transicao_18_1","nome":"elb05_02_18_1"}]},{"desenhos":[{"tipo":"img","x":"316.75px","y":"202.2px","width":"556.2px","height":"115.35px","nomeInstancia":"MovieClips/transicao_19_0","classe":"transicao_19_0","nome":"elb05_02_19_0"},{"nome":"elb05_02_19_1","tipo":"personagem","x":"0px","y":"0px","width":"1016px","height":"659px","nomeInstancia":"MovieClips/animaP19","classe":"animaP19"}]},{"desenhos":[{"tipo":"img","x":"422.9px","y":"311.35px","width":"493.5px","height":"162.8px","nomeInstancia":"MovieClips/transicao_20_0","classe":"transicao_20_0","nome":"elb05_02_20_0"},{"tipo":"img","x":"316.75px","y":"202.2px","width":"556.2px","height":"115.35px","nomeInstancia":"MovieClips/transicao_19_0","classe":"transicao_19_0","nome":"elb05_02_19_0"},{"nome":"elb05_02_19_1","tipo":"personagem","x":"0px","y":"0px","width":"1016px","height":"659px","nomeInstancia":"MovieClips/animaP19","classe":"animaP19"}]}]}