<?xml version = "1.0" encoding="UTF-8"?> 
<manifesto versao = "1.0">
	<curso>

		<nome>Eletromagnetismo</nome>

		<ementa>
		
			1. Magnetismo
				1.1. Introdução
				1.2. Importância do magnetismo e do eletromagnetismo
				1.3. Ímãs
				1.4. Campo magnético
				1.5. Fluxo magnético
			2. Eletromagnetismo
				2.1. Objetivos
				2.2. Campo magnético criado por uma corrente elétrica
				2.3. Regra da mão direita
				2.4. Espiras e solenoides
				2.5. Eletroímãs
			3. Força magnética
				3.1. Objetivos
				3.2. Condutor conduzindo corrente em um campo magnético
				3.3. Interação entre correntes
				3.4. Funcionamento do galvanômetro
				3.5. Funcionamento do motor cc (motor de corrente contínua)
			4. Tensão de indução eletromagnética
				4.1. Objetivos
				4.2. Lei de Faraday
				4.3. Lei de Lenz
				4.4. Gerador
				4.5. Transformador
			5. Materiais magnéticos
				5.1. Objetivos
				5.2. Curvas de magnetização 
				5.3. Permeabilidade magnética
				5.4. Histerese magnética 
				5.5. Classificação dos materiais magnéticos
			6. Circuito magnético
				6.1. Objetivos
				6.2. Relutância 
				6.3. Força magnetomotriz (ampère-espira) 
				6.4. Leis de Ohm para circuitos magnéticos 
				6.5. Correntes de Foucault 
			7. Indutância 
				7.1. Objetivos
				7.2. Autoindutância 
				7.3. Indutância mútua 
				7.4. Reatância indutiva 
				7.5. Funcionamento das bobinas 
		</ementa>

		<sigla>wbtelm</sigla>

		<moduloPrincipal>index.html</moduloPrincipal>

		<altura>659</altura>

		<largura>1016</largura>

		<idOld></idOld>

		<qtdLicao>7</qtdLicao>

	</curso>

</manifesto>