{"licao":"eba02_01","topico":"01","telas":[{"desenhos":[{"tipo":"img","x":"389.1px","y":"179.15px","width":"413.95px","height":"71.7px","nomeInstancia":"MovieClips/fala0202a","classe":"fala0202a","nome":"eba02_01_1_0"},{"nome":"eba02_01_1_1","tipo":"personagem","x":"0px","y":"0px","width":"1016px","height":"659px","nomeInstancia":"animaP1","classe":"animaP1"}]},{"desenhos":[{"tipo":"img","x":"436px","y":"244.45px","width":"428.2px","height":"147.2px","nomeInstancia":"MovieClips/fala0202b","classe":"fala0202b","nome":"eba02_01_2_0"},{"tipo":"img","x":"389.1px","y":"179.15px","width":"413.95px","height":"71.7px","nomeInstancia":"MovieClips/fala0202a","classe":"fala0202a","nome":"eba02_01_1_0"},{"nome":"eba02_01_1_1","tipo":"personagem","x":"0px","y":"0px","width":"1016px","height":"659px","nomeInstancia":"animaP1","classe":"animaP1"}]},{"desenhos":[{"tipo":"img","x":"605.35px","y":"386.4px","width":"119.7px","height":"60.85px","nomeInstancia":"MovieClips/fala0202c","classe":"fala0202c","nome":"eba02_01_3_0"},{"tipo":"img","x":"436px","y":"244.45px","width":"428.2px","height":"147.2px","nomeInstancia":"MovieClips/fala0202b","classe":"fala0202b","nome":"eba02_01_2_0"},{"tipo":"img","x":"389.1px","y":"179.15px","width":"413.95px","height":"71.7px","nomeInstancia":"MovieClips/fala0202a","classe":"fala0202a","nome":"eba02_01_1_0"},{"nome":"eba02_01_1_1","tipo":"personagem","x":"0px","y":"0px","width":"1016px","height":"659px","nomeInstancia":"animaP1","classe":"animaP1"}]}]}