{"licao":"eba02_05","topico":"05","telas":[{"desenhos":[{"tipo":"img","x":"194.7px","y":"241.95px","width":"413.4px","height":"72.1px","nomeInstancia":"MovieClips/fala0238a","classe":"fala0238a","nome":"eba02_05_1_0"},{"nome":"eba02_05_1_1","tipo":"personagem","x":"0px","y":"0px","width":"1016px","height":"659px","nomeInstancia":"MovieClips/animaP1","classe":"animaP1"}]},{"desenhos":[{"tipo":"img","x":"218.3px","y":"308.35px","width":"338.6px","height":"89.5px","nomeInstancia":"MovieClips/fala0238b","classe":"fala0238b","nome":"eba02_05_2_0"},{"tipo":"img","x":"194.7px","y":"241.95px","width":"413.4px","height":"72.1px","nomeInstancia":"MovieClips/fala0238a","classe":"fala0238a","nome":"eba02_05_1_0"},{"nome":"eba02_05_1_1","tipo":"personagem","x":"0px","y":"0px","width":"1016px","height":"659px","nomeInstancia":"MovieClips/animaP1","classe":"animaP1"}]},{"desenhos":[{"tipo":"img","x":"204px","y":"392.1px","width":"352.9px","height":"98.95px","nomeInstancia":"MovieClips/fala0238c","classe":"fala0238c","nome":"eba02_05_3_0"},{"tipo":"img","x":"218.3px","y":"308.35px","width":"338.6px","height":"89.5px","nomeInstancia":"MovieClips/fala0238b","classe":"fala0238b","nome":"eba02_05_2_0"},{"tipo":"img","x":"194.7px","y":"241.95px","width":"413.4px","height":"72.1px","nomeInstancia":"MovieClips/fala0238a","classe":"fala0238a","nome":"eba02_05_1_0"},{"nome":"eba02_05_1_1","tipo":"personagem","x":"0px","y":"0px","width":"1016px","height":"659px","nomeInstancia":"MovieClips/animaP1","classe":"animaP1"}]},{"desenhos":[{"tipo":"img","x":"419.45px","y":"183.2px","width":"417.2px","height":"87px","nomeInstancia":"MovieClips/Symbol 1 copy 2","classe":"Symbol 1 copy 2","nome":"eba02_05_4_0"},{"nome":"eba02_05_4_1","tipo":"personagem","x":"0px","y":"0px","width":"1016px","height":"659px","nomeInstancia":"MovieClips/animaP4","classe":"animaP4"}]},{"desenhos":[{"tipo":"img","x":"467.7px","y":"265.05px","width":"348.15px","height":"103.7px","nomeInstancia":"MovieClips/fala0239b","classe":"fala0239b","nome":"eba02_05_5_0"},{"tipo":"img","x":"419.45px","y":"183.2px","width":"417.2px","height":"87px","nomeInstancia":"MovieClips/Symbol 1 copy 2","classe":"Symbol 1 copy 2","nome":"eba02_05_4_0"},{"nome":"eba02_05_4_1","tipo":"personagem","x":"0px","y":"0px","width":"1016px","height":"659px","nomeInstancia":"MovieClips/animaP4","classe":"animaP4"}]},{"desenhos":[{"tipo":"img","x":"531.9px","y":"270.85px","width":"416.65px","height":"91.25px","nomeInstancia":"MovieClips/hotWord11570124773951","classe":"hotWord11570124773951","nome":"eba02_05_6_0"},{"tipo":"img","x":"8.7px","y":"313.5px","width":"416.65px","height":"117.7px","nomeInstancia":"MovieClips/hotWord11570124724103","classe":"hotWord11570124724103","nome":"eba02_05_6_1"},{"tipo":"img","x":"53.85px","y":"174.6px","width":"415.3px","height":"138.9px","nomeInstancia":"MovieClips/hotWord11570124687146","classe":"hotWord11570124687146","nome":"eba02_05_6_2"},{"tipo":"img","x":"52.85px","y":"270.85px","width":"393px","height":"63.65px","nomeInstancia":"MovieClips/textConvertido_6_3","classe":"textConvertido_6_3","nome":"eba02_05_6_3"},{"tipo":"img","x":"531.9px","y":"234.45px","width":"439.5px","height":"284.15px","nomeInstancia":"MovieClips/02T40","classe":"02T40","nome":"eba02_05_6_4"}]},{"desenhos":[{"tipo":"img","x":"228.9px","y":"313.5px","width":"475.45px","height":"307.7px","nomeInstancia":"hotWord7","classe":"hotWord7","nome":"eba02_05_7_0"},{"tipo":"img","x":"531.9px","y":"270.85px","width":"416.65px","height":"91.25px","nomeInstancia":"MovieClips/hotWord11570124773951","classe":"hotWord11570124773951","nome":"eba02_05_6_0"},{"tipo":"img","x":"53.85px","y":"174.6px","width":"415.3px","height":"138.9px","nomeInstancia":"MovieClips/hotWord11570124687146","classe":"hotWord11570124687146","nome":"eba02_05_6_2"},{"tipo":"img","x":"52.85px","y":"355.25px","width":"438.3px","height":"43.1px","nomeInstancia":"MovieClips/textConvertido_7_3","classe":"textConvertido_7_3","nome":"eba02_05_7_3"},{"tipo":"img","x":"52.85px","y":"270.85px","width":"393px","height":"63.65px","nomeInstancia":"MovieClips/textConvertido_6_3","classe":"textConvertido_6_3","nome":"eba02_05_6_3"},{"tipo":"img","x":"531.9px","y":"234.45px","width":"439.5px","height":"284.15px","nomeInstancia":"MovieClips/02T40","classe":"02T40","nome":"eba02_05_6_4"}]},{"desenhos":[{"tipo":"img","x":"228.9px","y":"313.5px","width":"475.45px","height":"307.7px","nomeInstancia":"hotWord7","classe":"hotWord7","nome":"eba02_05_7_0"},{"tipo":"img","x":"531.9px","y":"270.85px","width":"416.65px","height":"91.25px","nomeInstancia":"MovieClips/hotWord11570124773951","classe":"hotWord11570124773951","nome":"eba02_05_6_0"},{"tipo":"img","x":"53.85px","y":"174.6px","width":"415.3px","height":"138.9px","nomeInstancia":"MovieClips/hotWord11570124687146","classe":"hotWord11570124687146","nome":"eba02_05_6_2"},{"tipo":"img","x":"53.85px","y":"191.1px","width":"678.25px","height":"359.05px","nomeInstancia":"MovieClips/telaInfo_miniNavegacao","classe":"telaInfo_miniNavegacao","nome":"eba02_05_8_3"},{"tipo":"img","x":"52.85px","y":"419.1px","width":"413.2px","height":"43.1px","nomeInstancia":"MovieClips/textConvertido_8_4","classe":"textConvertido_8_4","nome":"eba02_05_8_4"},{"tipo":"img","x":"52.85px","y":"355.25px","width":"438.3px","height":"43.1px","nomeInstancia":"MovieClips/textConvertido_7_3","classe":"textConvertido_7_3","nome":"eba02_05_7_3"},{"tipo":"img","x":"52.85px","y":"270.85px","width":"393px","height":"63.65px","nomeInstancia":"MovieClips/textConvertido_6_3","classe":"textConvertido_6_3","nome":"eba02_05_6_3"},{"tipo":"img","x":"531.9px","y":"234.45px","width":"439.5px","height":"284.15px","nomeInstancia":"MovieClips/02T40","classe":"02T40","nome":"eba02_05_6_4"}]},{"desenhos":[{"tipo":"img","x":"430.05px","y":"207px","width":"396.85px","height":"93.6px","nomeInstancia":"MovieClips/fala0241a","classe":"fala0241a","nome":"eba02_05_9_0"},{"nome":"eba02_05_9_1","tipo":"personagem","x":"0px","y":"0px","width":"1016px","height":"659px","nomeInstancia":"MovieClips/animaP9","classe":"animaP9"}]},{"desenhos":[{"tipo":"img","x":"476.95px","y":"294.9px","width":"270.9px","height":"87.65px","nomeInstancia":"MovieClips/fala0241b","classe":"fala0241b","nome":"eba02_05_10_0"},{"tipo":"img","x":"430.05px","y":"207px","width":"396.85px","height":"93.6px","nomeInstancia":"MovieClips/fala0241a","classe":"fala0241a","nome":"eba02_05_9_0"},{"nome":"eba02_05_9_1","tipo":"personagem","x":"0px","y":"0px","width":"1016px","height":"659px","nomeInstancia":"MovieClips/animaP9","classe":"animaP9"}]},{"desenhos":[{"tipo":"img","x":"476.95px","y":"376.7px","width":"202.2px","height":"57.25px","nomeInstancia":"MovieClips/fala0241c","classe":"fala0241c","nome":"eba02_05_11_0"},{"tipo":"img","x":"476.95px","y":"294.9px","width":"270.9px","height":"87.65px","nomeInstancia":"MovieClips/fala0241b","classe":"fala0241b","nome":"eba02_05_10_0"},{"tipo":"img","x":"430.05px","y":"207px","width":"396.85px","height":"93.6px","nomeInstancia":"MovieClips/fala0241a","classe":"fala0241a","nome":"eba02_05_9_0"},{"nome":"eba02_05_9_1","tipo":"personagem","x":"0px","y":"0px","width":"1016px","height":"659px","nomeInstancia":"MovieClips/animaP9","classe":"animaP9"}]},{"desenhos":[{"tipo":"img","x":"296.2px","y":"179.7px","width":"275.05px","height":"70.25px","nomeInstancia":"MovieClips/fala0242a","classe":"fala0242a","nome":"eba02_05_12_0"},{"nome":"eba02_05_12_1","tipo":"personagem","x":"0px","y":"0px","width":"1016px","height":"659px","nomeInstancia":"MovieClips/animaP13","classe":"animaP13"}]},{"desenhos":[{"tipo":"img","x":"191.85px","y":"243.85px","width":"334.75px","height":"126.45px","nomeInstancia":"MovieClips/fala0242b","classe":"fala0242b","nome":"eba02_05_13_0"},{"tipo":"img","x":"296.2px","y":"179.7px","width":"275.05px","height":"70.25px","nomeInstancia":"MovieClips/fala0242a","classe":"fala0242a","nome":"eba02_05_12_0"},{"nome":"eba02_05_12_1","tipo":"personagem","x":"0px","y":"0px","width":"1016px","height":"659px","nomeInstancia":"MovieClips/animaP13","classe":"animaP13"}]},{"desenhos":[{"tipo":"img","x":"255.55px","y":"161.8px","width":"504.9px","height":"335.45px","nomeInstancia":"MovieClips/destaque_14","classe":"destaque_14","nome":"eba02_05_14_0"},{"tipo":"img","x":"191.85px","y":"243.85px","width":"334.75px","height":"126.45px","nomeInstancia":"MovieClips/fala0242b","classe":"fala0242b","nome":"eba02_05_13_0"},{"tipo":"img","x":"296.2px","y":"179.7px","width":"275.05px","height":"70.25px","nomeInstancia":"MovieClips/fala0242a","classe":"fala0242a","nome":"eba02_05_12_0"},{"nome":"eba02_05_12_1","tipo":"personagem","x":"0px","y":"0px","width":"1016px","height":"659px","nomeInstancia":"MovieClips/animaP13","classe":"animaP13"}]},{"desenhos":[{"tipo":"img","x":"404.1px","y":"211.75px","width":"381.75px","height":"86.05px","nomeInstancia":"MovieClips/Symbol 1 copy","classe":"Symbol 1 copy","nome":"eba02_05_15_0"},{"nome":"eba02_05_15_1","tipo":"personagem","x":"0px","y":"0px","width":"1016px","height":"659px","nomeInstancia":"MovieClips/animaP15","classe":"animaP15"}]},{"desenhos":[{"tipo":"img","x":"458.45px","y":"292.05px","width":"377.7px","height":"98.95px","nomeInstancia":"MovieClips/fala0243b","classe":"fala0243b","nome":"eba02_05_16_0"},{"tipo":"img","x":"404.1px","y":"211.75px","width":"381.75px","height":"86.05px","nomeInstancia":"MovieClips/Symbol 1 copy","classe":"Symbol 1 copy","nome":"eba02_05_15_0"},{"nome":"eba02_05_15_1","tipo":"personagem","x":"0px","y":"0px","width":"1016px","height":"659px","nomeInstancia":"MovieClips/animaP15","classe":"animaP15"}]},{"desenhos":[{"tipo":"img","x":"64.4px","y":"184.45px","width":"468.1px","height":"22.55px","nomeInstancia":"MovieClips/textConvertido_17_0","classe":"textConvertido_17_0","nome":"eba02_05_17_0"}]},{"desenhos":[{"tipo":"img","x":"64.4px","y":"217.2px","width":"335.25px","height":"43.1px","nomeInstancia":"MovieClips/textConvertido_18_1","classe":"textConvertido_18_1","nome":"eba02_05_18_0"},{"tipo":"img","x":"64.4px","y":"175.85px","width":"748.25px","height":"382.75px","nomeInstancia":"MovieClips/telaInfo_miniNavegacao_18","classe":"telaInfo_miniNavegacao_18","nome":"eba02_05_18_1"},{"tipo":"img","x":"64.4px","y":"184.45px","width":"468.1px","height":"22.55px","nomeInstancia":"MovieClips/textConvertido_17_0","classe":"textConvertido_17_0","nome":"eba02_05_17_0"}]},{"desenhos":[{"tipo":"img","x":"284.4px","y":"191.9px","width":"688.6px","height":"393.8px","nomeInstancia":"MovieClips/telaInfo19","classe":"telaInfo19","nome":"eba02_05_19_0"},{"tipo":"img","x":"64.4px","y":"217.2px","width":"335.25px","height":"43.1px","nomeInstancia":"MovieClips/textConvertido_18_1","classe":"textConvertido_18_1","nome":"eba02_05_18_0"},{"tipo":"img","x":"64.4px","y":"175.85px","width":"748.25px","height":"382.75px","nomeInstancia":"MovieClips/telaInfo_miniNavegacao_18","classe":"telaInfo_miniNavegacao_18","nome":"eba02_05_18_1"},{"tipo":"img","x":"64.4px","y":"184.45px","width":"468.1px","height":"22.55px","nomeInstancia":"MovieClips/textConvertido_17_0","classe":"textConvertido_17_0","nome":"eba02_05_17_0"}]},{"desenhos":[{"tipo":"img","x":"575.7px","y":"274.95px","width":"325.6px","height":"43.1px","nomeInstancia":"MovieClips/textConvertido_20_0","classe":"textConvertido_20_0","nome":"eba02_05_20_0"},{"tipo":"img","x":"61.1px","y":"226.45px","width":"463.35px","height":"270.95px","nomeInstancia":"MovieClips/02T45","classe":"02T45","nome":"eba02_05_20_1"}]},{"desenhos":[{"tipo":"img","x":"575.7px","y":"331.9px","width":"346.8px","height":"84.2px","nomeInstancia":"MovieClips/textConvertido_21_0","classe":"textConvertido_21_0","nome":"eba02_05_21_0"},{"tipo":"img","x":"575.7px","y":"274.95px","width":"325.6px","height":"43.1px","nomeInstancia":"MovieClips/textConvertido_20_0","classe":"textConvertido_20_0","nome":"eba02_05_20_0"},{"tipo":"img","x":"61.1px","y":"226.45px","width":"463.35px","height":"270.95px","nomeInstancia":"MovieClips/02T45","classe":"02T45","nome":"eba02_05_20_1"}]},{"desenhos":[{"tipo":"img","x":"61.1px","y":"191.1px","width":"677.35px","height":"396.5px","nomeInstancia":"MovieClips/telaInfo11570123801445","classe":"telaInfo11570123801445","nome":"eba02_05_22_0"},{"tipo":"img","x":"575.7px","y":"429.95px","width":"318.85px","height":"22.55px","nomeInstancia":"MovieClips/textConvertido_22_1","classe":"textConvertido_22_1","nome":"eba02_05_22_1"},{"tipo":"img","x":"575.7px","y":"331.9px","width":"346.8px","height":"84.2px","nomeInstancia":"MovieClips/textConvertido_21_0","classe":"textConvertido_21_0","nome":"eba02_05_21_0"},{"tipo":"img","x":"575.7px","y":"274.95px","width":"325.6px","height":"43.1px","nomeInstancia":"MovieClips/textConvertido_20_0","classe":"textConvertido_20_0","nome":"eba02_05_20_0"},{"tipo":"img","x":"61.1px","y":"226.45px","width":"463.35px","height":"270.95px","nomeInstancia":"MovieClips/02T45","classe":"02T45","nome":"eba02_05_20_1"}]},{"desenhos":[{"tipo":"img","x":"98.4px","y":"269.6px","width":"655.15px","height":"299.55px","nomeInstancia":"MovieClips/opcoes11570123591319","classe":"opcoes11570123591319","nome":"eba02_05_23_0"},{"tipo":"img","x":"89.4px","y":"287.85px","width":"861.3px","height":"189.5px","nomeInstancia":"MovieClips/textConvertido_23_1","classe":"textConvertido_23_1","nome":"eba02_05_23_1"},{"tipo":"img","x":"392.75px","y":"156.5px","width":"230.5px","height":"78.4px","nomeInstancia":"MovieClips/exerciatndo","classe":"exerciatndo","nome":"eba02_05_23_2"}]}]}