{"licao":"eba02_02","topico":"02","telas":[{"desenhos":[{"tipo":"img","x":"437.3px","y":"171.55px","width":"349.95px","height":"73.75px","nomeInstancia":"MovieClips/transicao_1_0","classe":"transicao_1_0","nome":"eba02_02_1_0"},{"nome":"eba02_02_1_1","tipo":"personagem","x":"0px","y":"0px","width":"1016px","height":"659px","nomeInstancia":"MovieClips/animaP1","classe":"animaP1"}]},{"desenhos":[{"tipo":"img","x":"483.7px","y":"238.2px","width":"355.75px","height":"111.25px","nomeInstancia":"MovieClips/transicao_2_0","classe":"transicao_2_0","nome":"eba02_02_2_0"},{"tipo":"img","x":"437.3px","y":"171.55px","width":"349.95px","height":"73.75px","nomeInstancia":"MovieClips/transicao_1_0","classe":"transicao_1_0","nome":"eba02_02_1_0"},{"nome":"eba02_02_1_1","tipo":"personagem","x":"0px","y":"0px","width":"1016px","height":"659px","nomeInstancia":"MovieClips/animaP1","classe":"animaP1"}]},{"desenhos":[{"tipo":"img","x":"483.7px","y":"342.7px","width":"355.75px","height":"111.25px","nomeInstancia":"MovieClips/transicao_3_0","classe":"transicao_3_0","nome":"eba02_02_3_0"},{"tipo":"img","x":"483.7px","y":"238.2px","width":"355.75px","height":"111.25px","nomeInstancia":"MovieClips/transicao_2_0","classe":"transicao_2_0","nome":"eba02_02_2_0"},{"tipo":"img","x":"437.3px","y":"171.55px","width":"349.95px","height":"73.75px","nomeInstancia":"MovieClips/transicao_1_0","classe":"transicao_1_0","nome":"eba02_02_1_0"},{"nome":"eba02_02_1_1","tipo":"personagem","x":"0px","y":"0px","width":"1016px","height":"659px","nomeInstancia":"MovieClips/animaP1","classe":"animaP1"}]},{"desenhos":[{"tipo":"img","x":"66.05px","y":"299.75px","width":"395.95px","height":"43.1px","nomeInstancia":"MovieClips/textConvertido_4_0","classe":"textConvertido_4_0","nome":"eba02_02_4_0"},{"tipo":"img","x":"495.6px","y":"220.5px","width":"473.25px","height":"300.1px","nomeInstancia":"MovieClips/transicao_4_1","classe":"transicao_4_1","nome":"eba02_02_4_1"}]},{"desenhos":[{"tipo":"img","x":"66.05px","y":"361.9px","width":"395.95px","height":"43.1px","nomeInstancia":"MovieClips/textConvertido_5_0","classe":"textConvertido_5_0","nome":"eba02_02_5_0"},{"tipo":"img","x":"66.05px","y":"299.75px","width":"395.95px","height":"43.1px","nomeInstancia":"MovieClips/textConvertido_4_0","classe":"textConvertido_4_0","nome":"eba02_02_4_0"},{"tipo":"img","x":"495.6px","y":"220.5px","width":"473.25px","height":"300.1px","nomeInstancia":"MovieClips/transicao_4_1","classe":"transicao_4_1","nome":"eba02_02_4_1"}]},{"desenhos":[{"tipo":"img","x":"66.05px","y":"424.05px","width":"395.95px","height":"43.1px","nomeInstancia":"MovieClips/textConvertido_6_0","classe":"textConvertido_6_0","nome":"eba02_02_6_0"},{"tipo":"img","x":"66.05px","y":"361.9px","width":"395.95px","height":"43.1px","nomeInstancia":"MovieClips/textConvertido_5_0","classe":"textConvertido_5_0","nome":"eba02_02_5_0"},{"tipo":"img","x":"66.05px","y":"299.75px","width":"395.95px","height":"43.1px","nomeInstancia":"MovieClips/textConvertido_4_0","classe":"textConvertido_4_0","nome":"eba02_02_4_0"},{"tipo":"img","x":"495.6px","y":"220.5px","width":"473.25px","height":"300.1px","nomeInstancia":"MovieClips/transicao_4_1","classe":"transicao_4_1","nome":"eba02_02_4_1"}]},{"desenhos":[{"tipo":"img","x":"558.95px","y":"328.6px","width":"395.95px","height":"63.65px","nomeInstancia":"MovieClips/textConvertido_7_0","classe":"textConvertido_7_0","nome":"eba02_02_7_0"},{"tipo":"img","x":"558.95px","y":"246.45px","width":"235.4px","height":"56.3px","nomeInstancia":"MovieClips/transicao_7_2","classe":"transicao_7_2","nome":"eba02_02_7_1"},{"tipo":"img","x":"61.35px","y":"287.15px","width":"437.6px","height":"157.65px","nomeInstancia":"MovieClips/transicao_7_1","classe":"transicao_7_1","nome":"eba02_02_7_2"}]},{"desenhos":[{"tipo":"img","x":"558.95px","y":"422.25px","width":"395.95px","height":"22.55px","nomeInstancia":"MovieClips/textConvertido_8_0","classe":"textConvertido_8_0","nome":"eba02_02_8_0"},{"tipo":"img","x":"558.95px","y":"328.6px","width":"395.95px","height":"63.65px","nomeInstancia":"MovieClips/textConvertido_7_0","classe":"textConvertido_7_0","nome":"eba02_02_7_0"},{"tipo":"img","x":"558.95px","y":"246.45px","width":"235.4px","height":"56.3px","nomeInstancia":"MovieClips/transicao_7_2","classe":"transicao_7_2","nome":"eba02_02_7_1"},{"tipo":"img","x":"61.35px","y":"287.15px","width":"437.6px","height":"157.65px","nomeInstancia":"MovieClips/transicao_7_1","classe":"transicao_7_1","nome":"eba02_02_7_2"}]},{"desenhos":[{"tipo":"img","x":"55.05px","y":"295.8px","width":"329.5px","height":"22.55px","nomeInstancia":"MovieClips/textConvertido_9_1","classe":"textConvertido_9_1","nome":"eba02_02_9_0"},{"tipo":"img","x":"55.05px","y":"341.75px","width":"402.95px","height":"43.1px","nomeInstancia":"MovieClips/textConvertido_9_0","classe":"textConvertido_9_0","nome":"eba02_02_9_1"},{"tipo":"img","x":"511.5px","y":"309px","width":"437.6px","height":"157.65px","nomeInstancia":"MovieClips/transicao_9_2","classe":"transicao_9_2","nome":"eba02_02_9_2"}]},{"desenhos":[{"tipo":"img","x":"55.05px","y":"403px","width":"395.1px","height":"63.65px","nomeInstancia":"MovieClips/textConvertido_10_0","classe":"textConvertido_10_0","nome":"eba02_02_10_0"},{"tipo":"img","x":"55.05px","y":"295.8px","width":"329.5px","height":"22.55px","nomeInstancia":"MovieClips/textConvertido_9_1","classe":"textConvertido_9_1","nome":"eba02_02_9_0"},{"tipo":"img","x":"55.05px","y":"341.75px","width":"402.95px","height":"43.1px","nomeInstancia":"MovieClips/textConvertido_9_0","classe":"textConvertido_9_0","nome":"eba02_02_9_1"},{"tipo":"img","x":"511.5px","y":"309px","width":"437.6px","height":"157.65px","nomeInstancia":"MovieClips/transicao_9_2","classe":"transicao_9_2","nome":"eba02_02_9_2"}]},{"desenhos":[{"tipo":"img","x":"649.05px","y":"264.65px","width":"337.5px","height":"88.1px","nomeInstancia":"MovieClips/transicao_11_0","classe":"transicao_11_0","nome":"eba02_02_11_0"},{"tipo":"img","x":"57.45px","y":"221.05px","width":"437.6px","height":"157.65px","nomeInstancia":"MovieClips/transicao_11_1","classe":"transicao_11_1","nome":"eba02_02_11_1"},{"nome":"eba02_02_11_2","tipo":"personagem","x":"0px","y":"0px","width":"1016px","height":"659px","nomeInstancia":"MovieClips/animaP11","classe":"animaP11"}]},{"desenhos":[{"tipo":"img","x":"696.35px","y":"347.55px","width":"279.1px","height":"88.05px","nomeInstancia":"MovieClips/transicao_12_0","classe":"transicao_12_0","nome":"eba02_02_12_0"},{"tipo":"img","x":"649.05px","y":"264.65px","width":"337.5px","height":"88.1px","nomeInstancia":"MovieClips/transicao_11_0","classe":"transicao_11_0","nome":"eba02_02_11_0"},{"tipo":"img","x":"57.45px","y":"221.05px","width":"437.6px","height":"157.65px","nomeInstancia":"MovieClips/transicao_11_1","classe":"transicao_11_1","nome":"eba02_02_11_1"},{"nome":"eba02_02_11_2","tipo":"personagem","x":"0px","y":"0px","width":"1016px","height":"659px","nomeInstancia":"MovieClips/animaP11","classe":"animaP11"}]},{"desenhos":[{"tipo":"img","x":"88.9px","y":"260.35px","width":"329.5px","height":"22.55px","nomeInstancia":"MovieClips/textConvertido_13_1","classe":"textConvertido_13_1","nome":"eba02_02_13_0"},{"tipo":"img","x":"88.9px","y":"305.65px","width":"378px","height":"84.2px","nomeInstancia":"MovieClips/textConvertido_13_0","classe":"textConvertido_13_0","nome":"eba02_02_13_1"},{"tipo":"img","x":"524.6px","y":"305.65px","width":"437.6px","height":"157.65px","nomeInstancia":"MovieClips/transicao_13_2","classe":"transicao_13_2","nome":"eba02_02_13_2"}]},{"desenhos":[{"tipo":"img","x":"88.9px","y":"406.35px","width":"385.9px","height":"43.1px","nomeInstancia":"MovieClips/textConvertido_14_0","classe":"textConvertido_14_0","nome":"eba02_02_14_0"},{"tipo":"img","x":"88.9px","y":"260.35px","width":"329.5px","height":"22.55px","nomeInstancia":"MovieClips/textConvertido_13_1","classe":"textConvertido_13_1","nome":"eba02_02_13_0"},{"tipo":"img","x":"88.9px","y":"305.65px","width":"378px","height":"84.2px","nomeInstancia":"MovieClips/textConvertido_13_0","classe":"textConvertido_13_0","nome":"eba02_02_13_1"},{"tipo":"img","x":"524.6px","y":"305.65px","width":"437.6px","height":"157.65px","nomeInstancia":"MovieClips/transicao_13_2","classe":"transicao_13_2","nome":"eba02_02_13_2"}]},{"desenhos":[{"tipo":"img","x":"88.9px","y":"465.95px","width":"349.15px","height":"43.1px","nomeInstancia":"MovieClips/textConvertido_15_0","classe":"textConvertido_15_0","nome":"eba02_02_15_0"},{"tipo":"img","x":"88.9px","y":"406.35px","width":"385.9px","height":"43.1px","nomeInstancia":"MovieClips/textConvertido_14_0","classe":"textConvertido_14_0","nome":"eba02_02_14_0"},{"tipo":"img","x":"88.9px","y":"260.35px","width":"329.5px","height":"22.55px","nomeInstancia":"MovieClips/textConvertido_13_1","classe":"textConvertido_13_1","nome":"eba02_02_13_0"},{"tipo":"img","x":"88.9px","y":"305.65px","width":"378px","height":"84.2px","nomeInstancia":"MovieClips/textConvertido_13_0","classe":"textConvertido_13_0","nome":"eba02_02_13_1"},{"tipo":"img","x":"524.6px","y":"305.65px","width":"437.6px","height":"157.65px","nomeInstancia":"MovieClips/transicao_13_2","classe":"transicao_13_2","nome":"eba02_02_13_2"}]},{"desenhos":[{"tipo":"img","x":"551.85px","y":"297.8px","width":"378px","height":"43.1px","nomeInstancia":"MovieClips/textConvertido_16_0","classe":"textConvertido_16_0","nome":"eba02_02_16_0"},{"tipo":"img","x":"97.1px","y":"235.3px","width":"347.85px","height":"265.7px","nomeInstancia":"MovieClips/transicao_16_1","classe":"transicao_16_1","nome":"eba02_02_16_1"}]},{"desenhos":[{"tipo":"img","x":"551.85px","y":"363.5px","width":"417.65px","height":"43.1px","nomeInstancia":"MovieClips/textConvertido_17_0","classe":"textConvertido_17_0","nome":"eba02_02_17_0"},{"tipo":"img","x":"551.85px","y":"297.8px","width":"378px","height":"43.1px","nomeInstancia":"MovieClips/textConvertido_16_0","classe":"textConvertido_16_0","nome":"eba02_02_16_0"},{"tipo":"img","x":"97.1px","y":"235.3px","width":"347.85px","height":"265.7px","nomeInstancia":"MovieClips/transicao_16_1","classe":"transicao_16_1","nome":"eba02_02_16_1"}]},{"desenhos":[{"tipo":"img","x":"551.85px","y":"432.05px","width":"398.7px","height":"93.55px","nomeInstancia":"MovieClips/hotWord18","classe":"hotWord18","nome":"eba02_02_18_0"},{"tipo":"img","x":"551.85px","y":"429.2px","width":"375.65px","height":"22.55px","nomeInstancia":"MovieClips/textConvertido_18_1","classe":"textConvertido_18_1","nome":"eba02_02_18_1"},{"tipo":"img","x":"551.85px","y":"363.5px","width":"417.65px","height":"43.1px","nomeInstancia":"MovieClips/textConvertido_17_0","classe":"textConvertido_17_0","nome":"eba02_02_17_0"},{"tipo":"img","x":"551.85px","y":"297.8px","width":"378px","height":"43.1px","nomeInstancia":"MovieClips/textConvertido_16_0","classe":"textConvertido_16_0","nome":"eba02_02_16_0"},{"tipo":"img","x":"97.1px","y":"235.3px","width":"347.85px","height":"265.7px","nomeInstancia":"MovieClips/transicao_16_1","classe":"transicao_16_1","nome":"eba02_02_16_1"}]},{"desenhos":[{"tipo":"img","x":"452.35px","y":"292.9px","width":"517.15px","height":"191.15px","nomeInstancia":"MovieClips/transicao_19_0","classe":"transicao_19_0","nome":"eba02_02_19_0"},{"tipo":"img","x":"74.15px","y":"373.05px","width":"293.8px","height":"43.1px","nomeInstancia":"MovieClips/textConvertido_19_0","classe":"textConvertido_19_0","nome":"eba02_02_19_1"},{"tipo":"img","x":"74.15px","y":"278px","width":"231.7px","height":"56.3px","nomeInstancia":"MovieClips/transicao_19_2","classe":"transicao_19_2","nome":"eba02_02_19_2"}]},{"desenhos":[{"tipo":"img","x":"74.15px","y":"427.55px","width":"322.85px","height":"22.55px","nomeInstancia":"MovieClips/textConvertido_20_1","classe":"textConvertido_20_1","nome":"eba02_02_20_0"},{"tipo":"img","x":"452.35px","y":"292.9px","width":"517.15px","height":"191.15px","nomeInstancia":"MovieClips/transicao_19_0","classe":"transicao_19_0","nome":"eba02_02_19_0"},{"tipo":"img","x":"74.15px","y":"373.05px","width":"293.8px","height":"43.1px","nomeInstancia":"MovieClips/textConvertido_19_0","classe":"textConvertido_19_0","nome":"eba02_02_19_1"},{"tipo":"img","x":"74.15px","y":"278px","width":"231.7px","height":"56.3px","nomeInstancia":"MovieClips/transicao_19_2","classe":"transicao_19_2","nome":"eba02_02_19_2"}]},{"desenhos":[{"tipo":"img","x":"283.95px","y":"191.1px","width":"685.55px","height":"292.95px","nomeInstancia":"MovieClips/telaInfo_miniNavegacao","classe":"telaInfo_miniNavegacao","nome":"eba02_02_21_0"},{"tipo":"img","x":"74.15px","y":"461.5px","width":"322.85px","height":"22.55px","nomeInstancia":"MovieClips/textConvertido_21_1","classe":"textConvertido_21_1","nome":"eba02_02_21_1"},{"tipo":"img","x":"74.15px","y":"427.55px","width":"322.85px","height":"22.55px","nomeInstancia":"MovieClips/textConvertido_20_1","classe":"textConvertido_20_1","nome":"eba02_02_20_0"},{"tipo":"img","x":"452.35px","y":"292.9px","width":"517.15px","height":"191.15px","nomeInstancia":"MovieClips/transicao_19_0","classe":"transicao_19_0","nome":"eba02_02_19_0"},{"tipo":"img","x":"74.15px","y":"373.05px","width":"293.8px","height":"43.1px","nomeInstancia":"MovieClips/textConvertido_19_0","classe":"textConvertido_19_0","nome":"eba02_02_19_1"},{"tipo":"img","x":"74.15px","y":"278px","width":"231.7px","height":"56.3px","nomeInstancia":"MovieClips/transicao_19_2","classe":"transicao_19_2","nome":"eba02_02_19_2"}]},{"desenhos":[{"tipo":"img","x":"308.45px","y":"121.6px","width":"665.45px","height":"480.75px","nomeInstancia":"MovieClips/jogoLabirinto","classe":"jogoLabirinto","nome":"eba02_02_22_0"},{"tipo":"img","x":"59.95px","y":"262.85px","width":"313px","height":"84.2px","nomeInstancia":"MovieClips/textConvertido_22_0","classe":"textConvertido_22_0","nome":"eba02_02_22_1"},{"tipo":"img","x":"77.95px","y":"166.25px","width":"230.5px","height":"78.4px","nomeInstancia":"MovieClips/transicao_22_3","classe":"transicao_22_3","nome":"eba02_02_22_2"},{"tipo":"img","x":"60.8px","y":"369.2px","width":"305.25px","height":"195.85px","nomeInstancia":"MovieClips/transicao_22_2","classe":"transicao_22_2","nome":"eba02_02_22_3"}]}]}