{"licao":"eba02_07","topico":"07","telas":[{"desenhos":[{"tipo":"img","x":"425.15px","y":"179.95px","width":"458.2px","height":"112.25px","nomeInstancia":"MovieClips/fala0252a","classe":"fala0252a","nome":"eba02_07_1_0"},{"nome":"eba02_07_1_1","tipo":"personagem","x":"0px","y":"0px","width":"1016px","height":"659px","nomeInstancia":"animaP1","classe":"animaP1"},{"tipo":"img","x":"60.75px","y":"160.1px","width":"130.05px","height":"56.3px","nomeInstancia":"MovieClips/resumindo","classe":"resumindo","nome":"eba02_07_1_2"}]},{"desenhos":[{"tipo":"img","x":"472.05px","y":"287.15px","width":"402.4px","height":"127.3px","nomeInstancia":"MovieClips/fala0252b","classe":"fala0252b","nome":"eba02_07_2_0"},{"tipo":"img","x":"425.15px","y":"179.95px","width":"458.2px","height":"112.25px","nomeInstancia":"MovieClips/fala0252a","classe":"fala0252a","nome":"eba02_07_1_0"},{"nome":"eba02_07_1_1","tipo":"personagem","x":"0px","y":"0px","width":"1016px","height":"659px","nomeInstancia":"animaP1","classe":"animaP1"},{"tipo":"img","x":"60.75px","y":"160.1px","width":"130.05px","height":"56.3px","nomeInstancia":"MovieClips/resumindo","classe":"resumindo","nome":"eba02_07_1_2"}]},{"desenhos":[{"tipo":"img","x":"472.05px","y":"409.4px","width":"308.15px","height":"80.05px","nomeInstancia":"MovieClips/fala0252c","classe":"fala0252c","nome":"eba02_07_3_0"},{"tipo":"img","x":"472.05px","y":"287.15px","width":"402.4px","height":"127.3px","nomeInstancia":"MovieClips/fala0252b","classe":"fala0252b","nome":"eba02_07_2_0"},{"tipo":"img","x":"425.15px","y":"179.95px","width":"458.2px","height":"112.25px","nomeInstancia":"MovieClips/fala0252a","classe":"fala0252a","nome":"eba02_07_1_0"},{"nome":"eba02_07_1_1","tipo":"personagem","x":"0px","y":"0px","width":"1016px","height":"659px","nomeInstancia":"animaP1","classe":"animaP1"},{"tipo":"img","x":"60.75px","y":"160.1px","width":"130.05px","height":"56.3px","nomeInstancia":"MovieClips/resumindo","classe":"resumindo","nome":"eba02_07_1_2"}]},{"desenhos":[{"tipo":"img","x":"283.95px","y":"174.5px","width":"448.15px","height":"310.05px","nomeInstancia":"MovieClips/vejase2","classe":"vejase2","nome":"eba02_07_4_0"}]}]}