{"licao":"eba02_04","topico":"04","telas":[{"desenhos":[{"tipo":"img","x":"407.55px","y":"250.25px","width":"452.25px","height":"91.8px","nomeInstancia":"MovieClips/fala0223a","classe":"fala0223a","nome":"eba02_04_1_0"},{"nome":"eba02_04_1_1","tipo":"personagem","x":"0px","y":"0px","width":"1016px","height":"659px","nomeInstancia":"animaP1","classe":"animaP1"}]},{"desenhos":[{"tipo":"img","x":"454.45px","y":"337.3px","width":"398.5px","height":"90.55px","nomeInstancia":"MovieClips/fala0223b","classe":"fala0223b","nome":"eba02_04_2_0"},{"tipo":"img","x":"407.55px","y":"250.25px","width":"452.25px","height":"91.8px","nomeInstancia":"MovieClips/fala0223a","classe":"fala0223a","nome":"eba02_04_1_0"},{"nome":"eba02_04_1_1","tipo":"personagem","x":"0px","y":"0px","width":"1016px","height":"659px","nomeInstancia":"animaP1","classe":"animaP1"}]},{"desenhos":[{"tipo":"img","x":"454.45px","y":"422.7px","width":"328.85px","height":"80.7px","nomeInstancia":"MovieClips/fala0223c","classe":"fala0223c","nome":"eba02_04_3_0"},{"tipo":"img","x":"454.45px","y":"337.3px","width":"398.5px","height":"90.55px","nomeInstancia":"MovieClips/fala0223b","classe":"fala0223b","nome":"eba02_04_2_0"},{"tipo":"img","x":"407.55px","y":"250.25px","width":"452.25px","height":"91.8px","nomeInstancia":"MovieClips/fala0223a","classe":"fala0223a","nome":"eba02_04_1_0"},{"nome":"eba02_04_1_1","tipo":"personagem","x":"0px","y":"0px","width":"1016px","height":"659px","nomeInstancia":"animaP1","classe":"animaP1"}]},{"desenhos":[{"tipo":"img","x":"283.95px","y":"278px","width":"448.15px","height":"276.8px","nomeInstancia":"MovieClips/miniNavegacao","classe":"miniNavegacao","nome":"eba02_04_4_0"},{"tipo":"img","x":"315.65px","y":"247.2px","width":"384.7px","height":"22.55px","nomeInstancia":"textConvertido_4_1","classe":"textConvertido_4_1","nome":"eba02_04_4_1"},{"tipo":"img","x":"432.8px","y":"166.2px","width":"150.45px","height":"56.3px","nomeInstancia":"MovieClips/título0224","classe":"título0224","nome":"eba02_04_4_2"}]},{"desenhos":[{"tipo":"img","x":"406.1px","y":"298.95px","width":"302.15px","height":"118.35px","nomeInstancia":"hotWord11570127213987","classe":"hotWord11570127213987","nome":"eba02_04_5_0"},{"tipo":"img","x":"89.55px","y":"179.15px","width":"440.65px","height":"142.2px","nomeInstancia":"hotWord11570127122924","classe":"hotWord11570127122924","nome":"eba02_04_5_1"},{"tipo":"img","x":"87.7px","y":"278.6px","width":"348.35px","height":"43.1px","nomeInstancia":"textConvertido_5_2","classe":"textConvertido_5_2","nome":"eba02_04_5_2"},{"tipo":"img","x":"491.2px","y":"255.25px","width":"431.15px","height":"248.8px","nomeInstancia":"MovieClips/02T25","classe":"02T25","nome":"eba02_04_5_3"}]},{"desenhos":[{"tipo":"img","x":"406.1px","y":"298.95px","width":"302.15px","height":"118.35px","nomeInstancia":"hotWord11570127213987","classe":"hotWord11570127213987","nome":"eba02_04_5_0"},{"tipo":"img","x":"89.55px","y":"179.15px","width":"440.65px","height":"142.2px","nomeInstancia":"hotWord11570127122924","classe":"hotWord11570127122924","nome":"eba02_04_5_1"},{"tipo":"img","x":"87.7px","y":"339.3px","width":"315.2px","height":"84.2px","nomeInstancia":"textConvertido_6_2","classe":"textConvertido_6_2","nome":"eba02_04_6_2"},{"tipo":"img","x":"87.7px","y":"278.6px","width":"348.35px","height":"43.1px","nomeInstancia":"textConvertido_5_2","classe":"textConvertido_5_2","nome":"eba02_04_5_2"},{"tipo":"img","x":"491.2px","y":"255.25px","width":"431.15px","height":"248.8px","nomeInstancia":"MovieClips/02T25","classe":"02T25","nome":"eba02_04_5_3"}]},{"desenhos":[{"tipo":"img","x":"406.1px","y":"298.95px","width":"302.15px","height":"118.35px","nomeInstancia":"hotWord11570127213987","classe":"hotWord11570127213987","nome":"eba02_04_5_0"},{"tipo":"img","x":"89.55px","y":"179.15px","width":"440.65px","height":"142.2px","nomeInstancia":"hotWord11570127122924","classe":"hotWord11570127122924","nome":"eba02_04_5_1"},{"tipo":"img","x":"87.7px","y":"441.1px","width":"310.15px","height":"43.1px","nomeInstancia":"textConvertido_7_2","classe":"textConvertido_7_2","nome":"eba02_04_7_2"},{"tipo":"img","x":"87.7px","y":"339.3px","width":"315.2px","height":"84.2px","nomeInstancia":"textConvertido_6_2","classe":"textConvertido_6_2","nome":"eba02_04_6_2"},{"tipo":"img","x":"87.7px","y":"278.6px","width":"348.35px","height":"43.1px","nomeInstancia":"textConvertido_5_2","classe":"textConvertido_5_2","nome":"eba02_04_5_2"},{"tipo":"img","x":"491.2px","y":"255.25px","width":"431.15px","height":"248.8px","nomeInstancia":"MovieClips/02T25","classe":"02T25","nome":"eba02_04_5_3"}]},{"desenhos":[{"tipo":"img","x":"615.5px","y":"284.8px","width":"340.25px","height":"84.2px","nomeInstancia":"textConvertido_8_0","classe":"textConvertido_8_0","nome":"eba02_04_8_0"},{"tipo":"img","x":"615.5px","y":"201.4px","width":"150.45px","height":"56.3px","nomeInstancia":"MovieClips/título0226","classe":"título0226","nome":"eba02_04_8_1"},{"tipo":"img","x":"36.75px","y":"207.7px","width":"552.25px","height":"300.35px","nomeInstancia":"MovieClips/02T26","classe":"02T26","nome":"eba02_04_8_2"}]},{"desenhos":[{"tipo":"img","x":"615.5px","y":"385.15px","width":"328.2px","height":"63.65px","nomeInstancia":"textConvertido_9_0","classe":"textConvertido_9_0","nome":"eba02_04_9_0"},{"tipo":"img","x":"615.5px","y":"284.8px","width":"340.25px","height":"84.2px","nomeInstancia":"textConvertido_8_0","classe":"textConvertido_8_0","nome":"eba02_04_8_0"},{"tipo":"img","x":"615.5px","y":"201.4px","width":"150.45px","height":"56.3px","nomeInstancia":"MovieClips/título0226","classe":"título0226","nome":"eba02_04_8_1"},{"tipo":"img","x":"36.75px","y":"207.7px","width":"552.25px","height":"300.35px","nomeInstancia":"MovieClips/02T26","classe":"02T26","nome":"eba02_04_8_2"}]},{"desenhos":[{"tipo":"img","x":"615.5px","y":"464.95px","width":"346.3px","height":"43.1px","nomeInstancia":"textConvertido_10_0","classe":"textConvertido_10_0","nome":"eba02_04_10_0"},{"tipo":"img","x":"615.5px","y":"385.15px","width":"328.2px","height":"63.65px","nomeInstancia":"textConvertido_9_0","classe":"textConvertido_9_0","nome":"eba02_04_9_0"},{"tipo":"img","x":"615.5px","y":"284.8px","width":"340.25px","height":"84.2px","nomeInstancia":"textConvertido_8_0","classe":"textConvertido_8_0","nome":"eba02_04_8_0"},{"tipo":"img","x":"615.5px","y":"201.4px","width":"150.45px","height":"56.3px","nomeInstancia":"MovieClips/título0226","classe":"título0226","nome":"eba02_04_8_1"},{"tipo":"img","x":"36.75px","y":"207.7px","width":"552.25px","height":"300.35px","nomeInstancia":"MovieClips/02T26","classe":"02T26","nome":"eba02_04_8_2"}]},{"desenhos":[{"tipo":"img","x":"46.9px","y":"306.9px","width":"361.95px","height":"84.2px","nomeInstancia":"textConvertido_11_0","classe":"textConvertido_11_0","nome":"eba02_04_11_0"},{"tipo":"img","x":"46.9px","y":"223.55px","width":"213px","height":"56.3px","nomeInstancia":"MovieClips/título0227","classe":"título0227","nome":"eba02_04_11_1"},{"tipo":"img","x":"428.75px","y":"223.55px","width":"552.25px","height":"300.35px","nomeInstancia":"Symbol 18","classe":"Symbol 18","nome":"eba02_04_11_2"}]},{"desenhos":[{"tipo":"img","x":"46.9px","y":"405.95px","width":"370px","height":"43.1px","nomeInstancia":"textConvertido_12_0","classe":"textConvertido_12_0","nome":"eba02_04_12_0"},{"tipo":"img","x":"46.9px","y":"306.9px","width":"361.95px","height":"84.2px","nomeInstancia":"textConvertido_11_0","classe":"textConvertido_11_0","nome":"eba02_04_11_0"},{"tipo":"img","x":"46.9px","y":"223.55px","width":"213px","height":"56.3px","nomeInstancia":"MovieClips/título0227","classe":"título0227","nome":"eba02_04_11_1"},{"tipo":"img","x":"428.75px","y":"223.55px","width":"552.25px","height":"300.35px","nomeInstancia":"Symbol 18","classe":"Symbol 18","nome":"eba02_04_11_2"}]},{"desenhos":[{"tipo":"img","x":"46.9px","y":"463.9px","width":"346.3px","height":"43.1px","nomeInstancia":"textConvertido_13_0","classe":"textConvertido_13_0","nome":"eba02_04_13_0"},{"tipo":"img","x":"46.9px","y":"405.95px","width":"370px","height":"43.1px","nomeInstancia":"textConvertido_12_0","classe":"textConvertido_12_0","nome":"eba02_04_12_0"},{"tipo":"img","x":"46.9px","y":"306.9px","width":"361.95px","height":"84.2px","nomeInstancia":"textConvertido_11_0","classe":"textConvertido_11_0","nome":"eba02_04_11_0"},{"tipo":"img","x":"46.9px","y":"223.55px","width":"213px","height":"56.3px","nomeInstancia":"MovieClips/título0227","classe":"título0227","nome":"eba02_04_11_1"},{"tipo":"img","x":"428.75px","y":"223.55px","width":"552.25px","height":"300.35px","nomeInstancia":"Symbol 18","classe":"Symbol 18","nome":"eba02_04_11_2"}]},{"desenhos":[{"tipo":"img","x":"405.85px","y":"202.5px","width":"413.95px","height":"70.85px","nomeInstancia":"MovieClips/fala0228a","classe":"fala0228a","nome":"eba02_04_14_0"},{"nome":"eba02_04_14_1","tipo":"personagem","x":"0px","y":"0px","width":"1016px","height":"659px","nomeInstancia":"animaP14","classe":"animaP14"}]},{"desenhos":[{"tipo":"img","x":"454px","y":"267.65px","width":"323.4px","height":"111.25px","nomeInstancia":"MovieClips/fala0228b","classe":"fala0228b","nome":"eba02_04_15_0"},{"tipo":"img","x":"405.85px","y":"202.5px","width":"413.95px","height":"70.85px","nomeInstancia":"MovieClips/fala0228a","classe":"fala0228a","nome":"eba02_04_14_0"},{"nome":"eba02_04_14_1","tipo":"personagem","x":"0px","y":"0px","width":"1016px","height":"659px","nomeInstancia":"animaP14","classe":"animaP14"}]},{"desenhos":[{"tipo":"img","x":"454px","y":"374px","width":"282.3px","height":"85.3px","nomeInstancia":"MovieClips/fala0228c","classe":"fala0228c","nome":"eba02_04_16_0"},{"tipo":"img","x":"454px","y":"267.65px","width":"323.4px","height":"111.25px","nomeInstancia":"MovieClips/fala0228b","classe":"fala0228b","nome":"eba02_04_15_0"},{"tipo":"img","x":"405.85px","y":"202.5px","width":"413.95px","height":"70.85px","nomeInstancia":"MovieClips/fala0228a","classe":"fala0228a","nome":"eba02_04_14_0"},{"nome":"eba02_04_14_1","tipo":"personagem","x":"0px","y":"0px","width":"1016px","height":"659px","nomeInstancia":"animaP14","classe":"animaP14"}]},{"desenhos":[{"tipo":"img","x":"36.75px","y":"282.75px","width":"298.3px","height":"63.65px","nomeInstancia":"textConvertido_17_0","classe":"textConvertido_17_0","nome":"eba02_04_17_0"},{"tipo":"img","x":"421.7px","y":"233.85px","width":"552.25px","height":"300.35px","nomeInstancia":"Symbol 19","classe":"Symbol 19","nome":"eba02_04_17_1"}]},{"desenhos":[{"tipo":"img","x":"36.75px","y":"361.25px","width":"345.6px","height":"63.65px","nomeInstancia":"textConvertido_18_0","classe":"textConvertido_18_0","nome":"eba02_04_18_0"},{"tipo":"img","x":"36.75px","y":"282.75px","width":"298.3px","height":"63.65px","nomeInstancia":"textConvertido_17_0","classe":"textConvertido_17_0","nome":"eba02_04_17_0"},{"tipo":"img","x":"421.7px","y":"233.85px","width":"552.25px","height":"300.35px","nomeInstancia":"Symbol 19","classe":"Symbol 19","nome":"eba02_04_17_1"}]},{"desenhos":[{"tipo":"img","x":"36.75px","y":"439.75px","width":"316.45px","height":"63.65px","nomeInstancia":"textConvertido_19_0","classe":"textConvertido_19_0","nome":"eba02_04_19_0"},{"tipo":"img","x":"36.75px","y":"361.25px","width":"345.6px","height":"63.65px","nomeInstancia":"textConvertido_18_0","classe":"textConvertido_18_0","nome":"eba02_04_18_0"},{"tipo":"img","x":"36.75px","y":"282.75px","width":"298.3px","height":"63.65px","nomeInstancia":"textConvertido_17_0","classe":"textConvertido_17_0","nome":"eba02_04_17_0"},{"tipo":"img","x":"421.7px","y":"233.85px","width":"552.25px","height":"300.35px","nomeInstancia":"Symbol 19","classe":"Symbol 19","nome":"eba02_04_17_1"}]},{"desenhos":[{"tipo":"img","x":"404.5px","y":"213.65px","width":"445.15px","height":"89.35px","nomeInstancia":"MovieClips/fala0230a","classe":"fala0230a","nome":"eba02_04_20_0"},{"nome":"eba02_04_20_1","tipo":"personagem","x":"0px","y":"0px","width":"1016px","height":"659px","nomeInstancia":"animaP20","classe":"animaP20"},{"tipo":"img","x":"390.2px","y":"133.4px","width":"235.6px","height":"56.3px","nomeInstancia":"MovieClips/título0230","classe":"título0230","nome":"eba02_04_20_2"}]},{"desenhos":[{"tipo":"img","x":"452.65px","y":"298px","width":"378.25px","height":"111.25px","nomeInstancia":"MovieClips/fala0230b","classe":"fala0230b","nome":"eba02_04_21_0"},{"tipo":"img","x":"404.5px","y":"213.65px","width":"445.15px","height":"89.35px","nomeInstancia":"MovieClips/fala0230a","classe":"fala0230a","nome":"eba02_04_20_0"},{"nome":"eba02_04_20_1","tipo":"personagem","x":"0px","y":"0px","width":"1016px","height":"659px","nomeInstancia":"animaP20","classe":"animaP20"},{"tipo":"img","x":"390.2px","y":"133.4px","width":"235.6px","height":"56.3px","nomeInstancia":"MovieClips/título0230","classe":"título0230","nome":"eba02_04_20_2"}]},{"desenhos":[{"tipo":"img","x":"249.15px","y":"191.1px","width":"710.55px","height":"398.35px","nomeInstancia":"telaInfo22","classe":"telaInfo22","nome":"eba02_04_22_0"},{"tipo":"img","x":"549px","y":"404.3px","width":"282.3px","height":"85.3px","nomeInstancia":"MovieClips/fala0230c","classe":"fala0230c","nome":"eba02_04_22_1"},{"tipo":"img","x":"452.65px","y":"298px","width":"378.25px","height":"111.25px","nomeInstancia":"MovieClips/fala0230b","classe":"fala0230b","nome":"eba02_04_21_0"},{"tipo":"img","x":"404.5px","y":"213.65px","width":"445.15px","height":"89.35px","nomeInstancia":"MovieClips/fala0230a","classe":"fala0230a","nome":"eba02_04_20_0"},{"nome":"eba02_04_20_1","tipo":"personagem","x":"0px","y":"0px","width":"1016px","height":"659px","nomeInstancia":"animaP20","classe":"animaP20"},{"tipo":"img","x":"390.2px","y":"133.4px","width":"235.6px","height":"56.3px","nomeInstancia":"MovieClips/título0230","classe":"título0230","nome":"eba02_04_20_2"}]},{"desenhos":[{"tipo":"img","x":"49.3px","y":"282.75px","width":"394.8px","height":"84.2px","nomeInstancia":"textConvertido_23_0","classe":"textConvertido_23_0","nome":"eba02_04_23_0"},{"tipo":"img","x":"484.55px","y":"264.1px","width":"481.65px","height":"261.95px","nomeInstancia":"Symbol 20","classe":"Symbol 20","nome":"eba02_04_23_1"},{"tipo":"img","x":"49.3px","y":"198.5px","width":"184.05px","height":"56.3px","nomeInstancia":"MovieClips/título0231","classe":"título0231","nome":"eba02_04_23_2"}]},{"desenhos":[{"tipo":"img","x":"49.3px","y":"382.85px","width":"351.9px","height":"63.65px","nomeInstancia":"textConvertido_24_0","classe":"textConvertido_24_0","nome":"eba02_04_24_0"},{"tipo":"img","x":"49.3px","y":"282.75px","width":"394.8px","height":"84.2px","nomeInstancia":"textConvertido_23_0","classe":"textConvertido_23_0","nome":"eba02_04_23_0"},{"tipo":"img","x":"484.55px","y":"264.1px","width":"481.65px","height":"261.95px","nomeInstancia":"Symbol 20","classe":"Symbol 20","nome":"eba02_04_23_1"},{"tipo":"img","x":"49.3px","y":"198.5px","width":"184.05px","height":"56.3px","nomeInstancia":"MovieClips/título0231","classe":"título0231","nome":"eba02_04_23_2"}]},{"desenhos":[{"tipo":"img","x":"53.8px","y":"504.9px","width":"396.5px","height":"100.55px","nomeInstancia":"hotWord11570127383879","classe":"hotWord11570127383879","nome":"eba02_04_25_0"},{"tipo":"img","x":"49.3px","y":"462.4px","width":"364.5px","height":"63.65px","nomeInstancia":"textConvertido_25_1","classe":"textConvertido_25_1","nome":"eba02_04_25_1"},{"tipo":"img","x":"49.3px","y":"382.85px","width":"351.9px","height":"63.65px","nomeInstancia":"textConvertido_24_0","classe":"textConvertido_24_0","nome":"eba02_04_24_0"},{"tipo":"img","x":"49.3px","y":"282.75px","width":"394.8px","height":"84.2px","nomeInstancia":"textConvertido_23_0","classe":"textConvertido_23_0","nome":"eba02_04_23_0"},{"tipo":"img","x":"484.55px","y":"264.1px","width":"481.65px","height":"261.95px","nomeInstancia":"Symbol 20","classe":"Symbol 20","nome":"eba02_04_23_1"},{"tipo":"img","x":"49.3px","y":"198.5px","width":"184.05px","height":"56.3px","nomeInstancia":"MovieClips/título0231","classe":"título0231","nome":"eba02_04_23_2"}]},{"desenhos":[{"tipo":"img","x":"608.75px","y":"262.6px","width":"309.05px","height":"63.65px","nomeInstancia":"textConvertido_26_0","classe":"textConvertido_26_0","nome":"eba02_04_26_0"},{"tipo":"img","x":"59.65px","y":"225.05px","width":"481.65px","height":"261.95px","nomeInstancia":"Symbol 13","classe":"Symbol 13","nome":"eba02_04_26_1"}]},{"desenhos":[{"tipo":"img","x":"608.75px","y":"345.05px","width":"351.9px","height":"43.1px","nomeInstancia":"textConvertido_27_0","classe":"textConvertido_27_0","nome":"eba02_04_27_0"},{"tipo":"img","x":"608.75px","y":"262.6px","width":"309.05px","height":"63.65px","nomeInstancia":"textConvertido_26_0","classe":"textConvertido_26_0","nome":"eba02_04_26_0"},{"tipo":"img","x":"59.65px","y":"225.05px","width":"481.65px","height":"261.95px","nomeInstancia":"Symbol 13","classe":"Symbol 13","nome":"eba02_04_26_1"}]},{"desenhos":[{"tipo":"img","x":"608.75px","y":"406.95px","width":"329.25px","height":"63.65px","nomeInstancia":"textConvertido_28_0","classe":"textConvertido_28_0","nome":"eba02_04_28_0"},{"tipo":"img","x":"608.75px","y":"345.05px","width":"351.9px","height":"43.1px","nomeInstancia":"textConvertido_27_0","classe":"textConvertido_27_0","nome":"eba02_04_27_0"},{"tipo":"img","x":"608.75px","y":"262.6px","width":"309.05px","height":"63.65px","nomeInstancia":"textConvertido_26_0","classe":"textConvertido_26_0","nome":"eba02_04_26_0"},{"tipo":"img","x":"59.65px","y":"225.05px","width":"481.65px","height":"261.95px","nomeInstancia":"Symbol 13","classe":"Symbol 13","nome":"eba02_04_26_1"}]},{"desenhos":[{"tipo":"img","x":"255.55px","y":"161.8px","width":"504.9px","height":"335.45px","nomeInstancia":"destaque_29","classe":"destaque_29","nome":"eba02_04_29_0"},{"tipo":"img","x":"608.75px","y":"406.95px","width":"329.25px","height":"63.65px","nomeInstancia":"textConvertido_28_0","classe":"textConvertido_28_0","nome":"eba02_04_28_0"},{"tipo":"img","x":"608.75px","y":"345.05px","width":"351.9px","height":"43.1px","nomeInstancia":"textConvertido_27_0","classe":"textConvertido_27_0","nome":"eba02_04_27_0"},{"tipo":"img","x":"608.75px","y":"262.6px","width":"309.05px","height":"63.65px","nomeInstancia":"textConvertido_26_0","classe":"textConvertido_26_0","nome":"eba02_04_26_0"},{"tipo":"img","x":"59.65px","y":"225.05px","width":"481.65px","height":"261.95px","nomeInstancia":"Symbol 13","classe":"Symbol 13","nome":"eba02_04_26_1"}]},{"desenhos":[{"tipo":"img","x":"213.55px","y":"208.75px","width":"375.75px","height":"89.7px","nomeInstancia":"MovieClips/fala0233a","classe":"fala0233a","nome":"eba02_04_30_0"},{"nome":"eba02_04_30_1","tipo":"personagem","x":"0px","y":"0px","width":"1016px","height":"659px","nomeInstancia":"animaP30","classe":"animaP30"},{"tipo":"img","x":"390.2px","y":"133.4px","width":"199.1px","height":"56.3px","nomeInstancia":"MovieClips/título0233","classe":"título0233","nome":"eba02_04_30_2"}]},{"desenhos":[{"tipo":"img","x":"160.4px","y":"292.65px","width":"382.35px","height":"80.55px","nomeInstancia":"MovieClips/fala0233b","classe":"fala0233b","nome":"eba02_04_31_0"},{"tipo":"img","x":"213.55px","y":"208.75px","width":"375.75px","height":"89.7px","nomeInstancia":"MovieClips/fala0233a","classe":"fala0233a","nome":"eba02_04_30_0"},{"nome":"eba02_04_30_1","tipo":"personagem","x":"0px","y":"0px","width":"1016px","height":"659px","nomeInstancia":"animaP30","classe":"animaP30"},{"tipo":"img","x":"390.2px","y":"133.4px","width":"199.1px","height":"56.3px","nomeInstancia":"MovieClips/título0233","classe":"título0233","nome":"eba02_04_30_2"}]},{"desenhos":[{"tipo":"img","x":"160.45px","y":"367.8px","width":"366.35px","height":"101.15px","nomeInstancia":"MovieClips/fala0233c","classe":"fala0233c","nome":"eba02_04_32_0"},{"tipo":"img","x":"160.4px","y":"292.65px","width":"382.35px","height":"80.55px","nomeInstancia":"MovieClips/fala0233b","classe":"fala0233b","nome":"eba02_04_31_0"},{"tipo":"img","x":"213.55px","y":"208.75px","width":"375.75px","height":"89.7px","nomeInstancia":"MovieClips/fala0233a","classe":"fala0233a","nome":"eba02_04_30_0"},{"nome":"eba02_04_30_1","tipo":"personagem","x":"0px","y":"0px","width":"1016px","height":"659px","nomeInstancia":"animaP30","classe":"animaP30"},{"tipo":"img","x":"390.2px","y":"133.4px","width":"199.1px","height":"56.3px","nomeInstancia":"MovieClips/título0233","classe":"título0233","nome":"eba02_04_30_2"}]},{"desenhos":[{"tipo":"img","x":"399.55px","y":"255.3px","width":"417.95px","height":"108.35px","nomeInstancia":"Symbol 14","classe":"Symbol 14","nome":"eba02_04_33_0"},{"nome":"eba02_04_33_1","tipo":"personagem","x":"0px","y":"0px","width":"1016px","height":"659px","nomeInstancia":"animaP33","classe":"animaP33"}]},{"desenhos":[{"tipo":"img","x":"448.8px","y":"357.45px","width":"292.1px","height":"80.55px","nomeInstancia":"MovieClips/fala0234b","classe":"fala0234b","nome":"eba02_04_34_0"},{"tipo":"img","x":"399.55px","y":"255.3px","width":"417.95px","height":"108.35px","nomeInstancia":"Symbol 14","classe":"Symbol 14","nome":"eba02_04_33_0"},{"nome":"eba02_04_33_1","tipo":"personagem","x":"0px","y":"0px","width":"1016px","height":"659px","nomeInstancia":"animaP33","classe":"animaP33"}]},{"desenhos":[{"tipo":"img","x":"318.6px","y":"193.6px","width":"284.4px","height":"65.1px","nomeInstancia":"MovieClips/fala0235a","classe":"fala0235a","nome":"eba02_04_35_0"},{"nome":"eba02_04_35_1","tipo":"personagem","x":"0px","y":"0px","width":"1016px","height":"659px","nomeInstancia":"animaP35","classe":"animaP35"}]},{"desenhos":[{"tipo":"img","x":"138.7px","y":"252.1px","width":"415.45px","height":"100.45px","nomeInstancia":"MovieClips/fala0235b","classe":"fala0235b","nome":"eba02_04_36_0"},{"tipo":"img","x":"318.6px","y":"193.6px","width":"284.4px","height":"65.1px","nomeInstancia":"MovieClips/fala0235a","classe":"fala0235a","nome":"eba02_04_35_0"},{"nome":"eba02_04_35_1","tipo":"personagem","x":"0px","y":"0px","width":"1016px","height":"659px","nomeInstancia":"animaP35","classe":"animaP35"}]},{"desenhos":[{"tipo":"img","x":"154.15px","y":"346.55px","width":"388.4px","height":"81.25px","nomeInstancia":"MovieClips/fala0235c","classe":"fala0235c","nome":"eba02_04_37_0"},{"tipo":"img","x":"138.7px","y":"252.1px","width":"415.45px","height":"100.45px","nomeInstancia":"MovieClips/fala0235b","classe":"fala0235b","nome":"eba02_04_36_0"},{"tipo":"img","x":"318.6px","y":"193.6px","width":"284.4px","height":"65.1px","nomeInstancia":"MovieClips/fala0235a","classe":"fala0235a","nome":"eba02_04_35_0"},{"nome":"eba02_04_35_1","tipo":"personagem","x":"0px","y":"0px","width":"1016px","height":"659px","nomeInstancia":"animaP35","classe":"animaP35"}]},{"desenhos":[{"tipo":"img","x":"572.4px","y":"283.85px","width":"320.1px","height":"84.2px","nomeInstancia":"textConvertido_38_0","classe":"textConvertido_38_0","nome":"eba02_04_38_0"},{"tipo":"img","x":"93.9px","y":"233.55px","width":"388.35px","height":"265.2px","nomeInstancia":"MovieClips/02T36","classe":"02T36","nome":"eba02_04_38_1"}]},{"desenhos":[{"tipo":"img","x":"73.7px","y":"206px","width":"615.35px","height":"382.5px","nomeInstancia":"telaInfo39","classe":"telaInfo39","nome":"eba02_04_39_0"},{"tipo":"img","x":"572.4px","y":"395.65px","width":"316.05px","height":"63.65px","nomeInstancia":"textConvertido_39_1","classe":"textConvertido_39_1","nome":"eba02_04_39_1"},{"tipo":"img","x":"572.4px","y":"283.85px","width":"320.1px","height":"84.2px","nomeInstancia":"textConvertido_38_0","classe":"textConvertido_38_0","nome":"eba02_04_38_0"},{"tipo":"img","x":"93.9px","y":"233.55px","width":"388.35px","height":"265.2px","nomeInstancia":"MovieClips/02T36","classe":"02T36","nome":"eba02_04_38_1"}]},{"desenhos":[{"tipo":"img","x":"236.8px","y":"295.15px","width":"606.8px","height":"287.85px","nomeInstancia":"dragDrop","classe":"dragDrop","nome":"eba02_04_40_0"},{"tipo":"img","x":"258.85px","y":"263.65px","width":"498.35px","height":"22.55px","nomeInstancia":"textConvertido_40_1","classe":"textConvertido_40_1","nome":"eba02_04_40_1"},{"tipo":"img","x":"392.75px","y":"156.3px","width":"230.5px","height":"78.4px","nomeInstancia":"MovieClips/exerciatndo","classe":"exerciatndo","nome":"eba02_04_40_2"}]}]}