{"licao":"eba02_06","topico":"06","telas":[{"desenhos":[{"tipo":"img","x":"355.75px","y":"287.8px","width":"434.2px","height":"70.25px","nomeInstancia":"MovieClips/fala0247a","classe":"fala0247a","nome":"eba02_06_1_0"},{"nome":"eba02_06_1_1","tipo":"personagem","x":"0px","y":"0px","width":"1016px","height":"659px","nomeInstancia":"MovieClips/animaP1","classe":"animaP1"}]},{"desenhos":[{"tipo":"img","x":"402.65px","y":"352.6px","width":"499.75px","height":"154.8px","nomeInstancia":"MovieClips/fala0247b","classe":"fala0247b","nome":"eba02_06_2_0"},{"tipo":"img","x":"355.75px","y":"287.8px","width":"434.2px","height":"70.25px","nomeInstancia":"MovieClips/fala0247a","classe":"fala0247a","nome":"eba02_06_1_0"},{"nome":"eba02_06_1_1","tipo":"personagem","x":"0px","y":"0px","width":"1016px","height":"659px","nomeInstancia":"MovieClips/animaP1","classe":"animaP1"}]},{"desenhos":[{"tipo":"img","x":"43.1px","y":"140.9px","width":"919.1px","height":"442.2px","nomeInstancia":"MovieClips/opcoes_3","classe":"opcoes_3","nome":"eba02_06_3_0"},{"tipo":"img","x":"43.1px","y":"232.45px","width":"928.5px","height":"245.15px","nomeInstancia":"MovieClips/textConvertido_3_1","classe":"textConvertido_3_1","nome":"eba02_06_3_1"},{"tipo":"img","x":"533.1px","y":"350.9px","width":"440.2px","height":"136.75px","nomeInstancia":"MovieClips/02T48a","classe":"02T48a","nome":"eba02_06_3_2"}]},{"desenhos":[{"tipo":"img","x":"153.7px","y":"240.35px","width":"364.1px","height":"22.55px","nomeInstancia":"MovieClips/textConvertido_4_0","classe":"textConvertido_4_0","nome":"eba02_06_4_0"},{"tipo":"img","x":"416.55px","y":"148.1px","width":"182.95px","height":"56.3px","nomeInstancia":"MovieClips/título0249","classe":"título0249","nome":"eba02_06_4_1"}]},{"desenhos":[{"tipo":"img","x":"153.7px","y":"275.4px","width":"594.2px","height":"22.55px","nomeInstancia":"MovieClips/textConvertido_5_0","classe":"textConvertido_5_0","nome":"eba02_06_5_0"},{"tipo":"img","x":"153.7px","y":"240.35px","width":"364.1px","height":"22.55px","nomeInstancia":"MovieClips/textConvertido_4_0","classe":"textConvertido_4_0","nome":"eba02_06_4_0"},{"tipo":"img","x":"416.55px","y":"148.1px","width":"182.95px","height":"56.3px","nomeInstancia":"MovieClips/título0249","classe":"título0249","nome":"eba02_06_4_1"}]},{"desenhos":[{"tipo":"img","x":"106.1px","y":"135px","width":"796.5px","height":"440.4px","nomeInstancia":"MovieClips/telaInfo7","classe":"telaInfo7","nome":"eba02_06_6_0"},{"tipo":"img","x":"153.7px","y":"310.45px","width":"441.55px","height":"22.55px","nomeInstancia":"MovieClips/textConvertido_6_1","classe":"textConvertido_6_1","nome":"eba02_06_6_1"},{"tipo":"img","x":"153.7px","y":"275.4px","width":"594.2px","height":"22.55px","nomeInstancia":"MovieClips/textConvertido_5_0","classe":"textConvertido_5_0","nome":"eba02_06_5_0"},{"tipo":"img","x":"153.7px","y":"240.35px","width":"364.1px","height":"22.55px","nomeInstancia":"MovieClips/textConvertido_4_0","classe":"textConvertido_4_0","nome":"eba02_06_4_0"},{"tipo":"img","x":"416.55px","y":"148.1px","width":"182.95px","height":"56.3px","nomeInstancia":"MovieClips/título0249","classe":"título0249","nome":"eba02_06_4_1"}]},{"desenhos":[{"tipo":"img","x":"69.4px","y":"286.1px","width":"337.8px","height":"84.2px","nomeInstancia":"MovieClips/textConvertido_7_0","classe":"textConvertido_7_0","nome":"eba02_06_7_0"},{"tipo":"img","x":"458.55px","y":"184.3px","width":"504.4px","height":"399.9px","nomeInstancia":"MovieClips/02T49 copy","classe":"02T49 copy","nome":"eba02_06_7_1"}]},{"desenhos":[{"tipo":"img","x":"69.4px","y":"191.1px","width":"662.7px","height":"393.1px","nomeInstancia":"MovieClips/telaInfo8","classe":"telaInfo8","nome":"eba02_06_8_0"},{"tipo":"img","x":"69.4px","y":"399.3px","width":"337.8px","height":"63.65px","nomeInstancia":"MovieClips/textConvertido_8_1","classe":"textConvertido_8_1","nome":"eba02_06_8_1"},{"tipo":"img","x":"69.4px","y":"286.1px","width":"337.8px","height":"84.2px","nomeInstancia":"MovieClips/textConvertido_7_0","classe":"textConvertido_7_0","nome":"eba02_06_7_0"},{"tipo":"img","x":"458.55px","y":"184.3px","width":"504.4px","height":"399.9px","nomeInstancia":"MovieClips/02T49 copy","classe":"02T49 copy","nome":"eba02_06_7_1"}]},{"desenhos":[{"tipo":"img","x":"122.15px","y":"173.95px","width":"775.8px","height":"387.1px","nomeInstancia":"MovieClips/dragDrop_9","classe":"dragDrop_9","nome":"eba02_06_9_0"},{"tipo":"img","x":"142.15px","y":"289.05px","width":"731.75px","height":"43.1px","nomeInstancia":"MovieClips/textConvertido_9_1","classe":"textConvertido_9_1","nome":"eba02_06_9_1"},{"tipo":"img","x":"392.75px","y":"183.8px","width":"230.5px","height":"78.4px","nomeInstancia":"MovieClips/exerciatndo","classe":"exerciatndo","nome":"eba02_06_9_2"}]}]}