{"licao":"eba02_03","topico":"03","telas":[{"desenhos":[{"tipo":"img","x":"548.85px","y":"266.4px","width":"395.95px","height":"63.65px","nomeInstancia":"textConvertido_1_0","classe":"textConvertido_1_0","nome":"eba02_03_1_0"},{"tipo":"img","x":"54.3px","y":"275.85px","width":"433.75px","height":"212px","nomeInstancia":"MovieClips/02T12","classe":"02T12","nome":"eba02_03_1_1"}]},{"desenhos":[{"tipo":"img","x":"551.6px","y":"170.15px","width":"393.25px","height":"217.85px","nomeInstancia":"MovieClips/hotWord2","classe":"hotWord2","nome":"eba02_03_2_0"},{"tipo":"img","x":"548.85px","y":"345.3px","width":"400.2px","height":"63.65px","nomeInstancia":"textConvertido_2_1","classe":"textConvertido_2_1","nome":"eba02_03_2_1"},{"tipo":"img","x":"548.85px","y":"266.4px","width":"395.95px","height":"63.65px","nomeInstancia":"textConvertido_1_0","classe":"textConvertido_1_0","nome":"eba02_03_1_0"},{"tipo":"img","x":"54.3px","y":"275.85px","width":"433.75px","height":"212px","nomeInstancia":"MovieClips/02T12","classe":"02T12","nome":"eba02_03_1_1"}]},{"desenhos":[{"tipo":"img","x":"551.6px","y":"170.15px","width":"393.25px","height":"217.85px","nomeInstancia":"MovieClips/hotWord2","classe":"hotWord2","nome":"eba02_03_2_0"},{"tipo":"img","x":"548.85px","y":"428.2px","width":"344.05px","height":"130.95px","nomeInstancia":"MovieClips/hotWord3","classe":"hotWord3","nome":"eba02_03_3_1"},{"tipo":"img","x":"548.85px","y":"424.2px","width":"363.65px","height":"63.65px","nomeInstancia":"textConvertido_3_2","classe":"textConvertido_3_2","nome":"eba02_03_3_2"},{"tipo":"img","x":"548.85px","y":"345.3px","width":"400.2px","height":"63.65px","nomeInstancia":"textConvertido_2_1","classe":"textConvertido_2_1","nome":"eba02_03_2_1"},{"tipo":"img","x":"548.85px","y":"266.4px","width":"395.95px","height":"63.65px","nomeInstancia":"textConvertido_1_0","classe":"textConvertido_1_0","nome":"eba02_03_1_0"},{"tipo":"img","x":"54.3px","y":"275.85px","width":"433.75px","height":"212px","nomeInstancia":"MovieClips/02T12","classe":"02T12","nome":"eba02_03_1_1"}]},{"desenhos":[{"tipo":"img","x":"95.05px","y":"198.7px","width":"355.5px","height":"129.75px","nomeInstancia":"MovieClips/hotWord11570125197576","classe":"hotWord11570125197576","nome":"eba02_03_4_0"},{"tipo":"img","x":"95.05px","y":"284.8px","width":"304.65px","height":"84.2px","nomeInstancia":"textConvertido_4_1","classe":"textConvertido_4_1","nome":"eba02_03_4_1"},{"tipo":"img","x":"500.7px","y":"249.05px","width":"438.8px","height":"232.85px","nomeInstancia":"MovieClips/02T13","classe":"02T13","nome":"eba02_03_4_2"}]},{"desenhos":[{"tipo":"img","x":"283.95px","y":"191.1px","width":"692px","height":"396.6px","nomeInstancia":"MovieClips/telaInfo51570125441441","classe":"telaInfo51570125441441","nome":"eba02_03_5_0"},{"tipo":"img","x":"95.05px","y":"198.7px","width":"355.5px","height":"129.75px","nomeInstancia":"MovieClips/hotWord11570125197576","classe":"hotWord11570125197576","nome":"eba02_03_4_0"},{"tipo":"img","x":"95.05px","y":"399.45px","width":"317.95px","height":"43.1px","nomeInstancia":"textConvertido_5_2","classe":"textConvertido_5_2","nome":"eba02_03_5_2"},{"tipo":"img","x":"95.05px","y":"284.8px","width":"304.65px","height":"84.2px","nomeInstancia":"textConvertido_4_1","classe":"textConvertido_4_1","nome":"eba02_03_4_1"},{"tipo":"img","x":"500.7px","y":"249.05px","width":"438.8px","height":"232.85px","nomeInstancia":"MovieClips/02T13","classe":"02T13","nome":"eba02_03_4_2"}]},{"desenhos":[{"tipo":"img","x":"440px","y":"250.25px","width":"424.05px","height":"70.65px","nomeInstancia":"MovieClips/fala0214a","classe":"fala0214a","nome":"eba02_03_6_0"},{"nome":"eba02_03_6_1","tipo":"personagem","x":"0px","y":"0px","width":"1016px","height":"659px","nomeInstancia":"MovieClips/animaP6","classe":"animaP6"}]},{"desenhos":[{"tipo":"img","x":"283.95px","y":"191.1px","width":"672.9px","height":"386.35px","nomeInstancia":"MovieClips/telaInfo_1","classe":"telaInfo_1","nome":"eba02_03_7_0"},{"tipo":"img","x":"489.1px","y":"316.5px","width":"304.15px","height":"90.15px","nomeInstancia":"MovieClips/fala0214b","classe":"fala0214b","nome":"eba02_03_7_1"},{"tipo":"img","x":"440px","y":"250.25px","width":"424.05px","height":"70.65px","nomeInstancia":"MovieClips/fala0214a","classe":"fala0214a","nome":"eba02_03_6_0"},{"nome":"eba02_03_6_1","tipo":"personagem","x":"0px","y":"0px","width":"1016px","height":"659px","nomeInstancia":"MovieClips/animaP6","classe":"animaP6"}]},{"desenhos":[{"tipo":"img","x":"110.35px","y":"315.8px","width":"356.75px","height":"84.2px","nomeInstancia":"textConvertido_8_0","classe":"textConvertido_8_0","nome":"eba02_03_8_0"},{"tipo":"img","x":"594.65px","y":"284.7px","width":"312.25px","height":"170.65px","nomeInstancia":"Symbol 1","classe":"Symbol 1","nome":"eba02_03_8_1"},{"tipo":"img","x":"110.35px","y":"232.25px","width":"191.25px","height":"56.3px","nomeInstancia":"MovieClips/título0915","classe":"título0915","nome":"eba02_03_8_2"}]},{"desenhos":[{"tipo":"img","x":"110.35px","y":"418.1px","width":"359.8px","height":"43.1px","nomeInstancia":"textConvertido_9_0","classe":"textConvertido_9_0","nome":"eba02_03_9_0"},{"tipo":"img","x":"110.35px","y":"315.8px","width":"356.75px","height":"84.2px","nomeInstancia":"textConvertido_8_0","classe":"textConvertido_8_0","nome":"eba02_03_8_0"},{"tipo":"img","x":"594.65px","y":"284.7px","width":"312.25px","height":"170.65px","nomeInstancia":"Symbol 1","classe":"Symbol 1","nome":"eba02_03_8_1"},{"tipo":"img","x":"110.35px","y":"232.25px","width":"191.25px","height":"56.3px","nomeInstancia":"MovieClips/título0915","classe":"título0915","nome":"eba02_03_8_2"}]},{"desenhos":[{"tipo":"img","x":"110.35px","y":"479.3px","width":"324.05px","height":"22.55px","nomeInstancia":"textConvertido_10_0","classe":"textConvertido_10_0","nome":"eba02_03_10_0"},{"tipo":"img","x":"110.35px","y":"418.1px","width":"359.8px","height":"43.1px","nomeInstancia":"textConvertido_9_0","classe":"textConvertido_9_0","nome":"eba02_03_9_0"},{"tipo":"img","x":"110.35px","y":"315.8px","width":"356.75px","height":"84.2px","nomeInstancia":"textConvertido_8_0","classe":"textConvertido_8_0","nome":"eba02_03_8_0"},{"tipo":"img","x":"594.65px","y":"284.7px","width":"312.25px","height":"170.65px","nomeInstancia":"Symbol 1","classe":"Symbol 1","nome":"eba02_03_8_1"},{"tipo":"img","x":"110.35px","y":"232.25px","width":"191.25px","height":"56.3px","nomeInstancia":"MovieClips/título0915","classe":"título0915","nome":"eba02_03_8_2"}]},{"desenhos":[{"tipo":"img","x":"480.9px","y":"150.2px","width":"469.25px","height":"175.65px","nomeInstancia":"MovieClips/hotWord11570125664975","classe":"hotWord11570125664975","nome":"eba02_03_11_0"},{"tipo":"img","x":"590.8px","y":"262.2px","width":"298.55px","height":"63.65px","nomeInstancia":"textConvertido_11_1","classe":"textConvertido_11_1","nome":"eba02_03_11_1"},{"tipo":"img","x":"144.95px","y":"292.25px","width":"312.25px","height":"170.65px","nomeInstancia":"Symbol 2","classe":"Symbol 2","nome":"eba02_03_11_2"}]},{"desenhos":[{"tipo":"img","x":"480.9px","y":"150.2px","width":"469.25px","height":"175.65px","nomeInstancia":"MovieClips/hotWord11570125664975","classe":"hotWord11570125664975","nome":"eba02_03_11_0"},{"tipo":"img","x":"590.8px","y":"348.05px","width":"311.8px","height":"63.65px","nomeInstancia":"textConvertido_12_1","classe":"textConvertido_12_1","nome":"eba02_03_12_1"},{"tipo":"img","x":"590.8px","y":"262.2px","width":"298.55px","height":"63.65px","nomeInstancia":"textConvertido_11_1","classe":"textConvertido_11_1","nome":"eba02_03_11_1"},{"tipo":"img","x":"144.95px","y":"292.25px","width":"312.25px","height":"170.65px","nomeInstancia":"Symbol 2","classe":"Symbol 2","nome":"eba02_03_11_2"}]},{"desenhos":[{"tipo":"img","x":"480.9px","y":"150.2px","width":"469.25px","height":"175.65px","nomeInstancia":"MovieClips/hotWord11570125664975","classe":"hotWord11570125664975","nome":"eba02_03_11_0"},{"tipo":"img","x":"590.8px","y":"433.9px","width":"304.65px","height":"63.65px","nomeInstancia":"textConvertido_13_1","classe":"textConvertido_13_1","nome":"eba02_03_13_1"},{"tipo":"img","x":"590.8px","y":"348.05px","width":"311.8px","height":"63.65px","nomeInstancia":"textConvertido_12_1","classe":"textConvertido_12_1","nome":"eba02_03_12_1"},{"tipo":"img","x":"590.8px","y":"262.2px","width":"298.55px","height":"63.65px","nomeInstancia":"textConvertido_11_1","classe":"textConvertido_11_1","nome":"eba02_03_11_1"},{"tipo":"img","x":"144.95px","y":"292.25px","width":"312.25px","height":"170.65px","nomeInstancia":"Symbol 2","classe":"Symbol 2","nome":"eba02_03_11_2"}]},{"desenhos":[{"tipo":"img","x":"245.4px","y":"150.3px","width":"309.8px","height":"177.7px","nomeInstancia":"MovieClips/hotWord11570125737309","classe":"hotWord11570125737309","nome":"eba02_03_14_0"},{"tipo":"img","x":"208.1px","y":"229.8px","width":"427.85px","height":"133.05px","nomeInstancia":"MovieClips/fala0217a","classe":"fala0217a","nome":"eba02_03_14_1"},{"nome":"eba02_03_14_2","tipo":"personagem","x":"0px","y":"0px","width":"1016px","height":"659px","nomeInstancia":"MovieClips/animaP14","classe":"animaP14"}]},{"desenhos":[{"tipo":"img","x":"283.95px","y":"191.1px","width":"665.8px","height":"390.6px","nomeInstancia":"MovieClips/telaInfo15","classe":"telaInfo15","nome":"eba02_03_15_0"},{"tipo":"img","x":"245.4px","y":"150.3px","width":"309.8px","height":"177.7px","nomeInstancia":"MovieClips/hotWord11570125737309","classe":"hotWord11570125737309","nome":"eba02_03_14_0"},{"tipo":"img","x":"208.7px","y":"358.4px","width":"340.55px","height":"99.2px","nomeInstancia":"MovieClips/fala0217b","classe":"fala0217b","nome":"eba02_03_15_2"},{"tipo":"img","x":"208.1px","y":"229.8px","width":"427.85px","height":"133.05px","nomeInstancia":"MovieClips/fala0217a","classe":"fala0217a","nome":"eba02_03_14_1"},{"nome":"eba02_03_14_2","tipo":"personagem","x":"0px","y":"0px","width":"1016px","height":"659px","nomeInstancia":"MovieClips/animaP14","classe":"animaP14"}]},{"desenhos":[{"tipo":"img","x":"510.4px","y":"332.55px","width":"408.55px","height":"63.65px","nomeInstancia":"textConvertido_16_0","classe":"textConvertido_16_0","nome":"eba02_03_16_0"},{"tipo":"img","x":"107.9px","y":"285.85px","width":"312.25px","height":"206.95px","nomeInstancia":"Symbol 3","classe":"Symbol 3","nome":"eba02_03_16_1"},{"tipo":"img","x":"510.4px","y":"252.6px","width":"212.05px","height":"56.3px","nomeInstancia":"MovieClips/título0218","classe":"título0218","nome":"eba02_03_16_2"}]},{"desenhos":[{"tipo":"img","x":"510.4px","y":"419.85px","width":"406.5px","height":"63.65px","nomeInstancia":"textConvertido_17_0","classe":"textConvertido_17_0","nome":"eba02_03_17_0"},{"tipo":"img","x":"510.4px","y":"332.55px","width":"408.55px","height":"63.65px","nomeInstancia":"textConvertido_16_0","classe":"textConvertido_16_0","nome":"eba02_03_16_0"},{"tipo":"img","x":"107.9px","y":"285.85px","width":"312.25px","height":"206.95px","nomeInstancia":"Symbol 3","classe":"Symbol 3","nome":"eba02_03_16_1"},{"tipo":"img","x":"510.4px","y":"252.6px","width":"212.05px","height":"56.3px","nomeInstancia":"MovieClips/título0218","classe":"título0218","nome":"eba02_03_16_2"}]},{"desenhos":[{"tipo":"img","x":"121.75px","y":"259.7px","width":"328.3px","height":"43.1px","nomeInstancia":"textConvertido_18_0","classe":"textConvertido_18_0","nome":"eba02_03_18_0"},{"tipo":"img","x":"590.35px","y":"285.6px","width":"312.25px","height":"206.95px","nomeInstancia":"Symbol 4","classe":"Symbol 4","nome":"eba02_03_18_1"}]},{"desenhos":[{"tipo":"img","x":"121.75px","y":"323.75px","width":"312.95px","height":"63.65px","nomeInstancia":"textConvertido_19_0","classe":"textConvertido_19_0","nome":"eba02_03_19_0"},{"tipo":"img","x":"121.75px","y":"259.7px","width":"328.3px","height":"43.1px","nomeInstancia":"textConvertido_18_0","classe":"textConvertido_18_0","nome":"eba02_03_18_0"},{"tipo":"img","x":"590.35px","y":"285.6px","width":"312.25px","height":"206.95px","nomeInstancia":"Symbol 4","classe":"Symbol 4","nome":"eba02_03_18_1"}]},{"desenhos":[{"tipo":"img","x":"121.75px","y":"408.35px","width":"312.95px","height":"84.2px","nomeInstancia":"textConvertido_20_0","classe":"textConvertido_20_0","nome":"eba02_03_20_0"},{"tipo":"img","x":"121.75px","y":"323.75px","width":"312.95px","height":"63.65px","nomeInstancia":"textConvertido_19_0","classe":"textConvertido_19_0","nome":"eba02_03_19_0"},{"tipo":"img","x":"121.75px","y":"259.7px","width":"328.3px","height":"43.1px","nomeInstancia":"textConvertido_18_0","classe":"textConvertido_18_0","nome":"eba02_03_18_0"},{"tipo":"img","x":"590.35px","y":"285.6px","width":"312.25px","height":"206.95px","nomeInstancia":"Symbol 4","classe":"Symbol 4","nome":"eba02_03_18_1"}]},{"desenhos":[{"tipo":"img","x":"559px","y":"335.15px","width":"343.6px","height":"43.1px","nomeInstancia":"textConvertido_21_0","classe":"textConvertido_21_0","nome":"eba02_03_21_0"},{"tipo":"img","x":"145.45px","y":"257.4px","width":"312.25px","height":"206.95px","nomeInstancia":"Symbol 5","classe":"Symbol 5","nome":"eba02_03_21_1"}]},{"desenhos":[{"tipo":"img","x":"559px","y":"406.85px","width":"342.3px","height":"43.1px","nomeInstancia":"textConvertido_22_0","classe":"textConvertido_22_0","nome":"eba02_03_22_0"},{"tipo":"img","x":"559px","y":"335.15px","width":"343.6px","height":"43.1px","nomeInstancia":"textConvertido_21_0","classe":"textConvertido_21_0","nome":"eba02_03_21_0"},{"tipo":"img","x":"145.45px","y":"257.4px","width":"312.25px","height":"206.95px","nomeInstancia":"Symbol 5","classe":"Symbol 5","nome":"eba02_03_21_1"}]},{"desenhos":[{"tipo":"img","x":"281.15px","y":"178.8px","width":"453.75px","height":"301.45px","nomeInstancia":"MovieClips/janeladestaque0220","classe":"janeladestaque0220","nome":"eba02_03_23_0"},{"tipo":"img","x":"559px","y":"406.85px","width":"342.3px","height":"43.1px","nomeInstancia":"textConvertido_22_0","classe":"textConvertido_22_0","nome":"eba02_03_22_0"},{"tipo":"img","x":"559px","y":"335.15px","width":"343.6px","height":"43.1px","nomeInstancia":"textConvertido_21_0","classe":"textConvertido_21_0","nome":"eba02_03_21_0"},{"tipo":"img","x":"145.45px","y":"257.4px","width":"312.25px","height":"206.95px","nomeInstancia":"Symbol 5","classe":"Symbol 5","nome":"eba02_03_21_1"}]},{"desenhos":[{"tipo":"img","x":"123.85px","y":"267.4px","width":"273.35px","height":"63.65px","nomeInstancia":"textConvertido_24_0","classe":"textConvertido_24_0","nome":"eba02_03_24_0"},{"tipo":"img","x":"576.1px","y":"284.1px","width":"312.25px","height":"206.95px","nomeInstancia":"Symbol 6","classe":"Symbol 6","nome":"eba02_03_24_1"}]},{"desenhos":[{"tipo":"img","x":"123.85px","y":"347.4px","width":"284.85px","height":"43.1px","nomeInstancia":"textConvertido_25_0","classe":"textConvertido_25_0","nome":"eba02_03_25_0"},{"tipo":"img","x":"123.85px","y":"267.4px","width":"273.35px","height":"63.65px","nomeInstancia":"textConvertido_24_0","classe":"textConvertido_24_0","nome":"eba02_03_24_0"},{"tipo":"img","x":"576.1px","y":"284.1px","width":"312.25px","height":"206.95px","nomeInstancia":"Symbol 6","classe":"Symbol 6","nome":"eba02_03_24_1"}]},{"desenhos":[{"tipo":"img","x":"123.85px","y":"406.85px","width":"311.65px","height":"84.2px","nomeInstancia":"textConvertido_26_0","classe":"textConvertido_26_0","nome":"eba02_03_26_0"},{"tipo":"img","x":"123.85px","y":"347.4px","width":"284.85px","height":"43.1px","nomeInstancia":"textConvertido_25_0","classe":"textConvertido_25_0","nome":"eba02_03_25_0"},{"tipo":"img","x":"123.85px","y":"267.4px","width":"273.35px","height":"63.65px","nomeInstancia":"textConvertido_24_0","classe":"textConvertido_24_0","nome":"eba02_03_24_0"},{"tipo":"img","x":"576.1px","y":"284.1px","width":"312.25px","height":"206.95px","nomeInstancia":"Symbol 6","classe":"Symbol 6","nome":"eba02_03_24_1"}]},{"desenhos":[{"tipo":"img","x":"152.25px","y":"242.7px","width":"711.5px","height":"356px","nomeInstancia":"MovieClips/dragDrop","classe":"dragDrop","nome":"eba02_03_27_0"},{"tipo":"img","x":"392.75px","y":"156.5px","width":"230.5px","height":"78.4px","nomeInstancia":"MovieClips/exerciatndo","classe":"exerciatndo","nome":"eba02_03_27_1"}]}]}