{"licao":"elb06_05","topico":"05","telas":[{"desenhos":[{"tipo":"img","x":"64.6px","y":"243.5px","width":"426px","height":"43.1px","nomeInstancia":"MovieClips/textConvertido_1_0","classe":"textConvertido_1_0","nome":"elb06_05_1_0"},{"tipo":"img","x":"536.5px","y":"263.75px","width":"399px","height":"210.4px","nomeInstancia":"MovieClips/transicao_1_1","classe":"transicao_1_1","nome":"elb06_05_1_1"}]},{"desenhos":[{"tipo":"img","x":"64.6px","y":"308.95px","width":"426px","height":"63.65px","nomeInstancia":"MovieClips/textConvertido_2_0","classe":"textConvertido_2_0","nome":"elb06_05_2_0"},{"tipo":"img","x":"64.6px","y":"243.5px","width":"426px","height":"43.1px","nomeInstancia":"MovieClips/textConvertido_1_0","classe":"textConvertido_1_0","nome":"elb06_05_1_0"},{"tipo":"img","x":"536.5px","y":"263.75px","width":"399px","height":"210.4px","nomeInstancia":"MovieClips/transicao_1_1","classe":"transicao_1_1","nome":"elb06_05_1_1"}]},{"desenhos":[{"tipo":"img","x":"64.6px","y":"394.95px","width":"426px","height":"43.1px","nomeInstancia":"MovieClips/textConvertido_3_0","classe":"textConvertido_3_0","nome":"elb06_05_3_0"},{"tipo":"img","x":"64.6px","y":"308.95px","width":"426px","height":"63.65px","nomeInstancia":"MovieClips/textConvertido_2_0","classe":"textConvertido_2_0","nome":"elb06_05_2_0"},{"tipo":"img","x":"64.6px","y":"243.5px","width":"426px","height":"43.1px","nomeInstancia":"MovieClips/textConvertido_1_0","classe":"textConvertido_1_0","nome":"elb06_05_1_0"},{"tipo":"img","x":"536.5px","y":"263.75px","width":"399px","height":"210.4px","nomeInstancia":"MovieClips/transicao_1_1","classe":"transicao_1_1","nome":"elb06_05_1_1"}]},{"desenhos":[{"tipo":"img","x":"269.05px","y":"191.8px","width":"666.45px","height":"347.4px","nomeInstancia":"MovieClips/telaInfo04","classe":"telaInfo04","nome":"elb06_05_4_0"},{"tipo":"img","x":"64.6px","y":"460.4px","width":"426px","height":"43.1px","nomeInstancia":"MovieClips/textConvertido_4_1","classe":"textConvertido_4_1","nome":"elb06_05_4_1"},{"tipo":"img","x":"64.6px","y":"394.95px","width":"426px","height":"43.1px","nomeInstancia":"MovieClips/textConvertido_3_0","classe":"textConvertido_3_0","nome":"elb06_05_3_0"},{"tipo":"img","x":"64.6px","y":"308.95px","width":"426px","height":"63.65px","nomeInstancia":"MovieClips/textConvertido_2_0","classe":"textConvertido_2_0","nome":"elb06_05_2_0"},{"tipo":"img","x":"64.6px","y":"243.5px","width":"426px","height":"43.1px","nomeInstancia":"MovieClips/textConvertido_1_0","classe":"textConvertido_1_0","nome":"elb06_05_1_0"},{"tipo":"img","x":"536.5px","y":"263.75px","width":"399px","height":"210.4px","nomeInstancia":"MovieClips/transicao_1_1","classe":"transicao_1_1","nome":"elb06_05_1_1"}]},{"desenhos":[{"tipo":"img","x":"500.5px","y":"407.6px","width":"0.5px","height":"0.7px","nomeInstancia":"MovieClips/shapeConvertido_5_0","classe":"shapeConvertido_5_0","nome":"elb06_05_5_0"},{"tipo":"img","x":"44.5px","y":"246.45px","width":"787px","height":"308.1px","nomeInstancia":"MovieClips/dragDrop005","classe":"dragDrop005","nome":"elb06_05_5_1"},{"tipo":"img","x":"564.8px","y":"376.7px","width":"426px","height":"22.55px","nomeInstancia":"MovieClips/textConvertido_5_1","classe":"textConvertido_5_1","nome":"elb06_05_5_2"},{"tipo":"img","x":"564.8px","y":"344.15px","width":"426px","height":"22.55px","nomeInstancia":"MovieClips/textConvertido_5_2","classe":"textConvertido_5_2","nome":"elb06_05_5_3"},{"tipo":"img","x":"76.45px","y":"142.55px","width":"131.9px","height":"70px","nomeInstancia":"MovieClips/transicao_5_3","classe":"transicao_5_3","nome":"elb06_05_5_4"}]},{"desenhos":[{"tipo":"img","x":"215.2px","y":"193.65px","width":"535.75px","height":"125.55px","nomeInstancia":"MovieClips/transicao_6_0","classe":"transicao_6_0","nome":"elb06_05_6_0"},{"tipo":"img","x":"84.6px","y":"144px","width":"133.2px","height":"49.65px","nomeInstancia":"MovieClips/transicao_6_1","classe":"transicao_6_1","nome":"elb06_05_6_1"},{"nome":"elb06_05_6_2","tipo":"personagem","x":"0px","y":"0px","width":"1016px","height":"659px","nomeInstancia":"MovieClips/animaP6","classe":"animaP6"}]},{"desenhos":[{"tipo":"img","x":"185.6px","y":"317.6px","width":"489.3px","height":"142.6px","nomeInstancia":"MovieClips/transicao_7_0","classe":"transicao_7_0","nome":"elb06_05_7_0"},{"tipo":"img","x":"215.2px","y":"193.65px","width":"535.75px","height":"125.55px","nomeInstancia":"MovieClips/transicao_6_0","classe":"transicao_6_0","nome":"elb06_05_6_0"},{"tipo":"img","x":"84.6px","y":"144px","width":"133.2px","height":"49.65px","nomeInstancia":"MovieClips/transicao_6_1","classe":"transicao_6_1","nome":"elb06_05_6_1"},{"nome":"elb06_05_6_2","tipo":"personagem","x":"0px","y":"0px","width":"1016px","height":"659px","nomeInstancia":"MovieClips/animaP6","classe":"animaP6"}]},{"desenhos":[{"tipo":"img","x":"76px","y":"454.75px","width":"514.9px","height":"119.6px","nomeInstancia":"MovieClips/transicao_8_0","classe":"transicao_8_0","nome":"elb06_05_8_0"},{"tipo":"img","x":"185.6px","y":"317.6px","width":"489.3px","height":"142.6px","nomeInstancia":"MovieClips/transicao_7_0","classe":"transicao_7_0","nome":"elb06_05_7_0"},{"tipo":"img","x":"215.2px","y":"193.65px","width":"535.75px","height":"125.55px","nomeInstancia":"MovieClips/transicao_6_0","classe":"transicao_6_0","nome":"elb06_05_6_0"},{"tipo":"img","x":"84.6px","y":"144px","width":"133.2px","height":"49.65px","nomeInstancia":"MovieClips/transicao_6_1","classe":"transicao_6_1","nome":"elb06_05_6_1"},{"nome":"elb06_05_6_2","tipo":"personagem","x":"0px","y":"0px","width":"1016px","height":"659px","nomeInstancia":"MovieClips/animaP6","classe":"animaP6"}]},{"desenhos":[{"tipo":"img","x":"260.55px","y":"190.8px","width":"432.75px","height":"82.35px","nomeInstancia":"MovieClips/transicao_9_0","classe":"transicao_9_0","nome":"elb06_05_9_0"},{"nome":"elb06_05_9_1","tipo":"personagem","x":"0px","y":"0px","width":"1016px","height":"659px","nomeInstancia":"MovieClips/animaP9","classe":"animaP9"}]},{"desenhos":[{"tipo":"img","x":"328.8px","y":"271.55px","width":"490.9px","height":"110.9px","nomeInstancia":"MovieClips/transicao_10_0","classe":"transicao_10_0","nome":"elb06_05_10_0"},{"tipo":"img","x":"260.55px","y":"190.8px","width":"432.75px","height":"82.35px","nomeInstancia":"MovieClips/transicao_9_0","classe":"transicao_9_0","nome":"elb06_05_9_0"},{"nome":"elb06_05_9_1","tipo":"personagem","x":"0px","y":"0px","width":"1016px","height":"659px","nomeInstancia":"MovieClips/animaP9","classe":"animaP9"}]},{"desenhos":[{"tipo":"img","x":"378.4px","y":"377.9px","width":"516.5px","height":"141.3px","nomeInstancia":"MovieClips/transicao_11_0","classe":"transicao_11_0","nome":"elb06_05_11_0"},{"tipo":"img","x":"328.8px","y":"271.55px","width":"490.9px","height":"110.9px","nomeInstancia":"MovieClips/transicao_10_0","classe":"transicao_10_0","nome":"elb06_05_10_0"},{"tipo":"img","x":"260.55px","y":"190.8px","width":"432.75px","height":"82.35px","nomeInstancia":"MovieClips/transicao_9_0","classe":"transicao_9_0","nome":"elb06_05_9_0"},{"nome":"elb06_05_9_1","tipo":"personagem","x":"0px","y":"0px","width":"1016px","height":"659px","nomeInstancia":"MovieClips/animaP9","classe":"animaP9"}]},{"desenhos":[{"tipo":"img","x":"168px","y":"173.2px","width":"601.05px","height":"130.35px","nomeInstancia":"MovieClips/transicao_12_0","classe":"transicao_12_0","nome":"elb06_05_12_0"},{"nome":"elb06_05_12_1","tipo":"personagem","x":"0px","y":"0px","width":"1016px","height":"659px","nomeInstancia":"MovieClips/animaP12","classe":"animaP12"}]},{"desenhos":[{"tipo":"img","x":"245.35px","y":"142px","width":"575.95px","height":"207.15px","nomeInstancia":"MovieClips/transicao_13_0","classe":"transicao_13_0","nome":"elb06_05_13_0"},{"nome":"elb06_05_13_1","tipo":"personagem","x":"0px","y":"0px","width":"1016px","height":"659px","nomeInstancia":"MovieClips/animaP13","classe":"animaP13"}]},{"desenhos":[{"tipo":"img","x":"219.1px","y":"261.2px","width":"569px","height":"84.2px","nomeInstancia":"MovieClips/textConvertido_14_0","classe":"textConvertido_14_0","nome":"elb06_05_14_0"}]},{"desenhos":[{"tipo":"img","x":"219.1px","y":"375.95px","width":"581px","height":"63.65px","nomeInstancia":"MovieClips/textConvertido_15_0","classe":"textConvertido_15_0","nome":"elb06_05_15_0"},{"tipo":"img","x":"219.1px","y":"261.2px","width":"569px","height":"84.2px","nomeInstancia":"MovieClips/textConvertido_14_0","classe":"textConvertido_14_0","nome":"elb06_05_14_0"}]},{"desenhos":[{"tipo":"img","x":"290.2px","y":"225.15px","width":"435.65px","height":"250.5px","nomeInstancia":"MovieClips/transicao_16_0","classe":"transicao_16_0","nome":"elb06_05_16_0"}]}]}