{"licao":"elb06_03","topico":"03","telas":[{"desenhos":[{"tipo":"img","x":"189.85px","y":"153.25px","width":"565.7px","height":"141.25px","nomeInstancia":"MovieClips/transicao_1_0","classe":"transicao_1_0","nome":"elb06_03_1_0"},{"nome":"elb06_03_1_1","tipo":"personagem","x":"0px","y":"0px","width":"1016px","height":"659px","nomeInstancia":"MovieClips/animaP1","classe":"animaP1"}]},{"desenhos":[{"tipo":"img","x":"504.1px","y":"242.15px","width":"426px","height":"104.75px","nomeInstancia":"MovieClips/textConvertido_2_0","classe":"textConvertido_2_0","nome":"elb06_03_2_0"},{"tipo":"img","x":"117.35px","y":"220.4px","width":"295.4px","height":"279.5px","nomeInstancia":"MovieClips/transicao_2_1","classe":"transicao_2_1","nome":"elb06_03_2_1"}]},{"desenhos":[{"tipo":"img","x":"504.1px","y":"364.1px","width":"426px","height":"125.3px","nomeInstancia":"MovieClips/textConvertido_3_0","classe":"textConvertido_3_0","nome":"elb06_03_3_0"},{"tipo":"img","x":"504.1px","y":"242.15px","width":"426px","height":"104.75px","nomeInstancia":"MovieClips/textConvertido_2_0","classe":"textConvertido_2_0","nome":"elb06_03_2_0"},{"tipo":"img","x":"117.35px","y":"220.4px","width":"295.4px","height":"279.5px","nomeInstancia":"MovieClips/transicao_2_1","classe":"transicao_2_1","nome":"elb06_03_2_1"}]},{"desenhos":[{"tipo":"img","x":"76px","y":"211.3px","width":"426px","height":"43.1px","nomeInstancia":"MovieClips/textConvertido_4_0","classe":"textConvertido_4_0","nome":"elb06_03_4_0"},{"tipo":"img","x":"76px","y":"143.45px","width":"133.2px","height":"49.65px","nomeInstancia":"MovieClips/transicao_4_1","classe":"transicao_4_1","nome":"elb06_03_4_1"}]},{"desenhos":[{"tipo":"img","x":"269.7px","y":"166.45px","width":"635.55px","height":"431.25px","nomeInstancia":"MovieClips/dragDrop05a","classe":"dragDrop05a","nome":"elb06_03_5_0"},{"tipo":"img","x":"76px","y":"264.4px","width":"426px","height":"22.55px","nomeInstancia":"MovieClips/textConvertido_5_1","classe":"textConvertido_5_1","nome":"elb06_03_5_1"},{"tipo":"img","x":"76px","y":"211.3px","width":"426px","height":"43.1px","nomeInstancia":"MovieClips/textConvertido_4_0","classe":"textConvertido_4_0","nome":"elb06_03_4_0"},{"tipo":"img","x":"76px","y":"143.45px","width":"133.2px","height":"49.65px","nomeInstancia":"MovieClips/transicao_4_1","classe":"transicao_4_1","nome":"elb06_03_4_1"}]}]}