{"licao":"elb06_02","topico":"02","telas":[{"desenhos":[{"tipo":"img","x":"76px","y":"271.9px","width":"426px","height":"43.1px","nomeInstancia":"MovieClips/textConvertido_1_0","classe":"textConvertido_1_0","nome":"elb06_02_1_0"},{"tipo":"img","x":"544.05px","y":"217.4px","width":"391.4px","height":"285.4px","nomeInstancia":"MovieClips/transicao_1_1","classe":"transicao_1_1","nome":"elb06_02_1_1"}]},{"desenhos":[{"tipo":"img","x":"100.25px","y":"267.7px","width":"632.2px","height":"291.75px","nomeInstancia":"MovieClips/telaInfo02","classe":"telaInfo02","nome":"elb06_02_2_0"},{"tipo":"img","x":"76px","y":"325px","width":"426px","height":"145.85px","nomeInstancia":"MovieClips/textConvertido_2_1","classe":"textConvertido_2_1","nome":"elb06_02_2_1"},{"tipo":"img","x":"76px","y":"271.9px","width":"426px","height":"43.1px","nomeInstancia":"MovieClips/textConvertido_1_0","classe":"textConvertido_1_0","nome":"elb06_02_1_0"},{"tipo":"img","x":"544.05px","y":"217.4px","width":"391.4px","height":"285.4px","nomeInstancia":"MovieClips/transicao_1_1","classe":"transicao_1_1","nome":"elb06_02_1_1"}]},{"desenhos":[{"tipo":"img","x":"306.55px","y":"152.65px","width":"531.65px","height":"139.15px","nomeInstancia":"MovieClips/transicao_3_0","classe":"transicao_3_0","nome":"elb06_02_3_0"},{"nome":"elb06_02_3_1","tipo":"personagem","x":"0px","y":"0px","width":"1016px","height":"659px","nomeInstancia":"MovieClips/animaP3","classe":"animaP3"}]},{"desenhos":[{"tipo":"img","x":"76px","y":"130.2px","width":"131.9px","height":"70px","nomeInstancia":"MovieClips/transicao_4_0","classe":"transicao_4_0","nome":"elb06_02_4_0"},{"tipo":"img","x":"141.95px","y":"204.7px","width":"732.15px","height":"384.5px","nomeInstancia":"MovieClips/forca04a","classe":"forca04a","nome":"elb06_02_4_1"}]}]}