{"licao":"elb06_04","topico":"04","telas":[{"desenhos":[{"tipo":"img","x":"168.05px","y":"143px","width":"599.4px","height":"137.15px","nomeInstancia":"MovieClips/transicao_1_0","classe":"transicao_1_0","nome":"elb06_04_1_0"},{"nome":"elb06_04_1_1","tipo":"personagem","x":"0px","y":"0px","width":"1016px","height":"659px","nomeInstancia":"MovieClips/animaP1","classe":"animaP1"}]},{"desenhos":[{"tipo":"img","x":"152.3px","y":"277.15px","width":"505.1px","height":"136.4px","nomeInstancia":"MovieClips/transicao_2_0","classe":"transicao_2_0","nome":"elb06_04_2_0"},{"tipo":"img","x":"168.05px","y":"143px","width":"599.4px","height":"137.15px","nomeInstancia":"MovieClips/transicao_1_0","classe":"transicao_1_0","nome":"elb06_04_1_0"},{"nome":"elb06_04_1_1","tipo":"personagem","x":"0px","y":"0px","width":"1016px","height":"659px","nomeInstancia":"MovieClips/animaP1","classe":"animaP1"}]},{"desenhos":[{"tipo":"img","x":"269.7px","y":"217.65px","width":"620.65px","height":"143.25px","nomeInstancia":"MovieClips/transicao_3_0","classe":"transicao_3_0","nome":"elb06_04_3_0"},{"nome":"elb06_04_3_1","tipo":"personagem","x":"0px","y":"0px","width":"1016px","height":"659px","nomeInstancia":"MovieClips/animaP3","classe":"animaP3"}]},{"desenhos":[{"tipo":"img","x":"76px","y":"232.8px","width":"426px","height":"63.65px","nomeInstancia":"MovieClips/textConvertido_5_0","classe":"textConvertido_5_0","nome":"elb06_04_4_0"},{"tipo":"img","x":"76px","y":"134.35px","width":"131.9px","height":"70px","nomeInstancia":"MovieClips/transicao_4_0","classe":"transicao_4_0","nome":"elb06_04_4_1"},{"tipo":"img","x":"126.4px","y":"373.05px","width":"282.5px","height":"152.15px","nomeInstancia":"MovieClips/transicao_4_1","classe":"transicao_4_1","nome":"elb06_04_4_2"}]},{"desenhos":[{"tipo":"img","x":"153.5px","y":"150.25px","width":"799.65px","height":"434.6px","nomeInstancia":"MovieClips/dragDrop06","classe":"dragDrop06","nome":"elb06_04_5_0"},{"tipo":"img","x":"76px","y":"310.55px","width":"426px","height":"43.1px","nomeInstancia":"MovieClips/textConvertido_6_1","classe":"textConvertido_6_1","nome":"elb06_04_5_1"},{"tipo":"img","x":"76px","y":"232.8px","width":"426px","height":"63.65px","nomeInstancia":"MovieClips/textConvertido_5_0","classe":"textConvertido_5_0","nome":"elb06_04_4_0"},{"tipo":"img","x":"76px","y":"134.35px","width":"131.9px","height":"70px","nomeInstancia":"MovieClips/transicao_4_0","classe":"transicao_4_0","nome":"elb06_04_4_1"},{"tipo":"img","x":"126.4px","y":"373.05px","width":"282.5px","height":"152.15px","nomeInstancia":"MovieClips/transicao_4_1","classe":"transicao_4_1","nome":"elb06_04_4_2"}]}]}