{"licao":"elb06_01","topico":"01","telas":[{"desenhos":[{"tipo":"img","x":"179.2px","y":"144.45px","width":"570.8px","height":"131.05px","nomeInstancia":"MovieClips/transicao_1_0","classe":"transicao_1_0","nome":"elb06_01_1_0"},{"nome":"elb06_01_1_1","tipo":"personagem","x":"0px","y":"0px","width":"1016px","height":"659px","nomeInstancia":"MovieClips/animaP1","classe":"animaP1"}]},{"desenhos":[{"tipo":"img","x":"144.4px","y":"273.5px","width":"527.6px","height":"134.5px","nomeInstancia":"MovieClips/transicao_2_0","classe":"transicao_2_0","nome":"elb06_01_2_0"},{"tipo":"img","x":"179.2px","y":"144.45px","width":"570.8px","height":"131.05px","nomeInstancia":"MovieClips/transicao_1_0","classe":"transicao_1_0","nome":"elb06_01_1_0"},{"nome":"elb06_01_1_1","tipo":"personagem","x":"0px","y":"0px","width":"1016px","height":"659px","nomeInstancia":"MovieClips/animaP1","classe":"animaP1"}]},{"desenhos":[{"tipo":"img","x":"121.9px","y":"404px","width":"511.2px","height":"125.8px","nomeInstancia":"MovieClips/transicao_3_0","classe":"transicao_3_0","nome":"elb06_01_3_0"},{"tipo":"img","x":"144.4px","y":"273.5px","width":"527.6px","height":"134.5px","nomeInstancia":"MovieClips/transicao_2_0","classe":"transicao_2_0","nome":"elb06_01_2_0"},{"tipo":"img","x":"179.2px","y":"144.45px","width":"570.8px","height":"131.05px","nomeInstancia":"MovieClips/transicao_1_0","classe":"transicao_1_0","nome":"elb06_01_1_0"},{"nome":"elb06_01_1_1","tipo":"personagem","x":"0px","y":"0px","width":"1016px","height":"659px","nomeInstancia":"MovieClips/animaP1","classe":"animaP1"}]},{"desenhos":[{"tipo":"img","x":"66.2px","y":"247.2px","width":"803.9px","height":"238.1px","nomeInstancia":"MovieClips/telaInfo_miniNavegacao04","classe":"telaInfo_miniNavegacao04","nome":"elb06_01_4_0"},{"tipo":"img","x":"560.35px","y":"339.3px","width":"393.15px","height":"22.55px","nomeInstancia":"MovieClips/textConvertido_4_1","classe":"textConvertido_4_1","nome":"elb06_01_4_1"},{"tipo":"img","x":"66.2px","y":"247.2px","width":"426.65px","height":"238.1px","nomeInstancia":"MovieClips/transicao_4_2","classe":"transicao_4_2","nome":"elb06_01_4_2"}]},{"desenhos":[{"tipo":"img","x":"49.75px","y":"324.35px","width":"395.65px","height":"22.55px","nomeInstancia":"MovieClips/textConvertido_5_0","classe":"textConvertido_5_0","nome":"elb06_01_5_0"},{"tipo":"img","x":"61.05px","y":"136.5px","width":"131.9px","height":"70px","nomeInstancia":"MovieClips/transicao_5_1","classe":"transicao_5_1","nome":"elb06_01_5_1"},{"tipo":"img","x":"474.6px","y":"142.8px","width":"248.2px","height":"95.6px","nomeInstancia":"MovieClips/transicao_5_7","classe":"transicao_5_7","nome":"elb06_01_5_2"},{"tipo":"img","x":"744.75px","y":"189.7px","width":"226.25px","height":"97.6px","nomeInstancia":"MovieClips/transicao_5_6","classe":"transicao_5_6","nome":"elb06_01_5_3"},{"tipo":"img","x":"474.6px","y":"286.8px","width":"235.2px","height":"91px","nomeInstancia":"MovieClips/transicao_5_5","classe":"transicao_5_5","nome":"elb06_01_5_4"},{"tipo":"img","x":"722.8px","y":"324.35px","width":"248.2px","height":"100.25px","nomeInstancia":"MovieClips/transicao_5_4","classe":"transicao_5_4","nome":"elb06_01_5_5"},{"tipo":"img","x":"474.6px","y":"426.2px","width":"214.8px","height":"104.1px","nomeInstancia":"MovieClips/transicao_5_3","classe":"transicao_5_3","nome":"elb06_01_5_6"},{"tipo":"img","x":"814.7px","y":"461.65px","width":"156.3px","height":"104.1px","nomeInstancia":"MovieClips/transicao_5_2","classe":"transicao_5_2","nome":"elb06_01_5_7"}]},{"desenhos":[{"tipo":"img","x":"144.1px","y":"137.6px","width":"851.95px","height":"434.65px","nomeInstancia":"MovieClips/telaInfo06","classe":"telaInfo06","nome":"elb06_01_6_0"},{"tipo":"img","x":"49.75px","y":"365.4px","width":"392.6px","height":"63.65px","nomeInstancia":"MovieClips/textConvertido_6_1","classe":"textConvertido_6_1","nome":"elb06_01_6_1"},{"tipo":"img","x":"49.75px","y":"324.35px","width":"395.65px","height":"22.55px","nomeInstancia":"MovieClips/textConvertido_5_0","classe":"textConvertido_5_0","nome":"elb06_01_5_0"},{"tipo":"img","x":"61.05px","y":"136.5px","width":"131.9px","height":"70px","nomeInstancia":"MovieClips/transicao_5_1","classe":"transicao_5_1","nome":"elb06_01_5_1"},{"tipo":"img","x":"474.6px","y":"142.8px","width":"248.2px","height":"95.6px","nomeInstancia":"MovieClips/transicao_5_7","classe":"transicao_5_7","nome":"elb06_01_5_2"},{"tipo":"img","x":"744.75px","y":"189.7px","width":"226.25px","height":"97.6px","nomeInstancia":"MovieClips/transicao_5_6","classe":"transicao_5_6","nome":"elb06_01_5_3"},{"tipo":"img","x":"474.6px","y":"286.8px","width":"235.2px","height":"91px","nomeInstancia":"MovieClips/transicao_5_5","classe":"transicao_5_5","nome":"elb06_01_5_4"},{"tipo":"img","x":"722.8px","y":"324.35px","width":"248.2px","height":"100.25px","nomeInstancia":"MovieClips/transicao_5_4","classe":"transicao_5_4","nome":"elb06_01_5_5"},{"tipo":"img","x":"474.6px","y":"426.2px","width":"214.8px","height":"104.1px","nomeInstancia":"MovieClips/transicao_5_3","classe":"transicao_5_3","nome":"elb06_01_5_6"},{"tipo":"img","x":"814.7px","y":"461.65px","width":"156.3px","height":"104.1px","nomeInstancia":"MovieClips/transicao_5_2","classe":"transicao_5_2","nome":"elb06_01_5_7"}]}]}