{"licao":"eba03_05","topico":"05","telas":[{"desenhos":[{"tipo":"img","x":"407.1px","y":"244.55px","width":"424.75px","height":"88.35px","nomeInstancia":"MovieClips/fala0346a","classe":"fala0346a","nome":"eba03_05_1_0"},{"nome":"eba03_05_1_1","tipo":"personagem","x":"0px","y":"0px","width":"1016px","height":"659px","nomeInstancia":"MovieClips/animaP1","classe":"animaP1"}]},{"desenhos":[{"tipo":"img","x":"477.7px","y":"327.05px","width":"381.15px","height":"124.4px","nomeInstancia":"MovieClips/fala0346b","classe":"fala0346b","nome":"eba03_05_2_0"},{"tipo":"img","x":"407.1px","y":"244.55px","width":"424.75px","height":"88.35px","nomeInstancia":"MovieClips/fala0346a","classe":"fala0346a","nome":"eba03_05_1_0"},{"nome":"eba03_05_1_1","tipo":"personagem","x":"0px","y":"0px","width":"1016px","height":"659px","nomeInstancia":"MovieClips/animaP1","classe":"animaP1"}]},{"desenhos":[{"tipo":"img","x":"189.05px","y":"251.15px","width":"447.1px","height":"88.35px","nomeInstancia":"MovieClips/fala0347a","classe":"fala0347a","nome":"eba03_05_3_0"},{"nome":"eba03_05_3_1","tipo":"personagem","x":"0px","y":"0px","width":"1016px","height":"659px","nomeInstancia":"MovieClips/animaP3","classe":"animaP3"}]},{"desenhos":[{"tipo":"img","x":"189.55px","y":"333.65px","width":"381.15px","height":"101.1px","nomeInstancia":"MovieClips/fala0347b","classe":"fala0347b","nome":"eba03_05_4_0"},{"tipo":"img","x":"189.05px","y":"251.15px","width":"447.1px","height":"88.35px","nomeInstancia":"MovieClips/fala0347a","classe":"fala0347a","nome":"eba03_05_3_0"},{"nome":"eba03_05_3_1","tipo":"personagem","x":"0px","y":"0px","width":"1016px","height":"659px","nomeInstancia":"MovieClips/animaP3","classe":"animaP3"}]},{"desenhos":[{"tipo":"img","x":"411.8px","y":"257.75px","width":"275.85px","height":"50.65px","nomeInstancia":"MovieClips/fala0348a","classe":"fala0348a","nome":"eba03_05_5_0"},{"nome":"eba03_05_5_1","tipo":"personagem","x":"0px","y":"0px","width":"1016px","height":"659px","nomeInstancia":"MovieClips/animaP5","classe":"animaP5"}]},{"desenhos":[{"tipo":"img","x":"458.75px","y":"302.3px","width":"381.15px","height":"81.55px","nomeInstancia":"MovieClips/fala0348b","classe":"fala0348b","nome":"eba03_05_6_0"},{"tipo":"img","x":"411.8px","y":"257.75px","width":"275.85px","height":"50.65px","nomeInstancia":"MovieClips/fala0348a","classe":"fala0348a","nome":"eba03_05_5_0"},{"nome":"eba03_05_5_1","tipo":"personagem","x":"0px","y":"0px","width":"1016px","height":"659px","nomeInstancia":"MovieClips/animaP5","classe":"animaP5"}]},{"desenhos":[{"tipo":"img","x":"53.8px","y":"315.7px","width":"297.2px","height":"43.1px","nomeInstancia":"MovieClips/textConvertido_7_0","classe":"textConvertido_7_0","nome":"eba03_05_7_0"},{"tipo":"img","x":"416.45px","y":"299.8px","width":"549.3px","height":"189.95px","nomeInstancia":"MovieClips/Symbol 1 copy","classe":"Symbol 1 copy","nome":"eba03_05_7_1"},{"tipo":"img","x":"53.8px","y":"229.85px","width":"150.45px","height":"56.3px","nomeInstancia":"MovieClips/título0349","classe":"título0349","nome":"eba03_05_7_2"}]},{"desenhos":[{"tipo":"img","x":"53.8px","y":"373.5px","width":"356.25px","height":"43.1px","nomeInstancia":"MovieClips/textConvertido_8_0","classe":"textConvertido_8_0","nome":"eba03_05_8_0"},{"tipo":"img","x":"53.8px","y":"315.7px","width":"297.2px","height":"43.1px","nomeInstancia":"MovieClips/textConvertido_7_0","classe":"textConvertido_7_0","nome":"eba03_05_7_0"},{"tipo":"img","x":"416.45px","y":"299.8px","width":"549.3px","height":"189.95px","nomeInstancia":"MovieClips/Symbol 1 copy","classe":"Symbol 1 copy","nome":"eba03_05_7_1"},{"tipo":"img","x":"53.8px","y":"229.85px","width":"150.45px","height":"56.3px","nomeInstancia":"MovieClips/título0349","classe":"título0349","nome":"eba03_05_7_2"}]},{"desenhos":[{"tipo":"img","x":"53.8px","y":"431.3px","width":"313.05px","height":"104.75px","nomeInstancia":"MovieClips/textConvertido_9_0","classe":"textConvertido_9_0","nome":"eba03_05_9_0"},{"tipo":"img","x":"53.8px","y":"373.5px","width":"356.25px","height":"43.1px","nomeInstancia":"MovieClips/textConvertido_8_0","classe":"textConvertido_8_0","nome":"eba03_05_8_0"},{"tipo":"img","x":"53.8px","y":"315.7px","width":"297.2px","height":"43.1px","nomeInstancia":"MovieClips/textConvertido_7_0","classe":"textConvertido_7_0","nome":"eba03_05_7_0"},{"tipo":"img","x":"416.45px","y":"299.8px","width":"549.3px","height":"189.95px","nomeInstancia":"MovieClips/Symbol 1 copy","classe":"Symbol 1 copy","nome":"eba03_05_7_1"},{"tipo":"img","x":"53.8px","y":"229.85px","width":"150.45px","height":"56.3px","nomeInstancia":"MovieClips/título0349","classe":"título0349","nome":"eba03_05_7_2"}]},{"desenhos":[{"tipo":"img","x":"549.55px","y":"277.8px","width":"368px","height":"43.1px","nomeInstancia":"MovieClips/textConvertido_10_0","classe":"textConvertido_10_0","nome":"eba03_05_10_0"},{"tipo":"img","x":"91.05px","y":"286.65px","width":"381.85px","height":"185.9px","nomeInstancia":"MovieClips/03T50","classe":"03T50","nome":"eba03_05_10_1"}]},{"desenhos":[{"tipo":"img","x":"549.55px","y":"343.35px","width":"364.25px","height":"63.65px","nomeInstancia":"MovieClips/textConvertido_11_0","classe":"textConvertido_11_0","nome":"eba03_05_11_0"},{"tipo":"img","x":"549.55px","y":"277.8px","width":"368px","height":"43.1px","nomeInstancia":"MovieClips/textConvertido_10_0","classe":"textConvertido_10_0","nome":"eba03_05_10_0"},{"tipo":"img","x":"91.05px","y":"286.65px","width":"381.85px","height":"185.9px","nomeInstancia":"MovieClips/03T50","classe":"03T50","nome":"eba03_05_10_1"}]},{"desenhos":[{"tipo":"img","x":"549.55px","y":"429.45px","width":"358.55px","height":"43.1px","nomeInstancia":"MovieClips/textConvertido_12_0","classe":"textConvertido_12_0","nome":"eba03_05_12_0"},{"tipo":"img","x":"549.55px","y":"343.35px","width":"364.25px","height":"63.65px","nomeInstancia":"MovieClips/textConvertido_11_0","classe":"textConvertido_11_0","nome":"eba03_05_11_0"},{"tipo":"img","x":"549.55px","y":"277.8px","width":"368px","height":"43.1px","nomeInstancia":"MovieClips/textConvertido_10_0","classe":"textConvertido_10_0","nome":"eba03_05_10_0"},{"tipo":"img","x":"91.05px","y":"286.65px","width":"381.85px","height":"185.9px","nomeInstancia":"MovieClips/03T50","classe":"03T50","nome":"eba03_05_10_1"}]},{"desenhos":[{"tipo":"img","x":"67.05px","y":"269.25px","width":"378.45px","height":"22.55px","nomeInstancia":"MovieClips/textConvertido_13_0","classe":"textConvertido_13_0","nome":"eba03_05_13_0"},{"tipo":"img","x":"481.05px","y":"291.8px","width":"481.75px","height":"165.55px","nomeInstancia":"MovieClips/03T51","classe":"03T51","nome":"eba03_05_13_1"}]},{"desenhos":[{"tipo":"img","x":"69.65px","y":"186.2px","width":"460.7px","height":"171.25px","nomeInstancia":"MovieClips/hotWord11570195533177","classe":"hotWord11570195533177","nome":"eba03_05_14_0"},{"tipo":"img","x":"67.05px","y":"314.25px","width":"356.65px","height":"84.2px","nomeInstancia":"MovieClips/textConvertido_14_1","classe":"textConvertido_14_1","nome":"eba03_05_14_1"},{"tipo":"img","x":"67.05px","y":"269.25px","width":"378.45px","height":"22.55px","nomeInstancia":"MovieClips/textConvertido_13_0","classe":"textConvertido_13_0","nome":"eba03_05_13_0"},{"tipo":"img","x":"481.05px","y":"291.8px","width":"481.75px","height":"165.55px","nomeInstancia":"MovieClips/03T51","classe":"03T51","nome":"eba03_05_13_1"}]},{"desenhos":[{"tipo":"img","x":"69.65px","y":"186.2px","width":"460.7px","height":"171.25px","nomeInstancia":"MovieClips/hotWord11570195533177","classe":"hotWord11570195533177","nome":"eba03_05_14_0"},{"tipo":"img","x":"67.05px","y":"420.9px","width":"376.55px","height":"84.2px","nomeInstancia":"MovieClips/textConvertido_15_1","classe":"textConvertido_15_1","nome":"eba03_05_15_1"},{"tipo":"img","x":"67.05px","y":"314.25px","width":"356.65px","height":"84.2px","nomeInstancia":"MovieClips/textConvertido_14_1","classe":"textConvertido_14_1","nome":"eba03_05_14_1"},{"tipo":"img","x":"67.05px","y":"269.25px","width":"378.45px","height":"22.55px","nomeInstancia":"MovieClips/textConvertido_13_0","classe":"textConvertido_13_0","nome":"eba03_05_13_0"},{"tipo":"img","x":"481.05px","y":"291.8px","width":"481.75px","height":"165.55px","nomeInstancia":"MovieClips/03T51","classe":"03T51","nome":"eba03_05_13_1"}]},{"desenhos":[{"tipo":"img","x":"531.5px","y":"297.65px","width":"351.95px","height":"43.1px","nomeInstancia":"MovieClips/textConvertido_16_0","classe":"textConvertido_16_0","nome":"eba03_05_16_0"},{"tipo":"img","x":"140.2px","y":"205.65px","width":"274.05px","height":"323.45px","nomeInstancia":"MovieClips/03T52","classe":"03T52","nome":"eba03_05_16_1"}]},{"desenhos":[{"tipo":"img","x":"531.5px","y":"356.85px","width":"356.65px","height":"43.1px","nomeInstancia":"MovieClips/textConvertido_17_0","classe":"textConvertido_17_0","nome":"eba03_05_17_0"},{"tipo":"img","x":"531.5px","y":"297.65px","width":"351.95px","height":"43.1px","nomeInstancia":"MovieClips/textConvertido_16_0","classe":"textConvertido_16_0","nome":"eba03_05_16_0"},{"tipo":"img","x":"140.2px","y":"205.65px","width":"274.05px","height":"323.45px","nomeInstancia":"MovieClips/03T52","classe":"03T52","nome":"eba03_05_16_1"}]},{"desenhos":[{"tipo":"img","x":"528.85px","y":"457.55px","width":"440.75px","height":"146.5px","nomeInstancia":"MovieClips/hotWord11570195594660","classe":"hotWord11570195594660","nome":"eba03_05_18_0"},{"tipo":"img","x":"531.5px","y":"416.05px","width":"376.55px","height":"63.65px","nomeInstancia":"MovieClips/textConvertido_18_1","classe":"textConvertido_18_1","nome":"eba03_05_18_1"},{"tipo":"img","x":"531.5px","y":"356.85px","width":"356.65px","height":"43.1px","nomeInstancia":"MovieClips/textConvertido_17_0","classe":"textConvertido_17_0","nome":"eba03_05_17_0"},{"tipo":"img","x":"531.5px","y":"297.65px","width":"351.95px","height":"43.1px","nomeInstancia":"MovieClips/textConvertido_16_0","classe":"textConvertido_16_0","nome":"eba03_05_16_0"},{"tipo":"img","x":"140.2px","y":"205.65px","width":"274.05px","height":"323.45px","nomeInstancia":"MovieClips/03T52","classe":"03T52","nome":"eba03_05_16_1"}]},{"desenhos":[{"tipo":"img","x":"135.05px","y":"274.85px","width":"295.3px","height":"43.1px","nomeInstancia":"MovieClips/textConvertido_19_0","classe":"textConvertido_19_0","nome":"eba03_05_19_0"},{"tipo":"img","x":"571.6px","y":"201.85px","width":"274.05px","height":"323.45px","nomeInstancia":"MovieClips/Symbol 8","classe":"Symbol 8","nome":"eba03_05_19_1"}]},{"desenhos":[{"tipo":"img","x":"135.05px","y":"334.05px","width":"283.95px","height":"43.1px","nomeInstancia":"MovieClips/textConvertido_20_0","classe":"textConvertido_20_0","nome":"eba03_05_20_0"},{"tipo":"img","x":"135.05px","y":"274.85px","width":"295.3px","height":"43.1px","nomeInstancia":"MovieClips/textConvertido_19_0","classe":"textConvertido_19_0","nome":"eba03_05_19_0"},{"tipo":"img","x":"571.6px","y":"201.85px","width":"274.05px","height":"323.45px","nomeInstancia":"MovieClips/Symbol 8","classe":"Symbol 8","nome":"eba03_05_19_1"}]},{"desenhos":[{"tipo":"img","x":"135.05px","y":"393.25px","width":"287.75px","height":"104.75px","nomeInstancia":"MovieClips/textConvertido_21_0","classe":"textConvertido_21_0","nome":"eba03_05_21_0"},{"tipo":"img","x":"135.05px","y":"334.05px","width":"283.95px","height":"43.1px","nomeInstancia":"MovieClips/textConvertido_20_0","classe":"textConvertido_20_0","nome":"eba03_05_20_0"},{"tipo":"img","x":"135.05px","y":"274.85px","width":"295.3px","height":"43.1px","nomeInstancia":"MovieClips/textConvertido_19_0","classe":"textConvertido_19_0","nome":"eba03_05_19_0"},{"tipo":"img","x":"571.6px","y":"201.85px","width":"274.05px","height":"323.45px","nomeInstancia":"MovieClips/Symbol 8","classe":"Symbol 8","nome":"eba03_05_19_1"}]},{"desenhos":[{"tipo":"img","x":"474.2px","y":"193.25px","width":"325.45px","height":"66.25px","nomeInstancia":"MovieClips/fala0354a","classe":"fala0354a","nome":"eba03_05_22_0"},{"nome":"eba03_05_22_1","tipo":"personagem","x":"0px","y":"0px","width":"1016px","height":"659px","nomeInstancia":"MovieClips/animaP22","classe":"animaP22"},{"tipo":"img","x":"36.75px","y":"192.8px","width":"274.05px","height":"323.45px","nomeInstancia":"MovieClips/Symbol 9","classe":"Symbol 9","nome":"eba03_05_22_2"}]},{"desenhos":[{"tipo":"img","x":"521.2px","y":"253.95px","width":"444px","height":"81.55px","nomeInstancia":"MovieClips/fala0354b","classe":"fala0354b","nome":"eba03_05_23_0"},{"tipo":"img","x":"474.2px","y":"193.25px","width":"325.45px","height":"66.25px","nomeInstancia":"MovieClips/fala0354a","classe":"fala0354a","nome":"eba03_05_22_0"},{"nome":"eba03_05_22_1","tipo":"personagem","x":"0px","y":"0px","width":"1016px","height":"659px","nomeInstancia":"MovieClips/animaP22","classe":"animaP22"},{"tipo":"img","x":"36.75px","y":"192.8px","width":"274.05px","height":"323.45px","nomeInstancia":"MovieClips/Symbol 9","classe":"Symbol 9","nome":"eba03_05_22_2"}]},{"desenhos":[{"tipo":"img","x":"521.45px","y":"330.65px","width":"410.3px","height":"102.9px","nomeInstancia":"MovieClips/fala0354c","classe":"fala0354c","nome":"eba03_05_24_0"},{"tipo":"img","x":"521.2px","y":"253.95px","width":"444px","height":"81.55px","nomeInstancia":"MovieClips/fala0354b","classe":"fala0354b","nome":"eba03_05_23_0"},{"tipo":"img","x":"474.2px","y":"193.25px","width":"325.45px","height":"66.25px","nomeInstancia":"MovieClips/fala0354a","classe":"fala0354a","nome":"eba03_05_22_0"},{"nome":"eba03_05_22_1","tipo":"personagem","x":"0px","y":"0px","width":"1016px","height":"659px","nomeInstancia":"MovieClips/animaP22","classe":"animaP22"},{"tipo":"img","x":"36.75px","y":"192.8px","width":"274.05px","height":"323.45px","nomeInstancia":"MovieClips/Symbol 9","classe":"Symbol 9","nome":"eba03_05_22_2"}]},{"desenhos":[{"tipo":"img","x":"115.15px","y":"316.5px","width":"362.6px","height":"43.1px","nomeInstancia":"MovieClips/textConvertido_25_0","classe":"textConvertido_25_0","nome":"eba03_05_25_0"},{"tipo":"img","x":"575.35px","y":"202.85px","width":"274.05px","height":"323.45px","nomeInstancia":"MovieClips/03T55","classe":"03T55","nome":"eba03_05_25_1"}]},{"desenhos":[{"tipo":"img","x":"115.15px","y":"393.3px","width":"296.25px","height":"43.1px","nomeInstancia":"MovieClips/textConvertido_26_0","classe":"textConvertido_26_0","nome":"eba03_05_26_0"},{"tipo":"img","x":"115.15px","y":"316.5px","width":"362.6px","height":"43.1px","nomeInstancia":"MovieClips/textConvertido_25_0","classe":"textConvertido_25_0","nome":"eba03_05_25_0"},{"tipo":"img","x":"575.35px","y":"202.85px","width":"274.05px","height":"323.45px","nomeInstancia":"MovieClips/03T55","classe":"03T55","nome":"eba03_05_25_1"}]},{"desenhos":[{"tipo":"img","x":"513.9px","y":"274.75px","width":"368.3px","height":"43.1px","nomeInstancia":"MovieClips/textConvertido_27_0","classe":"textConvertido_27_0","nome":"eba03_05_27_0"},{"tipo":"img","x":"125.1px","y":"204.65px","width":"274.05px","height":"323.45px","nomeInstancia":"MovieClips/Symbol 10","classe":"Symbol 10","nome":"eba03_05_27_1"}]},{"desenhos":[{"tipo":"img","x":"513.9px","y":"334.7px","width":"400.55px","height":"84.2px","nomeInstancia":"MovieClips/textConvertido_28_0","classe":"textConvertido_28_0","nome":"eba03_05_28_0"},{"tipo":"img","x":"513.9px","y":"274.75px","width":"368.3px","height":"43.1px","nomeInstancia":"MovieClips/textConvertido_27_0","classe":"textConvertido_27_0","nome":"eba03_05_27_0"},{"tipo":"img","x":"125.1px","y":"204.65px","width":"274.05px","height":"323.45px","nomeInstancia":"MovieClips/Symbol 10","classe":"Symbol 10","nome":"eba03_05_27_1"}]},{"desenhos":[{"tipo":"img","x":"283.95px","y":"191.1px","width":"663.2px","height":"406.4px","nomeInstancia":"MovieClips/telaInfo29","classe":"telaInfo29","nome":"eba03_05_29_0"},{"tipo":"img","x":"513.9px","y":"435.75px","width":"355.45px","height":"43.1px","nomeInstancia":"MovieClips/textConvertido_29_1","classe":"textConvertido_29_1","nome":"eba03_05_29_1"},{"tipo":"img","x":"513.9px","y":"334.7px","width":"400.55px","height":"84.2px","nomeInstancia":"MovieClips/textConvertido_28_0","classe":"textConvertido_28_0","nome":"eba03_05_28_0"},{"tipo":"img","x":"513.9px","y":"274.75px","width":"368.3px","height":"43.1px","nomeInstancia":"MovieClips/textConvertido_27_0","classe":"textConvertido_27_0","nome":"eba03_05_27_0"},{"tipo":"img","x":"125.1px","y":"204.65px","width":"274.05px","height":"323.45px","nomeInstancia":"MovieClips/Symbol 10","classe":"Symbol 10","nome":"eba03_05_27_1"}]},{"desenhos":[{"tipo":"img","x":"90.2px","y":"262.45px","width":"328.75px","height":"84.2px","nomeInstancia":"MovieClips/textConvertido_30_0","classe":"textConvertido_30_0","nome":"eba03_05_30_0"},{"tipo":"img","x":"547.85px","y":"247px","width":"348.2px","height":"244.45px","nomeInstancia":"MovieClips/Symbol 7","classe":"Symbol 7","nome":"eba03_05_30_1"}]},{"desenhos":[{"tipo":"img","x":"90.2px","y":"360.15px","width":"323.1px","height":"43.1px","nomeInstancia":"MovieClips/textConvertido_31_0","classe":"textConvertido_31_0","nome":"eba03_05_31_0"},{"tipo":"img","x":"90.2px","y":"262.45px","width":"328.75px","height":"84.2px","nomeInstancia":"MovieClips/textConvertido_30_0","classe":"textConvertido_30_0","nome":"eba03_05_30_0"},{"tipo":"img","x":"547.85px","y":"247px","width":"348.2px","height":"244.45px","nomeInstancia":"MovieClips/Symbol 7","classe":"Symbol 7","nome":"eba03_05_30_1"}]},{"desenhos":[{"tipo":"img","x":"90.2px","y":"416.75px","width":"338.25px","height":"84.2px","nomeInstancia":"MovieClips/textConvertido_32_0","classe":"textConvertido_32_0","nome":"eba03_05_32_0"},{"tipo":"img","x":"90.2px","y":"360.15px","width":"323.1px","height":"43.1px","nomeInstancia":"MovieClips/textConvertido_31_0","classe":"textConvertido_31_0","nome":"eba03_05_31_0"},{"tipo":"img","x":"90.2px","y":"262.45px","width":"328.75px","height":"84.2px","nomeInstancia":"MovieClips/textConvertido_30_0","classe":"textConvertido_30_0","nome":"eba03_05_30_0"},{"tipo":"img","x":"547.85px","y":"247px","width":"348.2px","height":"244.45px","nomeInstancia":"MovieClips/Symbol 7","classe":"Symbol 7","nome":"eba03_05_30_1"}]},{"desenhos":[{"tipo":"img","x":"96.15px","y":"289.95px","width":"825.45px","height":"110.05px","nomeInstancia":"MovieClips/hotWord11570195769357","classe":"hotWord11570195769357","nome":"eba03_05_33_0"},{"tipo":"img","x":"546.9px","y":"357.4px","width":"377.95px","height":"63.65px","nomeInstancia":"MovieClips/textConvertido_33_1","classe":"textConvertido_33_1","nome":"eba03_05_33_1"},{"tipo":"img","x":"546.9px","y":"269.75px","width":"213.1px","height":"56.3px","nomeInstancia":"MovieClips/título0358","classe":"título0358","nome":"eba03_05_33_2"}]},{"desenhos":[{"tipo":"img","x":"96.15px","y":"289.95px","width":"825.45px","height":"110.05px","nomeInstancia":"MovieClips/hotWord11570195769357","classe":"hotWord11570195769357","nome":"eba03_05_33_0"},{"tipo":"img","x":"546.9px","y":"439px","width":"323.1px","height":"22.55px","nomeInstancia":"MovieClips/textConvertido_34_1","classe":"textConvertido_34_1","nome":"eba03_05_34_1"},{"tipo":"img","x":"546.9px","y":"357.4px","width":"377.95px","height":"63.65px","nomeInstancia":"MovieClips/textConvertido_33_1","classe":"textConvertido_33_1","nome":"eba03_05_33_1"},{"tipo":"img","x":"546.9px","y":"269.75px","width":"213.1px","height":"56.3px","nomeInstancia":"MovieClips/título0358","classe":"título0358","nome":"eba03_05_33_2"}]},{"desenhos":[{"tipo":"img","x":"96.15px","y":"289.95px","width":"825.45px","height":"110.05px","nomeInstancia":"MovieClips/hotWord11570195769357","classe":"hotWord11570195769357","nome":"eba03_05_33_0"},{"tipo":"img","x":"546.9px","y":"479.5px","width":"374.15px","height":"22.55px","nomeInstancia":"MovieClips/textConvertido_35_2","classe":"textConvertido_35_2","nome":"eba03_05_35_1"},{"tipo":"img","x":"54.65px","y":"335.6px","width":"446px","height":"166.45px","nomeInstancia":"MovieClips/03T58","classe":"03T58","nome":"eba03_05_35_2"},{"tipo":"img","x":"546.9px","y":"439px","width":"323.1px","height":"22.55px","nomeInstancia":"MovieClips/textConvertido_34_1","classe":"textConvertido_34_1","nome":"eba03_05_34_1"},{"tipo":"img","x":"546.9px","y":"357.4px","width":"377.95px","height":"63.65px","nomeInstancia":"MovieClips/textConvertido_33_1","classe":"textConvertido_33_1","nome":"eba03_05_33_1"},{"tipo":"img","x":"546.9px","y":"269.75px","width":"213.1px","height":"56.3px","nomeInstancia":"MovieClips/título0358","classe":"título0358","nome":"eba03_05_33_2"}]},{"desenhos":[{"tipo":"img","x":"42.65px","y":"288.05px","width":"392.25px","height":"84.2px","nomeInstancia":"MovieClips/textConvertido_36_0","classe":"textConvertido_36_0","nome":"eba03_05_36_0"},{"tipo":"img","x":"491.25px","y":"296.15px","width":"480.25px","height":"179.25px","nomeInstancia":"MovieClips/Symbol 15","classe":"Symbol 15","nome":"eba03_05_36_1"}]},{"desenhos":[{"tipo":"img","x":"42.65px","y":"391.2px","width":"398.85px","height":"84.2px","nomeInstancia":"MovieClips/textConvertido_37_0","classe":"textConvertido_37_0","nome":"eba03_05_37_0"},{"tipo":"img","x":"42.65px","y":"288.05px","width":"392.25px","height":"84.2px","nomeInstancia":"MovieClips/textConvertido_36_0","classe":"textConvertido_36_0","nome":"eba03_05_36_0"},{"tipo":"img","x":"491.25px","y":"296.15px","width":"480.25px","height":"179.25px","nomeInstancia":"MovieClips/Symbol 15","classe":"Symbol 15","nome":"eba03_05_36_1"}]},{"desenhos":[{"tipo":"img","x":"377.35px","y":"198px","width":"434.2px","height":"112.25px","nomeInstancia":"MovieClips/fala0360a","classe":"fala0360a","nome":"eba03_05_38_0"},{"nome":"eba03_05_38_1","tipo":"personagem","x":"0px","y":"0px","width":"1016px","height":"659px","nomeInstancia":"MovieClips/animaP38","classe":"animaP38"}]},{"desenhos":[{"tipo":"img","x":"424.25px","y":"305.2px","width":"427.25px","height":"85.15px","nomeInstancia":"MovieClips/fala0360b","classe":"fala0360b","nome":"eba03_05_39_0"},{"tipo":"img","x":"377.35px","y":"198px","width":"434.2px","height":"112.25px","nomeInstancia":"MovieClips/fala0360a","classe":"fala0360a","nome":"eba03_05_38_0"},{"nome":"eba03_05_38_1","tipo":"personagem","x":"0px","y":"0px","width":"1016px","height":"659px","nomeInstancia":"MovieClips/animaP38","classe":"animaP38"}]},{"desenhos":[{"tipo":"img","x":"185.7px","y":"215.35px","width":"434.35px","height":"152.55px","nomeInstancia":"MovieClips/fala0360","classe":"fala0360","nome":"eba03_05_40_0"},{"nome":"eba03_05_40_1","tipo":"personagem","x":"0px","y":"0px","width":"1016px","height":"659px","nomeInstancia":"MovieClips/animaP40","classe":"animaP40"}]},{"desenhos":[{"tipo":"img","x":"446.25px","y":"298.5px","width":"443px","height":"63.65px","nomeInstancia":"MovieClips/textConvertido_41_0","classe":"textConvertido_41_0","nome":"eba03_05_41_0"},{"tipo":"img","x":"125.8px","y":"206.55px","width":"274.05px","height":"323.45px","nomeInstancia":"MovieClips/Symbol 2","classe":"Symbol 2","nome":"eba03_05_41_1"}]},{"desenhos":[{"tipo":"img","x":"446.25px","y":"378.05px","width":"432.3px","height":"63.65px","nomeInstancia":"MovieClips/textConvertido_42_0","classe":"textConvertido_42_0","nome":"eba03_05_42_0"},{"tipo":"img","x":"446.25px","y":"298.5px","width":"443px","height":"63.65px","nomeInstancia":"MovieClips/textConvertido_41_0","classe":"textConvertido_41_0","nome":"eba03_05_41_0"},{"tipo":"img","x":"125.8px","y":"206.55px","width":"274.05px","height":"323.45px","nomeInstancia":"MovieClips/Symbol 2","classe":"Symbol 2","nome":"eba03_05_41_1"}]},{"desenhos":[{"tipo":"img","x":"94.4px","y":"298.5px","width":"388.15px","height":"84.2px","nomeInstancia":"MovieClips/textConvertido_43_0","classe":"textConvertido_43_0","nome":"eba03_05_43_0"},{"tipo":"img","x":"584.6px","y":"200.6px","width":"274.05px","height":"323.45px","nomeInstancia":"MovieClips/Symbol 3","classe":"Symbol 3","nome":"eba03_05_43_1"}]},{"desenhos":[{"tipo":"img","x":"54.7px","y":"191.1px","width":"677.4px","height":"396.2px","nomeInstancia":"MovieClips/telaInfo441570196413714","classe":"telaInfo441570196413714","nome":"eba03_05_44_0"},{"tipo":"img","x":"94.4px","y":"405.35px","width":"377.45px","height":"43.1px","nomeInstancia":"MovieClips/textConvertido_44_1","classe":"textConvertido_44_1","nome":"eba03_05_44_1"},{"tipo":"img","x":"94.4px","y":"298.5px","width":"388.15px","height":"84.2px","nomeInstancia":"MovieClips/textConvertido_43_0","classe":"textConvertido_43_0","nome":"eba03_05_43_0"},{"tipo":"img","x":"584.6px","y":"200.6px","width":"274.05px","height":"323.45px","nomeInstancia":"MovieClips/Symbol 3","classe":"Symbol 3","nome":"eba03_05_43_1"}]},{"desenhos":[{"tipo":"img","x":"488.95px","y":"309.3px","width":"428.6px","height":"63.65px","nomeInstancia":"MovieClips/textConvertido_45_0","classe":"textConvertido_45_0","nome":"eba03_05_45_0"},{"tipo":"img","x":"134.15px","y":"200.6px","width":"274.05px","height":"323.45px","nomeInstancia":"MovieClips/Symbol 4","classe":"Symbol 4","nome":"eba03_05_45_1"}]},{"desenhos":[{"tipo":"img","x":"488.95px","y":"400.7px","width":"410.75px","height":"43.1px","nomeInstancia":"MovieClips/textConvertido_46_0","classe":"textConvertido_46_0","nome":"eba03_05_46_0"},{"tipo":"img","x":"488.95px","y":"309.3px","width":"428.6px","height":"63.65px","nomeInstancia":"MovieClips/textConvertido_45_0","classe":"textConvertido_45_0","nome":"eba03_05_45_0"},{"tipo":"img","x":"134.15px","y":"200.6px","width":"274.05px","height":"323.45px","nomeInstancia":"MovieClips/Symbol 4","classe":"Symbol 4","nome":"eba03_05_45_1"}]},{"desenhos":[{"tipo":"img","x":"165.35px","y":"294.75px","width":"415.05px","height":"135.3px","nomeInstancia":"MovieClips/fala0365","classe":"fala0365","nome":"eba03_05_47_0"},{"nome":"eba03_05_47_1","tipo":"personagem","x":"0px","y":"0px","width":"1016px","height":"659px","nomeInstancia":"MovieClips/animaP47","classe":"animaP47"},{"tipo":"img","x":"382.45px","y":"156.2px","width":"250.55px","height":"72.85px","nomeInstancia":"MovieClips/título0365","classe":"título0365","nome":"eba03_05_47_2"}]},{"desenhos":[{"tipo":"img","x":"165.05px","y":"425.15px","width":"344.45px","height":"58.7px","nomeInstancia":"MovieClips/fala0365b","classe":"fala0365b","nome":"eba03_05_48_0"},{"tipo":"img","x":"165.35px","y":"294.75px","width":"415.05px","height":"135.3px","nomeInstancia":"MovieClips/fala0365","classe":"fala0365","nome":"eba03_05_47_0"},{"nome":"eba03_05_47_1","tipo":"personagem","x":"0px","y":"0px","width":"1016px","height":"659px","nomeInstancia":"MovieClips/animaP47","classe":"animaP47"},{"tipo":"img","x":"382.45px","y":"156.2px","width":"250.55px","height":"72.85px","nomeInstancia":"MovieClips/título0365","classe":"título0365","nome":"eba03_05_47_2"}]},{"desenhos":[{"tipo":"img","x":"261px","y":"236.05px","width":"484.5px","height":"22.55px","nomeInstancia":"MovieClips/textConvertido_49_0","classe":"textConvertido_49_0","nome":"eba03_05_49_0"}]},{"desenhos":[{"tipo":"img","x":"413.8px","y":"360.7px","width":"127.5px","height":"47.8px","nomeInstancia":"MovieClips/shapeConvertido_50_1","classe":"shapeConvertido_50_1","nome":"eba03_05_50_0"},{"tipo":"img","x":"261px","y":"291.95px","width":"494px","height":"43.1px","nomeInstancia":"MovieClips/textConvertido_50_0","classe":"textConvertido_50_0","nome":"eba03_05_50_1"},{"tipo":"img","x":"261px","y":"236.05px","width":"484.5px","height":"22.55px","nomeInstancia":"MovieClips/textConvertido_49_0","classe":"textConvertido_49_0","nome":"eba03_05_49_0"}]},{"desenhos":[{"tipo":"img","x":"261px","y":"425.2px","width":"484.5px","height":"104.75px","nomeInstancia":"MovieClips/textConvertido_51_0","classe":"textConvertido_51_0","nome":"eba03_05_51_0"},{"tipo":"img","x":"413.8px","y":"360.7px","width":"127.5px","height":"47.8px","nomeInstancia":"MovieClips/shapeConvertido_50_1","classe":"shapeConvertido_50_1","nome":"eba03_05_50_0"},{"tipo":"img","x":"261px","y":"291.95px","width":"494px","height":"43.1px","nomeInstancia":"MovieClips/textConvertido_50_0","classe":"textConvertido_50_0","nome":"eba03_05_50_1"},{"tipo":"img","x":"261px","y":"236.05px","width":"484.5px","height":"22.55px","nomeInstancia":"MovieClips/textConvertido_49_0","classe":"textConvertido_49_0","nome":"eba03_05_49_0"}]},{"desenhos":[{"tipo":"img","x":"95.35px","y":"287.85px","width":"565.3px","height":"281.3px","nomeInstancia":"vouf_52","classe":"vouf_52","nome":"eba03_05_52_0"},{"tipo":"img","x":"89.4px","y":"287.85px","width":"861.3px","height":"170.95px","nomeInstancia":"MovieClips/textConvertido_52_1","classe":"textConvertido_52_1","nome":"eba03_05_52_1"},{"tipo":"img","x":"392.75px","y":"156.5px","width":"230.5px","height":"78.4px","nomeInstancia":"MovieClips/exerciatndo","classe":"exerciatndo","nome":"eba03_05_52_2"}]}]}