{"licao":"eba03_04","topico":"04","telas":[{"desenhos":[{"tipo":"img","x":"583.85px","y":"270.75px","width":"381.15px","height":"63.65px","nomeInstancia":"MovieClips/textConvertido_1_0","classe":"textConvertido_1_0","nome":"eba03_04_1_0"},{"tipo":"img","x":"44.55px","y":"270.75px","width":"492.3px","height":"207.05px","nomeInstancia":"MovieClips/03T21","classe":"03T21","nome":"eba03_04_1_1"}]},{"desenhos":[{"tipo":"img","x":"583.85px","y":"356.1px","width":"381.15px","height":"43.1px","nomeInstancia":"MovieClips/textConvertido_2_0","classe":"textConvertido_2_0","nome":"eba03_04_2_0"},{"tipo":"img","x":"583.85px","y":"270.75px","width":"381.15px","height":"63.65px","nomeInstancia":"MovieClips/textConvertido_1_0","classe":"textConvertido_1_0","nome":"eba03_04_1_0"},{"tipo":"img","x":"44.55px","y":"270.75px","width":"492.3px","height":"207.05px","nomeInstancia":"MovieClips/03T21","classe":"03T21","nome":"eba03_04_1_1"}]},{"desenhos":[{"tipo":"img","x":"583.85px","y":"420.9px","width":"352.7px","height":"63.65px","nomeInstancia":"MovieClips/textConvertido_3_0","classe":"textConvertido_3_0","nome":"eba03_04_3_0"},{"tipo":"img","x":"583.85px","y":"356.1px","width":"381.15px","height":"43.1px","nomeInstancia":"MovieClips/textConvertido_2_0","classe":"textConvertido_2_0","nome":"eba03_04_2_0"},{"tipo":"img","x":"583.85px","y":"270.75px","width":"381.15px","height":"63.65px","nomeInstancia":"MovieClips/textConvertido_1_0","classe":"textConvertido_1_0","nome":"eba03_04_1_0"},{"tipo":"img","x":"44.55px","y":"270.75px","width":"492.3px","height":"207.05px","nomeInstancia":"MovieClips/03T21","classe":"03T21","nome":"eba03_04_1_1"}]},{"desenhos":[{"tipo":"img","x":"213.15px","y":"262.6px","width":"344.75px","height":"91.1px","nomeInstancia":"MovieClips/fala0322a","classe":"fala0322a","nome":"eba03_04_4_0"},{"nome":"eba03_04_4_1","tipo":"personagem","x":"0px","y":"0px","width":"1016px","height":"659px","nomeInstancia":"MovieClips/animaP5","classe":"animaP5"}]},{"desenhos":[{"tipo":"img","x":"263.6px","y":"349px","width":"246.85px","height":"79.6px","nomeInstancia":"MovieClips/fala0322b","classe":"fala0322b","nome":"eba03_04_5_0"},{"tipo":"img","x":"213.15px","y":"262.6px","width":"344.75px","height":"91.1px","nomeInstancia":"MovieClips/fala0322a","classe":"fala0322a","nome":"eba03_04_4_0"},{"nome":"eba03_04_4_1","tipo":"personagem","x":"0px","y":"0px","width":"1016px","height":"659px","nomeInstancia":"MovieClips/animaP5","classe":"animaP5"}]},{"desenhos":[{"tipo":"img","x":"284px","y":"191.8px","width":"512.95px","height":"360.45px","nomeInstancia":"MovieClips/telaInfo6","classe":"telaInfo6","nome":"eba03_04_6_0"},{"tipo":"img","x":"237.35px","y":"437.3px","width":"282.45px","height":"22.55px","nomeInstancia":"MovieClips/textConvertido_6_1","classe":"textConvertido_6_1","nome":"eba03_04_6_1"},{"tipo":"img","x":"263.6px","y":"349px","width":"246.85px","height":"79.6px","nomeInstancia":"MovieClips/fala0322b","classe":"fala0322b","nome":"eba03_04_5_0"},{"tipo":"img","x":"213.15px","y":"262.6px","width":"344.75px","height":"91.1px","nomeInstancia":"MovieClips/fala0322a","classe":"fala0322a","nome":"eba03_04_4_0"}]},{"desenhos":[{"tipo":"img","x":"570.95px","y":"333.9px","width":"356.8px","height":"63.65px","nomeInstancia":"MovieClips/textConvertido_7_0","classe":"textConvertido_7_0","nome":"eba03_04_7_0"},{"tipo":"img","x":"570.95px","y":"245px","width":"253.1px","height":"56.3px","nomeInstancia":"MovieClips/título0323","classe":"título0323","nome":"eba03_04_7_1"},{"tipo":"img","x":"89.15px","y":"231.6px","width":"408.05px","height":"290.45px","nomeInstancia":"MovieClips/03T23","classe":"03T23","nome":"eba03_04_7_2"}]},{"desenhos":[{"tipo":"img","x":"570.95px","y":"417.3px","width":"363.95px","height":"104.75px","nomeInstancia":"MovieClips/textConvertido_8_0","classe":"textConvertido_8_0","nome":"eba03_04_8_0"},{"tipo":"img","x":"570.95px","y":"333.9px","width":"356.8px","height":"63.65px","nomeInstancia":"MovieClips/textConvertido_7_0","classe":"textConvertido_7_0","nome":"eba03_04_7_0"},{"tipo":"img","x":"570.95px","y":"245px","width":"253.1px","height":"56.3px","nomeInstancia":"MovieClips/título0323","classe":"título0323","nome":"eba03_04_7_1"},{"tipo":"img","x":"89.15px","y":"231.6px","width":"408.05px","height":"290.45px","nomeInstancia":"MovieClips/03T23","classe":"03T23","nome":"eba03_04_7_2"}]},{"desenhos":[{"tipo":"img","x":"169.1px","y":"264.55px","width":"437.95px","height":"95px","nomeInstancia":"MovieClips/fala0324a","classe":"fala0324a","nome":"eba03_04_9_0"},{"nome":"eba03_04_9_1","tipo":"personagem","x":"0px","y":"0px","width":"1016px","height":"659px","nomeInstancia":"MovieClips/animaP9","classe":"animaP9"}]},{"desenhos":[{"tipo":"img","x":"243.25px","y":"353.7px","width":"313.45px","height":"111.25px","nomeInstancia":"MovieClips/fala0324b","classe":"fala0324b","nome":"eba03_04_10_0"},{"tipo":"img","x":"169.1px","y":"264.55px","width":"437.95px","height":"95px","nomeInstancia":"MovieClips/fala0324a","classe":"fala0324a","nome":"eba03_04_9_0"},{"nome":"eba03_04_9_1","tipo":"personagem","x":"0px","y":"0px","width":"1016px","height":"659px","nomeInstancia":"MovieClips/animaP9","classe":"animaP9"}]},{"desenhos":[{"tipo":"img","x":"570.95px","y":"249.7px","width":"356.8px","height":"84.2px","nomeInstancia":"MovieClips/textConvertido_11_0","classe":"textConvertido_11_0","nome":"eba03_04_11_0"},{"tipo":"img","x":"89.15px","y":"231.6px","width":"408.05px","height":"290.45px","nomeInstancia":"MovieClips/Symbol 12","classe":"Symbol 12","nome":"eba03_04_11_1"}]},{"desenhos":[{"tipo":"img","x":"570.95px","y":"348.35px","width":"356.8px","height":"63.65px","nomeInstancia":"MovieClips/textConvertido_12_0","classe":"textConvertido_12_0","nome":"eba03_04_12_0"},{"tipo":"img","x":"570.95px","y":"249.7px","width":"356.8px","height":"84.2px","nomeInstancia":"MovieClips/textConvertido_11_0","classe":"textConvertido_11_0","nome":"eba03_04_11_0"},{"tipo":"img","x":"89.15px","y":"231.6px","width":"408.05px","height":"290.45px","nomeInstancia":"MovieClips/Symbol 12","classe":"Symbol 12","nome":"eba03_04_11_1"}]},{"desenhos":[{"tipo":"img","x":"570.95px","y":"426.45px","width":"356.8px","height":"84.2px","nomeInstancia":"MovieClips/textConvertido_13_0","classe":"textConvertido_13_0","nome":"eba03_04_13_0"},{"tipo":"img","x":"570.95px","y":"348.35px","width":"356.8px","height":"63.65px","nomeInstancia":"MovieClips/textConvertido_12_0","classe":"textConvertido_12_0","nome":"eba03_04_12_0"},{"tipo":"img","x":"570.95px","y":"249.7px","width":"356.8px","height":"84.2px","nomeInstancia":"MovieClips/textConvertido_11_0","classe":"textConvertido_11_0","nome":"eba03_04_11_0"},{"tipo":"img","x":"89.15px","y":"231.6px","width":"408.05px","height":"290.45px","nomeInstancia":"MovieClips/Symbol 12","classe":"Symbol 12","nome":"eba03_04_11_1"}]},{"desenhos":[{"tipo":"img","x":"260px","y":"198.1px","width":"329.25px","height":"51.25px","nomeInstancia":"MovieClips/fala0326a","classe":"fala0326a","nome":"eba03_04_14_0"},{"nome":"eba03_04_14_1","tipo":"personagem","x":"0px","y":"0px","width":"1016px","height":"659px","nomeInstancia":"MovieClips/animaP14","classe":"animaP14"}]},{"desenhos":[{"tipo":"img","x":"174.35px","y":"242.8px","width":"372.2px","height":"111.25px","nomeInstancia":"MovieClips/fala0326b","classe":"fala0326b","nome":"eba03_04_15_0"},{"tipo":"img","x":"260px","y":"198.1px","width":"329.25px","height":"51.25px","nomeInstancia":"MovieClips/fala0326a","classe":"fala0326a","nome":"eba03_04_14_0"},{"nome":"eba03_04_14_1","tipo":"personagem","x":"0px","y":"0px","width":"1016px","height":"659px","nomeInstancia":"MovieClips/animaP14","classe":"animaP14"}]},{"desenhos":[{"tipo":"img","x":"80.5px","y":"191.1px","width":"651.6px","height":"392.65px","nomeInstancia":"MovieClips/telaInfo16","classe":"telaInfo16","nome":"eba03_04_16_0"},{"tipo":"img","x":"233.4px","y":"349.25px","width":"313.45px","height":"111.25px","nomeInstancia":"MovieClips/fala0326c","classe":"fala0326c","nome":"eba03_04_16_1"},{"tipo":"img","x":"174.35px","y":"242.8px","width":"372.2px","height":"111.25px","nomeInstancia":"MovieClips/fala0326b","classe":"fala0326b","nome":"eba03_04_15_0"},{"tipo":"img","x":"260px","y":"198.1px","width":"329.25px","height":"51.25px","nomeInstancia":"MovieClips/fala0326a","classe":"fala0326a","nome":"eba03_04_14_0"},{"nome":"eba03_04_14_1","tipo":"personagem","x":"0px","y":"0px","width":"1016px","height":"659px","nomeInstancia":"MovieClips/animaP14","classe":"animaP14"}]},{"desenhos":[{"tipo":"img","x":"423.6px","y":"185.8px","width":"405.75px","height":"97.3px","nomeInstancia":"MovieClips/Symbol 3 copy","classe":"Symbol 3 copy","nome":"eba03_04_17_0"},{"nome":"eba03_04_17_1","tipo":"personagem","x":"0px","y":"0px","width":"1016px","height":"659px","nomeInstancia":"MovieClips/animaP17","classe":"animaP17"}]},{"desenhos":[{"tipo":"img","x":"467.55px","y":"279.5px","width":"396.9px","height":"64.55px","nomeInstancia":"MovieClips/fala0327b","classe":"fala0327b","nome":"eba03_04_18_0"},{"tipo":"img","x":"423.6px","y":"185.8px","width":"405.75px","height":"97.3px","nomeInstancia":"MovieClips/Symbol 3 copy","classe":"Symbol 3 copy","nome":"eba03_04_17_0"},{"nome":"eba03_04_17_1","tipo":"personagem","x":"0px","y":"0px","width":"1016px","height":"659px","nomeInstancia":"MovieClips/animaP17","classe":"animaP17"}]},{"desenhos":[{"tipo":"img","x":"460.8px","y":"340.45px","width":"382.85px","height":"82.05px","nomeInstancia":"MovieClips/fala0327c","classe":"fala0327c","nome":"eba03_04_19_0"},{"tipo":"img","x":"467.55px","y":"279.5px","width":"396.9px","height":"64.55px","nomeInstancia":"MovieClips/fala0327b","classe":"fala0327b","nome":"eba03_04_18_0"},{"tipo":"img","x":"423.6px","y":"185.8px","width":"405.75px","height":"97.3px","nomeInstancia":"MovieClips/Symbol 3 copy","classe":"Symbol 3 copy","nome":"eba03_04_17_0"},{"nome":"eba03_04_17_1","tipo":"personagem","x":"0px","y":"0px","width":"1016px","height":"659px","nomeInstancia":"MovieClips/animaP17","classe":"animaP17"}]},{"desenhos":[{"tipo":"img","x":"255.55px","y":"161.8px","width":"504.9px","height":"335.45px","nomeInstancia":"MovieClips/destaque_20","classe":"destaque_20","nome":"eba03_04_20_0"},{"tipo":"img","x":"460.8px","y":"340.45px","width":"382.85px","height":"82.05px","nomeInstancia":"MovieClips/fala0327c","classe":"fala0327c","nome":"eba03_04_19_0"},{"tipo":"img","x":"467.55px","y":"279.5px","width":"396.9px","height":"64.55px","nomeInstancia":"MovieClips/fala0327b","classe":"fala0327b","nome":"eba03_04_18_0"},{"tipo":"img","x":"423.6px","y":"185.8px","width":"405.75px","height":"97.3px","nomeInstancia":"MovieClips/Symbol 3 copy","classe":"Symbol 3 copy","nome":"eba03_04_17_0"},{"nome":"eba03_04_17_1","tipo":"personagem","x":"0px","y":"0px","width":"1016px","height":"659px","nomeInstancia":"MovieClips/animaP17","classe":"animaP17"}]},{"desenhos":[{"tipo":"img","x":"-110.95px","y":"474px","width":"10.2px","height":"22.55px","nomeInstancia":"textConvertido_21_0","classe":"textConvertido_21_0","nome":"eba03_04_21_0"},{"tipo":"img","x":"219.6px","y":"233.3px","width":"396.65px","height":"97.3px","nomeInstancia":"MovieClips/fala0328a","classe":"fala0328a","nome":"eba03_04_21_1"},{"nome":"eba03_04_21_2","tipo":"personagem","x":"0px","y":"0px","width":"1016px","height":"659px","nomeInstancia":"MovieClips/animaP21","classe":"animaP21"},{"tipo":"img","x":"382.45px","y":"140.2px","width":"250.55px","height":"72.85px","nomeInstancia":"MovieClips/título0328","classe":"título0328","nome":"eba03_04_21_3"}]},{"desenhos":[{"tipo":"img","x":"236.85px","y":"325.85px","width":"327.4px","height":"84.4px","nomeInstancia":"MovieClips/fala0328b","classe":"fala0328b","nome":"eba03_04_22_0"},{"tipo":"img","x":"-110.95px","y":"474px","width":"10.2px","height":"22.55px","nomeInstancia":"textConvertido_21_0","classe":"textConvertido_21_0","nome":"eba03_04_21_0"},{"tipo":"img","x":"219.6px","y":"233.3px","width":"396.65px","height":"97.3px","nomeInstancia":"MovieClips/fala0328a","classe":"fala0328a","nome":"eba03_04_21_1"},{"nome":"eba03_04_21_2","tipo":"personagem","x":"0px","y":"0px","width":"1016px","height":"659px","nomeInstancia":"MovieClips/animaP21","classe":"animaP21"},{"tipo":"img","x":"382.45px","y":"140.2px","width":"250.55px","height":"72.85px","nomeInstancia":"MovieClips/título0328","classe":"título0328","nome":"eba03_04_21_3"}]},{"desenhos":[{"tipo":"img","x":"236.85px","y":"325.85px","width":"327.4px","height":"84.4px","nomeInstancia":"MovieClips/fala0328b","classe":"fala0328b","nome":"eba03_04_22_0"},{"tipo":"img","x":"-110.95px","y":"474px","width":"10.2px","height":"22.55px","nomeInstancia":"textConvertido_21_0","classe":"textConvertido_21_0","nome":"eba03_04_21_0"},{"tipo":"img","x":"219.6px","y":"233.3px","width":"396.65px","height":"97.3px","nomeInstancia":"MovieClips/fala0328a","classe":"fala0328a","nome":"eba03_04_21_1"},{"nome":"eba03_04_21_2","tipo":"personagem","x":"0px","y":"0px","width":"1016px","height":"659px","nomeInstancia":"MovieClips/animaP21","classe":"animaP21"},{"tipo":"img","x":"382.45px","y":"140.2px","width":"250.55px","height":"72.85px","nomeInstancia":"MovieClips/título0328","classe":"título0328","nome":"eba03_04_21_3"}]},{"desenhos":[{"tipo":"img","x":"284.5px","y":"184.55px","width":"464.65px","height":"416px","nomeInstancia":"MovieClips/telaInfo_miniNavegacao_24","classe":"telaInfo_miniNavegacao_24","nome":"eba03_04_24_0"},{"tipo":"img","x":"269.6px","y":"418.65px","width":"258.6px","height":"22.55px","nomeInstancia":"MovieClips/textConvertido_24_1","classe":"textConvertido_24_1","nome":"eba03_04_24_1"},{"tipo":"img","x":"236.85px","y":"325.85px","width":"327.4px","height":"84.4px","nomeInstancia":"MovieClips/fala0328b","classe":"fala0328b","nome":"eba03_04_22_0"},{"tipo":"img","x":"-110.95px","y":"474px","width":"10.2px","height":"22.55px","nomeInstancia":"textConvertido_21_0","classe":"textConvertido_21_0","nome":"eba03_04_21_0"},{"tipo":"img","x":"219.6px","y":"233.3px","width":"396.65px","height":"97.3px","nomeInstancia":"MovieClips/fala0328a","classe":"fala0328a","nome":"eba03_04_21_1"},{"tipo":"img","x":"382.45px","y":"140.2px","width":"250.55px","height":"72.85px","nomeInstancia":"MovieClips/título0328","classe":"título0328","nome":"eba03_04_21_3"}]},{"desenhos":[{"tipo":"img","x":"439.65px","y":"286.65px","width":"461.2px","height":"110.15px","nomeInstancia":"MovieClips/Symbol 8","classe":"Symbol 8","nome":"eba03_04_25_0"},{"nome":"eba03_04_25_1","tipo":"personagem","x":"0px","y":"0px","width":"1016px","height":"659px","nomeInstancia":"MovieClips/animaP25","classe":"animaP25"},{"tipo":"img","x":"382.45px","y":"140.2px","width":"250.55px","height":"72.85px","nomeInstancia":"MovieClips/título0329","classe":"título0329","nome":"eba03_04_25_2"}]},{"desenhos":[{"tipo":"img","x":"492.4px","y":"390.3px","width":"327.4px","height":"99.35px","nomeInstancia":"MovieClips/fala0329b","classe":"fala0329b","nome":"eba03_04_26_0"},{"tipo":"img","x":"439.65px","y":"286.65px","width":"461.2px","height":"110.15px","nomeInstancia":"MovieClips/Symbol 8","classe":"Symbol 8","nome":"eba03_04_25_0"},{"nome":"eba03_04_25_1","tipo":"personagem","x":"0px","y":"0px","width":"1016px","height":"659px","nomeInstancia":"MovieClips/animaP25","classe":"animaP25"},{"tipo":"img","x":"382.45px","y":"140.2px","width":"250.55px","height":"72.85px","nomeInstancia":"MovieClips/título0329","classe":"título0329","nome":"eba03_04_25_2"}]},{"desenhos":[{"tipo":"img","x":"217.15px","y":"157.75px","width":"581.7px","height":"43.1px","nomeInstancia":"MovieClips/textConvertido_27_0","classe":"textConvertido_27_0","nome":"eba03_04_27_0"},{"tipo":"img","x":"229.95px","y":"235.4px","width":"556.1px","height":"336.75px","nomeInstancia":"MovieClips/03T30","classe":"03T30","nome":"eba03_04_27_1"}]},{"desenhos":[{"tipo":"img","x":"165px","y":"309.4px","width":"319.35px","height":"43.1px","nomeInstancia":"MovieClips/textConvertido_28_0","classe":"textConvertido_28_0","nome":"eba03_04_28_0"},{"tipo":"img","x":"628.55px","y":"259.5px","width":"196px","height":"194.7px","nomeInstancia":"MovieClips/03T31","classe":"03T31","nome":"eba03_04_28_1"}]},{"desenhos":[{"tipo":"img","x":"165px","y":"387.15px","width":"304.2px","height":"43.1px","nomeInstancia":"MovieClips/textConvertido_29_0","classe":"textConvertido_29_0","nome":"eba03_04_29_0"},{"tipo":"img","x":"165px","y":"309.4px","width":"319.35px","height":"43.1px","nomeInstancia":"MovieClips/textConvertido_28_0","classe":"textConvertido_28_0","nome":"eba03_04_28_0"},{"tipo":"img","x":"628.55px","y":"259.5px","width":"196px","height":"194.7px","nomeInstancia":"MovieClips/03T31","classe":"03T31","nome":"eba03_04_28_1"}]},{"desenhos":[{"tipo":"img","x":"569.75px","y":"346.4px","width":"350.65px","height":"63.65px","nomeInstancia":"MovieClips/textConvertido_30_0","classe":"textConvertido_30_0","nome":"eba03_04_30_0"},{"tipo":"img","x":"80.35px","y":"279.2px","width":"404.1px","height":"194.7px","nomeInstancia":"MovieClips/03T32","classe":"03T32","nome":"eba03_04_30_1"}]},{"desenhos":[{"tipo":"img","x":"569.75px","y":"430.8px","width":"391.4px","height":"43.1px","nomeInstancia":"MovieClips/textConvertido_31_0","classe":"textConvertido_31_0","nome":"eba03_04_31_0"},{"tipo":"img","x":"569.75px","y":"346.4px","width":"350.65px","height":"63.65px","nomeInstancia":"MovieClips/textConvertido_30_0","classe":"textConvertido_30_0","nome":"eba03_04_30_0"},{"tipo":"img","x":"80.35px","y":"279.2px","width":"404.1px","height":"194.7px","nomeInstancia":"MovieClips/03T32","classe":"03T32","nome":"eba03_04_30_1"}]},{"desenhos":[{"tipo":"img","x":"54.1px","y":"236.5px","width":"364.85px","height":"84.2px","nomeInstancia":"MovieClips/textConvertido_32_0","classe":"textConvertido_32_0","nome":"eba03_04_32_0"},{"tipo":"img","x":"466.5px","y":"211.05px","width":"508.7px","height":"308px","nomeInstancia":"MovieClips/Symbol 9","classe":"Symbol 9","nome":"eba03_04_32_1"}]},{"desenhos":[{"tipo":"img","x":"54.1px","y":"345.95px","width":"393.3px","height":"84.2px","nomeInstancia":"MovieClips/textConvertido_33_0","classe":"textConvertido_33_0","nome":"eba03_04_33_0"},{"tipo":"img","x":"54.1px","y":"236.5px","width":"364.85px","height":"84.2px","nomeInstancia":"MovieClips/textConvertido_32_0","classe":"textConvertido_32_0","nome":"eba03_04_32_0"},{"tipo":"img","x":"466.5px","y":"211.05px","width":"508.7px","height":"308px","nomeInstancia":"MovieClips/Symbol 9","classe":"Symbol 9","nome":"eba03_04_32_1"}]},{"desenhos":[{"tipo":"img","x":"54.1px","y":"455.4px","width":"397.1px","height":"63.65px","nomeInstancia":"MovieClips/textConvertido_34_0","classe":"textConvertido_34_0","nome":"eba03_04_34_0"},{"tipo":"img","x":"54.1px","y":"345.95px","width":"393.3px","height":"84.2px","nomeInstancia":"MovieClips/textConvertido_33_0","classe":"textConvertido_33_0","nome":"eba03_04_33_0"},{"tipo":"img","x":"54.1px","y":"236.5px","width":"364.85px","height":"84.2px","nomeInstancia":"MovieClips/textConvertido_32_0","classe":"textConvertido_32_0","nome":"eba03_04_32_0"},{"tipo":"img","x":"466.5px","y":"211.05px","width":"508.7px","height":"308px","nomeInstancia":"MovieClips/Symbol 9","classe":"Symbol 9","nome":"eba03_04_32_1"}]},{"desenhos":[{"tipo":"img","x":"534.7px","y":"236.5px","width":"381px","height":"43.1px","nomeInstancia":"MovieClips/textConvertido_35_0","classe":"textConvertido_35_0","nome":"eba03_04_35_0"},{"tipo":"img","x":"59.5px","y":"295.2px","width":"404.1px","height":"194.7px","nomeInstancia":"MovieClips/Symbol 10","classe":"Symbol 10","nome":"eba03_04_35_1"}]},{"desenhos":[{"tipo":"img","x":"534.7px","y":"300.55px","width":"421.75px","height":"125.3px","nomeInstancia":"MovieClips/textConvertido_36_0","classe":"textConvertido_36_0","nome":"eba03_04_36_0"},{"tipo":"img","x":"534.7px","y":"236.5px","width":"381px","height":"43.1px","nomeInstancia":"MovieClips/textConvertido_35_0","classe":"textConvertido_35_0","nome":"eba03_04_35_0"},{"tipo":"img","x":"59.5px","y":"295.2px","width":"404.1px","height":"194.7px","nomeInstancia":"MovieClips/Symbol 10","classe":"Symbol 10","nome":"eba03_04_35_1"}]},{"desenhos":[{"tipo":"img","x":"534.7px","y":"446.8px","width":"417px","height":"43.1px","nomeInstancia":"MovieClips/textConvertido_37_0","classe":"textConvertido_37_0","nome":"eba03_04_37_0"},{"tipo":"img","x":"534.7px","y":"300.55px","width":"421.75px","height":"125.3px","nomeInstancia":"MovieClips/textConvertido_36_0","classe":"textConvertido_36_0","nome":"eba03_04_36_0"},{"tipo":"img","x":"534.7px","y":"236.5px","width":"381px","height":"43.1px","nomeInstancia":"MovieClips/textConvertido_35_0","classe":"textConvertido_35_0","nome":"eba03_04_35_0"},{"tipo":"img","x":"59.5px","y":"295.2px","width":"404.1px","height":"194.7px","nomeInstancia":"MovieClips/Symbol 10","classe":"Symbol 10","nome":"eba03_04_35_1"}]},{"desenhos":[{"tipo":"img","x":"133.75px","y":"278.25px","width":"356.35px","height":"63.65px","nomeInstancia":"MovieClips/textConvertido_38_0","classe":"textConvertido_38_0","nome":"eba03_04_38_0"},{"tipo":"img","x":"646.5px","y":"274.4px","width":"224.6px","height":"194.7px","nomeInstancia":"MovieClips/Symbol 11","classe":"Symbol 11","nome":"eba03_04_38_1"}]},{"desenhos":[{"tipo":"img","x":"133.75px","y":"362.4px","width":"313.7px","height":"43.1px","nomeInstancia":"MovieClips/textConvertido_39_0","classe":"textConvertido_39_0","nome":"eba03_04_39_0"},{"tipo":"img","x":"133.75px","y":"278.25px","width":"356.35px","height":"63.65px","nomeInstancia":"MovieClips/textConvertido_38_0","classe":"textConvertido_38_0","nome":"eba03_04_38_0"},{"tipo":"img","x":"646.5px","y":"274.4px","width":"224.6px","height":"194.7px","nomeInstancia":"MovieClips/Symbol 11","classe":"Symbol 11","nome":"eba03_04_38_1"}]},{"desenhos":[{"tipo":"img","x":"133.75px","y":"426px","width":"326.95px","height":"43.1px","nomeInstancia":"MovieClips/textConvertido_40_0","classe":"textConvertido_40_0","nome":"eba03_04_40_0"},{"tipo":"img","x":"133.75px","y":"362.4px","width":"313.7px","height":"43.1px","nomeInstancia":"MovieClips/textConvertido_39_0","classe":"textConvertido_39_0","nome":"eba03_04_39_0"},{"tipo":"img","x":"133.75px","y":"278.25px","width":"356.35px","height":"63.65px","nomeInstancia":"MovieClips/textConvertido_38_0","classe":"textConvertido_38_0","nome":"eba03_04_38_0"},{"tipo":"img","x":"646.5px","y":"274.4px","width":"224.6px","height":"194.7px","nomeInstancia":"MovieClips/Symbol 11","classe":"Symbol 11","nome":"eba03_04_38_1"}]},{"desenhos":[{"tipo":"img","x":"210.85px","y":"161.8px","width":"594.35px","height":"394.9px","nomeInstancia":"MovieClips/destaque_41","classe":"destaque_41","nome":"eba03_04_41_0"},{"tipo":"img","x":"133.75px","y":"426px","width":"326.95px","height":"43.1px","nomeInstancia":"MovieClips/textConvertido_40_0","classe":"textConvertido_40_0","nome":"eba03_04_40_0"},{"tipo":"img","x":"133.75px","y":"362.4px","width":"313.7px","height":"43.1px","nomeInstancia":"MovieClips/textConvertido_39_0","classe":"textConvertido_39_0","nome":"eba03_04_39_0"},{"tipo":"img","x":"133.75px","y":"278.25px","width":"356.35px","height":"63.65px","nomeInstancia":"MovieClips/textConvertido_38_0","classe":"textConvertido_38_0","nome":"eba03_04_38_0"},{"tipo":"img","x":"646.5px","y":"274.4px","width":"224.6px","height":"194.7px","nomeInstancia":"MovieClips/Symbol 11","classe":"Symbol 11","nome":"eba03_04_38_1"}]},{"desenhos":[{"tipo":"img","x":"471px","y":"297.25px","width":"335.3px","height":"97.3px","nomeInstancia":"MovieClips/Symbol 13","classe":"Symbol 13","nome":"eba03_04_42_0"},{"nome":"eba03_04_42_1","tipo":"personagem","x":"0px","y":"0px","width":"1016px","height":"659px","nomeInstancia":"MovieClips/animaP42","classe":"animaP42"},{"tipo":"img","x":"382.45px","y":"140.2px","width":"250.55px","height":"72.85px","nomeInstancia":"MovieClips/título0336","classe":"título0336","nome":"eba03_04_42_2"}]},{"desenhos":[{"tipo":"img","x":"186.55px","y":"171.55px","width":"642.9px","height":"403.2px","nomeInstancia":"MovieClips/telaInfo_miniNavegacao_43","classe":"telaInfo_miniNavegacao_43","nome":"eba03_04_43_0"},{"tipo":"img","x":"533.05px","y":"421.7px","width":"258.6px","height":"22.55px","nomeInstancia":"MovieClips/textConvertido_43_1","classe":"textConvertido_43_1","nome":"eba03_04_43_1"},{"tipo":"img","x":"471px","y":"297.25px","width":"335.3px","height":"97.3px","nomeInstancia":"MovieClips/Symbol 13","classe":"Symbol 13","nome":"eba03_04_42_0"},{"tipo":"img","x":"382.45px","y":"140.2px","width":"250.55px","height":"72.85px","nomeInstancia":"MovieClips/título0336","classe":"título0336","nome":"eba03_04_42_2"}]},{"desenhos":[{"tipo":"img","x":"64.4px","y":"326.05px","width":"312.15px","height":"63.65px","nomeInstancia":"MovieClips/textConvertido_44_0","classe":"textConvertido_44_0","nome":"eba03_04_44_0"},{"tipo":"img","x":"421.65px","y":"183.55px","width":"535px","height":"316.25px","nomeInstancia":"MovieClips/03T37","classe":"03T37","nome":"eba03_04_44_1"},{"tipo":"img","x":"64.1px","y":"217.85px","width":"250.55px","height":"72.85px","nomeInstancia":"MovieClips/título0337","classe":"título0337","nome":"eba03_04_44_2"}]},{"desenhos":[{"tipo":"img","x":"283.95px","y":"191.1px","width":"661px","height":"398.8px","nomeInstancia":"MovieClips/telaInfo45","classe":"telaInfo45","nome":"eba03_04_45_0"},{"tipo":"img","x":"64.4px","y":"410.2px","width":"313.7px","height":"63.65px","nomeInstancia":"MovieClips/textConvertido_45_1","classe":"textConvertido_45_1","nome":"eba03_04_45_1"},{"tipo":"img","x":"64.4px","y":"326.05px","width":"312.15px","height":"63.65px","nomeInstancia":"MovieClips/textConvertido_44_0","classe":"textConvertido_44_0","nome":"eba03_04_44_0"},{"tipo":"img","x":"421.65px","y":"183.55px","width":"535px","height":"316.25px","nomeInstancia":"MovieClips/03T37","classe":"03T37","nome":"eba03_04_44_1"},{"tipo":"img","x":"64.1px","y":"217.85px","width":"250.55px","height":"72.85px","nomeInstancia":"MovieClips/título0337","classe":"título0337","nome":"eba03_04_44_2"}]},{"desenhos":[{"tipo":"img","x":"444.65px","y":"251.1px","width":"309.95px","height":"50.9px","nomeInstancia":"MovieClips/Symbol 17","classe":"Symbol 17","nome":"eba03_04_46_0"},{"nome":"eba03_04_46_1","tipo":"personagem","x":"0px","y":"0px","width":"1016px","height":"659px","nomeInstancia":"MovieClips/animaP46","classe":"animaP46"}]},{"desenhos":[{"tipo":"img","x":"186.55px","y":"171.55px","width":"642.9px","height":"372.1px","nomeInstancia":"MovieClips/telaInfo_miniNavegacao_47","classe":"telaInfo_miniNavegacao_47","nome":"eba03_04_47_0"},{"tipo":"img","x":"488.6px","y":"332px","width":"258.6px","height":"22.55px","nomeInstancia":"MovieClips/textConvertido_47_1","classe":"textConvertido_47_1","nome":"eba03_04_47_1"},{"tipo":"img","x":"444.65px","y":"251.1px","width":"309.95px","height":"50.9px","nomeInstancia":"MovieClips/Symbol 17","classe":"Symbol 17","nome":"eba03_04_46_0"}]},{"desenhos":[{"tipo":"img","x":"127.2px","y":"306.2px","width":"355.8px","height":"84.2px","nomeInstancia":"MovieClips/textConvertido_48_0","classe":"textConvertido_48_0","nome":"eba03_04_48_0"},{"tipo":"img","x":"611.5px","y":"278.7px","width":"196px","height":"194.7px","nomeInstancia":"MovieClips/03T39","classe":"03T39","nome":"eba03_04_48_1"}]},{"desenhos":[{"tipo":"img","x":"127.2px","y":"412.6px","width":"347.4px","height":"43.1px","nomeInstancia":"MovieClips/textConvertido_49_0","classe":"textConvertido_49_0","nome":"eba03_04_49_0"},{"tipo":"img","x":"127.2px","y":"306.2px","width":"355.8px","height":"84.2px","nomeInstancia":"MovieClips/textConvertido_48_0","classe":"textConvertido_48_0","nome":"eba03_04_48_0"},{"tipo":"img","x":"611.5px","y":"278.7px","width":"196px","height":"194.7px","nomeInstancia":"MovieClips/03T39","classe":"03T39","nome":"eba03_04_48_1"}]},{"desenhos":[{"tipo":"img","x":"388.65px","y":"185.7px","width":"513.95px","height":"135.45px","nomeInstancia":"MovieClips/0340a","classe":"0340a","nome":"eba03_04_50_0"},{"nome":"eba03_04_50_1","tipo":"personagem","x":"0px","y":"0px","width":"1016px","height":"659px","nomeInstancia":"MovieClips/animaP50","classe":"animaP50"}]},{"desenhos":[{"tipo":"img","x":"435.6px","y":"314.15px","width":"462.3px","height":"174.75px","nomeInstancia":"MovieClips/0340b","classe":"0340b","nome":"eba03_04_51_0"},{"tipo":"img","x":"388.65px","y":"185.7px","width":"513.95px","height":"135.45px","nomeInstancia":"MovieClips/0340a","classe":"0340a","nome":"eba03_04_50_0"},{"nome":"eba03_04_50_1","tipo":"personagem","x":"0px","y":"0px","width":"1016px","height":"659px","nomeInstancia":"MovieClips/animaP50","classe":"animaP50"}]},{"desenhos":[{"tipo":"img","x":"290.05px","y":"304.15px","width":"435.95px","height":"47.15px","nomeInstancia":"MovieClips/Symbol 27","classe":"Symbol 27","nome":"eba03_04_52_0"},{"tipo":"img","x":"259.55px","y":"389.6px","width":"530.3px","height":"104.75px","nomeInstancia":"MovieClips/textConvertido_52_2","classe":"textConvertido_52_2","nome":"eba03_04_52_1"},{"tipo":"img","x":"259.55px","y":"246.9px","width":"496.95px","height":"22.55px","nomeInstancia":"MovieClips/textConvertido_52_1","classe":"textConvertido_52_1","nome":"eba03_04_52_2"}]},{"desenhos":[{"tipo":"img","x":"159.45px","y":"237.05px","width":"439.25px","height":"51px","nomeInstancia":"MovieClips/fala0342a","classe":"fala0342a","nome":"eba03_04_53_0"},{"nome":"eba03_04_53_1","tipo":"personagem","x":"0px","y":"0px","width":"1016px","height":"659px","nomeInstancia":"MovieClips/animaP53","classe":"animaP53"},{"tipo":"img","x":"382.45px","y":"147px","width":"250.55px","height":"72.85px","nomeInstancia":"MovieClips/título0342","classe":"título0342","nome":"eba03_04_53_2"}]},{"desenhos":[{"tipo":"img","x":"131.7px","y":"282.05px","width":"415.5px","height":"147.9px","nomeInstancia":"MovieClips/fala0342b","classe":"fala0342b","nome":"eba03_04_54_0"},{"tipo":"img","x":"159.45px","y":"237.05px","width":"439.25px","height":"51px","nomeInstancia":"MovieClips/fala0342a","classe":"fala0342a","nome":"eba03_04_53_0"},{"nome":"eba03_04_53_1","tipo":"personagem","x":"0px","y":"0px","width":"1016px","height":"659px","nomeInstancia":"MovieClips/animaP53","classe":"animaP53"},{"tipo":"img","x":"382.45px","y":"147px","width":"250.55px","height":"72.85px","nomeInstancia":"MovieClips/título0342","classe":"título0342","nome":"eba03_04_53_2"}]},{"desenhos":[{"tipo":"img","x":"170.3px","y":"491.7px","width":"389px","height":"89.45px","nomeInstancia":"MovieClips/hotWord11570194583283","classe":"hotWord11570194583283","nome":"eba03_04_55_0"},{"tipo":"img","x":"141.05px","y":"424.65px","width":"404.3px","height":"102.7px","nomeInstancia":"MovieClips/fala0342c","classe":"fala0342c","nome":"eba03_04_55_1"},{"tipo":"img","x":"131.7px","y":"282.05px","width":"415.5px","height":"147.9px","nomeInstancia":"MovieClips/fala0342b","classe":"fala0342b","nome":"eba03_04_54_0"},{"tipo":"img","x":"159.45px","y":"237.05px","width":"439.25px","height":"51px","nomeInstancia":"MovieClips/fala0342a","classe":"fala0342a","nome":"eba03_04_53_0"},{"nome":"eba03_04_53_1","tipo":"personagem","x":"0px","y":"0px","width":"1016px","height":"659px","nomeInstancia":"MovieClips/animaP53","classe":"animaP53"},{"tipo":"img","x":"382.45px","y":"147px","width":"250.55px","height":"72.85px","nomeInstancia":"MovieClips/título0342","classe":"título0342","nome":"eba03_04_53_2"}]},{"desenhos":[{"tipo":"img","x":"351.2px","y":"180.2px","width":"490.3px","height":"89px","nomeInstancia":"MovieClips/Symbol 26","classe":"Symbol 26","nome":"eba03_04_56_0"},{"nome":"eba03_04_56_1","tipo":"personagem","x":"0px","y":"0px","width":"1016px","height":"659px","nomeInstancia":"MovieClips/animaP56","classe":"animaP56"}]},{"desenhos":[{"tipo":"img","x":"398.8px","y":"263.9px","width":"415.5px","height":"80.1px","nomeInstancia":"MovieClips/fala0343b","classe":"fala0343b","nome":"eba03_04_57_0"},{"tipo":"img","x":"351.2px","y":"180.2px","width":"490.3px","height":"89px","nomeInstancia":"MovieClips/Symbol 26","classe":"Symbol 26","nome":"eba03_04_56_0"},{"nome":"eba03_04_56_1","tipo":"personagem","x":"0px","y":"0px","width":"1016px","height":"659px","nomeInstancia":"MovieClips/animaP56","classe":"animaP56"}]},{"desenhos":[{"tipo":"img","x":"85.9px","y":"319.75px","width":"356.25px","height":"84.2px","nomeInstancia":"MovieClips/textConvertido_58_0","classe":"textConvertido_58_0","nome":"eba03_04_58_0"},{"tipo":"img","x":"474.65px","y":"294.85px","width":"477.6px","height":"221.1px","nomeInstancia":"MovieClips/03T44","classe":"03T44","nome":"eba03_04_58_1"},{"tipo":"img","x":"85.6px","y":"207.3px","width":"250.55px","height":"72.85px","nomeInstancia":"MovieClips/título0344","classe":"título0344","nome":"eba03_04_58_2"}]},{"desenhos":[{"tipo":"img","x":"283.95px","y":"191.1px","width":"680.15px","height":"389.7px","nomeInstancia":"MovieClips/telaInfo59","classe":"telaInfo59","nome":"eba03_04_59_0"},{"tipo":"img","x":"85.9px","y":"431.75px","width":"356.25px","height":"84.2px","nomeInstancia":"MovieClips/textConvertido_59_1","classe":"textConvertido_59_1","nome":"eba03_04_59_1"},{"tipo":"img","x":"85.9px","y":"319.75px","width":"356.25px","height":"84.2px","nomeInstancia":"MovieClips/textConvertido_58_0","classe":"textConvertido_58_0","nome":"eba03_04_58_0"},{"tipo":"img","x":"474.65px","y":"294.85px","width":"477.6px","height":"221.1px","nomeInstancia":"MovieClips/03T44","classe":"03T44","nome":"eba03_04_58_1"},{"tipo":"img","x":"85.6px","y":"207.3px","width":"250.55px","height":"72.85px","nomeInstancia":"MovieClips/título0344","classe":"título0344","nome":"eba03_04_58_2"}]},{"desenhos":[{"tipo":"img","x":"43.8px","y":"124.25px","width":"944.7px","height":"480.2px","nomeInstancia":"dragDrop","classe":"dragDrop","nome":"eba03_04_60_0"},{"tipo":"img","x":"109px","y":"235.4px","width":"793.6px","height":"22.55px","nomeInstancia":"MovieClips/textConvertido_60_1","classe":"textConvertido_60_1","nome":"eba03_04_60_1"},{"tipo":"img","x":"192.6px","y":"512.25px","width":"630.8px","height":"22.55px","nomeInstancia":"MovieClips/textConvertido_60_0","classe":"textConvertido_60_0","nome":"eba03_04_60_2"},{"tipo":"img","x":"41.55px","y":"463.1px","width":"154.1px","height":"18.1px","nomeInstancia":"MovieClips/textConvertido_60_11","classe":"textConvertido_60_11","nome":"eba03_04_60_3"},{"tipo":"img","x":"227.65px","y":"463.1px","width":"153.5px","height":"18.1px","nomeInstancia":"MovieClips/textConvertido_60_10","classe":"textConvertido_60_10","nome":"eba03_04_60_4"},{"tipo":"img","x":"419.6px","y":"463.1px","width":"153.1px","height":"18.1px","nomeInstancia":"MovieClips/textConvertido_60_9","classe":"textConvertido_60_9","nome":"eba03_04_60_5"},{"tipo":"img","x":"600.95px","y":"463.1px","width":"154.4px","height":"18.1px","nomeInstancia":"MovieClips/textConvertido_60_8","classe":"textConvertido_60_8","nome":"eba03_04_60_6"},{"tipo":"img","x":"799.5px","y":"463.1px","width":"152.6px","height":"18.1px","nomeInstancia":"MovieClips/textConvertido_60_7","classe":"textConvertido_60_7","nome":"eba03_04_60_7"},{"tipo":"img","x":"46.35px","y":"286.55px","width":"916.65px","height":"152.6px","nomeInstancia":"MovieClips/03T30 copy","classe":"03T30 copy","nome":"eba03_04_60_8"},{"tipo":"img","x":"392.75px","y":"135.3px","width":"230.5px","height":"78.4px","nomeInstancia":"MovieClips/exerciatndo","classe":"exerciatndo","nome":"eba03_04_60_9"}]}]}