{"licao":"eba03_01","topico":"01","telas":[{"desenhos":[{"tipo":"img","x":"412.4px","y":"195.4px","width":"467.75px","height":"72.1px","nomeInstancia":"MovieClips/fala0302a","classe":"fala0302a","nome":"eba03_01_1_0"},{"nome":"eba03_01_1_1","tipo":"personagem","x":"0px","y":"0px","width":"1016px","height":"659px","nomeInstancia":"animaP1","classe":"animaP1"}]},{"desenhos":[{"tipo":"img","x":"459.65px","y":"261.2px","width":"432px","height":"97.1px","nomeInstancia":"MovieClips/fala0302b","classe":"fala0302b","nome":"eba03_01_2_0"},{"tipo":"img","x":"412.4px","y":"195.4px","width":"467.75px","height":"72.1px","nomeInstancia":"MovieClips/fala0302a","classe":"fala0302a","nome":"eba03_01_1_0"},{"nome":"eba03_01_1_1","tipo":"personagem","x":"0px","y":"0px","width":"1016px","height":"659px","nomeInstancia":"animaP1","classe":"animaP1"}]},{"desenhos":[{"tipo":"img","x":"459.65px","y":"352.7px","width":"432px","height":"78.25px","nomeInstancia":"MovieClips/fala0302c","classe":"fala0302c","nome":"eba03_01_3_0"},{"tipo":"img","x":"459.65px","y":"261.2px","width":"432px","height":"97.1px","nomeInstancia":"MovieClips/fala0302b","classe":"fala0302b","nome":"eba03_01_2_0"},{"tipo":"img","x":"412.4px","y":"195.4px","width":"467.75px","height":"72.1px","nomeInstancia":"MovieClips/fala0302a","classe":"fala0302a","nome":"eba03_01_1_0"},{"nome":"eba03_01_1_1","tipo":"personagem","x":"0px","y":"0px","width":"1016px","height":"659px","nomeInstancia":"animaP1","classe":"animaP1"}]},{"desenhos":[{"tipo":"img","x":"262.05px","y":"254.15px","width":"389.35px","height":"72.1px","nomeInstancia":"MovieClips/fala0303a","classe":"fala0303a","nome":"eba03_01_4_0"},{"nome":"eba03_01_4_1","tipo":"personagem","x":"0px","y":"0px","width":"1016px","height":"659px","nomeInstancia":"animaP6","classe":"animaP6"}]},{"desenhos":[{"tipo":"img","x":"162.1px","y":"319.95px","width":"437.7px","height":"118.9px","nomeInstancia":"MovieClips/fala0303b","classe":"fala0303b","nome":"eba03_01_5_0"},{"tipo":"img","x":"262.05px","y":"254.15px","width":"389.35px","height":"72.1px","nomeInstancia":"MovieClips/fala0303a","classe":"fala0303a","nome":"eba03_01_4_0"},{"nome":"eba03_01_4_1","tipo":"personagem","x":"0px","y":"0px","width":"1016px","height":"659px","nomeInstancia":"animaP6","classe":"animaP6"}]},{"desenhos":[{"tipo":"img","x":"210.65px","y":"433.6px","width":"388.45px","height":"96.25px","nomeInstancia":"MovieClips/fala0303c","classe":"fala0303c","nome":"eba03_01_6_0"},{"tipo":"img","x":"162.1px","y":"319.95px","width":"437.7px","height":"118.9px","nomeInstancia":"MovieClips/fala0303b","classe":"fala0303b","nome":"eba03_01_5_0"},{"tipo":"img","x":"262.05px","y":"254.15px","width":"389.35px","height":"72.1px","nomeInstancia":"MovieClips/fala0303a","classe":"fala0303a","nome":"eba03_01_4_0"},{"nome":"eba03_01_4_1","tipo":"personagem","x":"0px","y":"0px","width":"1016px","height":"659px","nomeInstancia":"animaP6","classe":"animaP6"}]}]}