{"licao":"eba03_06","topico":"06","telas":[{"desenhos":[{"tipo":"img","x":"449.75px","y":"251.6px","width":"413.95px","height":"69.7px","nomeInstancia":"transicao_1_0","classe":"transicao_1_0","nome":"eba03_06_1_0"},{"tipo":"img","x":"60.75px","y":"160.1px","width":"130.05px","height":"56.3px","nomeInstancia":"transicao_1_2","classe":"transicao_1_2","nome":"eba03_06_1_1"},{"nome":"eba03_06_1_2","tipo":"personagem","x":"0px","y":"0px","width":"1016px","height":"659px","nomeInstancia":"animaP1","classe":"animaP1"}]},{"desenhos":[{"tipo":"img","x":"496.1px","y":"315.3px","width":"307.6px","height":"78.45px","nomeInstancia":"transicao_2_0","classe":"transicao_2_0","nome":"eba03_06_2_0"},{"tipo":"img","x":"449.75px","y":"251.6px","width":"413.95px","height":"69.7px","nomeInstancia":"transicao_1_0","classe":"transicao_1_0","nome":"eba03_06_1_0"},{"tipo":"img","x":"60.75px","y":"160.1px","width":"130.05px","height":"56.3px","nomeInstancia":"transicao_1_2","classe":"transicao_1_2","nome":"eba03_06_1_1"},{"nome":"eba03_06_1_2","tipo":"personagem","x":"0px","y":"0px","width":"1016px","height":"659px","nomeInstancia":"animaP1","classe":"animaP1"}]},{"desenhos":[{"tipo":"img","x":"496.1px","y":"387.1px","width":"380.3px","height":"124.35px","nomeInstancia":"transicao_3_0","classe":"transicao_3_0","nome":"eba03_06_3_0"},{"tipo":"img","x":"496.1px","y":"315.3px","width":"307.6px","height":"78.45px","nomeInstancia":"transicao_2_0","classe":"transicao_2_0","nome":"eba03_06_2_0"},{"tipo":"img","x":"449.75px","y":"251.6px","width":"413.95px","height":"69.7px","nomeInstancia":"transicao_1_0","classe":"transicao_1_0","nome":"eba03_06_1_0"},{"tipo":"img","x":"60.75px","y":"160.1px","width":"130.05px","height":"56.3px","nomeInstancia":"transicao_1_2","classe":"transicao_1_2","nome":"eba03_06_1_1"},{"nome":"eba03_06_1_2","tipo":"personagem","x":"0px","y":"0px","width":"1016px","height":"659px","nomeInstancia":"animaP1","classe":"animaP1"}]},{"desenhos":[{"tipo":"img","x":"218.55px","y":"273.9px","width":"413.4px","height":"87.25px","nomeInstancia":"transicao_4_0","classe":"transicao_4_0","nome":"eba03_06_4_0"},{"nome":"eba03_06_4_1","tipo":"personagem","x":"0px","y":"0px","width":"1016px","height":"659px","nomeInstancia":"animaP4","classe":"animaP4"}]},{"desenhos":[{"tipo":"img","x":"153.7px","y":"355.35px","width":"432.15px","height":"100.9px","nomeInstancia":"transicao_5_0","classe":"transicao_5_0","nome":"eba03_06_5_0"},{"tipo":"img","x":"218.55px","y":"273.9px","width":"413.4px","height":"87.25px","nomeInstancia":"transicao_4_0","classe":"transicao_4_0","nome":"eba03_06_4_0"},{"nome":"eba03_06_4_1","tipo":"personagem","x":"0px","y":"0px","width":"1016px","height":"659px","nomeInstancia":"animaP4","classe":"animaP4"}]},{"desenhos":[{"tipo":"img","x":"284.3px","y":"175.35px","width":"448.15px","height":"310.05px","nomeInstancia":"transicao_6_0","classe":"transicao_6_0","nome":"eba03_06_6_0"}]}]}