{"licao":"eba03_02","topico":"02","telas":[{"desenhos":[{"tipo":"img","x":"320.7px","y":"186.2px","width":"374.6px","height":"22.55px","nomeInstancia":"textConvertido_1_0","classe":"textConvertido_1_0","nome":"eba03_02_1_0"},{"tipo":"img","x":"252.95px","y":"233.3px","width":"510.15px","height":"308.25px","nomeInstancia":"MovieClips/miniNavegacao_1","classe":"miniNavegacao_1","nome":"eba03_02_1_1"}]},{"desenhos":[{"tipo":"img","x":"90.9px","y":"266.9px","width":"341.6px","height":"43.1px","nomeInstancia":"textConvertido_2_0","classe":"textConvertido_2_0","nome":"eba03_02_2_0"},{"tipo":"img","x":"554.05px","y":"166.9px","width":"348.55px","height":"395.5px","nomeInstancia":"MovieClips/03T05","classe":"03T05","nome":"eba03_02_2_1"}]},{"desenhos":[{"tipo":"img","x":"90.9px","y":"340.45px","width":"378.95px","height":"104.75px","nomeInstancia":"textConvertido_3_0","classe":"textConvertido_3_0","nome":"eba03_02_3_0"},{"tipo":"img","x":"90.9px","y":"266.9px","width":"341.6px","height":"43.1px","nomeInstancia":"textConvertido_2_0","classe":"textConvertido_2_0","nome":"eba03_02_2_0"},{"tipo":"img","x":"554.05px","y":"166.9px","width":"348.55px","height":"395.5px","nomeInstancia":"MovieClips/03T05","classe":"03T05","nome":"eba03_02_2_1"}]},{"desenhos":[{"tipo":"img","x":"547.15px","y":"247.6px","width":"341.6px","height":"63.65px","nomeInstancia":"textConvertido_4_0","classe":"textConvertido_4_0","nome":"eba03_02_4_0"},{"tipo":"img","x":"115.15px","y":"166.9px","width":"348.55px","height":"395.5px","nomeInstancia":"Symbol 3","classe":"Symbol 3","nome":"eba03_02_4_1"}]},{"desenhos":[{"tipo":"img","x":"547.15px","y":"321.6px","width":"378.95px","height":"84.2px","nomeInstancia":"textConvertido_5_0","classe":"textConvertido_5_0","nome":"eba03_02_5_0"},{"tipo":"img","x":"547.15px","y":"247.6px","width":"341.6px","height":"63.65px","nomeInstancia":"textConvertido_4_0","classe":"textConvertido_4_0","nome":"eba03_02_4_0"},{"tipo":"img","x":"115.15px","y":"166.9px","width":"348.55px","height":"395.5px","nomeInstancia":"Symbol 3","classe":"Symbol 3","nome":"eba03_02_4_1"}]},{"desenhos":[{"tipo":"img","x":"283.95px","y":"191.1px","width":"667.15px","height":"391.25px","nomeInstancia":"MovieClips/telaInfo6","classe":"telaInfo6","nome":"eba03_02_6_0"},{"tipo":"img","x":"403.65px","y":"315.55px","width":"0px","height":"0px","nomeInstancia":"Buttons/hot_0206","classe":"hot_0206","nome":"eba03_02_6_1"},{"tipo":"img","x":"547.15px","y":"416.15px","width":"378.95px","height":"84.2px","nomeInstancia":"textConvertido_6_2","classe":"textConvertido_6_2","nome":"eba03_02_6_2"},{"tipo":"img","x":"547.15px","y":"321.6px","width":"378.95px","height":"84.2px","nomeInstancia":"textConvertido_5_0","classe":"textConvertido_5_0","nome":"eba03_02_5_0"},{"tipo":"img","x":"547.15px","y":"247.6px","width":"341.6px","height":"63.65px","nomeInstancia":"textConvertido_4_0","classe":"textConvertido_4_0","nome":"eba03_02_4_0"},{"tipo":"img","x":"115.15px","y":"166.9px","width":"348.55px","height":"395.5px","nomeInstancia":"Symbol 3","classe":"Symbol 3","nome":"eba03_02_4_1"}]},{"desenhos":[{"tipo":"img","x":"158.6px","y":"248.05px","width":"413.4px","height":"112.25px","nomeInstancia":"MovieClips/fala0307a","classe":"fala0307a","nome":"eba03_02_7_0"},{"nome":"eba03_02_7_1","tipo":"personagem","x":"0px","y":"0px","width":"1016px","height":"659px","nomeInstancia":"MovieClips/animaP7","classe":"animaP7"},{"tipo":"img","x":"374.15px","y":"156.95px","width":"267.75px","height":"56.3px","nomeInstancia":"MovieClips/título0307","classe":"título0307","nome":"eba03_02_7_2"}]},{"desenhos":[{"tipo":"img","x":"244.8px","y":"356.2px","width":"283.05px","height":"76.15px","nomeInstancia":"MovieClips/fala0307b","classe":"fala0307b","nome":"eba03_02_8_0"},{"tipo":"img","x":"158.6px","y":"248.05px","width":"413.4px","height":"112.25px","nomeInstancia":"MovieClips/fala0307a","classe":"fala0307a","nome":"eba03_02_7_0"},{"nome":"eba03_02_7_1","tipo":"personagem","x":"0px","y":"0px","width":"1016px","height":"659px","nomeInstancia":"MovieClips/animaP7","classe":"animaP7"},{"tipo":"img","x":"374.15px","y":"156.95px","width":"267.75px","height":"56.3px","nomeInstancia":"MovieClips/título0307","classe":"título0307","nome":"eba03_02_7_2"}]},{"desenhos":[{"tipo":"img","x":"307.3px","y":"213.25px","width":"448.15px","height":"383.85px","nomeInstancia":"MovieClips/telaInfo_miniNavegacao_9","classe":"telaInfo_miniNavegacao_9","nome":"eba03_02_9_0"},{"tipo":"img","x":"266.5px","y":"455.3px","width":"220.25px","height":"22.55px","nomeInstancia":"textConvertido_9_2","classe":"textConvertido_9_2","nome":"eba03_02_9_1"},{"tipo":"img","x":"244.8px","y":"356.2px","width":"283.05px","height":"76.15px","nomeInstancia":"MovieClips/fala0307b","classe":"fala0307b","nome":"eba03_02_8_0"},{"tipo":"img","x":"158.6px","y":"248.05px","width":"413.4px","height":"112.25px","nomeInstancia":"MovieClips/fala0307a","classe":"fala0307a","nome":"eba03_02_7_0"},{"tipo":"img","x":"374.15px","y":"156.95px","width":"267.75px","height":"56.3px","nomeInstancia":"MovieClips/título0307","classe":"título0307","nome":"eba03_02_7_2"}]},{"desenhos":[{"tipo":"img","x":"529.2px","y":"282.5px","width":"342.9px","height":"43.1px","nomeInstancia":"textConvertido_10_0","classe":"textConvertido_10_0","nome":"eba03_02_10_0"},{"tipo":"img","x":"125.8px","y":"166.9px","width":"348.55px","height":"395.5px","nomeInstancia":"Symbol 4","classe":"Symbol 4","nome":"eba03_02_10_1"}]},{"desenhos":[{"tipo":"img","x":"529.2px","y":"343.15px","width":"368.95px","height":"43.1px","nomeInstancia":"textConvertido_11_0","classe":"textConvertido_11_0","nome":"eba03_02_11_0"},{"tipo":"img","x":"529.2px","y":"282.5px","width":"342.9px","height":"43.1px","nomeInstancia":"textConvertido_10_0","classe":"textConvertido_10_0","nome":"eba03_02_10_0"},{"tipo":"img","x":"125.8px","y":"166.9px","width":"348.55px","height":"395.5px","nomeInstancia":"Symbol 4","classe":"Symbol 4","nome":"eba03_02_10_1"}]},{"desenhos":[{"tipo":"img","x":"283.95px","y":"191.1px","width":"665.85px","height":"397.9px","nomeInstancia":"MovieClips/telaInfo12","classe":"telaInfo12","nome":"eba03_02_12_0"},{"tipo":"img","x":"529.2px","y":"403.8px","width":"405.65px","height":"63.65px","nomeInstancia":"textConvertido_12_1","classe":"textConvertido_12_1","nome":"eba03_02_12_1"},{"tipo":"img","x":"529.2px","y":"343.15px","width":"368.95px","height":"43.1px","nomeInstancia":"textConvertido_11_0","classe":"textConvertido_11_0","nome":"eba03_02_11_0"},{"tipo":"img","x":"529.2px","y":"282.5px","width":"342.9px","height":"43.1px","nomeInstancia":"textConvertido_10_0","classe":"textConvertido_10_0","nome":"eba03_02_10_0"},{"tipo":"img","x":"125.8px","y":"166.9px","width":"348.55px","height":"395.5px","nomeInstancia":"Symbol 4","classe":"Symbol 4","nome":"eba03_02_10_1"}]},{"desenhos":[{"tipo":"img","x":"43.1px","y":"269.2px","width":"414.75px","height":"96.75px","nomeInstancia":"textConvertido_13_2","classe":"textConvertido_13_2","nome":"eba03_02_13_0"},{"tipo":"img","x":"451.25px","y":"232.7px","width":"563.5px","height":"289.7px","nomeInstancia":"opcoes_13","classe":"opcoes_13","nome":"eba03_02_13_1"},{"tipo":"img","x":"392.75px","y":"156.5px","width":"230.5px","height":"78.4px","nomeInstancia":"MovieClips/exerciatndo","classe":"exerciatndo","nome":"eba03_02_13_2"}]}]}