{"licao":"eba03_03","topico":"03","telas":[{"desenhos":[{"tipo":"img","x":"378px","y":"204.65px","width":"455px","height":"95.65px","nomeInstancia":"MovieClips/fala0310a","classe":"fala0310a","nome":"eba03_03_1_0"},{"nome":"eba03_03_1_1","tipo":"personagem","x":"0px","y":"0px","width":"1016px","height":"659px","nomeInstancia":"MovieClips/animaP1","classe":"animaP1"}]},{"desenhos":[{"tipo":"img","x":"423.25px","y":"293.8px","width":"336.8px","height":"120.6px","nomeInstancia":"MovieClips/Symbol 1","classe":"Symbol 1","nome":"eba03_03_2_0"},{"tipo":"img","x":"378px","y":"204.65px","width":"455px","height":"95.65px","nomeInstancia":"MovieClips/fala0310a","classe":"fala0310a","nome":"eba03_03_1_0"},{"nome":"eba03_03_1_1","tipo":"personagem","x":"0px","y":"0px","width":"1016px","height":"659px","nomeInstancia":"MovieClips/animaP1","classe":"animaP1"}]},{"desenhos":[{"tipo":"img","x":"425.15px","y":"409.65px","width":"313.4px","height":"76.65px","nomeInstancia":"MovieClips/Symbol 23","classe":"Symbol 23","nome":"eba03_03_3_0"},{"tipo":"img","x":"423.25px","y":"293.8px","width":"336.8px","height":"120.6px","nomeInstancia":"MovieClips/Symbol 1","classe":"Symbol 1","nome":"eba03_03_2_0"},{"tipo":"img","x":"378px","y":"204.65px","width":"455px","height":"95.65px","nomeInstancia":"MovieClips/fala0310a","classe":"fala0310a","nome":"eba03_03_1_0"},{"nome":"eba03_03_1_1","tipo":"personagem","x":"0px","y":"0px","width":"1016px","height":"659px","nomeInstancia":"MovieClips/animaP1","classe":"animaP1"}]},{"desenhos":[{"tipo":"img","x":"122.35px","y":"281.4px","width":"375.8px","height":"63.65px","nomeInstancia":"MovieClips/textConvertido_4_0","classe":"textConvertido_4_0","nome":"eba03_03_4_0"},{"tipo":"img","x":"122.35px","y":"203.3px","width":"188.45px","height":"56.3px","nomeInstancia":"MovieClips/título0311","classe":"título0311","nome":"eba03_03_4_1"},{"tipo":"img","x":"613.75px","y":"223.7px","width":"268.85px","height":"318.2px","nomeInstancia":"MovieClips/03T11","classe":"03T11","nome":"eba03_03_4_2"}]},{"desenhos":[{"tipo":"img","x":"144.95px","y":"130.6px","width":"617.4px","height":"271.2px","nomeInstancia":"MovieClips/hotWord_5","classe":"hotWord_5","nome":"eba03_03_5_0"},{"tipo":"img","x":"122.35px","y":"359.1px","width":"353.95px","height":"43.1px","nomeInstancia":"MovieClips/textConvertido_5_1","classe":"textConvertido_5_1","nome":"eba03_03_5_1"},{"tipo":"img","x":"122.35px","y":"281.4px","width":"375.8px","height":"63.65px","nomeInstancia":"MovieClips/textConvertido_4_0","classe":"textConvertido_4_0","nome":"eba03_03_4_0"},{"tipo":"img","x":"122.35px","y":"203.3px","width":"188.45px","height":"56.3px","nomeInstancia":"MovieClips/título0311","classe":"título0311","nome":"eba03_03_4_1"},{"tipo":"img","x":"613.75px","y":"223.7px","width":"268.85px","height":"318.2px","nomeInstancia":"MovieClips/03T11","classe":"03T11","nome":"eba03_03_4_2"}]},{"desenhos":[{"tipo":"img","x":"144.95px","y":"130.6px","width":"617.4px","height":"271.2px","nomeInstancia":"MovieClips/hotWord_5","classe":"hotWord_5","nome":"eba03_03_5_0"},{"tipo":"img","x":"122.35px","y":"416.25px","width":"356.8px","height":"63.65px","nomeInstancia":"MovieClips/textConvertido_6_1","classe":"textConvertido_6_1","nome":"eba03_03_6_1"},{"tipo":"img","x":"122.35px","y":"359.1px","width":"353.95px","height":"43.1px","nomeInstancia":"MovieClips/textConvertido_5_1","classe":"textConvertido_5_1","nome":"eba03_03_5_1"},{"tipo":"img","x":"122.35px","y":"281.4px","width":"375.8px","height":"63.65px","nomeInstancia":"MovieClips/textConvertido_4_0","classe":"textConvertido_4_0","nome":"eba03_03_4_0"},{"tipo":"img","x":"122.35px","y":"203.3px","width":"188.45px","height":"56.3px","nomeInstancia":"MovieClips/título0311","classe":"título0311","nome":"eba03_03_4_1"},{"tipo":"img","x":"613.75px","y":"223.7px","width":"268.85px","height":"318.2px","nomeInstancia":"MovieClips/03T11","classe":"03T11","nome":"eba03_03_4_2"}]},{"desenhos":[{"tipo":"img","x":"568.5px","y":"278.5px","width":"375.8px","height":"43.1px","nomeInstancia":"MovieClips/textConvertido_7_0","classe":"textConvertido_7_0","nome":"eba03_03_7_0"},{"tipo":"img","x":"36.75px","y":"262.35px","width":"512.75px","height":"221.6px","nomeInstancia":"MovieClips/03T12","classe":"03T12","nome":"eba03_03_7_1"}]},{"desenhos":[{"tipo":"img","x":"568.5px","y":"335.65px","width":"353.95px","height":"63.65px","nomeInstancia":"MovieClips/textConvertido_8_0","classe":"textConvertido_8_0","nome":"eba03_03_8_0"},{"tipo":"img","x":"568.5px","y":"278.5px","width":"375.8px","height":"43.1px","nomeInstancia":"MovieClips/textConvertido_7_0","classe":"textConvertido_7_0","nome":"eba03_03_7_0"},{"tipo":"img","x":"36.75px","y":"262.35px","width":"512.75px","height":"221.6px","nomeInstancia":"MovieClips/03T12","classe":"03T12","nome":"eba03_03_7_1"}]},{"desenhos":[{"tipo":"img","x":"60.75px","y":"192.9px","width":"671.35px","height":"396.6px","nomeInstancia":"MovieClips/telaInfo9","classe":"telaInfo9","nome":"eba03_03_9_0"},{"tipo":"img","x":"568.5px","y":"413.35px","width":"335px","height":"63.65px","nomeInstancia":"MovieClips/textConvertido_9_1","classe":"textConvertido_9_1","nome":"eba03_03_9_1"},{"tipo":"img","x":"568.5px","y":"335.65px","width":"353.95px","height":"63.65px","nomeInstancia":"MovieClips/textConvertido_8_0","classe":"textConvertido_8_0","nome":"eba03_03_8_0"},{"tipo":"img","x":"568.5px","y":"278.5px","width":"375.8px","height":"43.1px","nomeInstancia":"MovieClips/textConvertido_7_0","classe":"textConvertido_7_0","nome":"eba03_03_7_0"},{"tipo":"img","x":"36.75px","y":"262.35px","width":"512.75px","height":"221.6px","nomeInstancia":"MovieClips/03T12","classe":"03T12","nome":"eba03_03_7_1"}]},{"desenhos":[{"tipo":"img","x":"54.2px","y":"282.35px","width":"407.85px","height":"22.55px","nomeInstancia":"MovieClips/textConvertido_10_0","classe":"textConvertido_10_0","nome":"eba03_03_10_0"},{"tipo":"img","x":"525.65px","y":"150.15px","width":"376.95px","height":"443.15px","nomeInstancia":"MovieClips/03T13","classe":"03T13","nome":"eba03_03_10_1"}]},{"desenhos":[{"tipo":"img","x":"54.2px","y":"326.2px","width":"421.15px","height":"104.75px","nomeInstancia":"MovieClips/textConvertido_11_0","classe":"textConvertido_11_0","nome":"eba03_03_11_0"},{"tipo":"img","x":"54.2px","y":"282.35px","width":"407.85px","height":"22.55px","nomeInstancia":"MovieClips/textConvertido_10_0","classe":"textConvertido_10_0","nome":"eba03_03_10_0"},{"tipo":"img","x":"525.65px","y":"150.15px","width":"376.95px","height":"443.15px","nomeInstancia":"MovieClips/03T13","classe":"03T13","nome":"eba03_03_10_1"}]},{"desenhos":[{"tipo":"img","x":"440.8px","y":"239.55px","width":"375.65px","height":"71.8px","nomeInstancia":"MovieClips/fala0314a","classe":"fala0314a","nome":"eba03_03_12_0"},{"nome":"eba03_03_12_1","tipo":"personagem","x":"0px","y":"0px","width":"1016px","height":"659px","nomeInstancia":"MovieClips/animaP12","classe":"animaP12"},{"tipo":"img","x":"393.7px","y":"149.7px","width":"228.6px","height":"56.3px","nomeInstancia":"MovieClips/título0314","classe":"título0314","nome":"eba03_03_12_2"}]},{"desenhos":[{"tipo":"img","x":"487.7px","y":"306px","width":"319.15px","height":"99.4px","nomeInstancia":"MovieClips/fala0314b","classe":"fala0314b","nome":"eba03_03_13_0"},{"tipo":"img","x":"440.8px","y":"239.55px","width":"375.65px","height":"71.8px","nomeInstancia":"MovieClips/fala0314a","classe":"fala0314a","nome":"eba03_03_12_0"},{"nome":"eba03_03_12_1","tipo":"personagem","x":"0px","y":"0px","width":"1016px","height":"659px","nomeInstancia":"MovieClips/animaP12","classe":"animaP12"},{"tipo":"img","x":"393.7px","y":"149.7px","width":"228.6px","height":"56.3px","nomeInstancia":"MovieClips/título0314","classe":"título0314","nome":"eba03_03_12_2"}]},{"desenhos":[{"tipo":"img","x":"200.35px","y":"246.25px","width":"380.7px","height":"88.4px","nomeInstancia":"MovieClips/fala0315a","classe":"fala0315a","nome":"eba03_03_14_0"},{"nome":"eba03_03_14_1","tipo":"personagem","x":"0px","y":"0px","width":"1016px","height":"659px","nomeInstancia":"MovieClips/animaP14","classe":"animaP14"}]},{"desenhos":[{"tipo":"img","x":"269.15px","y":"329.85px","width":"260.55px","height":"76.95px","nomeInstancia":"MovieClips/fala0315b","classe":"fala0315b","nome":"eba03_03_15_0"},{"tipo":"img","x":"200.35px","y":"246.25px","width":"380.7px","height":"88.4px","nomeInstancia":"MovieClips/fala0315a","classe":"fala0315a","nome":"eba03_03_14_0"},{"nome":"eba03_03_14_1","tipo":"personagem","x":"0px","y":"0px","width":"1016px","height":"659px","nomeInstancia":"MovieClips/animaP14","classe":"animaP14"}]},{"desenhos":[{"tipo":"img","x":"400.65px","y":"235.7px","width":"375.65px","height":"111.6px","nomeInstancia":"MovieClips/fala0316a","classe":"fala0316a","nome":"eba03_03_16_0"},{"nome":"eba03_03_16_1","tipo":"personagem","x":"0px","y":"0px","width":"1016px","height":"659px","nomeInstancia":"MovieClips/animaP16","classe":"animaP16"}]},{"desenhos":[{"tipo":"img","x":"448.6px","y":"342.2px","width":"351.3px","height":"99.4px","nomeInstancia":"MovieClips/fala0316b","classe":"fala0316b","nome":"eba03_03_17_0"},{"tipo":"img","x":"400.65px","y":"235.7px","width":"375.65px","height":"111.6px","nomeInstancia":"MovieClips/fala0316a","classe":"fala0316a","nome":"eba03_03_16_0"},{"nome":"eba03_03_16_1","tipo":"personagem","x":"0px","y":"0px","width":"1016px","height":"659px","nomeInstancia":"MovieClips/animaP16","classe":"animaP16"}]},{"desenhos":[{"tipo":"img","x":"44.85px","y":"255.55px","width":"364.4px","height":"84.2px","nomeInstancia":"MovieClips/textConvertido_18_0","classe":"textConvertido_18_0","nome":"eba03_03_18_0"},{"tipo":"img","x":"445.65px","y":"271.85px","width":"535.35px","height":"188.65px","nomeInstancia":"MovieClips/03T17","classe":"03T17","nome":"eba03_03_18_1"}]},{"desenhos":[{"tipo":"img","x":"44.85px","y":"352px","width":"364.4px","height":"63.65px","nomeInstancia":"MovieClips/textConvertido_19_0","classe":"textConvertido_19_0","nome":"eba03_03_19_0"},{"tipo":"img","x":"44.85px","y":"255.55px","width":"364.4px","height":"84.2px","nomeInstancia":"MovieClips/textConvertido_18_0","classe":"textConvertido_18_0","nome":"eba03_03_18_0"},{"tipo":"img","x":"445.65px","y":"271.85px","width":"535.35px","height":"188.65px","nomeInstancia":"MovieClips/03T17","classe":"03T17","nome":"eba03_03_18_1"}]},{"desenhos":[{"tipo":"img","x":"283.95px","y":"191.1px","width":"671.5px","height":"391.1px","nomeInstancia":"MovieClips/telaInfo20","classe":"telaInfo20","nome":"eba03_03_20_0"},{"tipo":"img","x":"44.85px","y":"427.9px","width":"357.8px","height":"63.65px","nomeInstancia":"MovieClips/textConvertido_20_1","classe":"textConvertido_20_1","nome":"eba03_03_20_1"},{"tipo":"img","x":"44.85px","y":"352px","width":"364.4px","height":"63.65px","nomeInstancia":"MovieClips/textConvertido_19_0","classe":"textConvertido_19_0","nome":"eba03_03_19_0"},{"tipo":"img","x":"44.85px","y":"255.55px","width":"364.4px","height":"84.2px","nomeInstancia":"MovieClips/textConvertido_18_0","classe":"textConvertido_18_0","nome":"eba03_03_18_0"},{"tipo":"img","x":"445.65px","y":"271.85px","width":"535.35px","height":"188.65px","nomeInstancia":"MovieClips/03T17","classe":"03T17","nome":"eba03_03_18_1"}]},{"desenhos":[{"tipo":"img","x":"455.9px","y":"210.25px","width":"329.75px","height":"76.2px","nomeInstancia":"MovieClips/fala0318","classe":"fala0318","nome":"eba03_03_21_0"},{"nome":"eba03_03_21_1","tipo":"personagem","x":"0px","y":"0px","width":"1016px","height":"659px","nomeInstancia":"MovieClips/animaP21","classe":"animaP21"}]},{"desenhos":[{"tipo":"img","x":"283.95px","y":"176.25px","width":"524.3px","height":"414.15px","nomeInstancia":"MovieClips/telaInfo_miniNavegacao_22","classe":"telaInfo_miniNavegacao_22","nome":"eba03_03_22_0"},{"tipo":"img","x":"503.15px","y":"331.2px","width":"258.6px","height":"22.55px","nomeInstancia":"MovieClips/textConvertido_22_1","classe":"textConvertido_22_1","nome":"eba03_03_22_1"},{"tipo":"img","x":"455.9px","y":"210.25px","width":"329.75px","height":"76.2px","nomeInstancia":"MovieClips/fala0318","classe":"fala0318","nome":"eba03_03_21_0"}]},{"desenhos":[{"tipo":"img","x":"225.2px","y":"185.4px","width":"357.85px","height":"68.8px","nomeInstancia":"MovieClips/fala0319a","classe":"fala0319a","nome":"eba03_03_23_0"},{"nome":"eba03_03_23_1","tipo":"personagem","x":"0px","y":"0px","width":"1016px","height":"659px","nomeInstancia":"MovieClips/animaP23","classe":"animaP23"}]},{"desenhos":[{"tipo":"img","x":"209.65px","y":"248.75px","width":"329.3px","height":"111.25px","nomeInstancia":"MovieClips/fala0319b","classe":"fala0319b","nome":"eba03_03_24_0"},{"tipo":"img","x":"225.2px","y":"185.4px","width":"357.85px","height":"68.8px","nomeInstancia":"MovieClips/fala0319a","classe":"fala0319a","nome":"eba03_03_23_0"},{"nome":"eba03_03_23_1","tipo":"personagem","x":"0px","y":"0px","width":"1016px","height":"659px","nomeInstancia":"MovieClips/animaP23","classe":"animaP23"}]},{"desenhos":[{"tipo":"img","x":"209.65px","y":"354.7px","width":"329.3px","height":"100px","nomeInstancia":"MovieClips/fala0319c","classe":"fala0319c","nome":"eba03_03_25_0"},{"tipo":"img","x":"209.65px","y":"248.75px","width":"329.3px","height":"111.25px","nomeInstancia":"MovieClips/fala0319b","classe":"fala0319b","nome":"eba03_03_24_0"},{"tipo":"img","x":"225.2px","y":"185.4px","width":"357.85px","height":"68.8px","nomeInstancia":"MovieClips/fala0319a","classe":"fala0319a","nome":"eba03_03_23_0"},{"nome":"eba03_03_23_1","tipo":"personagem","x":"0px","y":"0px","width":"1016px","height":"659px","nomeInstancia":"MovieClips/animaP23","classe":"animaP23"}]},{"desenhos":[{"tipo":"img","x":"69.75px","y":"242.7px","width":"876.55px","height":"367.65px","nomeInstancia":"MovieClips/dragDrop","classe":"dragDrop","nome":"eba03_03_26_0"},{"tipo":"img","x":"392.75px","y":"156.5px","width":"230.5px","height":"78.4px","nomeInstancia":"MovieClips/exerciatndo","classe":"exerciatndo","nome":"eba03_03_26_1"}]}]}