{
    "config": {
        "convencoes": "elb00",
        "label": "Eletricidade Básica",
        "principal": "wbtelb",
        "siglafla": "elb",
        "corNavegacao": "#103254",
        "corTopico": "#F9F2E8",
        "corFundo": "",
        "temNota": true,
        "urlms": "engine!proxy.action"
    },
    "oas": [
        {
            "label": "Convenções",
            "sigla": "elb00",
            "teste": true,
            "arquivos": [
                {
                    "nome": "Convenções",
                    "sigla": "_00",
                    "tipoNavegacao": "convencoes",
                    "demo": false,
                    "moldura": "",
                    "navegacao": "",
                    "totalFrames": 1
                }
            ],
            "numTotalFrames": 1
        },
        {
            "label": "Introdução à eletricidade",
            "sigla": "elb01",
            "teste": true,
            "arquivos": [
                {
                    "nome": "Apresentação",
                    "sigla": "_00",
                    "tipoNavegacao": "misto",
                    "demo": false,
                    "moldura": "",
                    "navegacao": "",
                    "totalFrames": 9
                },
                {
                    "nome": "Objetivos",
                    "sigla": "_01",
                    "tipoNavegacao": "misto",
                    "demo": false,
                    "moldura": "",
                    "navegacao": "",
                    "totalFrames": 1
                },
                {
                    "nome": "Introdução à eletricidade",
                    "sigla": "_02",
                    "tipoNavegacao": "misto",
                    "demo": false,
                    "moldura": "",
                    "navegacao": "",
                    "totalFrames": 5
                },
                {
                    "nome": "Histórico da eletricidade",
                    "sigla": "_03",
                    "tipoNavegacao": "misto",
                    "demo": false,
                    "moldura": "",
                    "navegacao": "",
                    "totalFrames": 32
                },
                {
                    "nome": "Estrutura da matéria",
                    "sigla": "_04",
                    "tipoNavegacao": "misto",
                    "demo": false,
                    "moldura": "",
                    "navegacao": "",
                    "totalFrames": 17
                },
                {
                    "nome": "Cargas elétricas",
                    "sigla": "_05",
                    "tipoNavegacao": "misto",
                    "demo": false,
                    "moldura": "",
                    "navegacao": "",
                    "totalFrames": 30
                },
                {
                    "nome": "Condutores e isolantes",
                    "sigla": "_06",
                    "tipoNavegacao": "misto",
                    "demo": false,
                    "moldura": "",
                    "navegacao": "",
                    "totalFrames": 20
                },
                {
                    "nome": "Processos de eletrização dos corpos",
                    "sigla": "_07",
                    "tipoNavegacao": "misto",
                    "demo": false,
                    "moldura": "",
                    "navegacao": "",
                    "totalFrames": 22
                },
                {
                    "nome": "Eletroscópios",
                    "sigla": "_08",
                    "tipoNavegacao": "misto",
                    "demo": false,
                    "moldura": "",
                    "navegacao": "",
                    "totalFrames": 34
                }
            ],
            "numTotalFrames": 170
        },
        {
            "label": "Fundamentos da eletroestática",
            "sigla": "elb02",
            "teste": true,
            "arquivos": [
                {
                    "nome": "Objetivos",
                    "sigla": "_00",
                    "tipoNavegacao": "misto",
                    "demo": false,
                    "moldura": "",
                    "navegacao": "",
                    "totalFrames": 1
                },
                {
                    "nome": "Princípios da eletrostática",
                    "sigla": "_01",
                    "tipoNavegacao": "misto",
                    "demo": false,
                    "moldura": "",
                    "navegacao": "",
                    "totalFrames": 14
                },
                {
                    "nome": "Leis de Coulomb",
                    "sigla": "_02",
                    "tipoNavegacao": "misto",
                    "demo": false,
                    "moldura": "",
                    "navegacao": "",
                    "totalFrames": 19
                },
                {
                    "nome": "Campo elétrico",
                    "sigla": "_03",
                    "tipoNavegacao": "misto",
                    "demo": false,
                    "moldura": "",
                    "navegacao": "",
                    "totalFrames": 32
                },
                {
                    "nome": "Potencial elétrico",
                    "sigla": "_04",
                    "tipoNavegacao": "misto",
                    "demo": false,
                    "moldura": "",
                    "navegacao": "",
                    "totalFrames": 34
                }
            ],
            "numTotalFrames": 100
        },
        {
            "label": "Eletrodinâmica: grandezas elétricas",
            "sigla": "elb03",
            "teste": true,
            "arquivos": [
                {
                    "nome": "Objetivos",
                    "sigla": "_00",
                    "tipoNavegacao": "misto",
                    "demo": false,
                    "moldura": "",
                    "navegacao": "",
                    "totalFrames": 1
                },
                {
                    "nome": "Tensão elétrica",
                    "sigla": "_01",
                    "tipoNavegacao": "misto",
                    "demo": false,
                    "moldura": "",
                    "navegacao": "",
                    "totalFrames": 24
                },
                {
                    "nome": "Corrente elétrica",
                    "sigla": "_02",
                    "tipoNavegacao": "misto",
                    "demo": false,
                    "moldura": "",
                    "navegacao": "",
                    "totalFrames": 24
                },
                {
                    "nome": "Resistência elétrica",
                    "sigla": "_03",
                    "tipoNavegacao": "misto",
                    "demo": false,
                    "moldura": "",
                    "navegacao": "",
                    "totalFrames": 28
                },
                {
                    "nome": "Circuito elétrico",
                    "sigla": "_04",
                    "tipoNavegacao": "misto",
                    "demo": false,
                    "moldura": "",
                    "navegacao": "",
                    "totalFrames": 36
                }
            ],
            "numTotalFrames": 113
        },
        {
            "label": "Eletrodinâmica: fundamentos de análise de circuitos",
            "sigla": "elb04",
            "teste": true,
            "arquivos": [
                {
                    "nome": "Objetivos",
                    "sigla": "_00",
                    "tipoNavegacao": "misto",
                    "demo": false,
                    "moldura": "",
                    "navegacao": "",
                    "totalFrames": 1
                },
                {
                    "nome": "Leis de Ohm",
                    "sigla": "_01",
                    "tipoNavegacao": "misto",
                    "demo": false,
                    "moldura": "",
                    "navegacao": "",
                    "totalFrames": 30
                },
                {
                    "nome": "Potência e energia elétrica",
                    "sigla": "_02",
                    "tipoNavegacao": "misto",
                    "demo": false,
                    "moldura": "",
                    "navegacao": "",
                    "totalFrames": 36
                }
            ],
            "numTotalFrames": 67
        },
        {
            "label": "Análise de circuitos em corrente contínua (CC)",
            "sigla": "elb05",
            "teste": true,
            "arquivos": [
                {
                    "nome": "Objetivos",
                    "sigla": "_00",
                    "tipoNavegacao": "misto",
                    "demo": false,
                    "moldura": "",
                    "navegacao": "",
                    "totalFrames": 1
                },
                {
                    "nome": "Associação de resistores",
                    "sigla": "_01",
                    "tipoNavegacao": "misto",
                    "demo": false,
                    "moldura": "",
                    "navegacao": "",
                    "totalFrames": 18
                },
                {
                    "nome": "Divisores de tensão e de corrente",
                    "sigla": "_02",
                    "tipoNavegacao": "misto",
                    "demo": false,
                    "moldura": "",
                    "navegacao": "",
                    "totalFrames": 20
                },
                {
                    "nome": "Geradores de corrente contínua (CC)",
                    "sigla": "_03",
                    "tipoNavegacao": "misto",
                    "demo": false,
                    "moldura": "",
                    "navegacao": "",
                    "totalFrames": 24
                },
                {
                    "nome": "Parâmetros de um circuito elétrico",
                    "sigla": "_04",
                    "tipoNavegacao": "misto",
                    "demo": false,
                    "moldura": "",
                    "navegacao": "",
                    "totalFrames": 7
                },
                {
                    "nome": "Leis de Kirchhoff",
                    "sigla": "_05",
                    "tipoNavegacao": "misto",
                    "demo": false,
                    "moldura": "",
                    "navegacao": "",
                    "totalFrames": 35
                }
            ],
            "numTotalFrames": 105
        },
        {
            "label": "Teoremas de circuitos elétricos",
            "sigla": "elb06",
            "teste": true,
            "arquivos": [
                {
                    "nome": "Objetivos",
                    "sigla": "_00",
                    "tipoNavegacao": "misto",
                    "demo": false,
                    "moldura": "",
                    "navegacao": "",
                    "totalFrames": 1
                },
                {
                    "nome": "Teorema de Thévenin",
                    "sigla": "_01",
                    "tipoNavegacao": "misto",
                    "demo": false,
                    "moldura": "",
                    "navegacao": "",
                    "totalFrames": 6
                },
                {
                    "nome": "Teorema de Norton",
                    "sigla": "_02",
                    "tipoNavegacao": "misto",
                    "demo": false,
                    "moldura": "",
                    "navegacao": "",
                    "totalFrames": 4
                },
                {
                    "nome": "Teorema da máxima transferência de potência",
                    "sigla": "_03",
                    "tipoNavegacao": "misto",
                    "demo": false,
                    "moldura": "",
                    "navegacao": "",
                    "totalFrames": 5
                },
                {
                    "nome": "Teorema de Superposição",
                    "sigla": "_04",
                    "tipoNavegacao": "misto",
                    "demo": false,
                    "moldura": "",
                    "navegacao": "",
                    "totalFrames": 5
                },
                {
                    "nome": "Transformação estrela-triângulo e vice-versa",
                    "sigla": "_05",
                    "tipoNavegacao": "misto",
                    "demo": false,
                    "moldura": "",
                    "navegacao": "",
                    "totalFrames": 16
                }
            ],
            "numTotalFrames": 37
        },
        {
            "label": "Noções de eletromagnetismo ",
            "sigla": "elb07",
            "teste": true,
            "arquivos": [
                {
                    "nome": "Objetivos",
                    "sigla": "_00",
                    "tipoNavegacao": "misto",
                    "demo": false,
                    "moldura": "",
                    "navegacao": "",
                    "totalFrames": 1
                },
                {
                    "nome": "Histórico do Magnetismo e do Eletromagnetismo",
                    "sigla": "_01",
                    "tipoNavegacao": "misto",
                    "demo": false,
                    "moldura": "",
                    "navegacao": "",
                    "totalFrames": 10
                },
                {
                    "nome": "Campo magnético",
                    "sigla": "_02",
                    "tipoNavegacao": "misto",
                    "demo": false,
                    "moldura": "",
                    "navegacao": "",
                    "totalFrames": 22
                },
                {
                    "nome": "Força magnética",
                    "sigla": "_03",
                    "tipoNavegacao": "misto",
                    "demo": false,
                    "moldura": "",
                    "navegacao": "",
                    "totalFrames": 20
                },
                {
                    "nome": "Indução magnética",
                    "sigla": "_04",
                    "tipoNavegacao": "misto",
                    "demo": false,
                    "moldura": "",
                    "navegacao": "",
                    "totalFrames": 33
                }
            ],
            "numTotalFrames": 86
        },
        {
            "label": "Riscos associados à eletricidade",
            "sigla": "elb08",
            "teste": true,
            "arquivos": [
                {
                    "nome": "Objetivos",
                    "sigla": "_00",
                    "tipoNavegacao": "misto",
                    "demo": false,
                    "moldura": "",
                    "navegacao": "",
                    "totalFrames": 1
                },
                {
                    "nome": "Noções sobre a NR-10 – Segurança em instalações e serviços em eletricidade",
                    "sigla": "_01",
                    "tipoNavegacao": "misto",
                    "demo": false,
                    "moldura": "",
                    "navegacao": "",
                    "totalFrames": 15
                },
                {
                    "nome": "Riscos elétricos e causas de acidentes de trabalho",
                    "sigla": "_02",
                    "tipoNavegacao": "misto",
                    "demo": false,
                    "moldura": "",
                    "navegacao": "",
                    "totalFrames": 12
                },
                {
                    "nome": "Risco por choque elétrico",
                    "sigla": "_03",
                    "tipoNavegacao": "misto",
                    "demo": false,
                    "moldura": "",
                    "navegacao": "",
                    "totalFrames": 46
                },
                {
                    "nome": "Riscos por arco elétrico",
                    "sigla": "_04",
                    "tipoNavegacao": "misto",
                    "demo": false,
                    "moldura": "",
                    "navegacao": "",
                    "totalFrames": 5
                },
                {
                    "nome": "Risco por campo eletromagnético",
                    "sigla": "_05",
                    "tipoNavegacao": "misto",
                    "demo": false,
                    "moldura": "",
                    "navegacao": "",
                    "totalFrames": 7
                },
                {
                    "nome": "Medidas preventivas dos riscos elétricos",
                    "sigla": "_06",
                    "tipoNavegacao": "misto",
                    "demo": false,
                    "moldura": "",
                    "navegacao": "",
                    "totalFrames": 19
                }
            ],
            "numTotalFrames": 105
        }
    ]
}