{"licao":"eli01_02","topico":"02","telas":[{"desenhos":[{"tipo":"img","x":"76px","y":"252px","width":"413.05px","height":"125.3px","nomeInstancia":"MovieClips/textConvertido_1_0","classe":"textConvertido_1_0","nome":"eli01_02_1_0"},{"tipo":"img","x":"547.9px","y":"269.95px","width":"390.7px","height":"197.2px","nomeInstancia":"MovieClips/transicao_1_1","classe":"transicao_1_1","nome":"eli01_02_1_1"}]},{"desenhos":[{"tipo":"img","x":"158.85px","y":"213.9px","width":"779.75px","height":"357px","nomeInstancia":"MovieClips/telaInfo02","classe":"telaInfo02","nome":"eli01_02_2_0"},{"tipo":"img","x":"76px","y":"396.45px","width":"406.95px","height":"84.2px","nomeInstancia":"MovieClips/textConvertido_2_1","classe":"textConvertido_2_1","nome":"eli01_02_2_1"},{"tipo":"img","x":"76px","y":"252px","width":"413.05px","height":"125.3px","nomeInstancia":"MovieClips/textConvertido_1_0","classe":"textConvertido_1_0","nome":"eli01_02_1_0"},{"tipo":"img","x":"547.9px","y":"269.95px","width":"390.7px","height":"197.2px","nomeInstancia":"MovieClips/transicao_1_1","classe":"transicao_1_1","nome":"eli01_02_1_1"}]},{"desenhos":[{"tipo":"img","x":"518.3px","y":"218.45px","width":"450.6px","height":"125.3px","nomeInstancia":"MovieClips/textConvertido_3_0","classe":"textConvertido_3_0","nome":"eli01_02_3_0"},{"tipo":"img","x":"67.65px","y":"218.45px","width":"409.75px","height":"281.95px","nomeInstancia":"MovieClips/transicao_3_1","classe":"transicao_3_1","nome":"eli01_02_3_1"}]},{"desenhos":[{"tipo":"img","x":"518.3px","y":"374.3px","width":"426px","height":"125.3px","nomeInstancia":"MovieClips/textConvertido_4_0","classe":"textConvertido_4_0","nome":"eli01_02_4_0"},{"tipo":"img","x":"518.3px","y":"218.45px","width":"450.6px","height":"125.3px","nomeInstancia":"MovieClips/textConvertido_3_0","classe":"textConvertido_3_0","nome":"eli01_02_3_0"},{"tipo":"img","x":"67.65px","y":"218.45px","width":"409.75px","height":"281.95px","nomeInstancia":"MovieClips/transicao_3_1","classe":"transicao_3_1","nome":"eli01_02_3_1"}]},{"desenhos":[{"tipo":"img","x":"76px","y":"254.1px","width":"574.1px","height":"199.4px","nomeInstancia":"MovieClips/transicao_5_0","classe":"transicao_5_0","nome":"eli01_02_5_0"},{"nome":"eli01_02_5_1","tipo":"personagem","x":"0px","y":"0px","width":"1016px","height":"659px","nomeInstancia":"MovieClips/animaP05","classe":"animaP05"}]},{"desenhos":[{"tipo":"img","x":"487.8px","y":"226.6px","width":"426px","height":"22.55px","nomeInstancia":"MovieClips/textConvertido_6_0","classe":"textConvertido_6_0","nome":"eli01_02_6_0"},{"tipo":"img","x":"106.75px","y":"216.55px","width":"286.75px","height":"286.85px","nomeInstancia":"MovieClips/transicao_6_1","classe":"transicao_6_1","nome":"eli01_02_6_1"}]},{"desenhos":[{"tipo":"img","x":"487.8px","y":"259.15px","width":"426px","height":"104.75px","nomeInstancia":"MovieClips/textConvertido_7_0","classe":"textConvertido_7_0","nome":"eli01_02_7_0"},{"tipo":"img","x":"487.8px","y":"226.6px","width":"426px","height":"22.55px","nomeInstancia":"MovieClips/textConvertido_6_0","classe":"textConvertido_6_0","nome":"eli01_02_6_0"},{"tipo":"img","x":"106.75px","y":"216.55px","width":"286.75px","height":"286.85px","nomeInstancia":"MovieClips/transicao_6_1","classe":"transicao_6_1","nome":"eli01_02_6_1"}]},{"desenhos":[{"tipo":"img","x":"487.8px","y":"373.9px","width":"439.45px","height":"125.3px","nomeInstancia":"MovieClips/textConvertido_8_0","classe":"textConvertido_8_0","nome":"eli01_02_8_0"},{"tipo":"img","x":"487.8px","y":"259.15px","width":"426px","height":"104.75px","nomeInstancia":"MovieClips/textConvertido_7_0","classe":"textConvertido_7_0","nome":"eli01_02_7_0"},{"tipo":"img","x":"487.8px","y":"226.6px","width":"426px","height":"22.55px","nomeInstancia":"MovieClips/textConvertido_6_0","classe":"textConvertido_6_0","nome":"eli01_02_6_0"},{"tipo":"img","x":"106.75px","y":"216.55px","width":"286.75px","height":"286.85px","nomeInstancia":"MovieClips/transicao_6_1","classe":"transicao_6_1","nome":"eli01_02_6_1"}]},{"desenhos":[{"tipo":"img","x":"99.35px","y":"222.85px","width":"533.4px","height":"149.55px","nomeInstancia":"MovieClips/transicao_9_0","classe":"transicao_9_0","nome":"eli01_02_9_0"},{"nome":"eli01_02_9_1","tipo":"personagem","x":"0px","y":"0px","width":"1016px","height":"659px","nomeInstancia":"MovieClips/animaP06","classe":"animaP06"}]},{"desenhos":[{"tipo":"img","x":"249.5px","y":"213.9px","width":"676.75px","height":"366.15px","nomeInstancia":"MovieClips/telaInfo10","classe":"telaInfo10","nome":"eli01_02_10_0"},{"tipo":"img","x":"122.7px","y":"368.4px","width":"463.65px","height":"144.1px","nomeInstancia":"MovieClips/transicao_10_1","classe":"transicao_10_1","nome":"eli01_02_10_1"},{"tipo":"img","x":"99.35px","y":"222.85px","width":"533.4px","height":"149.55px","nomeInstancia":"MovieClips/transicao_9_0","classe":"transicao_9_0","nome":"eli01_02_9_0"},{"nome":"eli01_02_9_1","tipo":"personagem","x":"0px","y":"0px","width":"1016px","height":"659px","nomeInstancia":"MovieClips/animaP06","classe":"animaP06"}]},{"desenhos":[{"tipo":"img","x":"500px","y":"333.1px","width":"426px","height":"63.65px","nomeInstancia":"MovieClips/textConvertido_11_0","classe":"textConvertido_11_0","nome":"eli01_02_11_0"},{"tipo":"img","x":"114.3px","y":"224.2px","width":"340.85px","height":"281.4px","nomeInstancia":"MovieClips/transicao_11_1","classe":"transicao_11_1","nome":"eli01_02_11_1"}]},{"desenhos":[{"tipo":"img","x":"79.7px","y":"201.7px","width":"856.6px","height":"376.3px","nomeInstancia":"MovieClips/telaInfo12","classe":"telaInfo12","nome":"eli01_02_12_0"},{"tipo":"img","x":"76px","y":"305.9px","width":"426px","height":"125.3px","nomeInstancia":"MovieClips/textConvertido_12_1","classe":"textConvertido_12_1","nome":"eli01_02_12_1"},{"tipo":"img","x":"596.05px","y":"205.9px","width":"288.25px","height":"326.45px","nomeInstancia":"MovieClips/transicao_12_2","classe":"transicao_12_2","nome":"eli01_02_12_2"}]},{"desenhos":[{"tipo":"img","x":"144.15px","y":"293.8px","width":"818.25px","height":"273.7px","nomeInstancia":"MovieClips/opcoes13","classe":"opcoes13","nome":"eli01_02_13_0"},{"tipo":"img","x":"144.15px","y":"310.65px","width":"861.3px","height":"184.95px","nomeInstancia":"MovieClips/textConvertido_13_1","classe":"textConvertido_13_1","nome":"eli01_02_13_1"},{"tipo":"img","x":"80.2px","y":"138.1px","width":"214.45px","height":"91.7px","nomeInstancia":"MovieClips/transicao_13_2","classe":"transicao_13_2","nome":"eli01_02_13_2"}]},{"desenhos":[{"tipo":"img","x":"76px","y":"221.55px","width":"426px","height":"22.55px","nomeInstancia":"MovieClips/textConvertido_14_1","classe":"textConvertido_14_1","nome":"eli01_02_14_0"},{"tipo":"img","x":"76px","y":"254.1px","width":"426px","height":"104.75px","nomeInstancia":"MovieClips/textConvertido_14_0","classe":"textConvertido_14_0","nome":"eli01_02_14_1"},{"tipo":"img","x":"669.75px","y":"261.05px","width":"140.8px","height":"197.8px","nomeInstancia":"MovieClips/transicao_14_2","classe":"transicao_14_2","nome":"eli01_02_14_2"}]},{"desenhos":[{"tipo":"img","x":"76px","y":"368.85px","width":"426px","height":"84.2px","nomeInstancia":"MovieClips/textConvertido_15_0","classe":"textConvertido_15_0","nome":"eli01_02_15_0"},{"tipo":"img","x":"76px","y":"221.55px","width":"426px","height":"22.55px","nomeInstancia":"MovieClips/textConvertido_14_1","classe":"textConvertido_14_1","nome":"eli01_02_14_0"},{"tipo":"img","x":"76px","y":"254.1px","width":"426px","height":"104.75px","nomeInstancia":"MovieClips/textConvertido_14_0","classe":"textConvertido_14_0","nome":"eli01_02_14_1"},{"tipo":"img","x":"669.75px","y":"261.05px","width":"140.8px","height":"197.8px","nomeInstancia":"MovieClips/transicao_14_2","classe":"transicao_14_2","nome":"eli01_02_14_2"}]},{"desenhos":[{"tipo":"img","x":"158px","y":"177.4px","width":"726.95px","height":"323.55px","nomeInstancia":"MovieClips/telaInfo16","classe":"telaInfo16","nome":"eli01_02_16_0"},{"tipo":"img","x":"76px","y":"463.05px","width":"426px","height":"22.55px","nomeInstancia":"MovieClips/textConvertido_16_1","classe":"textConvertido_16_1","nome":"eli01_02_16_1"},{"tipo":"img","x":"76px","y":"368.85px","width":"426px","height":"84.2px","nomeInstancia":"MovieClips/textConvertido_15_0","classe":"textConvertido_15_0","nome":"eli01_02_15_0"},{"tipo":"img","x":"76px","y":"221.55px","width":"426px","height":"22.55px","nomeInstancia":"MovieClips/textConvertido_14_1","classe":"textConvertido_14_1","nome":"eli01_02_14_0"},{"tipo":"img","x":"76px","y":"254.1px","width":"426px","height":"104.75px","nomeInstancia":"MovieClips/textConvertido_14_0","classe":"textConvertido_14_0","nome":"eli01_02_14_1"},{"tipo":"img","x":"669.75px","y":"261.05px","width":"140.8px","height":"197.8px","nomeInstancia":"MovieClips/transicao_14_2","classe":"transicao_14_2","nome":"eli01_02_14_2"}]},{"desenhos":[{"tipo":"img","x":"532.6px","y":"344.5px","width":"411.95px","height":"84.2px","nomeInstancia":"MovieClips/textConvertido_17_0","classe":"textConvertido_17_0","nome":"eli01_02_17_0"},{"tipo":"img","x":"76.1px","y":"247.55px","width":"433.45px","height":"257.45px","nomeInstancia":"MovieClips/transicao_17_1","classe":"transicao_17_1","nome":"eli01_02_17_1"}]},{"desenhos":[{"tipo":"img","x":"76px","y":"244.9px","width":"352.05px","height":"104.75px","nomeInstancia":"MovieClips/textConvertido_18_0","classe":"textConvertido_18_0","nome":"eli01_02_18_0"},{"tipo":"img","x":"535.45px","y":"205.95px","width":"329.6px","height":"314.1px","nomeInstancia":"MovieClips/transicao_18_1","classe":"transicao_18_1","nome":"eli01_02_18_1"}]},{"desenhos":[{"tipo":"img","x":"158px","y":"171.3px","width":"762.45px","height":"357.4px","nomeInstancia":"MovieClips/telaInfo19","classe":"telaInfo19","nome":"eli01_02_19_0"},{"tipo":"img","x":"76px","y":"377.95px","width":"368.3px","height":"104.75px","nomeInstancia":"MovieClips/textConvertido_19_1","classe":"textConvertido_19_1","nome":"eli01_02_19_1"},{"tipo":"img","x":"76px","y":"244.9px","width":"352.05px","height":"104.75px","nomeInstancia":"MovieClips/textConvertido_18_0","classe":"textConvertido_18_0","nome":"eli01_02_18_0"},{"tipo":"img","x":"535.45px","y":"205.95px","width":"329.6px","height":"314.1px","nomeInstancia":"MovieClips/transicao_18_1","classe":"transicao_18_1","nome":"eli01_02_18_1"}]},{"desenhos":[{"tipo":"img","x":"151.3px","y":"304.85px","width":"811.1px","height":"262.65px","nomeInstancia":"MovieClips/opcoes20","classe":"opcoes20","nome":"eli01_02_20_0"},{"tipo":"img","x":"408.5px","y":"58.85px","width":"426px","height":"22.55px","nomeInstancia":"MovieClips/textConvertido_20_1","classe":"textConvertido_20_1","nome":"eli01_02_20_1"},{"tipo":"img","x":"80.2px","y":"138.1px","width":"214.45px","height":"91.7px","nomeInstancia":"MovieClips/transicao_20_3","classe":"transicao_20_3","nome":"eli01_02_20_2"},{"tipo":"img","x":"144.15px","y":"310.65px","width":"861.3px","height":"184.95px","nomeInstancia":"MovieClips/textConvertido_20_2","classe":"textConvertido_20_2","nome":"eli01_02_20_3"}]},{"desenhos":[{"tipo":"img","x":"76px","y":"200.15px","width":"426px","height":"22.55px","nomeInstancia":"MovieClips/textConvertido_21_1","classe":"textConvertido_21_1","nome":"eli01_02_21_0"},{"tipo":"img","x":"76px","y":"232.7px","width":"426px","height":"145.85px","nomeInstancia":"MovieClips/textConvertido_21_0","classe":"textConvertido_21_0","nome":"eli01_02_21_1"},{"tipo":"img","x":"579.85px","y":"190px","width":"328.8px","height":"333.15px","nomeInstancia":"MovieClips/transicao_21_2","classe":"transicao_21_2","nome":"eli01_02_21_2"}]},{"desenhos":[{"tipo":"img","x":"248.65px","y":"190px","width":"667.2px","height":"333.15px","nomeInstancia":"MovieClips/telaInfo22","classe":"telaInfo22","nome":"eli01_02_22_0"},{"tipo":"img","x":"76px","y":"388.55px","width":"426px","height":"125.3px","nomeInstancia":"MovieClips/textConvertido_22_1","classe":"textConvertido_22_1","nome":"eli01_02_22_1"},{"tipo":"img","x":"76px","y":"200.15px","width":"426px","height":"22.55px","nomeInstancia":"MovieClips/textConvertido_21_1","classe":"textConvertido_21_1","nome":"eli01_02_21_0"},{"tipo":"img","x":"76px","y":"232.7px","width":"426px","height":"145.85px","nomeInstancia":"MovieClips/textConvertido_21_0","classe":"textConvertido_21_0","nome":"eli01_02_21_1"},{"tipo":"img","x":"579.85px","y":"190px","width":"328.8px","height":"333.15px","nomeInstancia":"MovieClips/transicao_21_2","classe":"transicao_21_2","nome":"eli01_02_21_2"}]},{"desenhos":[{"tipo":"img","x":"500px","y":"243.9px","width":"426px","height":"43.1px","nomeInstancia":"MovieClips/textConvertido_23_0","classe":"textConvertido_23_0","nome":"eli01_02_23_0"},{"tipo":"img","x":"119.1px","y":"213.5px","width":"286.75px","height":"317.3px","nomeInstancia":"MovieClips/transicao_23_1","classe":"transicao_23_1","nome":"eli01_02_23_1"}]},{"desenhos":[{"tipo":"img","x":"500px","y":"306.65px","width":"426px","height":"43.1px","nomeInstancia":"MovieClips/textConvertido_24_0","classe":"textConvertido_24_0","nome":"eli01_02_24_0"},{"tipo":"img","x":"500px","y":"243.9px","width":"426px","height":"43.1px","nomeInstancia":"MovieClips/textConvertido_23_0","classe":"textConvertido_23_0","nome":"eli01_02_23_0"},{"tipo":"img","x":"119.1px","y":"213.5px","width":"286.75px","height":"317.3px","nomeInstancia":"MovieClips/transicao_23_1","classe":"transicao_23_1","nome":"eli01_02_23_1"}]},{"desenhos":[{"tipo":"img","x":"500px","y":"369.4px","width":"388.6px","height":"104.75px","nomeInstancia":"MovieClips/textConvertido_25_0","classe":"textConvertido_25_0","nome":"eli01_02_25_0"},{"tipo":"img","x":"500px","y":"306.65px","width":"426px","height":"43.1px","nomeInstancia":"MovieClips/textConvertido_24_0","classe":"textConvertido_24_0","nome":"eli01_02_24_0"},{"tipo":"img","x":"500px","y":"243.9px","width":"426px","height":"43.1px","nomeInstancia":"MovieClips/textConvertido_23_0","classe":"textConvertido_23_0","nome":"eli01_02_23_0"},{"tipo":"img","x":"119.1px","y":"213.5px","width":"286.75px","height":"317.3px","nomeInstancia":"MovieClips/transicao_23_1","classe":"transicao_23_1","nome":"eli01_02_23_1"}]},{"desenhos":[{"tipo":"img","x":"152.3px","y":"315.55px","width":"810.1px","height":"251.95px","nomeInstancia":"MovieClips/opcoes26","classe":"opcoes26","nome":"eli01_02_26_0"},{"tipo":"img","x":"144.15px","y":"310.65px","width":"861.3px","height":"184.95px","nomeInstancia":"MovieClips/textConvertido_26_2","classe":"textConvertido_26_2","nome":"eli01_02_26_1"},{"tipo":"img","x":"80.2px","y":"138.1px","width":"214.45px","height":"91.7px","nomeInstancia":"MovieClips/transicao_26_1","classe":"transicao_26_1","nome":"eli01_02_26_2"}]}]}