{"licao":"eli01_00","topico":"00","telas":[{"desenhos":[{"tipo":"img","x":"192.2px","y":"165.7px","width":"456.85px","height":"84.4px","nomeInstancia":"MovieClips/transicao_1_0","classe":"transicao_1_0","nome":"eli01_00_1_0"},{"nome":"eli01_00_1_1","tipo":"personagem","x":"0px","y":"0px","width":"1016px","height":"659px","nomeInstancia":"MovieClips/animaP01","classe":"animaP01"}]},{"desenhos":[{"tipo":"img","x":"116.9px","y":"243.95px","width":"485.05px","height":"148px","nomeInstancia":"MovieClips/transicao_2_0","classe":"transicao_2_0","nome":"eli01_00_2_0"},{"tipo":"img","x":"192.2px","y":"165.7px","width":"456.85px","height":"84.4px","nomeInstancia":"MovieClips/transicao_1_0","classe":"transicao_1_0","nome":"eli01_00_1_0"},{"nome":"eli01_00_1_1","tipo":"personagem","x":"0px","y":"0px","width":"1016px","height":"659px","nomeInstancia":"MovieClips/animaP01","classe":"animaP01"}]},{"desenhos":[{"tipo":"img","x":"75px","y":"387.6px","width":"528.75px","height":"173.6px","nomeInstancia":"MovieClips/transicao_3_0","classe":"transicao_3_0","nome":"eli01_00_3_0"},{"tipo":"img","x":"116.9px","y":"243.95px","width":"485.05px","height":"148px","nomeInstancia":"MovieClips/transicao_2_0","classe":"transicao_2_0","nome":"eli01_00_2_0"},{"tipo":"img","x":"192.2px","y":"165.7px","width":"456.85px","height":"84.4px","nomeInstancia":"MovieClips/transicao_1_0","classe":"transicao_1_0","nome":"eli01_00_1_0"},{"nome":"eli01_00_1_1","tipo":"personagem","x":"0px","y":"0px","width":"1016px","height":"659px","nomeInstancia":"MovieClips/animaP01","classe":"animaP01"}]},{"desenhos":[{"tipo":"img","x":"350.3px","y":"150.35px","width":"533.1px","height":"149.55px","nomeInstancia":"MovieClips/transicao_4_0","classe":"transicao_4_0","nome":"eli01_00_4_0"},{"nome":"eli01_00_4_1","tipo":"personagem","x":"0px","y":"0px","width":"1016px","height":"659px","nomeInstancia":"MovieClips/animaP04","classe":"animaP04"}]},{"desenhos":[{"tipo":"img","x":"396.3px","y":"294.9px","width":"514.55px","height":"160.4px","nomeInstancia":"MovieClips/transicao_5_0","classe":"transicao_5_0","nome":"eli01_00_5_0"},{"tipo":"img","x":"350.3px","y":"150.35px","width":"533.1px","height":"149.55px","nomeInstancia":"MovieClips/transicao_4_0","classe":"transicao_4_0","nome":"eli01_00_4_0"},{"nome":"eli01_00_4_1","tipo":"personagem","x":"0px","y":"0px","width":"1016px","height":"659px","nomeInstancia":"MovieClips/animaP04","classe":"animaP04"}]},{"desenhos":[{"tipo":"img","x":"172.55px","y":"171.7px","width":"383.95px","height":"121.15px","nomeInstancia":"MovieClips/transicao_6_0","classe":"transicao_6_0","nome":"eli01_00_6_0"},{"nome":"eli01_00_6_1","tipo":"personagem","x":"0px","y":"0px","width":"1016px","height":"659px","nomeInstancia":"MovieClips/animaP06","classe":"animaP06"}]},{"desenhos":[{"tipo":"img","x":"340.45px","y":"146.3px","width":"511.15px","height":"133.3px","nomeInstancia":"MovieClips/transicao_7_0","classe":"transicao_7_0","nome":"eli01_00_7_0"},{"nome":"eli01_00_7_1","tipo":"personagem","x":"0px","y":"0px","width":"1016px","height":"659px","nomeInstancia":"MovieClips/animaP07","classe":"animaP07"}]},{"desenhos":[{"tipo":"img","x":"406.25px","y":"296.75px","width":"426px","height":"63.65px","nomeInstancia":"MovieClips/textConvertido_8_0","classe":"textConvertido_8_0","nome":"eli01_00_8_0"},{"tipo":"img","x":"340.45px","y":"146.3px","width":"511.15px","height":"133.3px","nomeInstancia":"MovieClips/transicao_7_0","classe":"transicao_7_0","nome":"eli01_00_7_0"},{"nome":"eli01_00_7_1","tipo":"personagem","x":"0px","y":"0px","width":"1016px","height":"659px","nomeInstancia":"MovieClips/animaP07","classe":"animaP07"}]}]}