{"licao":"eli01_03","topico":"03","telas":[{"desenhos":[{"tipo":"img","x":"147.95px","y":"198.05px","width":"372px","height":"97.85px","nomeInstancia":"MovieClips/hotWord01","classe":"hotWord01","nome":"eli01_03_1_0"},{"tipo":"img","x":"76px","y":"205px","width":"435.15px","height":"145.85px","nomeInstancia":"MovieClips/textConvertido_1_0","classe":"textConvertido_1_0","nome":"eli01_03_1_1"},{"tipo":"img","x":"570.4px","y":"225.35px","width":"339.5px","height":"299.2px","nomeInstancia":"MovieClips/transicao_1_1","classe":"transicao_1_1","nome":"eli01_03_1_2"}]},{"desenhos":[{"tipo":"img","x":"76px","y":"373.85px","width":"426px","height":"145.85px","nomeInstancia":"MovieClips/textConvertido_2_1","classe":"textConvertido_2_1","nome":"eli01_03_2_0"},{"tipo":"img","x":"147.95px","y":"198.05px","width":"372px","height":"97.85px","nomeInstancia":"MovieClips/hotWord01","classe":"hotWord01","nome":"eli01_03_1_0"},{"tipo":"img","x":"76px","y":"205px","width":"435.15px","height":"145.85px","nomeInstancia":"MovieClips/textConvertido_1_0","classe":"textConvertido_1_0","nome":"eli01_03_1_1"},{"tipo":"img","x":"570.4px","y":"225.35px","width":"339.5px","height":"299.2px","nomeInstancia":"MovieClips/transicao_1_1","classe":"transicao_1_1","nome":"eli01_03_1_2"}]},{"desenhos":[{"tipo":"img","x":"590px","y":"270px","width":"373.25px","height":"84.2px","nomeInstancia":"MovieClips/textConvertido_3_0","classe":"textConvertido_3_0","nome":"eli01_03_3_0"},{"tipo":"img","x":"69px","y":"297.65px","width":"450.3px","height":"130.9px","nomeInstancia":"MovieClips/transicao_3_1","classe":"transicao_3_1","nome":"eli01_03_3_1"}]},{"desenhos":[{"tipo":"img","x":"590px","y":"383.7px","width":"379.25px","height":"84.2px","nomeInstancia":"MovieClips/textConvertido_4_0","classe":"textConvertido_4_0","nome":"eli01_03_4_0"},{"tipo":"img","x":"590px","y":"270px","width":"373.25px","height":"84.2px","nomeInstancia":"MovieClips/textConvertido_3_0","classe":"textConvertido_3_0","nome":"eli01_03_3_0"},{"tipo":"img","x":"69px","y":"297.65px","width":"450.3px","height":"130.9px","nomeInstancia":"MovieClips/transicao_3_1","classe":"transicao_3_1","nome":"eli01_03_3_1"}]},{"desenhos":[{"tipo":"img","x":"68px","y":"242.05px","width":"383.15px","height":"84.2px","nomeInstancia":"MovieClips/textConvertido_5_0","classe":"textConvertido_5_0","nome":"eli01_03_5_0"},{"tipo":"img","x":"496.25px","y":"269.7px","width":"438.9px","height":"207px","nomeInstancia":"MovieClips/transicao_5_1","classe":"transicao_5_1","nome":"eli01_03_5_1"}]},{"desenhos":[{"tipo":"img","x":"68px","y":"342.2px","width":"377.15px","height":"63.65px","nomeInstancia":"MovieClips/textConvertido_6_0","classe":"textConvertido_6_0","nome":"eli01_03_6_0"},{"tipo":"img","x":"68px","y":"242.05px","width":"383.15px","height":"84.2px","nomeInstancia":"MovieClips/textConvertido_5_0","classe":"textConvertido_5_0","nome":"eli01_03_5_0"},{"tipo":"img","x":"496.25px","y":"269.7px","width":"438.9px","height":"207px","nomeInstancia":"MovieClips/transicao_5_1","classe":"transicao_5_1","nome":"eli01_03_5_1"}]},{"desenhos":[{"tipo":"img","x":"249.5px","y":"213.9px","width":"658.45px","height":"342.2px","nomeInstancia":"MovieClips/telaInfo07","classe":"telaInfo07","nome":"eli01_03_7_0"},{"tipo":"img","x":"68px","y":"421.8px","width":"380.15px","height":"63.65px","nomeInstancia":"MovieClips/textConvertido_7_1","classe":"textConvertido_7_1","nome":"eli01_03_7_1"},{"tipo":"img","x":"68px","y":"342.2px","width":"377.15px","height":"63.65px","nomeInstancia":"MovieClips/textConvertido_6_0","classe":"textConvertido_6_0","nome":"eli01_03_6_0"},{"tipo":"img","x":"68px","y":"242.05px","width":"383.15px","height":"84.2px","nomeInstancia":"MovieClips/textConvertido_5_0","classe":"textConvertido_5_0","nome":"eli01_03_5_0"},{"tipo":"img","x":"496.25px","y":"269.7px","width":"438.9px","height":"207px","nomeInstancia":"MovieClips/transicao_5_1","classe":"transicao_5_1","nome":"eli01_03_5_1"}]},{"desenhos":[{"tipo":"img","x":"501px","y":"249px","width":"426px","height":"125.3px","nomeInstancia":"MovieClips/textConvertido_8_0","classe":"textConvertido_8_0","nome":"eli01_03_8_0"},{"tipo":"img","x":"76.85px","y":"257px","width":"346.5px","height":"223.9px","nomeInstancia":"MovieClips/transicao_8_1","classe":"transicao_8_1","nome":"eli01_03_8_1"}]},{"desenhos":[{"tipo":"img","x":"501px","y":"404.3px","width":"426px","height":"84.2px","nomeInstancia":"MovieClips/textConvertido_9_0","classe":"textConvertido_9_0","nome":"eli01_03_9_0"},{"tipo":"img","x":"501px","y":"249px","width":"426px","height":"125.3px","nomeInstancia":"MovieClips/textConvertido_8_0","classe":"textConvertido_8_0","nome":"eli01_03_8_0"},{"tipo":"img","x":"76.85px","y":"257px","width":"346.5px","height":"223.9px","nomeInstancia":"MovieClips/transicao_8_1","classe":"transicao_8_1","nome":"eli01_03_8_1"}]},{"desenhos":[{"tipo":"img","x":"84px","y":"251.05px","width":"409.15px","height":"145.85px","nomeInstancia":"MovieClips/textConvertido_10_0","classe":"textConvertido_10_0","nome":"eli01_03_10_0"},{"tipo":"img","x":"603.45px","y":"232.05px","width":"295.6px","height":"301.4px","nomeInstancia":"MovieClips/transicao_10_1","classe":"transicao_10_1","nome":"eli01_03_10_1"}]},{"desenhos":[{"tipo":"img","x":"84px","y":"422.9px","width":"426px","height":"43.1px","nomeInstancia":"MovieClips/textConvertido_11_0","classe":"textConvertido_11_0","nome":"eli01_03_11_0"},{"tipo":"img","x":"84px","y":"251.05px","width":"409.15px","height":"145.85px","nomeInstancia":"MovieClips/textConvertido_10_0","classe":"textConvertido_10_0","nome":"eli01_03_10_0"},{"tipo":"img","x":"603.45px","y":"232.05px","width":"295.6px","height":"301.4px","nomeInstancia":"MovieClips/transicao_10_1","classe":"transicao_10_1","nome":"eli01_03_10_1"}]},{"desenhos":[{"tipo":"img","x":"329.8px","y":"187.45px","width":"501.25px","height":"171.95px","nomeInstancia":"MovieClips/transicao_12_0","classe":"transicao_12_0","nome":"eli01_03_12_0"},{"tipo":"img","x":"375.95px","y":"138.9px","width":"426px","height":"22.55px","nomeInstancia":"MovieClips/textConvertido_12_1","classe":"textConvertido_12_1","nome":"eli01_03_12_1"},{"nome":"eli01_03_12_2","tipo":"personagem","x":"0px","y":"0px","width":"1016px","height":"659px","nomeInstancia":"MovieClips/animaP12","classe":"animaP12"}]},{"desenhos":[{"tipo":"img","x":"76px","y":"234.15px","width":"466.15px","height":"145.85px","nomeInstancia":"MovieClips/textConvertido_13_0","classe":"textConvertido_13_0","nome":"eli01_03_13_0"},{"tipo":"img","x":"570px","y":"234.15px","width":"340.2px","height":"251.55px","nomeInstancia":"MovieClips/transicao_13_1","classe":"transicao_13_1","nome":"eli01_03_13_1"}]},{"desenhos":[{"tipo":"img","x":"80.45px","y":"213.9px","width":"778.45px","height":"347.2px","nomeInstancia":"MovieClips/telaInfo14","classe":"telaInfo14","nome":"eli01_03_14_0"},{"tipo":"img","x":"80px","y":"415.05px","width":"426px","height":"63.65px","nomeInstancia":"MovieClips/textConvertido_14_1","classe":"textConvertido_14_1","nome":"eli01_03_14_1"},{"tipo":"img","x":"76px","y":"234.15px","width":"466.15px","height":"145.85px","nomeInstancia":"MovieClips/textConvertido_13_0","classe":"textConvertido_13_0","nome":"eli01_03_13_0"},{"tipo":"img","x":"570px","y":"234.15px","width":"340.2px","height":"251.55px","nomeInstancia":"MovieClips/transicao_13_1","classe":"transicao_13_1","nome":"eli01_03_13_1"}]},{"desenhos":[{"tipo":"img","x":"473.95px","y":"252.1px","width":"437.25px","height":"63.65px","nomeInstancia":"MovieClips/textConvertido_15_0","classe":"textConvertido_15_0","nome":"eli01_03_15_0"},{"tipo":"img","x":"56.95px","y":"192.2px","width":"322.3px","height":"325.9px","nomeInstancia":"MovieClips/transicao_15_1","classe":"transicao_15_1","nome":"eli01_03_15_1"}]},{"desenhos":[{"tipo":"img","x":"473.95px","y":"343px","width":"439.25px","height":"104.75px","nomeInstancia":"MovieClips/textConvertido_16_0","classe":"textConvertido_16_0","nome":"eli01_03_16_0"},{"tipo":"img","x":"473.95px","y":"252.1px","width":"437.25px","height":"63.65px","nomeInstancia":"MovieClips/textConvertido_15_0","classe":"textConvertido_15_0","nome":"eli01_03_15_0"},{"tipo":"img","x":"56.95px","y":"192.2px","width":"322.3px","height":"325.9px","nomeInstancia":"MovieClips/transicao_15_1","classe":"transicao_15_1","nome":"eli01_03_15_1"}]},{"desenhos":[{"tipo":"img","x":"56.95px","y":"150.95px","width":"842.1px","height":"415.15px","nomeInstancia":"MovieClips/telaInfo17","classe":"telaInfo17","nome":"eli01_03_17_0"},{"tipo":"img","x":"473.95px","y":"475px","width":"426px","height":"43.1px","nomeInstancia":"MovieClips/textConvertido_17_1","classe":"textConvertido_17_1","nome":"eli01_03_17_1"},{"tipo":"img","x":"473.95px","y":"343px","width":"439.25px","height":"104.75px","nomeInstancia":"MovieClips/textConvertido_16_0","classe":"textConvertido_16_0","nome":"eli01_03_16_0"},{"tipo":"img","x":"473.95px","y":"252.1px","width":"437.25px","height":"63.65px","nomeInstancia":"MovieClips/textConvertido_15_0","classe":"textConvertido_15_0","nome":"eli01_03_15_0"},{"tipo":"img","x":"56.95px","y":"192.2px","width":"322.3px","height":"325.9px","nomeInstancia":"MovieClips/transicao_15_1","classe":"transicao_15_1","nome":"eli01_03_15_1"}]},{"desenhos":[{"tipo":"img","x":"76px","y":"215px","width":"426px","height":"22.55px","nomeInstancia":"MovieClips/textConvertido_18_1","classe":"textConvertido_18_1","nome":"eli01_03_18_0"},{"tipo":"img","x":"76px","y":"253.55px","width":"426px","height":"104.75px","nomeInstancia":"MovieClips/textConvertido_18_0","classe":"textConvertido_18_0","nome":"eli01_03_18_1"},{"tipo":"img","x":"556.6px","y":"226.65px","width":"367.15px","height":"293.5px","nomeInstancia":"MovieClips/transicao_18_2","classe":"transicao_18_2","nome":"eli01_03_18_2"}]},{"desenhos":[{"tipo":"img","x":"76px","y":"374.3px","width":"426px","height":"145.85px","nomeInstancia":"MovieClips/textConvertido_19_0","classe":"textConvertido_19_0","nome":"eli01_03_19_0"},{"tipo":"img","x":"76px","y":"215px","width":"426px","height":"22.55px","nomeInstancia":"MovieClips/textConvertido_18_1","classe":"textConvertido_18_1","nome":"eli01_03_18_0"},{"tipo":"img","x":"76px","y":"253.55px","width":"426px","height":"104.75px","nomeInstancia":"MovieClips/textConvertido_18_0","classe":"textConvertido_18_0","nome":"eli01_03_18_1"},{"tipo":"img","x":"556.6px","y":"226.65px","width":"367.15px","height":"293.5px","nomeInstancia":"MovieClips/transicao_18_2","classe":"transicao_18_2","nome":"eli01_03_18_2"}]},{"desenhos":[{"tipo":"img","x":"503px","y":"268px","width":"474.25px","height":"207.5px","nomeInstancia":"MovieClips/textConvertido_20_0","classe":"textConvertido_20_0","nome":"eli01_03_20_0"},{"tipo":"img","x":"81.4px","y":"178.55px","width":"367.3px","height":"378.85px","nomeInstancia":"MovieClips/transicao_20_1","classe":"transicao_20_1","nome":"eli01_03_20_1"}]},{"desenhos":[{"tipo":"img","x":"74px","y":"217px","width":"426px","height":"22.55px","nomeInstancia":"MovieClips/textConvertido_21_1","classe":"textConvertido_21_1","nome":"eli01_03_21_0"},{"tipo":"img","x":"74px","y":"261.55px","width":"393.15px","height":"84.2px","nomeInstancia":"MovieClips/textConvertido_21_0","classe":"textConvertido_21_0","nome":"eli01_03_21_1"},{"tipo":"img","x":"600.5px","y":"207.6px","width":"283.5px","height":"346.9px","nomeInstancia":"MovieClips/transicao_21_2","classe":"transicao_21_2","nome":"eli01_03_21_2"}]},{"desenhos":[{"tipo":"img","x":"74px","y":"365.25px","width":"418.15px","height":"84.2px","nomeInstancia":"MovieClips/textConvertido_22_0","classe":"textConvertido_22_0","nome":"eli01_03_22_0"},{"tipo":"img","x":"74px","y":"217px","width":"426px","height":"22.55px","nomeInstancia":"MovieClips/textConvertido_21_1","classe":"textConvertido_21_1","nome":"eli01_03_21_0"},{"tipo":"img","x":"74px","y":"261.55px","width":"393.15px","height":"84.2px","nomeInstancia":"MovieClips/textConvertido_21_0","classe":"textConvertido_21_0","nome":"eli01_03_21_1"},{"tipo":"img","x":"600.5px","y":"207.6px","width":"283.5px","height":"346.9px","nomeInstancia":"MovieClips/transicao_21_2","classe":"transicao_21_2","nome":"eli01_03_21_2"}]},{"desenhos":[{"tipo":"img","x":"74px","y":"468.95px","width":"426px","height":"43.1px","nomeInstancia":"MovieClips/textConvertido_23_0","classe":"textConvertido_23_0","nome":"eli01_03_23_0"},{"tipo":"img","x":"74px","y":"365.25px","width":"418.15px","height":"84.2px","nomeInstancia":"MovieClips/textConvertido_22_0","classe":"textConvertido_22_0","nome":"eli01_03_22_0"},{"tipo":"img","x":"74px","y":"217px","width":"426px","height":"22.55px","nomeInstancia":"MovieClips/textConvertido_21_1","classe":"textConvertido_21_1","nome":"eli01_03_21_0"},{"tipo":"img","x":"74px","y":"261.55px","width":"393.15px","height":"84.2px","nomeInstancia":"MovieClips/textConvertido_21_0","classe":"textConvertido_21_0","nome":"eli01_03_21_1"},{"tipo":"img","x":"600.5px","y":"207.6px","width":"283.5px","height":"346.9px","nomeInstancia":"MovieClips/transicao_21_2","classe":"transicao_21_2","nome":"eli01_03_21_2"}]},{"desenhos":[{"tipo":"img","x":"108.2px","y":"283.65px","width":"794.95px","height":"316.1px","nomeInstancia":"MovieClips/dragDrop_opcoes_dgOpc","classe":"dragDrop_opcoes_dgOpc","nome":"eli01_03_24_0"},{"tipo":"img","x":"158.85px","y":"236.55px","width":"698.3px","height":"22.55px","nomeInstancia":"MovieClips/textConvertido_24_1","classe":"textConvertido_24_1","nome":"eli01_03_24_1"},{"tipo":"img","x":"400.8px","y":"125.15px","width":"214.45px","height":"91.7px","nomeInstancia":"MovieClips/transicao_24_2","classe":"transicao_24_2","nome":"eli01_03_24_2"}]},{"desenhos":[{"tipo":"img","x":"108px","y":"265.6px","width":"410.15px","height":"125.3px","nomeInstancia":"MovieClips/textConvertido_25_0","classe":"textConvertido_25_0","nome":"eli01_03_25_0"},{"tipo":"img","x":"108px","y":"220.05px","width":"426px","height":"22.55px","nomeInstancia":"MovieClips/textConvertido_25_1","classe":"textConvertido_25_1","nome":"eli01_03_25_1"},{"tipo":"img","x":"611.55px","y":"231.45px","width":"248.4px","height":"271.2px","nomeInstancia":"MovieClips/transicao_25_2","classe":"transicao_25_2","nome":"eli01_03_25_2"}]},{"desenhos":[{"tipo":"img","x":"108px","y":"411.9px","width":"388.15px","height":"84.2px","nomeInstancia":"MovieClips/textConvertido_26_0","classe":"textConvertido_26_0","nome":"eli01_03_26_0"},{"tipo":"img","x":"108px","y":"265.6px","width":"410.15px","height":"125.3px","nomeInstancia":"MovieClips/textConvertido_25_0","classe":"textConvertido_25_0","nome":"eli01_03_25_0"},{"tipo":"img","x":"108px","y":"220.05px","width":"426px","height":"22.55px","nomeInstancia":"MovieClips/textConvertido_25_1","classe":"textConvertido_25_1","nome":"eli01_03_25_1"},{"tipo":"img","x":"611.55px","y":"231.45px","width":"248.4px","height":"271.2px","nomeInstancia":"MovieClips/transicao_25_2","classe":"transicao_25_2","nome":"eli01_03_25_2"}]},{"desenhos":[{"tipo":"img","x":"198px","y":"147.25px","width":"620px","height":"364.5px","nomeInstancia":"MovieClips/destaque_330_1","classe":"destaque_330_1","nome":"eli01_03_27_0"},{"tipo":"img","x":"108px","y":"411.9px","width":"388.15px","height":"84.2px","nomeInstancia":"MovieClips/textConvertido_26_0","classe":"textConvertido_26_0","nome":"eli01_03_26_0"},{"tipo":"img","x":"108px","y":"265.6px","width":"410.15px","height":"125.3px","nomeInstancia":"MovieClips/textConvertido_25_0","classe":"textConvertido_25_0","nome":"eli01_03_25_0"},{"tipo":"img","x":"108px","y":"220.05px","width":"426px","height":"22.55px","nomeInstancia":"MovieClips/textConvertido_25_1","classe":"textConvertido_25_1","nome":"eli01_03_25_1"},{"tipo":"img","x":"611.55px","y":"231.45px","width":"248.4px","height":"271.2px","nomeInstancia":"MovieClips/transicao_25_2","classe":"transicao_25_2","nome":"eli01_03_25_2"}]},{"desenhos":[{"tipo":"img","x":"562px","y":"299.05px","width":"308.25px","height":"63.65px","nomeInstancia":"MovieClips/textConvertido_28_0","classe":"textConvertido_28_0","nome":"eli01_03_28_0"},{"tipo":"img","x":"102.4px","y":"235.75px","width":"377.6px","height":"254.6px","nomeInstancia":"MovieClips/transicao_28_1","classe":"transicao_28_1","nome":"eli01_03_28_1"}]},{"desenhos":[{"tipo":"img","x":"102.4px","y":"183.05px","width":"754.5px","height":"325.65px","nomeInstancia":"MovieClips/telaInfo_scroll","classe":"telaInfo_scroll","nome":"eli01_03_29_0"},{"tipo":"img","x":"562px","y":"383.7px","width":"289.25px","height":"22.55px","nomeInstancia":"MovieClips/textConvertido_29_1","classe":"textConvertido_29_1","nome":"eli01_03_29_1"},{"tipo":"img","x":"562px","y":"299.05px","width":"308.25px","height":"63.65px","nomeInstancia":"MovieClips/textConvertido_28_0","classe":"textConvertido_28_0","nome":"eli01_03_28_0"},{"tipo":"img","x":"102.4px","y":"235.75px","width":"377.6px","height":"254.6px","nomeInstancia":"MovieClips/transicao_28_1","classe":"transicao_28_1","nome":"eli01_03_28_1"}]},{"desenhos":[{"tipo":"img","x":"80.2px","y":"216.85px","width":"882.2px","height":"350.65px","nomeInstancia":"MovieClips/opcoes30","classe":"opcoes30","nome":"eli01_03_30_0"},{"tipo":"img","x":"80.2px","y":"246.6px","width":"746.1px","height":"269.15px","nomeInstancia":"MovieClips/textConvertido_30_1","classe":"textConvertido_30_1","nome":"eli01_03_30_1"},{"tipo":"img","x":"80.2px","y":"126.1px","width":"214.45px","height":"91.7px","nomeInstancia":"MovieClips/transicao_30_2","classe":"transicao_30_2","nome":"eli01_03_30_2"}]},{"desenhos":[{"tipo":"img","x":"375.9px","y":"155px","width":"517.2px","height":"155.95px","nomeInstancia":"MovieClips/transicao_31_0","classe":"transicao_31_0","nome":"eli01_03_31_0"},{"tipo":"img","x":"38.55px","y":"120.3px","width":"190.6px","height":"83.85px","nomeInstancia":"MovieClips/transicao_31_2","classe":"transicao_31_2","nome":"eli01_03_31_1"},{"nome":"eli01_03_31_2","tipo":"personagem","x":"0px","y":"0px","width":"1016px","height":"659px","nomeInstancia":"MovieClips/animaP30","classe":"animaP30"}]},{"desenhos":[{"tipo":"img","x":"423.9px","y":"306.5px","width":"314.05px","height":"113.25px","nomeInstancia":"MovieClips/transicao_32_0","classe":"transicao_32_0","nome":"eli01_03_32_0"},{"tipo":"img","x":"375.9px","y":"155px","width":"517.2px","height":"155.95px","nomeInstancia":"MovieClips/transicao_31_0","classe":"transicao_31_0","nome":"eli01_03_31_0"},{"tipo":"img","x":"38.55px","y":"120.3px","width":"190.6px","height":"83.85px","nomeInstancia":"MovieClips/transicao_31_2","classe":"transicao_31_2","nome":"eli01_03_31_1"},{"nome":"eli01_03_31_2","tipo":"personagem","x":"0px","y":"0px","width":"1016px","height":"659px","nomeInstancia":"MovieClips/animaP30","classe":"animaP30"}]},{"desenhos":[{"tipo":"img","x":"272.2px","y":"122.3px","width":"471.6px","height":"475.4px","nomeInstancia":"MovieClips/transicao_33_0","classe":"transicao_33_0","nome":"eli01_03_33_0"}]}]}