{"licao":"elm02_02","topico":"02","telas":[{"desenhos":[{"tipo":"img","x":"145.1px","y":"268.85px","width":"380.9px","height":"63.65px","nomeInstancia":"textConvertido_1_0","classe":"textConvertido_1_0","nome":"elm02_02_1_0"},{"tipo":"img","x":"587.75px","y":"176.5px","width":"317.2px","height":"364.85px","nomeInstancia":"transicao_1_1","classe":"transicao_1_1","nome":"elm02_02_1_1"}]},{"desenhos":[{"tipo":"img","x":"145.1px","y":"351.8px","width":"369.9px","height":"63.65px","nomeInstancia":"textConvertido_2_0","classe":"textConvertido_2_0","nome":"elm02_02_2_0"},{"tipo":"img","x":"145.1px","y":"268.85px","width":"380.9px","height":"63.65px","nomeInstancia":"textConvertido_1_0","classe":"textConvertido_1_0","nome":"elm02_02_1_0"},{"tipo":"img","x":"587.75px","y":"176.5px","width":"317.2px","height":"364.85px","nomeInstancia":"transicao_1_1","classe":"transicao_1_1","nome":"elm02_02_1_1"}]},{"desenhos":[{"tipo":"img","x":"145.1px","y":"434.75px","width":"350.9px","height":"22.55px","nomeInstancia":"textConvertido_3_0","classe":"textConvertido_3_0","nome":"elm02_02_3_0"},{"tipo":"img","x":"145.1px","y":"351.8px","width":"369.9px","height":"63.65px","nomeInstancia":"textConvertido_2_0","classe":"textConvertido_2_0","nome":"elm02_02_2_0"},{"tipo":"img","x":"145.1px","y":"268.85px","width":"380.9px","height":"63.65px","nomeInstancia":"textConvertido_1_0","classe":"textConvertido_1_0","nome":"elm02_02_1_0"},{"tipo":"img","x":"587.75px","y":"176.5px","width":"317.2px","height":"364.85px","nomeInstancia":"transicao_1_1","classe":"transicao_1_1","nome":"elm02_02_1_1"}]},{"desenhos":[{"tipo":"img","x":"513.6px","y":"217.85px","width":"406.9px","height":"43.1px","nomeInstancia":"textConvertido_4_0","classe":"textConvertido_4_0","nome":"elm02_02_4_0"},{"tipo":"img","x":"53.6px","y":"260.95px","width":"433.45px","height":"199.2px","nomeInstancia":"transicao_4_1","classe":"transicao_4_1","nome":"elm02_02_4_1"}]},{"desenhos":[{"tipo":"img","x":"516.1px","y":"276.4px","width":"464.4px","height":"104.75px","nomeInstancia":"textConvertido_5_0","classe":"textConvertido_5_0","nome":"elm02_02_5_0"},{"tipo":"img","x":"513.6px","y":"217.85px","width":"406.9px","height":"43.1px","nomeInstancia":"textConvertido_4_0","classe":"textConvertido_4_0","nome":"elm02_02_4_0"},{"tipo":"img","x":"53.6px","y":"260.95px","width":"433.45px","height":"199.2px","nomeInstancia":"transicao_4_1","classe":"transicao_4_1","nome":"elm02_02_4_1"}]},{"desenhos":[{"tipo":"img","x":"513.6px","y":"396.6px","width":"462.9px","height":"125.3px","nomeInstancia":"textConvertido_6_0","classe":"textConvertido_6_0","nome":"elm02_02_6_0"},{"tipo":"img","x":"516.1px","y":"276.4px","width":"464.4px","height":"104.75px","nomeInstancia":"textConvertido_5_0","classe":"textConvertido_5_0","nome":"elm02_02_5_0"},{"tipo":"img","x":"513.6px","y":"217.85px","width":"406.9px","height":"43.1px","nomeInstancia":"textConvertido_4_0","classe":"textConvertido_4_0","nome":"elm02_02_4_0"},{"tipo":"img","x":"53.6px","y":"260.95px","width":"433.45px","height":"199.2px","nomeInstancia":"transicao_4_1","classe":"transicao_4_1","nome":"elm02_02_4_1"}]},{"desenhos":[{"tipo":"img","x":"126.9px","y":"237.4px","width":"502.4px","height":"150.35px","nomeInstancia":"transicao_7_0","classe":"transicao_7_0","nome":"elm02_02_7_0"},{"nome":"elm02_02_7_1","tipo":"personagem","x":"0px","y":"0px","width":"1016px","height":"659px","nomeInstancia":"MovieClips/animaP7","classe":"animaP7"}]},{"desenhos":[{"tipo":"img","x":"172.15px","y":"383.55px","width":"355.75px","height":"81.6px","nomeInstancia":"transicao_8_0","classe":"transicao_8_0","nome":"elm02_02_8_0"},{"tipo":"img","x":"126.9px","y":"237.4px","width":"502.4px","height":"150.35px","nomeInstancia":"transicao_7_0","classe":"transicao_7_0","nome":"elm02_02_7_0"},{"nome":"elm02_02_7_1","tipo":"personagem","x":"0px","y":"0px","width":"1016px","height":"659px","nomeInstancia":"MovieClips/animaP7","classe":"animaP7"}]},{"desenhos":[{"tipo":"img","x":"96.3px","y":"181.3px","width":"666.45px","height":"298.7px","nomeInstancia":"MovieClips/telaInfo9_scroll","classe":"telaInfo9_scroll","nome":"elm02_02_9_0"},{"tipo":"img","x":"304.55px","y":"207.85px","width":"406.9px","height":"22.55px","nomeInstancia":"textConvertido_9_3","classe":"textConvertido_9_3","nome":"elm02_02_9_1"},{"tipo":"img","x":"477.6px","y":"317.4px","width":"487.4px","height":"125.3px","nomeInstancia":"textConvertido_9_2","classe":"textConvertido_9_2","nome":"elm02_02_9_2"},{"tipo":"img","x":"477.6px","y":"456.35px","width":"487.4px","height":"22.55px","nomeInstancia":"textConvertido_9_1","classe":"textConvertido_9_1","nome":"elm02_02_9_3"},{"tipo":"img","x":"86.75px","y":"297.15px","width":"306.3px","height":"181.75px","nomeInstancia":"transicao_9_4","classe":"transicao_9_4","nome":"elm02_02_9_4"}]},{"desenhos":[{"tipo":"img","x":"85.6px","y":"281.4px","width":"333.4px","height":"43.1px","nomeInstancia":"textConvertido_10_0","classe":"textConvertido_10_0","nome":"elm02_02_10_0"},{"tipo":"img","x":"507.75px","y":"311px","width":"427.75px","height":"130.1px","nomeInstancia":"transicao_10_1","classe":"transicao_10_1","nome":"elm02_02_10_1"}]},{"desenhos":[{"tipo":"img","x":"85.6px","y":"342.6px","width":"403.4px","height":"63.65px","nomeInstancia":"textConvertido_11_0","classe":"textConvertido_11_0","nome":"elm02_02_11_0"},{"tipo":"img","x":"85.6px","y":"281.4px","width":"333.4px","height":"43.1px","nomeInstancia":"textConvertido_10_0","classe":"textConvertido_10_0","nome":"elm02_02_10_0"},{"tipo":"img","x":"507.75px","y":"311px","width":"427.75px","height":"130.1px","nomeInstancia":"transicao_10_1","classe":"transicao_10_1","nome":"elm02_02_10_1"}]},{"desenhos":[{"tipo":"img","x":"254.9px","y":"201.3px","width":"709.85px","height":"258.7px","nomeInstancia":"MovieClips/telaInfo12","classe":"telaInfo12","nome":"elm02_02_12_0"},{"tipo":"img","x":"85.6px","y":"424.35px","width":"357.4px","height":"43.1px","nomeInstancia":"textConvertido_12_1","classe":"textConvertido_12_1","nome":"elm02_02_12_1"},{"tipo":"img","x":"85.6px","y":"342.6px","width":"403.4px","height":"63.65px","nomeInstancia":"textConvertido_11_0","classe":"textConvertido_11_0","nome":"elm02_02_11_0"},{"tipo":"img","x":"85.6px","y":"281.4px","width":"333.4px","height":"43.1px","nomeInstancia":"textConvertido_10_0","classe":"textConvertido_10_0","nome":"elm02_02_10_0"},{"tipo":"img","x":"507.75px","y":"311px","width":"427.75px","height":"130.1px","nomeInstancia":"transicao_10_1","classe":"transicao_10_1","nome":"elm02_02_10_1"}]},{"desenhos":[{"tipo":"img","x":"395.05px","y":"152.25px","width":"225.9px","height":"74.55px","nomeInstancia":"transicao_13_0","classe":"transicao_13_0","nome":"elm02_02_13_0"},{"tipo":"img","x":"153px","y":"241.35px","width":"709px","height":"340.65px","nomeInstancia":"MovieClips/atvClick13","classe":"atvClick13","nome":"elm02_02_13_1"},{"tipo":"img","x":"216.8px","y":"238.4px","width":"582.4px","height":"43.1px","nomeInstancia":"MovieClips/textConvertido_13_5","classe":"textConvertido_13_5","nome":"elm02_02_13_2"}]}]}