{"licao":"elm02_03","topico":"03","telas":[{"desenhos":[{"tipo":"img","x":"545.05px","y":"284.4px","width":"427.4px","height":"43.1px","nomeInstancia":"MovieClips/textConvertido_1_0","classe":"textConvertido_1_0","nome":"elm02_03_1_0"},{"tipo":"img","x":"51.25px","y":"298.4px","width":"426.75px","height":"153.8px","nomeInstancia":"MovieClips/transicao_1_1","classe":"transicao_1_1","nome":"elm02_03_1_1"}]},{"desenhos":[{"tipo":"img","x":"545.05px","y":"345.45px","width":"392.4px","height":"43.1px","nomeInstancia":"MovieClips/textConvertido_2_0","classe":"textConvertido_2_0","nome":"elm02_03_2_0"},{"tipo":"img","x":"545.05px","y":"284.4px","width":"427.4px","height":"43.1px","nomeInstancia":"MovieClips/textConvertido_1_0","classe":"textConvertido_1_0","nome":"elm02_03_1_0"},{"tipo":"img","x":"51.25px","y":"298.4px","width":"426.75px","height":"153.8px","nomeInstancia":"MovieClips/transicao_1_1","classe":"transicao_1_1","nome":"elm02_03_1_1"}]},{"desenhos":[{"tipo":"img","x":"545.05px","y":"406.5px","width":"414.4px","height":"63.65px","nomeInstancia":"MovieClips/textConvertido_3_0","classe":"textConvertido_3_0","nome":"elm02_03_3_0"},{"tipo":"img","x":"545.05px","y":"345.45px","width":"392.4px","height":"43.1px","nomeInstancia":"MovieClips/textConvertido_2_0","classe":"textConvertido_2_0","nome":"elm02_03_2_0"},{"tipo":"img","x":"545.05px","y":"284.4px","width":"427.4px","height":"43.1px","nomeInstancia":"MovieClips/textConvertido_1_0","classe":"textConvertido_1_0","nome":"elm02_03_1_0"},{"tipo":"img","x":"51.25px","y":"298.4px","width":"426.75px","height":"153.8px","nomeInstancia":"MovieClips/transicao_1_1","classe":"transicao_1_1","nome":"elm02_03_1_1"}]},{"desenhos":[{"tipo":"img","x":"94.15px","y":"295.05px","width":"433.6px","height":"112.25px","nomeInstancia":"MovieClips/transicao_4_0","classe":"transicao_4_0","nome":"elm02_03_4_0"},{"tipo":"img","x":"294.3px","y":"167.4px","width":"427.4px","height":"22.55px","nomeInstancia":"MovieClips/textConvertido_4_2","classe":"textConvertido_4_2","nome":"elm02_03_4_1"},{"nome":"elm02_03_4_2","tipo":"personagem","x":"0px","y":"0px","width":"1016px","height":"659px","nomeInstancia":"MovieClips/animaP4","classe":"animaP4"}]},{"desenhos":[{"tipo":"img","x":"139.4px","y":"403.2px","width":"355.75px","height":"111.25px","nomeInstancia":"MovieClips/transicao_5_0","classe":"transicao_5_0","nome":"elm02_03_5_0"},{"tipo":"img","x":"94.15px","y":"295.05px","width":"433.6px","height":"112.25px","nomeInstancia":"MovieClips/transicao_4_0","classe":"transicao_4_0","nome":"elm02_03_4_0"},{"tipo":"img","x":"294.3px","y":"167.4px","width":"427.4px","height":"22.55px","nomeInstancia":"MovieClips/textConvertido_4_2","classe":"textConvertido_4_2","nome":"elm02_03_4_1"},{"nome":"elm02_03_4_2","tipo":"personagem","x":"0px","y":"0px","width":"1016px","height":"659px","nomeInstancia":"MovieClips/animaP4","classe":"animaP4"}]},{"desenhos":[{"tipo":"img","x":"523.6px","y":"264.4px","width":"409.4px","height":"104.75px","nomeInstancia":"MovieClips/textConvertido_6_0","classe":"textConvertido_6_0","nome":"elm02_03_6_0"},{"tipo":"img","x":"98.3px","y":"238.2px","width":"381.2px","height":"261.15px","nomeInstancia":"MovieClips/transicao_6_1","classe":"transicao_6_1","nome":"elm02_03_6_1"}]},{"desenhos":[{"tipo":"img","x":"523.6px","y":"392.35px","width":"430.4px","height":"84.2px","nomeInstancia":"MovieClips/textConvertido_7_0","classe":"textConvertido_7_0","nome":"elm02_03_7_0"},{"tipo":"img","x":"523.6px","y":"264.4px","width":"409.4px","height":"104.75px","nomeInstancia":"MovieClips/textConvertido_6_0","classe":"textConvertido_6_0","nome":"elm02_03_6_0"},{"tipo":"img","x":"98.3px","y":"238.2px","width":"381.2px","height":"261.15px","nomeInstancia":"MovieClips/transicao_6_1","classe":"transicao_6_1","nome":"elm02_03_6_1"}]},{"desenhos":[{"tipo":"img","x":"122.6px","y":"294.4px","width":"370.4px","height":"63.65px","nomeInstancia":"MovieClips/textConvertido_8_0","classe":"textConvertido_8_0","nome":"elm02_03_8_0"},{"tipo":"img","x":"574.5px","y":"181.25px","width":"329.15px","height":"340.8px","nomeInstancia":"MovieClips/transicao_8_1","classe":"transicao_8_1","nome":"elm02_03_8_1"}]},{"desenhos":[{"tipo":"img","x":"122.6px","y":"389.4px","width":"354.4px","height":"63.65px","nomeInstancia":"MovieClips/textConvertido_9_0","classe":"textConvertido_9_0","nome":"elm02_03_9_0"},{"tipo":"img","x":"122.6px","y":"294.4px","width":"370.4px","height":"63.65px","nomeInstancia":"MovieClips/textConvertido_8_0","classe":"textConvertido_8_0","nome":"elm02_03_8_0"},{"tipo":"img","x":"574.5px","y":"181.25px","width":"329.15px","height":"340.8px","nomeInstancia":"MovieClips/transicao_8_1","classe":"transicao_8_1","nome":"elm02_03_8_1"}]},{"desenhos":[{"tipo":"img","x":"508.1px","y":"221.4px","width":"428.4px","height":"104.75px","nomeInstancia":"MovieClips/textConvertido_10_0","classe":"textConvertido_10_0","nome":"elm02_03_10_0"},{"tipo":"img","x":"69.1px","y":"242.05px","width":"364.6px","height":"242.05px","nomeInstancia":"MovieClips/transicao_10_1","classe":"transicao_10_1","nome":"elm02_03_10_1"}]},{"desenhos":[{"tipo":"img","x":"508.1px","y":"347.65px","width":"428.4px","height":"84.2px","nomeInstancia":"MovieClips/textConvertido_11_0","classe":"textConvertido_11_0","nome":"elm02_03_11_0"},{"tipo":"img","x":"508.1px","y":"221.4px","width":"428.4px","height":"104.75px","nomeInstancia":"MovieClips/textConvertido_10_0","classe":"textConvertido_10_0","nome":"elm02_03_10_0"},{"tipo":"img","x":"69.1px","y":"242.05px","width":"364.6px","height":"242.05px","nomeInstancia":"MovieClips/transicao_10_1","classe":"transicao_10_1","nome":"elm02_03_10_1"}]},{"desenhos":[{"tipo":"img","x":"508.1px","y":"453.35px","width":"392.4px","height":"43.1px","nomeInstancia":"MovieClips/textConvertido_12_0","classe":"textConvertido_12_0","nome":"elm02_03_12_0"},{"tipo":"img","x":"508.1px","y":"347.65px","width":"428.4px","height":"84.2px","nomeInstancia":"MovieClips/textConvertido_11_0","classe":"textConvertido_11_0","nome":"elm02_03_11_0"},{"tipo":"img","x":"508.1px","y":"221.4px","width":"428.4px","height":"104.75px","nomeInstancia":"MovieClips/textConvertido_10_0","classe":"textConvertido_10_0","nome":"elm02_03_10_0"},{"tipo":"img","x":"69.1px","y":"242.05px","width":"364.6px","height":"242.05px","nomeInstancia":"MovieClips/transicao_10_1","classe":"transicao_10_1","nome":"elm02_03_10_1"}]},{"desenhos":[{"tipo":"img","x":"69.2px","y":"296.4px","width":"354.4px","height":"63.65px","nomeInstancia":"MovieClips/textConvertido_13_0","classe":"textConvertido_13_0","nome":"elm02_03_13_0"},{"tipo":"img","x":"492.4px","y":"263px","width":"444.4px","height":"203.25px","nomeInstancia":"MovieClips/transicao_13_1","classe":"transicao_13_1","nome":"elm02_03_13_1"}]},{"desenhos":[{"tipo":"img","x":"69.2px","y":"385.7px","width":"384.4px","height":"63.65px","nomeInstancia":"MovieClips/textConvertido_14_0","classe":"textConvertido_14_0","nome":"elm02_03_14_0"},{"tipo":"img","x":"69.2px","y":"296.4px","width":"354.4px","height":"63.65px","nomeInstancia":"MovieClips/textConvertido_13_0","classe":"textConvertido_13_0","nome":"elm02_03_13_0"},{"tipo":"img","x":"492.4px","y":"263px","width":"444.4px","height":"203.25px","nomeInstancia":"MovieClips/transicao_13_1","classe":"transicao_13_1","nome":"elm02_03_13_1"}]},{"desenhos":[{"tipo":"img","x":"287.3px","y":"183.4px","width":"441.4px","height":"43.1px","nomeInstancia":"MovieClips/textConvertido_15_0","classe":"textConvertido_15_0","nome":"elm02_03_15_0"}]},{"desenhos":[{"tipo":"img","x":"387.8px","y":"255.45px","width":"240.4px","height":"125.25px","nomeInstancia":"MovieClips/transicao_16_0","classe":"transicao_16_0","nome":"elm02_03_16_0"},{"tipo":"img","x":"287.3px","y":"183.4px","width":"441.4px","height":"43.1px","nomeInstancia":"MovieClips/textConvertido_15_0","classe":"textConvertido_15_0","nome":"elm02_03_15_0"}]},{"desenhos":[{"tipo":"img","x":"265.15px","y":"409.7px","width":"485.7px","height":"104.75px","nomeInstancia":"MovieClips/textConvertido_17_0","classe":"textConvertido_17_0","nome":"elm02_03_17_0"},{"tipo":"img","x":"387.8px","y":"255.45px","width":"240.4px","height":"125.25px","nomeInstancia":"MovieClips/transicao_16_0","classe":"transicao_16_0","nome":"elm02_03_16_0"},{"tipo":"img","x":"287.3px","y":"183.4px","width":"441.4px","height":"43.1px","nomeInstancia":"MovieClips/textConvertido_15_0","classe":"textConvertido_15_0","nome":"elm02_03_15_0"}]},{"desenhos":[{"tipo":"img","x":"79.15px","y":"224.4px","width":"441.4px","height":"43.1px","nomeInstancia":"MovieClips/textConvertido_18_0","classe":"textConvertido_18_0","nome":"elm02_03_18_0"},{"tipo":"img","x":"550.45px","y":"274.25px","width":"373.35px","height":"149.1px","nomeInstancia":"MovieClips/transicao_18_1","classe":"transicao_18_1","nome":"elm02_03_18_1"}]},{"desenhos":[{"tipo":"img","x":"79.15px","y":"409.7px","width":"485.7px","height":"125.3px","nomeInstancia":"MovieClips/textConvertido_19_2","classe":"textConvertido_19_2","nome":"elm02_03_19_0"},{"tipo":"img","x":"79.15px","y":"285.4px","width":"441.4px","height":"22.55px","nomeInstancia":"MovieClips/textConvertido_19_1","classe":"textConvertido_19_1","nome":"elm02_03_19_1"},{"tipo":"img","x":"79.15px","y":"337.4px","width":"78.9px","height":"45.1px","nomeInstancia":"MovieClips/shapeConvertido_19_0","classe":"shapeConvertido_19_0","nome":"elm02_03_19_2"},{"tipo":"img","x":"79.15px","y":"224.4px","width":"441.4px","height":"43.1px","nomeInstancia":"MovieClips/textConvertido_18_0","classe":"textConvertido_18_0","nome":"elm02_03_18_0"},{"tipo":"img","x":"550.45px","y":"274.25px","width":"373.35px","height":"149.1px","nomeInstancia":"MovieClips/transicao_18_1","classe":"transicao_18_1","nome":"elm02_03_18_1"}]},{"desenhos":[{"tipo":"img","x":"575.15px","y":"313.35px","width":"283.85px","height":"43.1px","nomeInstancia":"MovieClips/textConvertido_20_0","classe":"textConvertido_20_0","nome":"elm02_03_20_0"},{"tipo":"img","x":"128.45px","y":"291.9px","width":"373.35px","height":"149.1px","nomeInstancia":"MovieClips/transicao_20_1","classe":"transicao_20_1","nome":"elm02_03_20_1"}]},{"desenhos":[{"tipo":"img","x":"575.15px","y":"377.35px","width":"270.85px","height":"63.65px","nomeInstancia":"MovieClips/textConvertido_21_0","classe":"textConvertido_21_0","nome":"elm02_03_21_0"},{"tipo":"img","x":"575.15px","y":"313.35px","width":"283.85px","height":"43.1px","nomeInstancia":"MovieClips/textConvertido_20_0","classe":"textConvertido_20_0","nome":"elm02_03_20_0"},{"tipo":"img","x":"128.45px","y":"291.9px","width":"373.35px","height":"149.1px","nomeInstancia":"MovieClips/transicao_20_1","classe":"transicao_20_1","nome":"elm02_03_20_1"}]},{"desenhos":[{"tipo":"img","x":"287.3px","y":"174.4px","width":"441.4px","height":"22.55px","nomeInstancia":"MovieClips/textConvertido_22_1","classe":"textConvertido_22_1","nome":"elm02_03_22_0"},{"tipo":"img","x":"59.65px","y":"261.95px","width":"441.4px","height":"84.2px","nomeInstancia":"MovieClips/textConvertido_22_0","classe":"textConvertido_22_0","nome":"elm02_03_22_1"},{"tipo":"img","x":"548.75px","y":"261.95px","width":"406.9px","height":"257.25px","nomeInstancia":"MovieClips/transicao_22_2","classe":"transicao_22_2","nome":"elm02_03_22_2"}]},{"desenhos":[{"tipo":"img","x":"59.65px","y":"363.5px","width":"464.85px","height":"84.2px","nomeInstancia":"MovieClips/textConvertido_23_0","classe":"textConvertido_23_0","nome":"elm02_03_23_0"},{"tipo":"img","x":"287.3px","y":"174.4px","width":"441.4px","height":"22.55px","nomeInstancia":"MovieClips/textConvertido_22_1","classe":"textConvertido_22_1","nome":"elm02_03_22_0"},{"tipo":"img","x":"59.65px","y":"261.95px","width":"441.4px","height":"84.2px","nomeInstancia":"MovieClips/textConvertido_22_0","classe":"textConvertido_22_0","nome":"elm02_03_22_1"},{"tipo":"img","x":"548.75px","y":"261.95px","width":"406.9px","height":"257.25px","nomeInstancia":"MovieClips/transicao_22_2","classe":"transicao_22_2","nome":"elm02_03_22_2"}]},{"desenhos":[{"tipo":"img","x":"263.25px","y":"240.2px","width":"672.15px","height":"341.5px","nomeInstancia":"MovieClips/telaInfo24","classe":"telaInfo24","nome":"elm02_03_24_0"},{"tipo":"img","x":"59.65px","y":"465.05px","width":"464.85px","height":"43.1px","nomeInstancia":"MovieClips/textConvertido_24_1","classe":"textConvertido_24_1","nome":"elm02_03_24_1"},{"tipo":"img","x":"59.65px","y":"363.5px","width":"464.85px","height":"84.2px","nomeInstancia":"MovieClips/textConvertido_23_0","classe":"textConvertido_23_0","nome":"elm02_03_23_0"},{"tipo":"img","x":"287.3px","y":"174.4px","width":"441.4px","height":"22.55px","nomeInstancia":"MovieClips/textConvertido_22_1","classe":"textConvertido_22_1","nome":"elm02_03_22_0"},{"tipo":"img","x":"59.65px","y":"261.95px","width":"441.4px","height":"84.2px","nomeInstancia":"MovieClips/textConvertido_22_0","classe":"textConvertido_22_0","nome":"elm02_03_22_1"},{"tipo":"img","x":"548.75px","y":"261.95px","width":"406.9px","height":"257.25px","nomeInstancia":"MovieClips/transicao_22_2","classe":"transicao_22_2","nome":"elm02_03_22_2"}]},{"desenhos":[{"tipo":"img","x":"461px","y":"230.75px","width":"434.2px","height":"112.25px","nomeInstancia":"MovieClips/transicao_25_0","classe":"transicao_25_0","nome":"elm02_03_25_0"},{"nome":"elm02_03_25_1","tipo":"personagem","x":"0px","y":"0px","width":"1016px","height":"659px","nomeInstancia":"MovieClips/animaP25","classe":"animaP25"}]},{"desenhos":[{"tipo":"img","x":"83.15px","y":"278.4px","width":"401.85px","height":"63.65px","nomeInstancia":"MovieClips/textConvertido_26_0","classe":"textConvertido_26_0","nome":"elm02_03_26_0"},{"tipo":"img","x":"522.95px","y":"249.25px","width":"413.45px","height":"204.75px","nomeInstancia":"MovieClips/transicao_26_1","classe":"transicao_26_1","nome":"elm02_03_26_1"}]},{"desenhos":[{"tipo":"img","x":"83.15px","y":"359.4px","width":"413.85px","height":"84.2px","nomeInstancia":"MovieClips/textConvertido_27_0","classe":"textConvertido_27_0","nome":"elm02_03_27_0"},{"tipo":"img","x":"83.15px","y":"278.4px","width":"401.85px","height":"63.65px","nomeInstancia":"MovieClips/textConvertido_26_0","classe":"textConvertido_26_0","nome":"elm02_03_26_0"},{"tipo":"img","x":"522.95px","y":"249.25px","width":"413.45px","height":"204.75px","nomeInstancia":"MovieClips/transicao_26_1","classe":"transicao_26_1","nome":"elm02_03_26_1"}]},{"desenhos":[{"tipo":"img","x":"307.1px","y":"189.4px","width":"401.85px","height":"22.55px","nomeInstancia":"MovieClips/textConvertido_28_1","classe":"textConvertido_28_1","nome":"elm02_03_28_0"},{"tipo":"img","x":"538.15px","y":"326.6px","width":"413.85px","height":"104.75px","nomeInstancia":"MovieClips/textConvertido_28_0","classe":"textConvertido_28_0","nome":"elm02_03_28_1"},{"tipo":"img","x":"87.65px","y":"306.35px","width":"406.8px","height":"171.45px","nomeInstancia":"MovieClips/transicao_28_2","classe":"transicao_28_2","nome":"elm02_03_28_2"}]},{"desenhos":[{"tipo":"img","x":"97.15px","y":"335.55px","width":"379.85px","height":"63.65px","nomeInstancia":"MovieClips/textConvertido_29_0","classe":"textConvertido_29_0","nome":"elm02_03_29_0"},{"tipo":"img","x":"519.5px","y":"236.65px","width":"337.8px","height":"230px","nomeInstancia":"MovieClips/transicao_29_1","classe":"transicao_29_1","nome":"elm02_03_29_1"}]},{"desenhos":[{"tipo":"img","x":"507.15px","y":"261.8px","width":"426.25px","height":"95.65px","nomeInstancia":"MovieClips/transicao_30_0","classe":"transicao_30_0","nome":"elm02_03_30_0"},{"nome":"elm02_03_30_1","tipo":"personagem","x":"0px","y":"0px","width":"1016px","height":"659px","nomeInstancia":"MovieClips/animaP30","classe":"animaP30"}]},{"desenhos":[{"tipo":"img","x":"552.3px","y":"352.85px","width":"328.95px","height":"123.1px","nomeInstancia":"MovieClips/transicao_31_0","classe":"transicao_31_0","nome":"elm02_03_31_0"},{"tipo":"img","x":"507.15px","y":"261.8px","width":"426.25px","height":"95.65px","nomeInstancia":"MovieClips/transicao_30_0","classe":"transicao_30_0","nome":"elm02_03_30_0"},{"nome":"elm02_03_30_1","tipo":"personagem","x":"0px","y":"0px","width":"1016px","height":"659px","nomeInstancia":"MovieClips/animaP30","classe":"animaP30"}]},{"desenhos":[{"tipo":"img","x":"86.15px","y":"321.85px","width":"342.85px","height":"104.75px","nomeInstancia":"MovieClips/textConvertido_32_0","classe":"textConvertido_32_0","nome":"elm02_03_32_0"},{"tipo":"img","x":"526.5px","y":"290px","width":"406.8px","height":"171.45px","nomeInstancia":"MovieClips/transicao_32_1","classe":"transicao_32_1","nome":"elm02_03_32_1"}]},{"desenhos":[{"tipo":"img","x":"304.25px","y":"222.3px","width":"420.5px","height":"279.35px","nomeInstancia":"MovieClips/destaque33","classe":"destaque33","nome":"elm02_03_33_0"},{"tipo":"img","x":"86.15px","y":"321.85px","width":"342.85px","height":"104.75px","nomeInstancia":"MovieClips/textConvertido_32_0","classe":"textConvertido_32_0","nome":"elm02_03_32_0"},{"tipo":"img","x":"526.5px","y":"290px","width":"406.8px","height":"171.45px","nomeInstancia":"MovieClips/transicao_32_1","classe":"transicao_32_1","nome":"elm02_03_32_1"}]},{"desenhos":[{"tipo":"img","x":"481.15px","y":"246.85px","width":"456.85px","height":"84.2px","nomeInstancia":"MovieClips/textConvertido_34_0","classe":"textConvertido_34_0","nome":"elm02_03_34_0"},{"tipo":"img","x":"125.45px","y":"296.25px","width":"301.9px","height":"112.5px","nomeInstancia":"MovieClips/transicao_34_1","classe":"transicao_34_1","nome":"elm02_03_34_1"}]},{"desenhos":[{"tipo":"img","x":"481.15px","y":"348.35px","width":"437.85px","height":"43.1px","nomeInstancia":"MovieClips/textConvertido_35_0","classe":"textConvertido_35_0","nome":"elm02_03_35_0"},{"tipo":"img","x":"481.15px","y":"246.85px","width":"456.85px","height":"84.2px","nomeInstancia":"MovieClips/textConvertido_34_0","classe":"textConvertido_34_0","nome":"elm02_03_34_0"},{"tipo":"img","x":"125.45px","y":"296.25px","width":"301.9px","height":"112.5px","nomeInstancia":"MovieClips/transicao_34_1","classe":"transicao_34_1","nome":"elm02_03_34_1"}]},{"desenhos":[{"tipo":"img","x":"481.15px","y":"408.75px","width":"486.85px","height":"84.2px","nomeInstancia":"MovieClips/textConvertido_36_0","classe":"textConvertido_36_0","nome":"elm02_03_36_0"},{"tipo":"img","x":"481.15px","y":"348.35px","width":"437.85px","height":"43.1px","nomeInstancia":"MovieClips/textConvertido_35_0","classe":"textConvertido_35_0","nome":"elm02_03_35_0"},{"tipo":"img","x":"481.15px","y":"246.85px","width":"456.85px","height":"84.2px","nomeInstancia":"MovieClips/textConvertido_34_0","classe":"textConvertido_34_0","nome":"elm02_03_34_0"},{"tipo":"img","x":"125.45px","y":"296.25px","width":"301.9px","height":"112.5px","nomeInstancia":"MovieClips/transicao_34_1","classe":"transicao_34_1","nome":"elm02_03_34_1"}]},{"desenhos":[{"tipo":"img","x":"279.6px","y":"197.85px","width":"456.85px","height":"43.1px","nomeInstancia":"MovieClips/textConvertido_37_0","classe":"textConvertido_37_0","nome":"elm02_03_37_0"}]},{"desenhos":[{"tipo":"img","x":"419.8px","y":"269.65px","width":"176.4px","height":"91.95px","nomeInstancia":"MovieClips/transicao_38_0","classe":"transicao_38_0","nome":"elm02_03_38_0"},{"tipo":"img","x":"279.6px","y":"197.85px","width":"456.85px","height":"43.1px","nomeInstancia":"MovieClips/textConvertido_37_0","classe":"textConvertido_37_0","nome":"elm02_03_37_0"}]},{"desenhos":[{"tipo":"img","x":"270.6px","y":"390.3px","width":"474.85px","height":"125.3px","nomeInstancia":"MovieClips/textConvertido_39_0","classe":"textConvertido_39_0","nome":"elm02_03_39_0"},{"tipo":"img","x":"419.8px","y":"269.65px","width":"176.4px","height":"91.95px","nomeInstancia":"MovieClips/transicao_38_0","classe":"transicao_38_0","nome":"elm02_03_38_0"},{"tipo":"img","x":"279.6px","y":"197.85px","width":"456.85px","height":"43.1px","nomeInstancia":"MovieClips/textConvertido_37_0","classe":"textConvertido_37_0","nome":"elm02_03_37_0"}]},{"desenhos":[{"tipo":"img","x":"279.6px","y":"197.85px","width":"456.85px","height":"22.55px","nomeInstancia":"MovieClips/textConvertido_40_1","classe":"textConvertido_40_1","nome":"elm02_03_40_0"},{"tipo":"img","x":"104.3px","y":"263.85px","width":"779.4px","height":"43.1px","nomeInstancia":"MovieClips/textConvertido_40_0","classe":"textConvertido_40_0","nome":"elm02_03_40_1"}]},{"desenhos":[{"tipo":"img","x":"104.3px","y":"336.85px","width":"791.7px","height":"22.55px","nomeInstancia":"MovieClips/textConvertido_41_0","classe":"textConvertido_41_0","nome":"elm02_03_41_0"},{"tipo":"img","x":"279.6px","y":"197.85px","width":"456.85px","height":"22.55px","nomeInstancia":"MovieClips/textConvertido_40_1","classe":"textConvertido_40_1","nome":"elm02_03_40_0"},{"tipo":"img","x":"104.3px","y":"263.85px","width":"779.4px","height":"43.1px","nomeInstancia":"MovieClips/textConvertido_40_0","classe":"textConvertido_40_0","nome":"elm02_03_40_1"}]},{"desenhos":[{"tipo":"img","x":"104.3px","y":"398.8px","width":"456.7px","height":"104.75px","nomeInstancia":"MovieClips/textConvertido_42_2","classe":"textConvertido_42_2","nome":"elm02_03_42_0"},{"tipo":"img","x":"599.55px","y":"398.8px","width":"68.75px","height":"22.55px","nomeInstancia":"MovieClips/textConvertido_42_1","classe":"textConvertido_42_1","nome":"elm02_03_42_1"},{"tipo":"img","x":"668.3px","y":"398.8px","width":"198.4px","height":"103.4px","nomeInstancia":"MovieClips/transicao_42_0","classe":"transicao_42_0","nome":"elm02_03_42_2"},{"tipo":"img","x":"104.3px","y":"336.85px","width":"791.7px","height":"22.55px","nomeInstancia":"MovieClips/textConvertido_41_0","classe":"textConvertido_41_0","nome":"elm02_03_41_0"},{"tipo":"img","x":"279.6px","y":"197.85px","width":"456.85px","height":"22.55px","nomeInstancia":"MovieClips/textConvertido_40_1","classe":"textConvertido_40_1","nome":"elm02_03_40_0"},{"tipo":"img","x":"104.3px","y":"263.85px","width":"779.4px","height":"43.1px","nomeInstancia":"MovieClips/textConvertido_40_0","classe":"textConvertido_40_0","nome":"elm02_03_40_1"}]},{"desenhos":[{"tipo":"img","x":"426.4px","y":"264.15px","width":"346.55px","height":"118.15px","nomeInstancia":"MovieClips/transicao_43_0","classe":"transicao_43_0","nome":"elm02_03_43_0"},{"nome":"elm02_03_43_1","tipo":"personagem","x":"0px","y":"0px","width":"1016px","height":"659px","nomeInstancia":"MovieClips/animaP43","classe":"animaP43"}]},{"desenhos":[{"tipo":"img","x":"254.6px","y":"201.5px","width":"630.1px","height":"258.7px","nomeInstancia":"MovieClips/telaInfo44_scroll","classe":"telaInfo44_scroll","nome":"elm02_03_44_0"},{"tipo":"img","x":"99.15px","y":"273px","width":"444.85px","height":"186.95px","nomeInstancia":"MovieClips/textConvertido_44_2","classe":"textConvertido_44_2","nome":"elm02_03_44_1"},{"tipo":"img","x":"99.15px","y":"468.25px","width":"444.85px","height":"22.55px","nomeInstancia":"MovieClips/textConvertido_44_1","classe":"textConvertido_44_1","nome":"elm02_03_44_2"},{"tipo":"img","x":"184.15px","y":"191.95px","width":"647.7px","height":"22.55px","nomeInstancia":"MovieClips/textConvertido_44_4","classe":"textConvertido_44_4","nome":"elm02_03_44_3"},{"tipo":"img","x":"584.65px","y":"263.5px","width":"361.7px","height":"227.3px","nomeInstancia":"MovieClips/transicao_44_3","classe":"transicao_44_3","nome":"elm02_03_44_4"}]},{"desenhos":[{"tipo":"img","x":"262.05px","y":"194.25px","width":"504.9px","height":"335.45px","nomeInstancia":"MovieClips/destaque45","classe":"destaque45","nome":"elm02_03_45_0"},{"tipo":"img","x":"99.15px","y":"273px","width":"444.85px","height":"186.95px","nomeInstancia":"MovieClips/textConvertido_44_2","classe":"textConvertido_44_2","nome":"elm02_03_44_1"},{"tipo":"img","x":"99.15px","y":"468.25px","width":"444.85px","height":"22.55px","nomeInstancia":"MovieClips/textConvertido_44_1","classe":"textConvertido_44_1","nome":"elm02_03_44_2"},{"tipo":"img","x":"184.15px","y":"191.95px","width":"647.7px","height":"22.55px","nomeInstancia":"MovieClips/textConvertido_44_4","classe":"textConvertido_44_4","nome":"elm02_03_44_3"},{"tipo":"img","x":"584.65px","y":"263.5px","width":"361.7px","height":"227.3px","nomeInstancia":"MovieClips/transicao_44_3","classe":"transicao_44_3","nome":"elm02_03_44_4"}]},{"desenhos":[{"tipo":"img","x":"89.4px","y":"163px","width":"225.9px","height":"74.55px","nomeInstancia":"MovieClips/transicao_46_0","classe":"transicao_46_0","nome":"elm02_03_46_0"},{"tipo":"img","x":"75.5px","y":"233.1px","width":"738.15px","height":"323.85px","nomeInstancia":"MovieClips/opcoes46","classe":"opcoes46","nome":"elm02_03_46_1"},{"tipo":"img","x":"89.4px","y":"285.05px","width":"834.6px","height":"133.85px","nomeInstancia":"MovieClips/textConvertido_46_9","classe":"textConvertido_46_9","nome":"elm02_03_46_2"},{"tipo":"img","x":"345.7px","y":"214px","width":"591px","height":"22.55px","nomeInstancia":"MovieClips/textConvertido_46_1","classe":"textConvertido_46_1","nome":"elm02_03_46_3"}]}]}