{"licao":"elm02_04","topico":"04","telas":[{"desenhos":[{"tipo":"img","x":"371.55px","y":"231.6px","width":"502.05px","height":"73.15px","nomeInstancia":"transicao_1_0","classe":"transicao_1_0","nome":"elm02_04_1_0"},{"nome":"elm02_04_1_1","tipo":"personagem","x":"0px","y":"0px","width":"1016px","height":"659px","nomeInstancia":"MovieClips/animaP1","classe":"animaP1"}]},{"desenhos":[{"tipo":"img","x":"418.5px","y":"299.95px","width":"453.1px","height":"103.4px","nomeInstancia":"transicao_2_0","classe":"transicao_2_0","nome":"elm02_04_2_0"},{"tipo":"img","x":"371.55px","y":"231.6px","width":"502.05px","height":"73.15px","nomeInstancia":"transicao_1_0","classe":"transicao_1_0","nome":"elm02_04_1_0"},{"nome":"elm02_04_1_1","tipo":"personagem","x":"0px","y":"0px","width":"1016px","height":"659px","nomeInstancia":"MovieClips/animaP1","classe":"animaP1"}]},{"desenhos":[{"tipo":"img","x":"64.6px","y":"246.7px","width":"380.95px","height":"84.2px","nomeInstancia":"textConvertido_3_0","classe":"textConvertido_3_0","nome":"elm02_04_3_0"},{"tipo":"img","x":"496.95px","y":"172.95px","width":"430.3px","height":"349.15px","nomeInstancia":"transicao_3_1","classe":"transicao_3_1","nome":"elm02_04_3_1"}]},{"desenhos":[{"tipo":"img","x":"64.6px","y":"352.65px","width":"369.5px","height":"125.3px","nomeInstancia":"textConvertido_4_0","classe":"textConvertido_4_0","nome":"elm02_04_4_0"},{"tipo":"img","x":"64.6px","y":"246.7px","width":"380.95px","height":"84.2px","nomeInstancia":"textConvertido_3_0","classe":"textConvertido_3_0","nome":"elm02_04_3_0"},{"tipo":"img","x":"496.95px","y":"172.95px","width":"430.3px","height":"349.15px","nomeInstancia":"transicao_3_1","classe":"transicao_3_1","nome":"elm02_04_3_1"}]},{"desenhos":[{"tipo":"img","x":"139.2px","y":"231.7px","width":"403.6px","height":"273.65px","nomeInstancia":"MovieClips/opcoes6","classe":"opcoes6","nome":"elm02_04_5_0"},{"tipo":"img","x":"513.95px","y":"231.7px","width":"405.5px","height":"103.35px","nomeInstancia":"transicao_5_1","classe":"transicao_5_1","nome":"elm02_04_5_1"},{"nome":"elm02_04_5_2","tipo":"png","x":"0px","y":"0px","width":"1016px","height":"659px","nomeInstancia":"MovieClips/anima5","classe":"anima5"}]},{"desenhos":[{"tipo":"img","x":"84.6px","y":"271.85px","width":"410.4px","height":"43.1px","nomeInstancia":"textConvertido_6_0","classe":"textConvertido_6_0","nome":"elm02_04_6_0"},{"tipo":"img","x":"568.75px","y":"237.75px","width":"350.7px","height":"243.7px","nomeInstancia":"transicao_6_1","classe":"transicao_6_1","nome":"elm02_04_6_1"}]},{"desenhos":[{"tipo":"img","x":"84.6px","y":"334.55px","width":"448.4px","height":"63.65px","nomeInstancia":"textConvertido_7_0","classe":"textConvertido_7_0","nome":"elm02_04_7_0"},{"tipo":"img","x":"84.6px","y":"271.85px","width":"410.4px","height":"43.1px","nomeInstancia":"textConvertido_6_0","classe":"textConvertido_6_0","nome":"elm02_04_6_0"},{"tipo":"img","x":"568.75px","y":"237.75px","width":"350.7px","height":"243.7px","nomeInstancia":"transicao_6_1","classe":"transicao_6_1","nome":"elm02_04_6_1"}]},{"desenhos":[{"tipo":"img","x":"84.6px","y":"417.8px","width":"445.4px","height":"63.65px","nomeInstancia":"textConvertido_8_0","classe":"textConvertido_8_0","nome":"elm02_04_8_0"},{"tipo":"img","x":"84.6px","y":"334.55px","width":"448.4px","height":"63.65px","nomeInstancia":"textConvertido_7_0","classe":"textConvertido_7_0","nome":"elm02_04_7_0"},{"tipo":"img","x":"84.6px","y":"271.85px","width":"410.4px","height":"43.1px","nomeInstancia":"textConvertido_6_0","classe":"textConvertido_6_0","nome":"elm02_04_6_0"},{"tipo":"img","x":"568.75px","y":"237.75px","width":"350.7px","height":"243.7px","nomeInstancia":"transicao_6_1","classe":"transicao_6_1","nome":"elm02_04_6_1"}]},{"desenhos":[{"tipo":"img","x":"465.6px","y":"232.85px","width":"483.4px","height":"104.75px","nomeInstancia":"textConvertido_9_0","classe":"textConvertido_9_0","nome":"elm02_04_9_0"},{"tipo":"img","x":"53.35px","y":"304.05px","width":"363.8px","height":"154.2px","nomeInstancia":"transicao_9_1","classe":"transicao_9_1","nome":"elm02_04_9_1"}]},{"desenhos":[{"tipo":"img","x":"91.65px","y":"216.8px","width":"661.1px","height":"360.75px","nomeInstancia":"MovieClips/telaInfo10","classe":"telaInfo10","nome":"elm02_04_10_0"},{"tipo":"img","x":"465.6px","y":"352.4px","width":"498.4px","height":"125.3px","nomeInstancia":"textConvertido_10_2","classe":"textConvertido_10_2","nome":"elm02_04_10_1"},{"tipo":"img","x":"465.6px","y":"492.5px","width":"384.4px","height":"22.55px","nomeInstancia":"textConvertido_10_1","classe":"textConvertido_10_1","nome":"elm02_04_10_2"},{"tipo":"img","x":"465.6px","y":"232.85px","width":"483.4px","height":"104.75px","nomeInstancia":"textConvertido_9_0","classe":"textConvertido_9_0","nome":"elm02_04_9_0"},{"tipo":"img","x":"53.35px","y":"304.05px","width":"363.8px","height":"154.2px","nomeInstancia":"transicao_9_1","classe":"transicao_9_1","nome":"elm02_04_9_1"}]},{"desenhos":[{"tipo":"img","x":"106.75px","y":"235.55px","width":"367.95px","height":"92.7px","nomeInstancia":"transicao_11_0","classe":"transicao_11_0","nome":"elm02_04_11_0"},{"nome":"elm02_04_11_1","tipo":"personagem","x":"0px","y":"0px","width":"1016px","height":"659px","nomeInstancia":"MovieClips/animaP11","classe":"animaP11"}]},{"desenhos":[{"tipo":"img","x":"465.6px","y":"232.85px","width":"488.4px","height":"125.3px","nomeInstancia":"textConvertido_12_0","classe":"textConvertido_12_0","nome":"elm02_04_12_0"},{"tipo":"img","x":"112.2px","y":"310.45px","width":"307.45px","height":"115.35px","nomeInstancia":"transicao_12_1","classe":"transicao_12_1","nome":"elm02_04_12_1"}]},{"desenhos":[{"tipo":"img","x":"465.6px","y":"383.8px","width":"488.4px","height":"125.3px","nomeInstancia":"textConvertido_13_0","classe":"textConvertido_13_0","nome":"elm02_04_13_0"},{"tipo":"img","x":"465.6px","y":"232.85px","width":"488.4px","height":"125.3px","nomeInstancia":"textConvertido_12_0","classe":"textConvertido_12_0","nome":"elm02_04_12_0"},{"tipo":"img","x":"112.2px","y":"310.45px","width":"307.45px","height":"115.35px","nomeInstancia":"transicao_12_1","classe":"transicao_12_1","nome":"elm02_04_12_1"}]},{"desenhos":[{"tipo":"img","x":"97.6px","y":"296.85px","width":"488.4px","height":"22.55px","nomeInstancia":"textConvertido_14_0","classe":"textConvertido_14_0","nome":"elm02_04_14_0"},{"tipo":"img","x":"586px","y":"221.25px","width":"336.35px","height":"267.1px","nomeInstancia":"transicao_14_1","classe":"transicao_14_1","nome":"elm02_04_14_1"}]},{"desenhos":[{"tipo":"img","x":"97.6px","y":"340.05px","width":"488.4px","height":"43.1px","nomeInstancia":"textConvertido_15_0","classe":"textConvertido_15_0","nome":"elm02_04_15_0"},{"tipo":"img","x":"97.6px","y":"296.85px","width":"488.4px","height":"22.55px","nomeInstancia":"textConvertido_14_0","classe":"textConvertido_14_0","nome":"elm02_04_14_0"},{"tipo":"img","x":"586px","y":"221.25px","width":"336.35px","height":"267.1px","nomeInstancia":"transicao_14_1","classe":"transicao_14_1","nome":"elm02_04_14_1"}]},{"desenhos":[{"tipo":"img","x":"97.6px","y":"403.8px","width":"451.4px","height":"43.1px","nomeInstancia":"textConvertido_16_0","classe":"textConvertido_16_0","nome":"elm02_04_16_0"},{"tipo":"img","x":"97.6px","y":"340.05px","width":"488.4px","height":"43.1px","nomeInstancia":"textConvertido_15_0","classe":"textConvertido_15_0","nome":"elm02_04_15_0"},{"tipo":"img","x":"97.6px","y":"296.85px","width":"488.4px","height":"22.55px","nomeInstancia":"textConvertido_14_0","classe":"textConvertido_14_0","nome":"elm02_04_14_0"},{"tipo":"img","x":"586px","y":"221.25px","width":"336.35px","height":"267.1px","nomeInstancia":"transicao_14_1","classe":"transicao_14_1","nome":"elm02_04_14_1"}]},{"desenhos":[{"tipo":"img","x":"583.45px","y":"278.85px","width":"335.4px","height":"63.65px","nomeInstancia":"textConvertido_17_0","classe":"textConvertido_17_0","nome":"elm02_04_17_0"},{"tipo":"img","x":"56.85px","y":"285.7px","width":"446.65px","height":"187.1px","nomeInstancia":"transicao_17_1","classe":"transicao_17_1","nome":"elm02_04_17_1"}]},{"desenhos":[{"tipo":"img","x":"583.45px","y":"368.05px","width":"345.4px","height":"104.75px","nomeInstancia":"textConvertido_18_0","classe":"textConvertido_18_0","nome":"elm02_04_18_0"},{"tipo":"img","x":"583.45px","y":"278.85px","width":"335.4px","height":"63.65px","nomeInstancia":"textConvertido_17_0","classe":"textConvertido_17_0","nome":"elm02_04_17_0"},{"tipo":"img","x":"56.85px","y":"285.7px","width":"446.65px","height":"187.1px","nomeInstancia":"transicao_17_1","classe":"transicao_17_1","nome":"elm02_04_17_1"}]},{"desenhos":[{"tipo":"img","x":"80.8px","y":"248.15px","width":"370.4px","height":"84.2px","nomeInstancia":"textConvertido_19_0","classe":"textConvertido_19_0","nome":"elm02_04_19_0"},{"tipo":"img","x":"496.4px","y":"248.15px","width":"437.5px","height":"209.9px","nomeInstancia":"transicao_19_1","classe":"transicao_19_1","nome":"elm02_04_19_1"}]},{"desenhos":[{"tipo":"img","x":"80.8px","y":"350px","width":"363.4px","height":"63.65px","nomeInstancia":"textConvertido_20_0","classe":"textConvertido_20_0","nome":"elm02_04_20_0"},{"tipo":"img","x":"80.8px","y":"248.15px","width":"370.4px","height":"84.2px","nomeInstancia":"textConvertido_19_0","classe":"textConvertido_19_0","nome":"elm02_04_19_0"},{"tipo":"img","x":"496.4px","y":"248.15px","width":"437.5px","height":"209.9px","nomeInstancia":"transicao_19_1","classe":"transicao_19_1","nome":"elm02_04_19_1"}]},{"desenhos":[{"tipo":"img","x":"80.8px","y":"431.3px","width":"363.4px","height":"43.1px","nomeInstancia":"textConvertido_21_0","classe":"textConvertido_21_0","nome":"elm02_04_21_0"},{"tipo":"img","x":"80.8px","y":"350px","width":"363.4px","height":"63.65px","nomeInstancia":"textConvertido_20_0","classe":"textConvertido_20_0","nome":"elm02_04_20_0"},{"tipo":"img","x":"80.8px","y":"248.15px","width":"370.4px","height":"84.2px","nomeInstancia":"textConvertido_19_0","classe":"textConvertido_19_0","nome":"elm02_04_19_0"},{"tipo":"img","x":"496.4px","y":"248.15px","width":"437.5px","height":"209.9px","nomeInstancia":"transicao_19_1","classe":"transicao_19_1","nome":"elm02_04_19_1"}]},{"desenhos":[{"tipo":"img","x":"297.1px","y":"217.55px","width":"434.85px","height":"288.9px","nomeInstancia":"MovieClips/destaque22","classe":"destaque22","nome":"elm02_04_22_0"},{"tipo":"img","x":"80.8px","y":"431.3px","width":"363.4px","height":"43.1px","nomeInstancia":"textConvertido_21_0","classe":"textConvertido_21_0","nome":"elm02_04_21_0"},{"tipo":"img","x":"80.8px","y":"350px","width":"363.4px","height":"63.65px","nomeInstancia":"textConvertido_20_0","classe":"textConvertido_20_0","nome":"elm02_04_20_0"},{"tipo":"img","x":"80.8px","y":"248.15px","width":"370.4px","height":"84.2px","nomeInstancia":"textConvertido_19_0","classe":"textConvertido_19_0","nome":"elm02_04_19_0"},{"tipo":"img","x":"496.4px","y":"248.15px","width":"437.5px","height":"209.9px","nomeInstancia":"transicao_19_1","classe":"transicao_19_1","nome":"elm02_04_19_1"}]},{"desenhos":[{"tipo":"img","x":"526.6px","y":"271.15px","width":"432.4px","height":"104.75px","nomeInstancia":"textConvertido_23_1","classe":"textConvertido_23_1","nome":"elm02_04_23_0"},{"tipo":"img","x":"322.8px","y":"171.15px","width":"370.4px","height":"22.55px","nomeInstancia":"textConvertido_23_0","classe":"textConvertido_23_0","nome":"elm02_04_23_1"},{"tipo":"img","x":"45.9px","y":"240.2px","width":"444.35px","height":"298.65px","nomeInstancia":"transicao_23_2","classe":"transicao_23_2","nome":"elm02_04_23_2"}]},{"desenhos":[{"tipo":"img","x":"263.25px","y":"240.2px","width":"711.75px","height":"339.05px","nomeInstancia":"MovieClips/telaInfo24","classe":"telaInfo24","nome":"elm02_04_24_0"},{"tipo":"img","x":"526.6px","y":"395.15px","width":"448.4px","height":"63.65px","nomeInstancia":"textConvertido_24_2","classe":"textConvertido_24_2","nome":"elm02_04_24_1"},{"tipo":"img","x":"526.6px","y":"478.05px","width":"399.4px","height":"22.55px","nomeInstancia":"textConvertido_24_1","classe":"textConvertido_24_1","nome":"elm02_04_24_2"},{"tipo":"img","x":"526.6px","y":"271.15px","width":"432.4px","height":"104.75px","nomeInstancia":"textConvertido_23_1","classe":"textConvertido_23_1","nome":"elm02_04_23_0"},{"tipo":"img","x":"322.8px","y":"171.15px","width":"370.4px","height":"22.55px","nomeInstancia":"textConvertido_23_0","classe":"textConvertido_23_0","nome":"elm02_04_23_1"},{"tipo":"img","x":"45.9px","y":"240.2px","width":"444.35px","height":"298.65px","nomeInstancia":"transicao_23_2","classe":"transicao_23_2","nome":"elm02_04_23_2"}]},{"desenhos":[{"tipo":"img","x":"87.6px","y":"318.1px","width":"484.4px","height":"22.55px","nomeInstancia":"textConvertido_25_1","classe":"textConvertido_25_1","nome":"elm02_04_25_0"},{"tipo":"img","x":"322.8px","y":"199.15px","width":"370.4px","height":"22.55px","nomeInstancia":"textConvertido_25_0","classe":"textConvertido_25_0","nome":"elm02_04_25_1"},{"tipo":"img","x":"623.3px","y":"249.05px","width":"299.1px","height":"272.75px","nomeInstancia":"transicao_25_2","classe":"transicao_25_2","nome":"elm02_04_25_2"}]},{"desenhos":[{"tipo":"img","x":"87.6px","y":"366.1px","width":"488.4px","height":"84.2px","nomeInstancia":"textConvertido_26_0","classe":"textConvertido_26_0","nome":"elm02_04_26_0"},{"tipo":"img","x":"87.6px","y":"318.1px","width":"484.4px","height":"22.55px","nomeInstancia":"textConvertido_25_1","classe":"textConvertido_25_1","nome":"elm02_04_25_0"},{"tipo":"img","x":"322.8px","y":"199.15px","width":"370.4px","height":"22.55px","nomeInstancia":"textConvertido_25_0","classe":"textConvertido_25_0","nome":"elm02_04_25_1"},{"tipo":"img","x":"623.3px","y":"249.05px","width":"299.1px","height":"272.75px","nomeInstancia":"transicao_25_2","classe":"transicao_25_2","nome":"elm02_04_25_2"}]},{"desenhos":[{"tipo":"img","x":"387.9px","y":"206.7px","width":"471.1px","height":"94.65px","nomeInstancia":"transicao_27_0","classe":"transicao_27_0","nome":"elm02_04_27_0"},{"nome":"elm02_04_27_1","tipo":"personagem","x":"0px","y":"0px","width":"1016px","height":"659px","nomeInstancia":"MovieClips/animaP27","classe":"animaP27"}]},{"desenhos":[{"tipo":"img","x":"435.45px","y":"295.3px","width":"313.7px","height":"89.55px","nomeInstancia":"transicao_28_0","classe":"transicao_28_0","nome":"elm02_04_28_0"},{"tipo":"img","x":"387.9px","y":"206.7px","width":"471.1px","height":"94.65px","nomeInstancia":"transicao_27_0","classe":"transicao_27_0","nome":"elm02_04_27_0"},{"nome":"elm02_04_27_1","tipo":"personagem","x":"0px","y":"0px","width":"1016px","height":"659px","nomeInstancia":"MovieClips/animaP27","classe":"animaP27"}]},{"desenhos":[{"tipo":"img","x":"435.45px","y":"378.8px","width":"432.1px","height":"122.05px","nomeInstancia":"transicao_29_0","classe":"transicao_29_0","nome":"elm02_04_29_0"},{"tipo":"img","x":"435.45px","y":"295.3px","width":"313.7px","height":"89.55px","nomeInstancia":"transicao_28_0","classe":"transicao_28_0","nome":"elm02_04_28_0"},{"tipo":"img","x":"387.9px","y":"206.7px","width":"471.1px","height":"94.65px","nomeInstancia":"transicao_27_0","classe":"transicao_27_0","nome":"elm02_04_27_0"},{"nome":"elm02_04_27_1","tipo":"personagem","x":"0px","y":"0px","width":"1016px","height":"659px","nomeInstancia":"MovieClips/animaP27","classe":"animaP27"}]},{"desenhos":[{"tipo":"img","x":"114.6px","y":"258.1px","width":"431.4px","height":"104.75px","nomeInstancia":"textConvertido_30_0","classe":"textConvertido_30_0","nome":"elm02_04_30_0"},{"tipo":"img","x":"608px","y":"218.45px","width":"299.1px","height":"272.75px","nomeInstancia":"transicao_30_1","classe":"transicao_30_1","nome":"elm02_04_30_1"}]},{"desenhos":[{"tipo":"img","x":"228.75px","y":"202.6px","width":"656.3px","height":"366.4px","nomeInstancia":"MovieClips/telaInfo31","classe":"telaInfo31","nome":"elm02_04_31_0"},{"tipo":"img","x":"114.6px","y":"378.6px","width":"446.4px","height":"63.65px","nomeInstancia":"textConvertido_31_2","classe":"textConvertido_31_2","nome":"elm02_04_31_1"},{"tipo":"img","x":"114.6px","y":"458px","width":"291.4px","height":"22.55px","nomeInstancia":"textConvertido_31_1","classe":"textConvertido_31_1","nome":"elm02_04_31_2"},{"tipo":"img","x":"114.6px","y":"258.1px","width":"431.4px","height":"104.75px","nomeInstancia":"textConvertido_30_0","classe":"textConvertido_30_0","nome":"elm02_04_30_0"},{"tipo":"img","x":"608px","y":"218.45px","width":"299.1px","height":"272.75px","nomeInstancia":"transicao_30_1","classe":"transicao_30_1","nome":"elm02_04_30_1"}]},{"desenhos":[{"tipo":"img","x":"38.7px","y":"205.05px","width":"894.1px","height":"393.95px","nomeInstancia":"MovieClips/dragDrop_submit_32","classe":"dragDrop_submit_32","nome":"elm02_04_32_0"},{"tipo":"img","x":"232.15px","y":"210.35px","width":"551.7px","height":"43.1px","nomeInstancia":"textConvertido_32_1","classe":"textConvertido_32_1","nome":"elm02_04_32_1"},{"tipo":"img","x":"395.05px","y":"124.4px","width":"225.9px","height":"74.55px","nomeInstancia":"transicao_32_2","classe":"transicao_32_2","nome":"elm02_04_32_2"}]},{"desenhos":[{"tipo":"img","x":"451.1px","y":"275.15px","width":"480.35px","height":"94.3px","nomeInstancia":"transicao_33_0","classe":"transicao_33_0","nome":"elm02_04_33_0"},{"tipo":"img","x":"52px","y":"144.85px","width":"122.65px","height":"77.95px","nomeInstancia":"transicao_33_1","classe":"transicao_33_1","nome":"elm02_04_33_1"},{"nome":"elm02_04_33_2","tipo":"personagem","x":"0px","y":"0px","width":"1016px","height":"659px","nomeInstancia":"MovieClips/animaP33","classe":"animaP33"}]},{"desenhos":[{"tipo":"img","x":"499.1px","y":"364px","width":"437.65px","height":"111.25px","nomeInstancia":"transicao_34_0","classe":"transicao_34_0","nome":"elm02_04_34_0"},{"tipo":"img","x":"451.1px","y":"275.15px","width":"480.35px","height":"94.3px","nomeInstancia":"transicao_33_0","classe":"transicao_33_0","nome":"elm02_04_33_0"},{"tipo":"img","x":"52px","y":"144.85px","width":"122.65px","height":"77.95px","nomeInstancia":"transicao_33_1","classe":"transicao_33_1","nome":"elm02_04_33_1"},{"nome":"elm02_04_33_2","tipo":"personagem","x":"0px","y":"0px","width":"1016px","height":"659px","nomeInstancia":"MovieClips/animaP33","classe":"animaP33"}]},{"desenhos":[{"tipo":"img","x":"243.7px","y":"197.55px","width":"553.5px","height":"274.4px","nomeInstancia":"transicao_35_0","classe":"transicao_35_0","nome":"elm02_04_35_0"}]}]}