{"licao":"elb04_01","topico":"01","telas":[{"desenhos":[{"tipo":"img","x":"98.2px","y":"219.3px","width":"426px","height":"84.2px","nomeInstancia":"MovieClips/textConvertido_1_0","classe":"textConvertido_1_0","nome":"elb04_01_1_0"},{"tipo":"img","x":"638.1px","y":"163.75px","width":"254.15px","height":"392.2px","nomeInstancia":"MovieClips/transicao_1_1","classe":"transicao_1_1","nome":"elb04_01_1_1"}]},{"desenhos":[{"tipo":"img","x":"98.2px","y":"320.2px","width":"426px","height":"104.75px","nomeInstancia":"MovieClips/textConvertido_2_0","classe":"textConvertido_2_0","nome":"elb04_01_2_0"},{"tipo":"img","x":"98.2px","y":"219.3px","width":"426px","height":"84.2px","nomeInstancia":"MovieClips/textConvertido_1_0","classe":"textConvertido_1_0","nome":"elb04_01_1_0"},{"tipo":"img","x":"638.1px","y":"163.75px","width":"254.15px","height":"392.2px","nomeInstancia":"MovieClips/transicao_1_1","classe":"transicao_1_1","nome":"elb04_01_1_1"}]},{"desenhos":[{"tipo":"img","x":"98.2px","y":"441.65px","width":"426px","height":"63.65px","nomeInstancia":"MovieClips/textConvertido_3_0","classe":"textConvertido_3_0","nome":"elb04_01_3_0"},{"tipo":"img","x":"98.2px","y":"320.2px","width":"426px","height":"104.75px","nomeInstancia":"MovieClips/textConvertido_2_0","classe":"textConvertido_2_0","nome":"elb04_01_2_0"},{"tipo":"img","x":"98.2px","y":"219.3px","width":"426px","height":"84.2px","nomeInstancia":"MovieClips/textConvertido_1_0","classe":"textConvertido_1_0","nome":"elb04_01_1_0"},{"tipo":"img","x":"638.1px","y":"163.75px","width":"254.15px","height":"392.2px","nomeInstancia":"MovieClips/transicao_1_1","classe":"transicao_1_1","nome":"elb04_01_1_1"}]},{"desenhos":[{"tipo":"img","x":"500px","y":"291.05px","width":"426px","height":"63.65px","nomeInstancia":"MovieClips/textConvertido_4_0","classe":"textConvertido_4_0","nome":"elb04_01_4_0"},{"tipo":"img","x":"108.95px","y":"251.2px","width":"281.55px","height":"213.15px","nomeInstancia":"MovieClips/transicao_4_1","classe":"transicao_4_1","nome":"elb04_01_4_1"}]},{"desenhos":[{"tipo":"img","x":"500px","y":"375.8px","width":"426px","height":"63.65px","nomeInstancia":"MovieClips/textConvertido_5_0","classe":"textConvertido_5_0","nome":"elb04_01_5_0"},{"tipo":"img","x":"500px","y":"291.05px","width":"426px","height":"63.65px","nomeInstancia":"MovieClips/textConvertido_4_0","classe":"textConvertido_4_0","nome":"elb04_01_4_0"},{"tipo":"img","x":"108.95px","y":"251.2px","width":"281.55px","height":"213.15px","nomeInstancia":"MovieClips/transicao_4_1","classe":"transicao_4_1","nome":"elb04_01_4_1"}]},{"desenhos":[{"tipo":"img","x":"384.5px","y":"217.4px","width":"448.25px","height":"86.75px","nomeInstancia":"MovieClips/transicao_6_0","classe":"transicao_6_0","nome":"elb04_01_6_0"},{"nome":"elb04_01_6_1","tipo":"personagem","x":"0px","y":"0px","width":"1016px","height":"659px","nomeInstancia":"MovieClips/animaP6","classe":"animaP6"}]},{"desenhos":[{"tipo":"img","x":"57.3px","y":"300.15px","width":"411.95px","height":"150.85px","nomeInstancia":"MovieClips/transicao_7_0","classe":"transicao_7_0","nome":"elb04_01_7_0"},{"tipo":"img","x":"384.5px","y":"217.4px","width":"448.25px","height":"86.75px","nomeInstancia":"MovieClips/transicao_6_0","classe":"transicao_6_0","nome":"elb04_01_6_0"},{"nome":"elb04_01_6_1","tipo":"personagem","x":"0px","y":"0px","width":"1016px","height":"659px","nomeInstancia":"MovieClips/animaP6","classe":"animaP6"}]},{"desenhos":[{"tipo":"img","x":"191.8px","y":"187.1px","width":"632.4px","height":"342.5px","nomeInstancia":"MovieClips/destaque_16_1","classe":"destaque_16_1","nome":"elb04_01_8_0"},{"tipo":"img","x":"57.3px","y":"300.15px","width":"411.95px","height":"150.85px","nomeInstancia":"MovieClips/transicao_7_0","classe":"transicao_7_0","nome":"elb04_01_7_0"},{"tipo":"img","x":"384.5px","y":"217.4px","width":"448.25px","height":"86.75px","nomeInstancia":"MovieClips/transicao_6_0","classe":"transicao_6_0","nome":"elb04_01_6_0"},{"nome":"elb04_01_6_1","tipo":"personagem","x":"0px","y":"0px","width":"1016px","height":"659px","nomeInstancia":"MovieClips/animaP6","classe":"animaP6"}]},{"desenhos":[{"tipo":"img","x":"427.3px","y":"196.05px","width":"161.45px","height":"24.9px","nomeInstancia":"MovieClips/textConvertido_9_0","classe":"textConvertido_9_0","nome":"elb04_01_9_0"},{"tipo":"img","x":"181.45px","y":"246px","width":"653.1px","height":"239.85px","nomeInstancia":"MovieClips/transicao_9_1","classe":"transicao_9_1","nome":"elb04_01_9_1"}]},{"desenhos":[{"tipo":"img","x":"97.2px","y":"318.7px","width":"426px","height":"84.2px","nomeInstancia":"MovieClips/textConvertido_10_0","classe":"textConvertido_10_0","nome":"elb04_01_10_0"},{"tipo":"img","x":"619.05px","y":"227.15px","width":"284.15px","height":"267.3px","nomeInstancia":"MovieClips/transicao_10_1","classe":"transicao_10_1","nome":"elb04_01_10_1"}]},{"desenhos":[{"tipo":"img","x":"279.15px","y":"199.65px","width":"450.25px","height":"114.25px","nomeInstancia":"MovieClips/transicao_11_0","classe":"transicao_11_0","nome":"elb04_01_11_0"},{"tipo":"img","x":"86.6px","y":"153.65px","width":"426px","height":"24.9px","nomeInstancia":"MovieClips/textConvertido_11_1","classe":"textConvertido_11_1","nome":"elb04_01_11_1"},{"nome":"elb04_01_11_2","tipo":"personagem","x":"0px","y":"0px","width":"1016px","height":"659px","nomeInstancia":"MovieClips/animaP11","classe":"animaP11"}]},{"desenhos":[{"tipo":"img","x":"533.2px","y":"310.9px","width":"371.75px","height":"131.2px","nomeInstancia":"MovieClips/transicao_12_0","classe":"transicao_12_0","nome":"elb04_01_12_0"},{"tipo":"img","x":"279.15px","y":"199.65px","width":"450.25px","height":"114.25px","nomeInstancia":"MovieClips/transicao_11_0","classe":"transicao_11_0","nome":"elb04_01_11_0"},{"tipo":"img","x":"86.6px","y":"153.65px","width":"426px","height":"24.9px","nomeInstancia":"MovieClips/textConvertido_11_1","classe":"textConvertido_11_1","nome":"elb04_01_11_1"},{"nome":"elb04_01_11_2","tipo":"personagem","x":"0px","y":"0px","width":"1016px","height":"659px","nomeInstancia":"MovieClips/animaP11","classe":"animaP11"}]},{"desenhos":[{"tipo":"img","x":"556.45px","y":"438.1px","width":"381.8px","height":"126.35px","nomeInstancia":"MovieClips/transicao_13_0","classe":"transicao_13_0","nome":"elb04_01_13_0"},{"tipo":"img","x":"533.2px","y":"310.9px","width":"371.75px","height":"131.2px","nomeInstancia":"MovieClips/transicao_12_0","classe":"transicao_12_0","nome":"elb04_01_12_0"},{"tipo":"img","x":"279.15px","y":"199.65px","width":"450.25px","height":"114.25px","nomeInstancia":"MovieClips/transicao_11_0","classe":"transicao_11_0","nome":"elb04_01_11_0"},{"tipo":"img","x":"86.6px","y":"153.65px","width":"426px","height":"24.9px","nomeInstancia":"MovieClips/textConvertido_11_1","classe":"textConvertido_11_1","nome":"elb04_01_11_1"},{"nome":"elb04_01_11_2","tipo":"personagem","x":"0px","y":"0px","width":"1016px","height":"659px","nomeInstancia":"MovieClips/animaP11","classe":"animaP11"}]},{"desenhos":[{"tipo":"img","x":"277.7px","y":"238.6px","width":"460.6px","height":"228.3px","nomeInstancia":"MovieClips/destaque_112_1","classe":"destaque_112_1","nome":"elb04_01_14_0"},{"tipo":"img","x":"556.45px","y":"438.1px","width":"381.8px","height":"126.35px","nomeInstancia":"MovieClips/transicao_13_0","classe":"transicao_13_0","nome":"elb04_01_13_0"},{"tipo":"img","x":"533.2px","y":"310.9px","width":"371.75px","height":"131.2px","nomeInstancia":"MovieClips/transicao_12_0","classe":"transicao_12_0","nome":"elb04_01_12_0"},{"tipo":"img","x":"279.15px","y":"199.65px","width":"450.25px","height":"114.25px","nomeInstancia":"MovieClips/transicao_11_0","classe":"transicao_11_0","nome":"elb04_01_11_0"},{"tipo":"img","x":"86.6px","y":"153.65px","width":"426px","height":"24.9px","nomeInstancia":"MovieClips/textConvertido_11_1","classe":"textConvertido_11_1","nome":"elb04_01_11_1"},{"nome":"elb04_01_11_2","tipo":"personagem","x":"0px","y":"0px","width":"1016px","height":"659px","nomeInstancia":"MovieClips/animaP11","classe":"animaP11"}]},{"desenhos":[{"tipo":"img","x":"165px","y":"212.2px","width":"556.2px","height":"109.4px","nomeInstancia":"MovieClips/transicao_15_0","classe":"transicao_15_0","nome":"elb04_01_15_0"},{"nome":"elb04_01_15_1","tipo":"personagem","x":"0px","y":"0px","width":"1016px","height":"659px","nomeInstancia":"MovieClips/animaP15","classe":"animaP15"}]},{"desenhos":[{"tipo":"img","x":"150.85px","y":"317.6px","width":"483.35px","height":"109.3px","nomeInstancia":"MovieClips/transicao_16_0","classe":"transicao_16_0","nome":"elb04_01_16_0"},{"tipo":"img","x":"165px","y":"212.2px","width":"556.2px","height":"109.4px","nomeInstancia":"MovieClips/transicao_15_0","classe":"transicao_15_0","nome":"elb04_01_15_0"},{"nome":"elb04_01_15_1","tipo":"personagem","x":"0px","y":"0px","width":"1016px","height":"659px","nomeInstancia":"MovieClips/animaP15","classe":"animaP15"}]},{"desenhos":[{"tipo":"img","x":"463.65px","y":"239.55px","width":"426px","height":"84.2px","nomeInstancia":"MovieClips/textConvertido_17_0","classe":"textConvertido_17_0","nome":"elb04_01_17_0"},{"tipo":"img","x":"136.8px","y":"310.35px","width":"181.5px","height":"113.25px","nomeInstancia":"MovieClips/transicao_17_1","classe":"transicao_17_1","nome":"elb04_01_17_1"}]},{"desenhos":[{"tipo":"img","x":"463.65px","y":"346.25px","width":"426px","height":"84.2px","nomeInstancia":"MovieClips/textConvertido_18_0","classe":"textConvertido_18_0","nome":"elb04_01_18_0"},{"tipo":"img","x":"463.65px","y":"239.55px","width":"426px","height":"84.2px","nomeInstancia":"MovieClips/textConvertido_17_0","classe":"textConvertido_17_0","nome":"elb04_01_17_0"},{"tipo":"img","x":"136.8px","y":"310.35px","width":"181.5px","height":"113.25px","nomeInstancia":"MovieClips/transicao_17_1","classe":"transicao_17_1","nome":"elb04_01_17_1"}]},{"desenhos":[{"tipo":"img","x":"463.65px","y":"452.95px","width":"426px","height":"22.55px","nomeInstancia":"MovieClips/textConvertido_19_0","classe":"textConvertido_19_0","nome":"elb04_01_19_0"},{"tipo":"img","x":"463.65px","y":"346.25px","width":"426px","height":"84.2px","nomeInstancia":"MovieClips/textConvertido_18_0","classe":"textConvertido_18_0","nome":"elb04_01_18_0"},{"tipo":"img","x":"463.65px","y":"239.55px","width":"426px","height":"84.2px","nomeInstancia":"MovieClips/textConvertido_17_0","classe":"textConvertido_17_0","nome":"elb04_01_17_0"},{"tipo":"img","x":"136.8px","y":"310.35px","width":"181.5px","height":"113.25px","nomeInstancia":"MovieClips/transicao_17_1","classe":"transicao_17_1","nome":"elb04_01_17_1"}]},{"desenhos":[{"tipo":"img","x":"103.35px","y":"314.85px","width":"426px","height":"104.75px","nomeInstancia":"MovieClips/textConvertido_20_0","classe":"textConvertido_20_0","nome":"elb04_01_20_0"},{"tipo":"img","x":"76px","y":"168.75px","width":"426px","height":"24.9px","nomeInstancia":"MovieClips/textConvertido_20_1","classe":"textConvertido_20_1","nome":"elb04_01_20_1"},{"tipo":"img","x":"629.6px","y":"225.75px","width":"247px","height":"268.35px","nomeInstancia":"MovieClips/transicao_20_2","classe":"transicao_20_2","nome":"elb04_01_20_2"}]},{"desenhos":[{"tipo":"img","x":"181.7px","y":"190px","width":"652.6px","height":"348.6px","nomeInstancia":"MovieClips/destaque_119_1","classe":"destaque_119_1","nome":"elb04_01_21_0"},{"tipo":"img","x":"103.35px","y":"314.85px","width":"426px","height":"104.75px","nomeInstancia":"MovieClips/textConvertido_20_0","classe":"textConvertido_20_0","nome":"elb04_01_20_0"},{"tipo":"img","x":"76px","y":"168.75px","width":"426px","height":"24.9px","nomeInstancia":"MovieClips/textConvertido_20_1","classe":"textConvertido_20_1","nome":"elb04_01_20_1"},{"tipo":"img","x":"629.6px","y":"225.75px","width":"247px","height":"268.35px","nomeInstancia":"MovieClips/transicao_20_2","classe":"transicao_20_2","nome":"elb04_01_20_2"}]},{"desenhos":[{"tipo":"img","x":"288.8px","y":"147.6px","width":"568.6px","height":"171.95px","nomeInstancia":"MovieClips/transicao_22_0","classe":"transicao_22_0","nome":"elb04_01_22_0"},{"nome":"elb04_01_22_1","tipo":"personagem","x":"0px","y":"0px","width":"1016px","height":"659px","nomeInstancia":"MovieClips/animaP22","classe":"animaP22"}]},{"desenhos":[{"tipo":"img","x":"60.85px","y":"317.8px","width":"375.8px","height":"84.2px","nomeInstancia":"MovieClips/textConvertido_23_0","classe":"textConvertido_23_0","nome":"elb04_01_23_0"},{"tipo":"img","x":"487.1px","y":"144.05px","width":"469.25px","height":"431.75px","nomeInstancia":"MovieClips/transicao_23_1","classe":"transicao_23_1","nome":"elb04_01_23_1"}]},{"desenhos":[{"tipo":"img","x":"500px","y":"262.3px","width":"426px","height":"63.65px","nomeInstancia":"MovieClips/textConvertido_25_0","classe":"textConvertido_25_0","nome":"elb04_01_24_0"},{"tipo":"img","x":"74px","y":"138.45px","width":"269.65px","height":"47.8px","nomeInstancia":"MovieClips/textConvertido_24_0","classe":"textConvertido_24_0","nome":"elb04_01_24_1"},{"tipo":"img","x":"117.25px","y":"234.05px","width":"264.9px","height":"263.75px","nomeInstancia":"MovieClips/transicao_24_1","classe":"transicao_24_1","nome":"elb04_01_24_2"}]},{"desenhos":[{"tipo":"img","x":"500px","y":"344.15px","width":"426px","height":"63.65px","nomeInstancia":"MovieClips/textConvertido_26_0","classe":"textConvertido_26_0","nome":"elb04_01_25_0"},{"tipo":"img","x":"500px","y":"262.3px","width":"426px","height":"63.65px","nomeInstancia":"MovieClips/textConvertido_25_0","classe":"textConvertido_25_0","nome":"elb04_01_24_0"},{"tipo":"img","x":"74px","y":"138.45px","width":"269.65px","height":"47.8px","nomeInstancia":"MovieClips/textConvertido_24_0","classe":"textConvertido_24_0","nome":"elb04_01_24_1"},{"tipo":"img","x":"117.25px","y":"234.05px","width":"264.9px","height":"263.75px","nomeInstancia":"MovieClips/transicao_24_1","classe":"transicao_24_1","nome":"elb04_01_24_2"}]},{"desenhos":[{"tipo":"img","x":"500px","y":"426px","width":"426px","height":"63.65px","nomeInstancia":"MovieClips/textConvertido_27_0","classe":"textConvertido_27_0","nome":"elb04_01_26_0"},{"tipo":"img","x":"500px","y":"344.15px","width":"426px","height":"63.65px","nomeInstancia":"MovieClips/textConvertido_26_0","classe":"textConvertido_26_0","nome":"elb04_01_25_0"},{"tipo":"img","x":"500px","y":"262.3px","width":"426px","height":"63.65px","nomeInstancia":"MovieClips/textConvertido_25_0","classe":"textConvertido_25_0","nome":"elb04_01_24_0"},{"tipo":"img","x":"74px","y":"138.45px","width":"269.65px","height":"47.8px","nomeInstancia":"MovieClips/textConvertido_24_0","classe":"textConvertido_24_0","nome":"elb04_01_24_1"},{"tipo":"img","x":"117.25px","y":"234.05px","width":"264.9px","height":"263.75px","nomeInstancia":"MovieClips/transicao_24_1","classe":"transicao_24_1","nome":"elb04_01_24_2"}]},{"desenhos":[{"tipo":"img","x":"98.35px","y":"251.85px","width":"426px","height":"84.2px","nomeInstancia":"MovieClips/textConvertido_28_0","classe":"textConvertido_28_0","nome":"elb04_01_27_0"},{"tipo":"img","x":"624.2px","y":"280.05px","width":"263.85px","height":"177.95px","nomeInstancia":"MovieClips/transicao_28_1","classe":"transicao_28_1","nome":"elb04_01_27_1"}]},{"desenhos":[{"tipo":"img","x":"98.35px","y":"357px","width":"440.8px","height":"125.3px","nomeInstancia":"MovieClips/textConvertido_29_0","classe":"textConvertido_29_0","nome":"elb04_01_28_0"},{"tipo":"img","x":"98.35px","y":"251.85px","width":"426px","height":"84.2px","nomeInstancia":"MovieClips/textConvertido_28_0","classe":"textConvertido_28_0","nome":"elb04_01_27_0"},{"tipo":"img","x":"624.2px","y":"280.05px","width":"263.85px","height":"177.95px","nomeInstancia":"MovieClips/transicao_28_1","classe":"transicao_28_1","nome":"elb04_01_27_1"}]},{"desenhos":[{"tipo":"img","x":"634.4px","y":"339.1px","width":"328.85px","height":"63.65px","nomeInstancia":"MovieClips/textConvertido_30_0","classe":"textConvertido_30_0","nome":"elb04_01_29_0"},{"tipo":"img","x":"53.65px","y":"225.5px","width":"537.6px","height":"264.75px","nomeInstancia":"MovieClips/transicao_30_1","classe":"transicao_30_1","nome":"elb04_01_29_1"}]},{"desenhos":[{"tipo":"img","x":"229.15px","y":"235.6px","width":"557.75px","height":"346.8px","nomeInstancia":"MovieClips/opcoes30","classe":"opcoes30","nome":"elb04_01_30_0"},{"tipo":"img","x":"209.2px","y":"190.55px","width":"597.6px","height":"24.9px","nomeInstancia":"MovieClips/textConvertido_31_1","classe":"textConvertido_31_1","nome":"elb04_01_30_1"},{"tipo":"img","x":"68.45px","y":"134.3px","width":"131.9px","height":"70px","nomeInstancia":"MovieClips/transicao_31_2","classe":"transicao_31_2","nome":"elb04_01_30_2"}]}]}