{"licao":"elb04_02","topico":"02","telas":[{"desenhos":[{"tipo":"img","x":"77.05px","y":"203.1px","width":"426px","height":"84.2px","nomeInstancia":"MovieClips/textConvertido_1_0","classe":"textConvertido_1_0","nome":"elb04_02_1_0"},{"tipo":"img","x":"552.9px","y":"209.25px","width":"386.2px","height":"301.35px","nomeInstancia":"MovieClips/transicao_1_1","classe":"transicao_1_1","nome":"elb04_02_1_1"}]},{"desenhos":[{"tipo":"img","x":"77.05px","y":"318.15px","width":"426px","height":"84.2px","nomeInstancia":"MovieClips/textConvertido_2_0","classe":"textConvertido_2_0","nome":"elb04_02_2_0"},{"tipo":"img","x":"77.05px","y":"203.1px","width":"426px","height":"84.2px","nomeInstancia":"MovieClips/textConvertido_1_0","classe":"textConvertido_1_0","nome":"elb04_02_1_0"},{"tipo":"img","x":"552.9px","y":"209.25px","width":"386.2px","height":"301.35px","nomeInstancia":"MovieClips/transicao_1_1","classe":"transicao_1_1","nome":"elb04_02_1_1"}]},{"desenhos":[{"tipo":"img","x":"71px","y":"433.2px","width":"426px","height":"84.2px","nomeInstancia":"MovieClips/textConvertido_3_0","classe":"textConvertido_3_0","nome":"elb04_02_3_0"},{"tipo":"img","x":"77.05px","y":"318.15px","width":"426px","height":"84.2px","nomeInstancia":"MovieClips/textConvertido_2_0","classe":"textConvertido_2_0","nome":"elb04_02_2_0"},{"tipo":"img","x":"77.05px","y":"203.1px","width":"426px","height":"84.2px","nomeInstancia":"MovieClips/textConvertido_1_0","classe":"textConvertido_1_0","nome":"elb04_02_1_0"},{"tipo":"img","x":"552.9px","y":"209.25px","width":"386.2px","height":"301.35px","nomeInstancia":"MovieClips/transicao_1_1","classe":"transicao_1_1","nome":"elb04_02_1_1"}]},{"desenhos":[{"tipo":"img","x":"500px","y":"235px","width":"426px","height":"43.1px","nomeInstancia":"MovieClips/textConvertido_4_0","classe":"textConvertido_4_0","nome":"elb04_02_4_0"},{"tipo":"img","x":"74px","y":"161.7px","width":"426px","height":"24.9px","nomeInstancia":"MovieClips/textConvertido_4_1","classe":"textConvertido_4_1","nome":"elb04_02_4_1"},{"tipo":"img","x":"94.95px","y":"223px","width":"309.5px","height":"273.75px","nomeInstancia":"MovieClips/transicao_4_2","classe":"transicao_4_2","nome":"elb04_02_4_2"}]},{"desenhos":[{"tipo":"img","x":"500px","y":"305.4px","width":"426px","height":"63.65px","nomeInstancia":"MovieClips/textConvertido_5_0","classe":"textConvertido_5_0","nome":"elb04_02_5_0"},{"tipo":"img","x":"500px","y":"235px","width":"426px","height":"43.1px","nomeInstancia":"MovieClips/textConvertido_4_0","classe":"textConvertido_4_0","nome":"elb04_02_4_0"},{"tipo":"img","x":"74px","y":"161.7px","width":"426px","height":"24.9px","nomeInstancia":"MovieClips/textConvertido_4_1","classe":"textConvertido_4_1","nome":"elb04_02_4_1"},{"tipo":"img","x":"94.95px","y":"223px","width":"309.5px","height":"273.75px","nomeInstancia":"MovieClips/transicao_4_2","classe":"transicao_4_2","nome":"elb04_02_4_2"}]},{"desenhos":[{"tipo":"img","x":"500px","y":"396.35px","width":"426px","height":"104.75px","nomeInstancia":"MovieClips/textConvertido_6_0","classe":"textConvertido_6_0","nome":"elb04_02_6_0"},{"tipo":"img","x":"500px","y":"305.4px","width":"426px","height":"63.65px","nomeInstancia":"MovieClips/textConvertido_5_0","classe":"textConvertido_5_0","nome":"elb04_02_5_0"},{"tipo":"img","x":"500px","y":"235px","width":"426px","height":"43.1px","nomeInstancia":"MovieClips/textConvertido_4_0","classe":"textConvertido_4_0","nome":"elb04_02_4_0"},{"tipo":"img","x":"74px","y":"161.7px","width":"426px","height":"24.9px","nomeInstancia":"MovieClips/textConvertido_4_1","classe":"textConvertido_4_1","nome":"elb04_02_4_1"},{"tipo":"img","x":"94.95px","y":"223px","width":"309.5px","height":"273.75px","nomeInstancia":"MovieClips/transicao_4_2","classe":"transicao_4_2","nome":"elb04_02_4_2"}]},{"desenhos":[{"tipo":"img","x":"277.05px","y":"186.95px","width":"531.75px","height":"119.45px","nomeInstancia":"MovieClips/transicao_7_0","classe":"transicao_7_0","nome":"elb04_02_7_0"},{"nome":"elb04_02_7_1","tipo":"personagem","x":"0px","y":"0px","width":"1016px","height":"659px","nomeInstancia":"MovieClips/animaP7","classe":"animaP7"}]},{"desenhos":[{"tipo":"img","x":"66.8px","y":"303.4px","width":"426.05px","height":"96.7px","nomeInstancia":"MovieClips/transicao_8_1","classe":"transicao_8_1","nome":"elb04_02_8_0"},{"tipo":"img","x":"277.05px","y":"186.95px","width":"531.75px","height":"119.45px","nomeInstancia":"MovieClips/transicao_7_0","classe":"transicao_7_0","nome":"elb04_02_7_0"},{"nome":"elb04_02_7_1","tipo":"personagem","x":"0px","y":"0px","width":"1016px","height":"659px","nomeInstancia":"MovieClips/animaP7","classe":"animaP7"}]},{"desenhos":[{"tipo":"img","x":"254.7px","y":"230.5px","width":"507.25px","height":"197.9px","nomeInstancia":"MovieClips/destaque08","classe":"destaque08","nome":"elb04_02_9_0"},{"tipo":"img","x":"66.8px","y":"303.4px","width":"426.05px","height":"96.7px","nomeInstancia":"MovieClips/transicao_8_1","classe":"transicao_8_1","nome":"elb04_02_8_0"},{"tipo":"img","x":"277.05px","y":"186.95px","width":"531.75px","height":"119.45px","nomeInstancia":"MovieClips/transicao_7_0","classe":"transicao_7_0","nome":"elb04_02_7_0"},{"tipo":"img","x":"435.85px","y":"246.1px","width":"508.7px","height":"288.95px","nomeInstancia":"Símbolo 1","classe":"Símbolo 1","nome":"elb04_02_9_3"}]},{"desenhos":[{"tipo":"img","x":"238.85px","y":"182.95px","width":"516.05px","height":"111.25px","nomeInstancia":"MovieClips/transicao_9_0","classe":"transicao_9_0","nome":"elb04_02_10_0"},{"nome":"elb04_02_10_1","tipo":"personagem","x":"0px","y":"0px","width":"1016px","height":"659px","nomeInstancia":"MovieClips/animaP9","classe":"animaP9"}]},{"desenhos":[{"tipo":"img","x":"473.75px","y":"290.2px","width":"473.2px","height":"156.2px","nomeInstancia":"MovieClips/transicao_10_0","classe":"transicao_10_0","nome":"elb04_02_11_0"},{"tipo":"img","x":"238.85px","y":"182.95px","width":"516.05px","height":"111.25px","nomeInstancia":"MovieClips/transicao_9_0","classe":"transicao_9_0","nome":"elb04_02_10_0"},{"nome":"elb04_02_10_1","tipo":"personagem","x":"0px","y":"0px","width":"1016px","height":"659px","nomeInstancia":"MovieClips/animaP9","classe":"animaP9"}]},{"desenhos":[{"tipo":"img","x":"109.3px","y":"238px","width":"560.45px","height":"324.85px","nomeInstancia":"telaInfo12","classe":"telaInfo12","nome":"elb04_02_12_0"},{"tipo":"img","x":"495.95px","y":"442.4px","width":"445px","height":"94.55px","nomeInstancia":"MovieClips/transicao_11_1","classe":"transicao_11_1","nome":"elb04_02_12_1"},{"tipo":"img","x":"473.75px","y":"290.2px","width":"473.2px","height":"156.2px","nomeInstancia":"MovieClips/transicao_10_0","classe":"transicao_10_0","nome":"elb04_02_11_0"},{"tipo":"img","x":"238.85px","y":"182.95px","width":"516.05px","height":"111.25px","nomeInstancia":"MovieClips/transicao_9_0","classe":"transicao_9_0","nome":"elb04_02_10_0"},{"nome":"elb04_02_10_1","tipo":"personagem","x":"0px","y":"0px","width":"1016px","height":"659px","nomeInstancia":"MovieClips/animaP9","classe":"animaP9"}]},{"desenhos":[{"tipo":"img","x":"282.4px","y":"258.8px","width":"451.25px","height":"197.9px","nomeInstancia":"MovieClips/destaque_211_3","classe":"destaque_211_3","nome":"elb04_02_13_0"},{"tipo":"img","x":"109.3px","y":"238px","width":"560.45px","height":"324.85px","nomeInstancia":"telaInfo12","classe":"telaInfo12","nome":"elb04_02_12_0"},{"tipo":"img","x":"495.95px","y":"442.4px","width":"445px","height":"94.55px","nomeInstancia":"MovieClips/transicao_11_1","classe":"transicao_11_1","nome":"elb04_02_12_1"},{"tipo":"img","x":"473.75px","y":"290.2px","width":"473.2px","height":"156.2px","nomeInstancia":"MovieClips/transicao_10_0","classe":"transicao_10_0","nome":"elb04_02_11_0"},{"tipo":"img","x":"238.85px","y":"182.95px","width":"516.05px","height":"111.25px","nomeInstancia":"MovieClips/transicao_9_0","classe":"transicao_9_0","nome":"elb04_02_10_0"},{"nome":"elb04_02_10_1","tipo":"personagem","x":"0px","y":"0px","width":"1016px","height":"659px","nomeInstancia":"MovieClips/animaP9","classe":"animaP9"}]},{"desenhos":[{"tipo":"img","x":"76px","y":"276.1px","width":"426px","height":"84.2px","nomeInstancia":"MovieClips/textConvertido_13_0","classe":"textConvertido_13_0","nome":"elb04_02_14_0"},{"tipo":"img","x":"76px","y":"155.85px","width":"306.1px","height":"47.8px","nomeInstancia":"MovieClips/textConvertido_13_1","classe":"textConvertido_13_1","nome":"elb04_02_14_1"},{"tipo":"img","x":"595.4px","y":"216.8px","width":"321.3px","height":"312.45px","nomeInstancia":"MovieClips/transicao_13_2","classe":"transicao_13_2","nome":"elb04_02_14_2"}]},{"desenhos":[{"tipo":"img","x":"76px","y":"382.75px","width":"447.6px","height":"84.2px","nomeInstancia":"MovieClips/textConvertido_14_0","classe":"textConvertido_14_0","nome":"elb04_02_15_0"},{"tipo":"img","x":"76px","y":"276.1px","width":"426px","height":"84.2px","nomeInstancia":"MovieClips/textConvertido_13_0","classe":"textConvertido_13_0","nome":"elb04_02_14_0"},{"tipo":"img","x":"76px","y":"155.85px","width":"306.1px","height":"47.8px","nomeInstancia":"MovieClips/textConvertido_13_1","classe":"textConvertido_13_1","nome":"elb04_02_14_1"},{"tipo":"img","x":"595.4px","y":"216.8px","width":"321.3px","height":"312.45px","nomeInstancia":"MovieClips/transicao_13_2","classe":"transicao_13_2","nome":"elb04_02_14_2"}]},{"desenhos":[{"tipo":"img","x":"310.55px","y":"183.6px","width":"534.25px","height":"113.35px","nomeInstancia":"MovieClips/transicao_15_0","classe":"transicao_15_0","nome":"elb04_02_16_0"},{"tipo":"img","x":"86.65px","y":"145.55px","width":"426px","height":"24.9px","nomeInstancia":"MovieClips/textConvertido_15_1","classe":"textConvertido_15_1","nome":"elb04_02_16_1"},{"nome":"elb04_02_16_2","tipo":"personagem","x":"0px","y":"0px","width":"1016px","height":"659px","nomeInstancia":"MovieClips/animaP15","classe":"animaP15"}]},{"desenhos":[{"tipo":"img","x":"398.75px","y":"292.95px","width":"469.2px","height":"111.95px","nomeInstancia":"MovieClips/transicao_16_0","classe":"transicao_16_0","nome":"elb04_02_17_0"},{"tipo":"img","x":"310.55px","y":"183.6px","width":"534.25px","height":"113.35px","nomeInstancia":"MovieClips/transicao_15_0","classe":"transicao_15_0","nome":"elb04_02_16_0"},{"tipo":"img","x":"86.65px","y":"145.55px","width":"426px","height":"24.9px","nomeInstancia":"MovieClips/textConvertido_15_1","classe":"textConvertido_15_1","nome":"elb04_02_16_1"},{"nome":"elb04_02_16_2","tipo":"personagem","x":"0px","y":"0px","width":"1016px","height":"659px","nomeInstancia":"MovieClips/animaP15","classe":"animaP15"}]},{"desenhos":[{"tipo":"img","x":"348.95px","y":"238.9px","width":"439.8px","height":"63.2px","nomeInstancia":"MovieClips/transicao_17_0","classe":"transicao_17_0","nome":"elb04_02_18_0"},{"nome":"elb04_02_18_1","tipo":"personagem","x":"0px","y":"0px","width":"1016px","height":"659px","nomeInstancia":"MovieClips/animaP17","classe":"animaP17"}]},{"desenhos":[{"tipo":"img","x":"93.1px","y":"299px","width":"453.45px","height":"110.25px","nomeInstancia":"MovieClips/transicao_18_0","classe":"transicao_18_0","nome":"elb04_02_19_0"},{"tipo":"img","x":"348.95px","y":"238.9px","width":"439.8px","height":"63.2px","nomeInstancia":"MovieClips/transicao_17_0","classe":"transicao_17_0","nome":"elb04_02_18_0"},{"nome":"elb04_02_18_1","tipo":"personagem","x":"0px","y":"0px","width":"1016px","height":"659px","nomeInstancia":"MovieClips/animaP17","classe":"animaP17"}]},{"desenhos":[{"tipo":"img","x":"508.1px","y":"300.75px","width":"426px","height":"63.65px","nomeInstancia":"MovieClips/textConvertido_19_0","classe":"textConvertido_19_0","nome":"elb04_02_20_0"},{"tipo":"img","x":"78px","y":"147.55px","width":"426px","height":"24.9px","nomeInstancia":"MovieClips/textConvertido_19_1","classe":"textConvertido_19_1","nome":"elb04_02_20_1"},{"tipo":"img","x":"114.4px","y":"233.55px","width":"286.85px","height":"268.9px","nomeInstancia":"MovieClips/transicao_19_2","classe":"transicao_19_2","nome":"elb04_02_20_2"}]},{"desenhos":[{"tipo":"img","x":"163.55px","y":"223.1px","width":"774.75px","height":"358.6px","nomeInstancia":"MovieClips/telaInfo21","classe":"telaInfo21","nome":"elb04_02_21_0"},{"tipo":"img","x":"508.1px","y":"386.15px","width":"426px","height":"63.65px","nomeInstancia":"MovieClips/textConvertido_20_1","classe":"textConvertido_20_1","nome":"elb04_02_21_1"},{"tipo":"img","x":"508.1px","y":"300.75px","width":"426px","height":"63.65px","nomeInstancia":"MovieClips/textConvertido_19_0","classe":"textConvertido_19_0","nome":"elb04_02_20_0"},{"tipo":"img","x":"78px","y":"147.55px","width":"426px","height":"24.9px","nomeInstancia":"MovieClips/textConvertido_19_1","classe":"textConvertido_19_1","nome":"elb04_02_20_1"},{"tipo":"img","x":"114.4px","y":"233.55px","width":"286.85px","height":"268.9px","nomeInstancia":"MovieClips/transicao_19_2","classe":"transicao_19_2","nome":"elb04_02_20_2"}]},{"desenhos":[{"tipo":"img","x":"50.25px","y":"185.6px","width":"867.25px","height":"379.15px","nomeInstancia":"MovieClips/opcoes22","classe":"opcoes22","nome":"elb04_02_22_0"},{"tipo":"img","x":"77.5px","y":"215.8px","width":"861px","height":"289.7px","nomeInstancia":"MovieClips/textConvertido_21_1","classe":"textConvertido_21_1","nome":"elb04_02_22_1"},{"tipo":"img","x":"77.5px","y":"130.2px","width":"131.9px","height":"70px","nomeInstancia":"MovieClips/transicao_21_2","classe":"transicao_21_2","nome":"elb04_02_22_2"}]},{"desenhos":[{"tipo":"img","x":"255.55px","y":"264.35px","width":"532.3px","height":"63.65px","nomeInstancia":"MovieClips/textConvertido_22_0","classe":"textConvertido_22_0","nome":"elb04_02_23_0"},{"tipo":"img","x":"95.25px","y":"155.8px","width":"133.2px","height":"49.65px","nomeInstancia":"MovieClips/transicao_22_1","classe":"transicao_22_1","nome":"elb04_02_23_1"}]},{"desenhos":[{"tipo":"img","x":"255.55px","y":"356.5px","width":"538.4px","height":"63.65px","nomeInstancia":"MovieClips/textConvertido_23_0","classe":"textConvertido_23_0","nome":"elb04_02_24_0"},{"tipo":"img","x":"255.55px","y":"264.35px","width":"532.3px","height":"63.65px","nomeInstancia":"MovieClips/textConvertido_22_0","classe":"textConvertido_22_0","nome":"elb04_02_23_0"},{"tipo":"img","x":"95.25px","y":"155.8px","width":"133.2px","height":"49.65px","nomeInstancia":"MovieClips/transicao_22_1","classe":"transicao_22_1","nome":"elb04_02_23_1"}]},{"desenhos":[{"tipo":"img","x":"255.55px","y":"448.65px","width":"533.3px","height":"22.55px","nomeInstancia":"MovieClips/textConvertido_24_0","classe":"textConvertido_24_0","nome":"elb04_02_25_0"},{"tipo":"img","x":"255.55px","y":"356.5px","width":"538.4px","height":"63.65px","nomeInstancia":"MovieClips/textConvertido_23_0","classe":"textConvertido_23_0","nome":"elb04_02_24_0"},{"tipo":"img","x":"255.55px","y":"264.35px","width":"532.3px","height":"63.65px","nomeInstancia":"MovieClips/textConvertido_22_0","classe":"textConvertido_22_0","nome":"elb04_02_23_0"},{"tipo":"img","x":"95.25px","y":"155.8px","width":"133.2px","height":"49.65px","nomeInstancia":"MovieClips/transicao_22_1","classe":"transicao_22_1","nome":"elb04_02_23_1"}]},{"desenhos":[{"tipo":"img","x":"181.25px","y":"241.65px","width":"554.55px","height":"93.05px","nomeInstancia":"MovieClips/transicao_25_0","classe":"transicao_25_0","nome":"elb04_02_26_0"},{"nome":"elb04_02_26_1","tipo":"personagem","x":"0px","y":"0px","width":"1016px","height":"659px","nomeInstancia":"MovieClips/animaP25","classe":"animaP25"}]},{"desenhos":[{"tipo":"img","x":"133.7px","y":"330.5px","width":"505.6px","height":"125.9px","nomeInstancia":"MovieClips/transicao_26_0","classe":"transicao_26_0","nome":"elb04_02_27_0"},{"tipo":"img","x":"181.25px","y":"241.65px","width":"554.55px","height":"93.05px","nomeInstancia":"MovieClips/transicao_25_0","classe":"transicao_25_0","nome":"elb04_02_26_0"},{"nome":"elb04_02_26_1","tipo":"personagem","x":"0px","y":"0px","width":"1016px","height":"659px","nomeInstancia":"MovieClips/animaP25","classe":"animaP25"}]},{"desenhos":[{"tipo":"img","x":"303.85px","y":"203.15px","width":"540.3px","height":"97.05px","nomeInstancia":"MovieClips/transicao_27_0","classe":"transicao_27_0","nome":"elb04_02_28_0"},{"nome":"elb04_02_28_1","tipo":"personagem","x":"0px","y":"0px","width":"1016px","height":"659px","nomeInstancia":"MovieClips/animaP27","classe":"animaP27"}]},{"desenhos":[{"tipo":"img","x":"395.8px","y":"294.05px","width":"477.3px","height":"128.25px","nomeInstancia":"MovieClips/transicao_28_0","classe":"transicao_28_0","nome":"elb04_02_29_0"},{"tipo":"img","x":"303.85px","y":"203.15px","width":"540.3px","height":"97.05px","nomeInstancia":"MovieClips/transicao_27_0","classe":"transicao_27_0","nome":"elb04_02_28_0"},{"nome":"elb04_02_28_1","tipo":"personagem","x":"0px","y":"0px","width":"1016px","height":"659px","nomeInstancia":"MovieClips/animaP27","classe":"animaP27"}]},{"desenhos":[{"tipo":"img","x":"218.8px","y":"163.65px","width":"531.25px","height":"127.45px","nomeInstancia":"MovieClips/transicao_29_0","classe":"transicao_29_0","nome":"elb04_02_30_0"},{"nome":"elb04_02_30_1","tipo":"personagem","x":"0px","y":"0px","width":"1016px","height":"659px","nomeInstancia":"MovieClips/animaP29","classe":"animaP29"}]},{"desenhos":[{"tipo":"img","x":"180.8px","y":"286.1px","width":"481.3px","height":"137.2px","nomeInstancia":"MovieClips/transicao_30_0","classe":"transicao_30_0","nome":"elb04_02_31_0"},{"tipo":"img","x":"218.8px","y":"163.65px","width":"531.25px","height":"127.45px","nomeInstancia":"MovieClips/transicao_29_0","classe":"transicao_29_0","nome":"elb04_02_30_0"},{"nome":"elb04_02_30_1","tipo":"personagem","x":"0px","y":"0px","width":"1016px","height":"659px","nomeInstancia":"MovieClips/animaP29","classe":"animaP29"}]},{"desenhos":[{"tipo":"img","x":"134.55px","y":"420.3px","width":"507.6px","height":"115.85px","nomeInstancia":"MovieClips/transicao_31_0","classe":"transicao_31_0","nome":"elb04_02_32_0"},{"tipo":"img","x":"180.8px","y":"286.1px","width":"481.3px","height":"137.2px","nomeInstancia":"MovieClips/transicao_30_0","classe":"transicao_30_0","nome":"elb04_02_31_0"},{"tipo":"img","x":"218.8px","y":"163.65px","width":"531.25px","height":"127.45px","nomeInstancia":"MovieClips/transicao_29_0","classe":"transicao_29_0","nome":"elb04_02_30_0"},{"nome":"elb04_02_30_1","tipo":"personagem","x":"0px","y":"0px","width":"1016px","height":"659px","nomeInstancia":"MovieClips/animaP29","classe":"animaP29"}]},{"desenhos":[{"tipo":"img","x":"270.4px","y":"154.35px","width":"553.35px","height":"129.45px","nomeInstancia":"MovieClips/transicao_32_0","classe":"transicao_32_0","nome":"elb04_02_33_0"},{"nome":"elb04_02_33_1","tipo":"personagem","x":"0px","y":"0px","width":"1016px","height":"659px","nomeInstancia":"MovieClips/animaP32","classe":"animaP32"}]},{"desenhos":[{"tipo":"img","x":"338.25px","y":"280.25px","width":"489.5px","height":"140.2px","nomeInstancia":"MovieClips/transicao_33_0","classe":"transicao_33_0","nome":"elb04_02_34_0"},{"tipo":"img","x":"270.4px","y":"154.35px","width":"553.35px","height":"129.45px","nomeInstancia":"MovieClips/transicao_32_0","classe":"transicao_32_0","nome":"elb04_02_33_0"},{"nome":"elb04_02_33_1","tipo":"personagem","x":"0px","y":"0px","width":"1016px","height":"659px","nomeInstancia":"MovieClips/animaP32","classe":"animaP32"}]},{"desenhos":[{"tipo":"img","x":"351.25px","y":"416.35px","width":"521.7px","height":"119.45px","nomeInstancia":"MovieClips/transicao_34_0","classe":"transicao_34_0","nome":"elb04_02_35_0"},{"tipo":"img","x":"338.25px","y":"280.25px","width":"489.5px","height":"140.2px","nomeInstancia":"MovieClips/transicao_33_0","classe":"transicao_33_0","nome":"elb04_02_34_0"},{"tipo":"img","x":"270.4px","y":"154.35px","width":"553.35px","height":"129.45px","nomeInstancia":"MovieClips/transicao_32_0","classe":"transicao_32_0","nome":"elb04_02_33_0"},{"nome":"elb04_02_33_1","tipo":"personagem","x":"0px","y":"0px","width":"1016px","height":"659px","nomeInstancia":"MovieClips/animaP32","classe":"animaP32"}]},{"desenhos":[{"tipo":"img","x":"280.6px","y":"207px","width":"454.85px","height":"307.35px","nomeInstancia":"MovieClips/transicao_35_0","classe":"transicao_35_0","nome":"elb04_02_36_0"}]}]}