{"licao":"wbtelb","telas":[{"desenhos":[{"tipo":"img","x":"394.35px","y":"267.15px","width":"284.2px","height":"141.55px","nomeInstancia":"MovieClips/Símbolo 29","classe":"Símbolo 29","nome":"wbtelb_1_0"}]},{"desenhos":[{"tipo":"img","x":"311.5px","y":"217.85px","width":"400.3px","height":"250.5px","nomeInstancia":"MovieClips/Símbolo 30","classe":"Símbolo 30","nome":"wbtelb_2_0"}]},{"desenhos":[{"tipo":"img","x":"42.7px","y":"186.35px","width":"947.2px","height":"384.9px","nomeInstancia":"MovieClips/Símbolo 32","classe":"Símbolo 32","nome":"wbtelb_3_0"}]},{"desenhos":[{"tipo":"img","x":"229.85px","y":"175.15px","width":"555.8px","height":"390.25px","nomeInstancia":"MovieClips/Símbolo 10","classe":"Símbolo 10","nome":"wbtelb_4_0"}]},{"desenhos":[{"tipo":"img","x":"312.05px","y":"222.85px","width":"391.95px","height":"333.5px","nomeInstancia":"MovieClips/Símbolo 19","classe":"Símbolo 19","nome":"wbtelb_5_0"}]},{"desenhos":[{"tipo":"img","x":"0px","y":"0px","width":"1016px","height":"659px","nomeInstancia":"MovieClips/Símbolo 13","classe":"Símbolo 13","nome":"wbtelb_6_0"}]},{"desenhos":[{"tipo":"img","x":"321.6px","y":"280.65px","width":"372.8px","height":"140.05px","nomeInstancia":"MovieClips/Símbolo 44","classe":"Símbolo 44","nome":"wbtelb_7_0"}]}]}