{"licao":"eli08_03","topico":"03","telas":[{"desenhos":[{"tipo":"img","x":"94.55px","y":"262.85px","width":"494.65px","height":"93.95px","nomeInstancia":"MovieClips/transicao_1_0","classe":"transicao_1_0","nome":"eli08_03_1_0"},{"nome":"eli08_03_1_1","tipo":"personagem","x":"0px","y":"0px","width":"1016px","height":"659px","nomeInstancia":"MovieClips/animaP01","classe":"animaP01"}]},{"desenhos":[{"tipo":"img","x":"122.3px","y":"353.65px","width":"421.8px","height":"132.5px","nomeInstancia":"MovieClips/transicao_2_0","classe":"transicao_2_0","nome":"eli08_03_2_0"},{"tipo":"img","x":"94.55px","y":"262.85px","width":"494.65px","height":"93.95px","nomeInstancia":"MovieClips/transicao_1_0","classe":"transicao_1_0","nome":"eli08_03_1_0"},{"nome":"eli08_03_1_1","tipo":"personagem","x":"0px","y":"0px","width":"1016px","height":"659px","nomeInstancia":"MovieClips/animaP01","classe":"animaP01"}]},{"desenhos":[{"tipo":"img","x":"500px","y":"274px","width":"426px","height":"145.85px","nomeInstancia":"MovieClips/textConvertido_3_0","classe":"textConvertido_3_0","nome":"eli08_03_3_0"},{"tipo":"img","x":"89.1px","y":"203.3px","width":"322.6px","height":"287.2px","nomeInstancia":"MovieClips/transicao_3_1","classe":"transicao_3_1","nome":"eli08_03_3_1"}]},{"desenhos":[{"tipo":"img","x":"84.15px","y":"258.75px","width":"385.8px","height":"84.2px","nomeInstancia":"MovieClips/textConvertido_4_0","classe":"textConvertido_4_0","nome":"eli08_03_4_0"},{"tipo":"img","x":"555.1px","y":"222.95px","width":"340.9px","height":"296.65px","nomeInstancia":"MovieClips/transicao_4_1","classe":"transicao_4_1","nome":"eli08_03_4_1"}]},{"desenhos":[{"tipo":"img","x":"84.15px","y":"360.1px","width":"426px","height":"22.55px","nomeInstancia":"MovieClips/textConvertido_5_0","classe":"textConvertido_5_0","nome":"eli08_03_5_0"},{"tipo":"img","x":"84.15px","y":"258.75px","width":"385.8px","height":"84.2px","nomeInstancia":"MovieClips/textConvertido_4_0","classe":"textConvertido_4_0","nome":"eli08_03_4_0"},{"tipo":"img","x":"555.1px","y":"222.95px","width":"340.9px","height":"296.65px","nomeInstancia":"MovieClips/transicao_4_1","classe":"transicao_4_1","nome":"eli08_03_4_1"}]},{"desenhos":[{"tipo":"img","x":"84.15px","y":"399.8px","width":"406.35px","height":"63.65px","nomeInstancia":"MovieClips/textConvertido_6_0","classe":"textConvertido_6_0","nome":"eli08_03_6_0"},{"tipo":"img","x":"84.15px","y":"360.1px","width":"426px","height":"22.55px","nomeInstancia":"MovieClips/textConvertido_5_0","classe":"textConvertido_5_0","nome":"eli08_03_5_0"},{"tipo":"img","x":"84.15px","y":"258.75px","width":"385.8px","height":"84.2px","nomeInstancia":"MovieClips/textConvertido_4_0","classe":"textConvertido_4_0","nome":"eli08_03_4_0"},{"tipo":"img","x":"555.1px","y":"222.95px","width":"340.9px","height":"296.65px","nomeInstancia":"MovieClips/transicao_4_1","classe":"transicao_4_1","nome":"eli08_03_4_1"}]},{"desenhos":[{"tipo":"img","x":"500px","y":"251.55px","width":"402.05px","height":"125.3px","nomeInstancia":"MovieClips/textConvertido_7_0","classe":"textConvertido_7_0","nome":"eli08_03_7_0"},{"tipo":"img","x":"99.85px","y":"246.6px","width":"301.1px","height":"227.3px","nomeInstancia":"MovieClips/transicao_7_1","classe":"transicao_7_1","nome":"eli08_03_7_1"}]},{"desenhos":[{"tipo":"img","x":"500px","y":"398.15px","width":"377.45px","height":"63.65px","nomeInstancia":"MovieClips/textConvertido_8_0","classe":"textConvertido_8_0","nome":"eli08_03_8_0"},{"tipo":"img","x":"500px","y":"251.55px","width":"402.05px","height":"125.3px","nomeInstancia":"MovieClips/textConvertido_7_0","classe":"textConvertido_7_0","nome":"eli08_03_7_0"},{"tipo":"img","x":"99.85px","y":"246.6px","width":"301.1px","height":"227.3px","nomeInstancia":"MovieClips/transicao_7_1","classe":"transicao_7_1","nome":"eli08_03_7_1"}]},{"desenhos":[{"tipo":"img","x":"44.2px","y":"145.85px","width":"426px","height":"22.55px","nomeInstancia":"MovieClips/textConvertido_9_1","classe":"textConvertido_9_1","nome":"eli08_03_9_0"},{"tipo":"img","x":"44.2px","y":"178.4px","width":"469px","height":"108.3px","nomeInstancia":"MovieClips/transicao_9_0","classe":"transicao_9_0","nome":"eli08_03_9_1"},{"tipo":"img","x":"715.5px","y":"161.6px","width":"239px","height":"288.85px","nomeInstancia":"MovieClips/transicao_9_3","classe":"transicao_9_3","nome":"eli08_03_9_2"},{"nome":"eli08_03_9_3","tipo":"personagem","x":"0px","y":"0px","width":"1016px","height":"659px","nomeInstancia":"MovieClips/animaP09","classe":"animaP09"}]},{"desenhos":[{"tipo":"img","x":"53.4px","y":"282.5px","width":"411.55px","height":"93.2px","nomeInstancia":"MovieClips/transicao_10_0","classe":"transicao_10_0","nome":"eli08_03_10_0"},{"tipo":"img","x":"44.2px","y":"145.85px","width":"426px","height":"22.55px","nomeInstancia":"MovieClips/textConvertido_9_1","classe":"textConvertido_9_1","nome":"eli08_03_9_0"},{"tipo":"img","x":"44.2px","y":"178.4px","width":"469px","height":"108.3px","nomeInstancia":"MovieClips/transicao_9_0","classe":"transicao_9_0","nome":"eli08_03_9_1"},{"tipo":"img","x":"715.5px","y":"161.6px","width":"239px","height":"288.85px","nomeInstancia":"MovieClips/transicao_9_3","classe":"transicao_9_3","nome":"eli08_03_9_2"},{"nome":"eli08_03_9_3","tipo":"personagem","x":"0px","y":"0px","width":"1016px","height":"659px","nomeInstancia":"MovieClips/animaP09","classe":"animaP09"}]},{"desenhos":[{"tipo":"img","x":"635.45px","y":"234.15px","width":"336.45px","height":"22.55px","nomeInstancia":"MovieClips/textConvertido_11_1","classe":"textConvertido_11_1","nome":"eli08_03_11_0"},{"tipo":"img","x":"635.45px","y":"281.1px","width":"301.55px","height":"145.85px","nomeInstancia":"MovieClips/textConvertido_11_0","classe":"textConvertido_11_0","nome":"eli08_03_11_1"},{"tipo":"img","x":"54.25px","y":"259.9px","width":"545.6px","height":"223.2px","nomeInstancia":"MovieClips/transicao_11_2","classe":"transicao_11_2","nome":"eli08_03_11_2"}]},{"desenhos":[{"tipo":"img","x":"635.45px","y":"440px","width":"304.6px","height":"43.1px","nomeInstancia":"MovieClips/textConvertido_12_0","classe":"textConvertido_12_0","nome":"eli08_03_12_0"},{"tipo":"img","x":"635.45px","y":"234.15px","width":"336.45px","height":"22.55px","nomeInstancia":"MovieClips/textConvertido_11_1","classe":"textConvertido_11_1","nome":"eli08_03_11_0"},{"tipo":"img","x":"635.45px","y":"281.1px","width":"301.55px","height":"145.85px","nomeInstancia":"MovieClips/textConvertido_11_0","classe":"textConvertido_11_0","nome":"eli08_03_11_1"},{"tipo":"img","x":"54.25px","y":"259.9px","width":"545.6px","height":"223.2px","nomeInstancia":"MovieClips/transicao_11_2","classe":"transicao_11_2","nome":"eli08_03_11_2"}]},{"desenhos":[{"tipo":"img","x":"48.35px","y":"285.5px","width":"402.25px","height":"84.2px","nomeInstancia":"MovieClips/textConvertido_13_0","classe":"textConvertido_13_0","nome":"eli08_03_13_0"},{"tipo":"img","x":"471.1px","y":"265.05px","width":"492.8px","height":"201.6px","nomeInstancia":"MovieClips/transicao_13_1","classe":"transicao_13_1","nome":"eli08_03_13_1"}]},{"desenhos":[{"tipo":"img","x":"48.35px","y":"391px","width":"360.15px","height":"63.65px","nomeInstancia":"MovieClips/textConvertido_14_0","classe":"textConvertido_14_0","nome":"eli08_03_14_0"},{"tipo":"img","x":"48.35px","y":"285.5px","width":"402.25px","height":"84.2px","nomeInstancia":"MovieClips/textConvertido_13_0","classe":"textConvertido_13_0","nome":"eli08_03_13_0"},{"tipo":"img","x":"471.1px","y":"265.05px","width":"492.8px","height":"201.6px","nomeInstancia":"MovieClips/transicao_13_1","classe":"transicao_13_1","nome":"eli08_03_13_1"}]},{"desenhos":[{"tipo":"img","x":"500px","y":"232.1px","width":"405.15px","height":"84.2px","nomeInstancia":"MovieClips/textConvertido_15_0","classe":"textConvertido_15_0","nome":"eli08_03_15_0"},{"tipo":"img","x":"84.6px","y":"240px","width":"382.9px","height":"244.15px","nomeInstancia":"MovieClips/transicao_15_1","classe":"transicao_15_1","nome":"eli08_03_15_1"}]},{"desenhos":[{"tipo":"img","x":"500px","y":"330.4px","width":"405.15px","height":"104.75px","nomeInstancia":"MovieClips/textConvertido_16_0","classe":"textConvertido_16_0","nome":"eli08_03_16_0"},{"tipo":"img","x":"500px","y":"232.1px","width":"405.15px","height":"84.2px","nomeInstancia":"MovieClips/textConvertido_15_0","classe":"textConvertido_15_0","nome":"eli08_03_15_0"},{"tipo":"img","x":"84.6px","y":"240px","width":"382.9px","height":"244.15px","nomeInstancia":"MovieClips/transicao_15_1","classe":"transicao_15_1","nome":"eli08_03_15_1"}]},{"desenhos":[{"tipo":"img","x":"500px","y":"449.25px","width":"411.3px","height":"43.1px","nomeInstancia":"MovieClips/textConvertido_17_0","classe":"textConvertido_17_0","nome":"eli08_03_17_0"},{"tipo":"img","x":"500px","y":"330.4px","width":"405.15px","height":"104.75px","nomeInstancia":"MovieClips/textConvertido_16_0","classe":"textConvertido_16_0","nome":"eli08_03_16_0"},{"tipo":"img","x":"500px","y":"232.1px","width":"405.15px","height":"84.2px","nomeInstancia":"MovieClips/textConvertido_15_0","classe":"textConvertido_15_0","nome":"eli08_03_15_0"},{"tipo":"img","x":"84.6px","y":"240px","width":"382.9px","height":"244.15px","nomeInstancia":"MovieClips/transicao_15_1","classe":"transicao_15_1","nome":"eli08_03_15_1"}]},{"desenhos":[{"tipo":"img","x":"43.15px","y":"149.95px","width":"426px","height":"22.55px","nomeInstancia":"MovieClips/textConvertido_18_1","classe":"textConvertido_18_1","nome":"eli08_03_18_0"},{"tipo":"img","x":"32.95px","y":"182.5px","width":"431px","height":"135px","nomeInstancia":"MovieClips/transicao_18_0","classe":"transicao_18_0","nome":"eli08_03_18_1"},{"tipo":"img","x":"611px","y":"242.3px","width":"371.4px","height":"141.65px","nomeInstancia":"MovieClips/transicao_18_3","classe":"transicao_18_3","nome":"eli08_03_18_2"},{"nome":"eli08_03_18_3","tipo":"personagem","x":"0px","y":"0px","width":"1016px","height":"659px","nomeInstancia":"MovieClips/animaP18","classe":"animaP18"}]},{"desenhos":[{"tipo":"img","x":"32.95px","y":"313.3px","width":"402.35px","height":"157.15px","nomeInstancia":"MovieClips/transicao_19_0","classe":"transicao_19_0","nome":"eli08_03_19_0"},{"tipo":"img","x":"43.15px","y":"149.95px","width":"426px","height":"22.55px","nomeInstancia":"MovieClips/textConvertido_18_1","classe":"textConvertido_18_1","nome":"eli08_03_18_0"},{"tipo":"img","x":"32.95px","y":"182.5px","width":"431px","height":"135px","nomeInstancia":"MovieClips/transicao_18_0","classe":"transicao_18_0","nome":"eli08_03_18_1"},{"tipo":"img","x":"611px","y":"242.3px","width":"371.4px","height":"141.65px","nomeInstancia":"MovieClips/transicao_18_3","classe":"transicao_18_3","nome":"eli08_03_18_2"},{"nome":"eli08_03_18_3","tipo":"personagem","x":"0px","y":"0px","width":"1016px","height":"659px","nomeInstancia":"MovieClips/animaP18","classe":"animaP18"}]},{"desenhos":[{"tipo":"img","x":"553.6px","y":"268.85px","width":"403.7px","height":"104.75px","nomeInstancia":"MovieClips/textConvertido_20_0","classe":"textConvertido_20_0","nome":"eli08_03_20_0"},{"tipo":"img","x":"31.7px","y":"302.6px","width":"496.2px","height":"175.75px","nomeInstancia":"MovieClips/transicao_20_1","classe":"transicao_20_1","nome":"eli08_03_20_1"}]},{"desenhos":[{"tipo":"img","x":"553.6px","y":"391px","width":"416.3px","height":"125.3px","nomeInstancia":"MovieClips/textConvertido_21_0","classe":"textConvertido_21_0","nome":"eli08_03_21_0"},{"tipo":"img","x":"553.6px","y":"268.85px","width":"403.7px","height":"104.75px","nomeInstancia":"MovieClips/textConvertido_20_0","classe":"textConvertido_20_0","nome":"eli08_03_20_0"},{"tipo":"img","x":"31.7px","y":"302.6px","width":"496.2px","height":"175.75px","nomeInstancia":"MovieClips/transicao_20_1","classe":"transicao_20_1","nome":"eli08_03_20_1"}]},{"desenhos":[{"tipo":"img","x":"47.5px","y":"252.05px","width":"375.4px","height":"22.55px","nomeInstancia":"MovieClips/textConvertido_22_1","classe":"textConvertido_22_1","nome":"eli08_03_22_0"},{"tipo":"img","x":"47.5px","y":"294.05px","width":"380.55px","height":"84.2px","nomeInstancia":"MovieClips/textConvertido_22_0","classe":"textConvertido_22_0","nome":"eli08_03_22_1"},{"tipo":"img","x":"473.5px","y":"302.95px","width":"496.2px","height":"175.75px","nomeInstancia":"MovieClips/transicao_22_2","classe":"transicao_22_2","nome":"eli08_03_22_2"}]},{"desenhos":[{"tipo":"img","x":"47.5px","y":"394.5px","width":"399.5px","height":"84.2px","nomeInstancia":"MovieClips/textConvertido_23_0","classe":"textConvertido_23_0","nome":"eli08_03_23_0"},{"tipo":"img","x":"47.5px","y":"252.05px","width":"375.4px","height":"22.55px","nomeInstancia":"MovieClips/textConvertido_22_1","classe":"textConvertido_22_1","nome":"eli08_03_22_0"},{"tipo":"img","x":"47.5px","y":"294.05px","width":"380.55px","height":"84.2px","nomeInstancia":"MovieClips/textConvertido_22_0","classe":"textConvertido_22_0","nome":"eli08_03_22_1"},{"tipo":"img","x":"473.5px","y":"302.95px","width":"496.2px","height":"175.75px","nomeInstancia":"MovieClips/transicao_22_2","classe":"transicao_22_2","nome":"eli08_03_22_2"}]},{"desenhos":[{"tipo":"img","x":"568.4px","y":"231.05px","width":"394.15px","height":"125.3px","nomeInstancia":"MovieClips/textConvertido_24_0","classe":"textConvertido_24_0","nome":"eli08_03_24_0"},{"tipo":"img","x":"39.05px","y":"302.95px","width":"496.2px","height":"175.75px","nomeInstancia":"MovieClips/transicao_24_1","classe":"transicao_24_1","nome":"eli08_03_24_1"}]},{"desenhos":[{"tipo":"img","x":"568.4px","y":"373.15px","width":"401.55px","height":"84.2px","nomeInstancia":"MovieClips/textConvertido_25_0","classe":"textConvertido_25_0","nome":"eli08_03_25_0"},{"tipo":"img","x":"568.4px","y":"231.05px","width":"394.15px","height":"125.3px","nomeInstancia":"MovieClips/textConvertido_24_0","classe":"textConvertido_24_0","nome":"eli08_03_24_0"},{"tipo":"img","x":"39.05px","y":"302.95px","width":"496.2px","height":"175.75px","nomeInstancia":"MovieClips/transicao_24_1","classe":"transicao_24_1","nome":"eli08_03_24_1"}]},{"desenhos":[{"tipo":"img","x":"568.4px","y":"474.15px","width":"399.45px","height":"43.1px","nomeInstancia":"MovieClips/textConvertido_26_0","classe":"textConvertido_26_0","nome":"eli08_03_26_0"},{"tipo":"img","x":"568.4px","y":"373.15px","width":"401.55px","height":"84.2px","nomeInstancia":"MovieClips/textConvertido_25_0","classe":"textConvertido_25_0","nome":"eli08_03_25_0"},{"tipo":"img","x":"568.4px","y":"231.05px","width":"394.15px","height":"125.3px","nomeInstancia":"MovieClips/textConvertido_24_0","classe":"textConvertido_24_0","nome":"eli08_03_24_0"},{"tipo":"img","x":"39.05px","y":"302.95px","width":"496.2px","height":"175.75px","nomeInstancia":"MovieClips/transicao_24_1","classe":"transicao_24_1","nome":"eli08_03_24_1"}]},{"desenhos":[{"tipo":"img","x":"65.45px","y":"290.95px","width":"297.5px","height":"63.65px","nomeInstancia":"MovieClips/textConvertido_27_0","classe":"textConvertido_27_0","nome":"eli08_03_27_0"},{"tipo":"img","x":"423px","y":"268.4px","width":"511.1px","height":"203.45px","nomeInstancia":"MovieClips/transicao_27_1","classe":"transicao_27_1","nome":"eli08_03_27_1"}]},{"desenhos":[{"tipo":"img","x":"65.45px","y":"372.45px","width":"306.95px","height":"63.65px","nomeInstancia":"MovieClips/textConvertido_28_0","classe":"textConvertido_28_0","nome":"eli08_03_28_0"},{"tipo":"img","x":"65.45px","y":"290.95px","width":"297.5px","height":"63.65px","nomeInstancia":"MovieClips/textConvertido_27_0","classe":"textConvertido_27_0","nome":"eli08_03_27_0"},{"tipo":"img","x":"423px","y":"268.4px","width":"511.1px","height":"203.45px","nomeInstancia":"MovieClips/transicao_27_1","classe":"transicao_27_1","nome":"eli08_03_27_1"}]},{"desenhos":[{"tipo":"img","x":"74.95px","y":"216.9px","width":"887.45px","height":"387.35px","nomeInstancia":"MovieClips/opcoes29","classe":"opcoes29","nome":"eli08_03_29_0"},{"tipo":"img","x":"74.95px","y":"239.25px","width":"891.85px","height":"289.7px","nomeInstancia":"MovieClips/textConvertido_29_1","classe":"textConvertido_29_1","nome":"eli08_03_29_1"},{"tipo":"img","x":"74.95px","y":"118.75px","width":"214.45px","height":"91.7px","nomeInstancia":"MovieClips/transicao_29_2","classe":"transicao_29_2","nome":"eli08_03_29_2"}]},{"desenhos":[{"tipo":"img","x":"76px","y":"268.9px","width":"426px","height":"22.55px","nomeInstancia":"MovieClips/textConvertido_30_1","classe":"textConvertido_30_1","nome":"eli08_03_30_0"},{"tipo":"img","x":"76px","y":"319.35px","width":"345.85px","height":"63.65px","nomeInstancia":"MovieClips/textConvertido_30_0","classe":"textConvertido_30_0","nome":"eli08_03_30_1"},{"tipo":"img","x":"534.85px","y":"221.2px","width":"410.2px","height":"274.75px","nomeInstancia":"MovieClips/transicao_30_2","classe":"transicao_30_2","nome":"eli08_03_30_2"}]},{"desenhos":[{"tipo":"img","x":"76px","y":"403.5px","width":"373.2px","height":"63.65px","nomeInstancia":"MovieClips/textConvertido_31_0","classe":"textConvertido_31_0","nome":"eli08_03_31_0"},{"tipo":"img","x":"76px","y":"268.9px","width":"426px","height":"22.55px","nomeInstancia":"MovieClips/textConvertido_30_1","classe":"textConvertido_30_1","nome":"eli08_03_30_0"},{"tipo":"img","x":"76px","y":"319.35px","width":"345.85px","height":"63.65px","nomeInstancia":"MovieClips/textConvertido_30_0","classe":"textConvertido_30_0","nome":"eli08_03_30_1"},{"tipo":"img","x":"534.85px","y":"221.2px","width":"410.2px","height":"274.75px","nomeInstancia":"MovieClips/transicao_30_2","classe":"transicao_30_2","nome":"eli08_03_30_2"}]},{"desenhos":[{"tipo":"img","x":"619.95px","y":"267.85px","width":"352.1px","height":"125.3px","nomeInstancia":"MovieClips/textConvertido_32_0","classe":"textConvertido_32_0","nome":"eli08_03_32_0"},{"tipo":"img","x":"31.45px","y":"234.8px","width":"558px","height":"248.9px","nomeInstancia":"MovieClips/transicao_32_1","classe":"transicao_32_1","nome":"eli08_03_32_1"}]},{"desenhos":[{"tipo":"img","x":"619.95px","y":"412.6px","width":"368.95px","height":"43.1px","nomeInstancia":"MovieClips/textConvertido_33_0","classe":"textConvertido_33_0","nome":"eli08_03_33_0"},{"tipo":"img","x":"619.95px","y":"267.85px","width":"352.1px","height":"125.3px","nomeInstancia":"MovieClips/textConvertido_32_0","classe":"textConvertido_32_0","nome":"eli08_03_32_0"},{"tipo":"img","x":"31.45px","y":"234.8px","width":"558px","height":"248.9px","nomeInstancia":"MovieClips/transicao_32_1","classe":"transicao_32_1","nome":"eli08_03_32_1"}]},{"desenhos":[{"tipo":"img","x":"67.55px","y":"310.9px","width":"328px","height":"63.65px","nomeInstancia":"MovieClips/textConvertido_34_0","classe":"textConvertido_34_0","nome":"eli08_03_34_0"},{"tipo":"img","x":"67.55px","y":"242.55px","width":"278.55px","height":"43.1px","nomeInstancia":"MovieClips/textConvertido_34_1","classe":"textConvertido_34_1","nome":"eli08_03_34_1"},{"tipo":"img","x":"467.6px","y":"271.1px","width":"485.8px","height":"204.45px","nomeInstancia":"MovieClips/transicao_34_2","classe":"transicao_34_2","nome":"eli08_03_34_2"}]},{"desenhos":[{"tipo":"img","x":"67.55px","y":"391.35px","width":"326.95px","height":"84.2px","nomeInstancia":"MovieClips/textConvertido_35_0","classe":"textConvertido_35_0","nome":"eli08_03_35_0"},{"tipo":"img","x":"67.55px","y":"310.9px","width":"328px","height":"63.65px","nomeInstancia":"MovieClips/textConvertido_34_0","classe":"textConvertido_34_0","nome":"eli08_03_34_0"},{"tipo":"img","x":"67.55px","y":"242.55px","width":"278.55px","height":"43.1px","nomeInstancia":"MovieClips/textConvertido_34_1","classe":"textConvertido_34_1","nome":"eli08_03_34_1"},{"tipo":"img","x":"467.6px","y":"271.1px","width":"485.8px","height":"204.45px","nomeInstancia":"MovieClips/transicao_34_2","classe":"transicao_34_2","nome":"eli08_03_34_2"}]},{"desenhos":[{"tipo":"img","x":"515.75px","y":"254.2px","width":"305.85px","height":"63.65px","nomeInstancia":"MovieClips/textConvertido_36_0","classe":"textConvertido_36_0","nome":"eli08_03_36_0"},{"tipo":"img","x":"128.95px","y":"231.2px","width":"266px","height":"289.7px","nomeInstancia":"MovieClips/transicao_36_1","classe":"transicao_36_1","nome":"eli08_03_36_1"}]},{"desenhos":[{"tipo":"img","x":"515.75px","y":"334.7px","width":"342.65px","height":"104.75px","nomeInstancia":"MovieClips/textConvertido_37_0","classe":"textConvertido_37_0","nome":"eli08_03_37_0"},{"tipo":"img","x":"515.75px","y":"254.2px","width":"305.85px","height":"63.65px","nomeInstancia":"MovieClips/textConvertido_36_0","classe":"textConvertido_36_0","nome":"eli08_03_36_0"},{"tipo":"img","x":"128.95px","y":"231.2px","width":"266px","height":"289.7px","nomeInstancia":"MovieClips/transicao_36_1","classe":"transicao_36_1","nome":"eli08_03_36_1"}]},{"desenhos":[{"tipo":"img","x":"515.75px","y":"456.3px","width":"285.85px","height":"43.1px","nomeInstancia":"MovieClips/textConvertido_38_0","classe":"textConvertido_38_0","nome":"eli08_03_38_0"},{"tipo":"img","x":"515.75px","y":"334.7px","width":"342.65px","height":"104.75px","nomeInstancia":"MovieClips/textConvertido_37_0","classe":"textConvertido_37_0","nome":"eli08_03_37_0"},{"tipo":"img","x":"515.75px","y":"254.2px","width":"305.85px","height":"63.65px","nomeInstancia":"MovieClips/textConvertido_36_0","classe":"textConvertido_36_0","nome":"eli08_03_36_0"},{"tipo":"img","x":"128.95px","y":"231.2px","width":"266px","height":"289.7px","nomeInstancia":"MovieClips/transicao_36_1","classe":"transicao_36_1","nome":"eli08_03_36_1"}]},{"desenhos":[{"tipo":"img","x":"51.8px","y":"299.4px","width":"320.6px","height":"63.65px","nomeInstancia":"MovieClips/textConvertido_39_0","classe":"textConvertido_39_0","nome":"eli08_03_39_0"},{"tipo":"img","x":"407.05px","y":"250.7px","width":"562.75px","height":"219.1px","nomeInstancia":"MovieClips/transicao_39_1","classe":"transicao_39_1","nome":"eli08_03_39_1"}]},{"desenhos":[{"tipo":"img","x":"51.8px","y":"380.4px","width":"328px","height":"63.65px","nomeInstancia":"MovieClips/textConvertido_40_0","classe":"textConvertido_40_0","nome":"eli08_03_40_0"},{"tipo":"img","x":"51.8px","y":"299.4px","width":"320.6px","height":"63.65px","nomeInstancia":"MovieClips/textConvertido_39_0","classe":"textConvertido_39_0","nome":"eli08_03_39_0"},{"tipo":"img","x":"407.05px","y":"250.7px","width":"562.75px","height":"219.1px","nomeInstancia":"MovieClips/transicao_39_1","classe":"transicao_39_1","nome":"eli08_03_39_1"}]},{"desenhos":[{"tipo":"img","x":"377.8px","y":"201.55px","width":"424.05px","height":"105.7px","nomeInstancia":"MovieClips/transicao_41_0","classe":"transicao_41_0","nome":"eli08_03_41_0"},{"nome":"eli08_03_41_1","tipo":"personagem","x":"0px","y":"0px","width":"1016px","height":"659px","nomeInstancia":"MovieClips/animaP41","classe":"animaP41"}]},{"desenhos":[{"tipo":"img","x":"421.15px","y":"302.15px","width":"503.8px","height":"96.55px","nomeInstancia":"MovieClips/transicao_42_0","classe":"transicao_42_0","nome":"eli08_03_42_0"},{"tipo":"img","x":"377.8px","y":"201.55px","width":"424.05px","height":"105.7px","nomeInstancia":"MovieClips/transicao_41_0","classe":"transicao_41_0","nome":"eli08_03_41_0"},{"nome":"eli08_03_41_1","tipo":"personagem","x":"0px","y":"0px","width":"1016px","height":"659px","nomeInstancia":"MovieClips/animaP41","classe":"animaP41"}]},{"desenhos":[{"tipo":"img","x":"421.15px","y":"393.65px","width":"390.25px","height":"106.1px","nomeInstancia":"MovieClips/transicao_43_0","classe":"transicao_43_0","nome":"eli08_03_43_0"},{"tipo":"img","x":"421.15px","y":"302.15px","width":"503.8px","height":"96.55px","nomeInstancia":"MovieClips/transicao_42_0","classe":"transicao_42_0","nome":"eli08_03_42_0"},{"tipo":"img","x":"377.8px","y":"201.55px","width":"424.05px","height":"105.7px","nomeInstancia":"MovieClips/transicao_41_0","classe":"transicao_41_0","nome":"eli08_03_41_0"},{"nome":"eli08_03_41_1","tipo":"personagem","x":"0px","y":"0px","width":"1016px","height":"659px","nomeInstancia":"MovieClips/animaP41","classe":"animaP41"}]},{"desenhos":[{"tipo":"img","x":"122.3px","y":"291px","width":"375.3px","height":"63.65px","nomeInstancia":"MovieClips/textConvertido_44_0","classe":"textConvertido_44_0","nome":"eli08_03_44_0"},{"tipo":"img","x":"561.35px","y":"209.1px","width":"266px","height":"289.7px","nomeInstancia":"MovieClips/transicao_44_1","classe":"transicao_44_1","nome":"eli08_03_44_1"}]},{"desenhos":[{"tipo":"img","x":"122.3px","y":"380.4px","width":"365.85px","height":"63.65px","nomeInstancia":"MovieClips/textConvertido_45_0","classe":"textConvertido_45_0","nome":"eli08_03_45_0"},{"tipo":"img","x":"122.3px","y":"291px","width":"375.3px","height":"63.65px","nomeInstancia":"MovieClips/textConvertido_44_0","classe":"textConvertido_44_0","nome":"eli08_03_44_0"},{"tipo":"img","x":"561.35px","y":"209.1px","width":"266px","height":"289.7px","nomeInstancia":"MovieClips/transicao_44_1","classe":"transicao_44_1","nome":"eli08_03_44_1"}]},{"desenhos":[{"tipo":"img","x":"196.9px","y":"148.1px","width":"622.25px","height":"365.85px","nomeInstancia":"MovieClips/destaque_351_1","classe":"destaque_351_1","nome":"eli08_03_46_0"},{"tipo":"img","x":"122.3px","y":"380.4px","width":"365.85px","height":"63.65px","nomeInstancia":"MovieClips/textConvertido_45_0","classe":"textConvertido_45_0","nome":"eli08_03_45_0"},{"tipo":"img","x":"122.3px","y":"291px","width":"375.3px","height":"63.65px","nomeInstancia":"MovieClips/textConvertido_44_0","classe":"textConvertido_44_0","nome":"eli08_03_44_0"},{"tipo":"img","x":"561.35px","y":"209.1px","width":"266px","height":"289.7px","nomeInstancia":"MovieClips/transicao_44_1","classe":"transicao_44_1","nome":"eli08_03_44_1"}]},{"desenhos":[{"tipo":"img","x":"268.3px","y":"182.25px","width":"725.35px","height":"410.35px","nomeInstancia":"MovieClips/atvClick_opcoes47","classe":"atvClick_opcoes47","nome":"eli08_03_47_0"},{"tipo":"img","x":"71.9px","y":"305.65px","width":"284.75px","height":"166.4px","nomeInstancia":"MovieClips/textConvertido_47_1","classe":"textConvertido_47_1","nome":"eli08_03_47_1"},{"tipo":"img","x":"70.15px","y":"182.25px","width":"214.45px","height":"91.7px","nomeInstancia":"MovieClips/transicao_47_2","classe":"transicao_47_2","nome":"eli08_03_47_2"}]}]}