{"licao":"eli08_00","topico":"00","telas":[{"desenhos":[{"tipo":"img","x":"198.1px","y":"198.25px","width":"434.4px","height":"113px","nomeInstancia":"MovieClips/transicao_1_0","classe":"transicao_1_0","nome":"eli08_00_1_0"},{"nome":"eli08_00_1_1","tipo":"personagem","x":"0px","y":"0px","width":"1016px","height":"659px","nomeInstancia":"MovieClips/animaP01","classe":"animaP01"}]},{"desenhos":[{"tipo":"img","x":"83.15px","y":"305.15px","width":"499.8px","height":"130.45px","nomeInstancia":"MovieClips/transicao_2_0","classe":"transicao_2_0","nome":"eli08_00_2_0"},{"tipo":"img","x":"198.1px","y":"198.25px","width":"434.4px","height":"113px","nomeInstancia":"MovieClips/transicao_1_0","classe":"transicao_1_0","nome":"eli08_00_1_0"},{"nome":"eli08_00_1_1","tipo":"personagem","x":"0px","y":"0px","width":"1016px","height":"659px","nomeInstancia":"MovieClips/animaP01","classe":"animaP01"}]},{"desenhos":[{"tipo":"img","x":"162.15px","y":"427.95px","width":"420.8px","height":"100.25px","nomeInstancia":"MovieClips/transicao_3_0","classe":"transicao_3_0","nome":"eli08_00_3_0"},{"tipo":"img","x":"83.15px","y":"305.15px","width":"499.8px","height":"130.45px","nomeInstancia":"MovieClips/transicao_2_0","classe":"transicao_2_0","nome":"eli08_00_2_0"},{"tipo":"img","x":"198.1px","y":"198.25px","width":"434.4px","height":"113px","nomeInstancia":"MovieClips/transicao_1_0","classe":"transicao_1_0","nome":"eli08_00_1_0"},{"nome":"eli08_00_1_1","tipo":"personagem","x":"0px","y":"0px","width":"1016px","height":"659px","nomeInstancia":"MovieClips/animaP01","classe":"animaP01"}]}]}