{"licao":"eli08_04","topico":"04","telas":[{"desenhos":[{"tipo":"img","x":"184.75px","y":"172.55px","width":"483.75px","height":"93.95px","nomeInstancia":"MovieClips/transicao_1_0","classe":"transicao_1_0","nome":"eli08_04_1_0"},{"nome":"eli08_04_1_1","tipo":"personagem","x":"0px","y":"0px","width":"1016px","height":"659px","nomeInstancia":"MovieClips/animaP01","classe":"animaP01"}]},{"desenhos":[{"tipo":"img","x":"180.55px","y":"261.75px","width":"437.2px","height":"119.2px","nomeInstancia":"MovieClips/transicao_2_0","classe":"transicao_2_0","nome":"eli08_04_2_0"},{"tipo":"img","x":"184.75px","y":"172.55px","width":"483.75px","height":"93.95px","nomeInstancia":"MovieClips/transicao_1_0","classe":"transicao_1_0","nome":"eli08_04_1_0"},{"nome":"eli08_04_1_1","tipo":"personagem","x":"0px","y":"0px","width":"1016px","height":"659px","nomeInstancia":"MovieClips/animaP01","classe":"animaP01"}]},{"desenhos":[{"tipo":"img","x":"253.4px","y":"376.7px","width":"364.35px","height":"105.8px","nomeInstancia":"MovieClips/transicao_3_0","classe":"transicao_3_0","nome":"eli08_04_3_0"},{"tipo":"img","x":"180.55px","y":"261.75px","width":"437.2px","height":"119.2px","nomeInstancia":"MovieClips/transicao_2_0","classe":"transicao_2_0","nome":"eli08_04_2_0"},{"tipo":"img","x":"184.75px","y":"172.55px","width":"483.75px","height":"93.95px","nomeInstancia":"MovieClips/transicao_1_0","classe":"transicao_1_0","nome":"eli08_04_1_0"},{"nome":"eli08_04_1_1","tipo":"personagem","x":"0px","y":"0px","width":"1016px","height":"659px","nomeInstancia":"MovieClips/animaP01","classe":"animaP01"}]},{"desenhos":[{"tipo":"img","x":"500px","y":"256.7px","width":"426px","height":"22.55px","nomeInstancia":"MovieClips/textConvertido_4_1","classe":"textConvertido_4_1","nome":"eli08_04_4_0"},{"tipo":"img","x":"500px","y":"307.4px","width":"441.1px","height":"63.65px","nomeInstancia":"MovieClips/textConvertido_4_0","classe":"textConvertido_4_0","nome":"eli08_04_4_1"},{"tipo":"img","x":"64.3px","y":"232.5px","width":"372.25px","height":"255.55px","nomeInstancia":"MovieClips/transicao_4_2","classe":"transicao_4_2","nome":"eli08_04_4_2"}]},{"desenhos":[{"tipo":"img","x":"500px","y":"388.6px","width":"426px","height":"84.2px","nomeInstancia":"MovieClips/textConvertido_5_0","classe":"textConvertido_5_0","nome":"eli08_04_5_0"},{"tipo":"img","x":"500px","y":"256.7px","width":"426px","height":"22.55px","nomeInstancia":"MovieClips/textConvertido_4_1","classe":"textConvertido_4_1","nome":"eli08_04_4_0"},{"tipo":"img","x":"500px","y":"307.4px","width":"441.1px","height":"63.65px","nomeInstancia":"MovieClips/textConvertido_4_0","classe":"textConvertido_4_0","nome":"eli08_04_4_1"},{"tipo":"img","x":"64.3px","y":"232.5px","width":"372.25px","height":"255.55px","nomeInstancia":"MovieClips/transicao_4_2","classe":"transicao_4_2","nome":"eli08_04_4_2"}]},{"desenhos":[{"tipo":"img","x":"52.4px","y":"265.95px","width":"426px","height":"22.55px","nomeInstancia":"MovieClips/textConvertido_6_1","classe":"textConvertido_6_1","nome":"eli08_04_6_0"},{"tipo":"img","x":"52.4px","y":"320px","width":"404.35px","height":"43.1px","nomeInstancia":"MovieClips/textConvertido_6_0","classe":"textConvertido_6_0","nome":"eli08_04_6_1"},{"tipo":"img","x":"498.5px","y":"220.65px","width":"429.55px","height":"272.55px","nomeInstancia":"MovieClips/transicao_6_2","classe":"transicao_6_2","nome":"eli08_04_6_2"}]},{"desenhos":[{"tipo":"img","x":"52.4px","y":"380.35px","width":"426px","height":"63.65px","nomeInstancia":"MovieClips/textConvertido_7_0","classe":"textConvertido_7_0","nome":"eli08_04_7_0"},{"tipo":"img","x":"52.4px","y":"265.95px","width":"426px","height":"22.55px","nomeInstancia":"MovieClips/textConvertido_6_1","classe":"textConvertido_6_1","nome":"eli08_04_6_0"},{"tipo":"img","x":"52.4px","y":"320px","width":"404.35px","height":"43.1px","nomeInstancia":"MovieClips/textConvertido_6_0","classe":"textConvertido_6_0","nome":"eli08_04_6_1"},{"tipo":"img","x":"498.5px","y":"220.65px","width":"429.55px","height":"272.55px","nomeInstancia":"MovieClips/transicao_6_2","classe":"transicao_6_2","nome":"eli08_04_6_2"}]},{"desenhos":[{"tipo":"img","x":"438.45px","y":"343.7px","width":"426px","height":"63.65px","nomeInstancia":"MovieClips/textConvertido_8_0","classe":"textConvertido_8_0","nome":"eli08_04_8_0"},{"tipo":"img","x":"438.45px","y":"298.8px","width":"426px","height":"22.55px","nomeInstancia":"MovieClips/textConvertido_8_1","classe":"textConvertido_8_1","nome":"eli08_04_8_1"},{"tipo":"img","x":"154.35px","y":"236px","width":"220.05px","height":"220.85px","nomeInstancia":"MovieClips/transicao_9_3","classe":"transicao_9_3","nome":"eli08_04_8_2"}]},{"desenhos":[{"tipo":"img","x":"84.55px","y":"213.95px","width":"682.8px","height":"354.05px","nomeInstancia":"MovieClips/telaInfo09","classe":"telaInfo09","nome":"eli08_04_9_0"},{"tipo":"img","x":"438.45px","y":"343.7px","width":"426px","height":"63.65px","nomeInstancia":"MovieClips/textConvertido_8_0","classe":"textConvertido_8_0","nome":"eli08_04_8_0"},{"tipo":"img","x":"438.45px","y":"298.8px","width":"426px","height":"22.55px","nomeInstancia":"MovieClips/textConvertido_8_1","classe":"textConvertido_8_1","nome":"eli08_04_8_1"},{"tipo":"img","x":"154.35px","y":"236px","width":"220.05px","height":"220.85px","nomeInstancia":"MovieClips/transicao_9_3","classe":"transicao_9_3","nome":"eli08_04_8_2"}]},{"desenhos":[{"tipo":"img","x":"196.9px","y":"148.1px","width":"622.25px","height":"365.85px","nomeInstancia":"MovieClips/destaque_410_2","classe":"destaque_410_2","nome":"eli08_04_10_0"},{"tipo":"img","x":"438.45px","y":"343.7px","width":"426px","height":"63.65px","nomeInstancia":"MovieClips/textConvertido_8_0","classe":"textConvertido_8_0","nome":"eli08_04_8_0"},{"tipo":"img","x":"438.45px","y":"298.8px","width":"426px","height":"22.55px","nomeInstancia":"MovieClips/textConvertido_8_1","classe":"textConvertido_8_1","nome":"eli08_04_8_1"},{"tipo":"img","x":"154.35px","y":"236px","width":"220.05px","height":"220.85px","nomeInstancia":"MovieClips/transicao_9_3","classe":"transicao_9_3","nome":"eli08_04_8_2"}]},{"desenhos":[{"tipo":"img","x":"76px","y":"205.4px","width":"426px","height":"22.55px","nomeInstancia":"MovieClips/textConvertido_11_1","classe":"textConvertido_11_1","nome":"eli08_04_11_0"},{"tipo":"img","x":"76px","y":"250.3px","width":"401.25px","height":"43.1px","nomeInstancia":"MovieClips/textConvertido_11_0","classe":"textConvertido_11_0","nome":"eli08_04_11_1"},{"tipo":"img","x":"530px","y":"240.75px","width":"419.95px","height":"280px","nomeInstancia":"MovieClips/transicao_11_2","classe":"transicao_11_2","nome":"eli08_04_11_2"}]},{"desenhos":[{"tipo":"img","x":"76px","y":"312.6px","width":"388.95px","height":"104.75px","nomeInstancia":"MovieClips/textConvertido_12_0","classe":"textConvertido_12_0","nome":"eli08_04_12_0"},{"tipo":"img","x":"76px","y":"205.4px","width":"426px","height":"22.55px","nomeInstancia":"MovieClips/textConvertido_11_1","classe":"textConvertido_11_1","nome":"eli08_04_11_0"},{"tipo":"img","x":"76px","y":"250.3px","width":"401.25px","height":"43.1px","nomeInstancia":"MovieClips/textConvertido_11_0","classe":"textConvertido_11_0","nome":"eli08_04_11_1"},{"tipo":"img","x":"530px","y":"240.75px","width":"419.95px","height":"280px","nomeInstancia":"MovieClips/transicao_11_2","classe":"transicao_11_2","nome":"eli08_04_11_2"}]},{"desenhos":[{"tipo":"img","x":"76px","y":"436.55px","width":"392px","height":"84.2px","nomeInstancia":"MovieClips/textConvertido_13_0","classe":"textConvertido_13_0","nome":"eli08_04_13_0"},{"tipo":"img","x":"76px","y":"312.6px","width":"388.95px","height":"104.75px","nomeInstancia":"MovieClips/textConvertido_12_0","classe":"textConvertido_12_0","nome":"eli08_04_12_0"},{"tipo":"img","x":"76px","y":"205.4px","width":"426px","height":"22.55px","nomeInstancia":"MovieClips/textConvertido_11_1","classe":"textConvertido_11_1","nome":"eli08_04_11_0"},{"tipo":"img","x":"76px","y":"250.3px","width":"401.25px","height":"43.1px","nomeInstancia":"MovieClips/textConvertido_11_0","classe":"textConvertido_11_0","nome":"eli08_04_11_1"},{"tipo":"img","x":"530px","y":"240.75px","width":"419.95px","height":"280px","nomeInstancia":"MovieClips/transicao_11_2","classe":"transicao_11_2","nome":"eli08_04_11_2"}]},{"desenhos":[{"tipo":"img","x":"500px","y":"200.25px","width":"426px","height":"22.55px","nomeInstancia":"MovieClips/textConvertido_14_1","classe":"textConvertido_14_1","nome":"eli08_04_14_0"},{"tipo":"img","x":"500px","y":"251.3px","width":"426px","height":"104.75px","nomeInstancia":"MovieClips/textConvertido_14_0","classe":"textConvertido_14_0","nome":"eli08_04_14_1"},{"tipo":"img","x":"125.75px","y":"191.75px","width":"249.3px","height":"337.05px","nomeInstancia":"MovieClips/transicao_14_2","classe":"transicao_14_2","nome":"eli08_04_14_2"}]},{"desenhos":[{"tipo":"img","x":"500px","y":"372.2px","width":"426px","height":"84.2px","nomeInstancia":"MovieClips/textConvertido_15_0","classe":"textConvertido_15_0","nome":"eli08_04_15_0"},{"tipo":"img","x":"500px","y":"200.25px","width":"426px","height":"22.55px","nomeInstancia":"MovieClips/textConvertido_14_1","classe":"textConvertido_14_1","nome":"eli08_04_14_0"},{"tipo":"img","x":"500px","y":"251.3px","width":"426px","height":"104.75px","nomeInstancia":"MovieClips/textConvertido_14_0","classe":"textConvertido_14_0","nome":"eli08_04_14_1"},{"tipo":"img","x":"125.75px","y":"191.75px","width":"249.3px","height":"337.05px","nomeInstancia":"MovieClips/transicao_14_2","classe":"transicao_14_2","nome":"eli08_04_14_2"}]},{"desenhos":[{"tipo":"img","x":"500px","y":"472.55px","width":"426px","height":"43.1px","nomeInstancia":"MovieClips/textConvertido_16_0","classe":"textConvertido_16_0","nome":"eli08_04_16_0"},{"tipo":"img","x":"500px","y":"372.2px","width":"426px","height":"84.2px","nomeInstancia":"MovieClips/textConvertido_15_0","classe":"textConvertido_15_0","nome":"eli08_04_15_0"},{"tipo":"img","x":"500px","y":"200.25px","width":"426px","height":"22.55px","nomeInstancia":"MovieClips/textConvertido_14_1","classe":"textConvertido_14_1","nome":"eli08_04_14_0"},{"tipo":"img","x":"500px","y":"251.3px","width":"426px","height":"104.75px","nomeInstancia":"MovieClips/textConvertido_14_0","classe":"textConvertido_14_0","nome":"eli08_04_14_1"},{"tipo":"img","x":"125.75px","y":"191.75px","width":"249.3px","height":"337.05px","nomeInstancia":"MovieClips/transicao_14_2","classe":"transicao_14_2","nome":"eli08_04_14_2"}]},{"desenhos":[{"tipo":"img","x":"104.65px","y":"255.4px","width":"489.95px","height":"123.7px","nomeInstancia":"MovieClips/transicao_17_0","classe":"transicao_17_0","nome":"eli08_04_17_0"},{"tipo":"img","x":"104.65px","y":"199.25px","width":"426px","height":"22.55px","nomeInstancia":"MovieClips/textConvertido_17_1","classe":"textConvertido_17_1","nome":"eli08_04_17_1"},{"nome":"eli08_04_17_2","tipo":"personagem","x":"0px","y":"0px","width":"1016px","height":"659px","nomeInstancia":"MovieClips/animaP17","classe":"animaP17"}]},{"desenhos":[{"tipo":"img","x":"481.5px","y":"222.85px","width":"355.95px","height":"43.1px","nomeInstancia":"MovieClips/textConvertido_18_1","classe":"textConvertido_18_1","nome":"eli08_04_18_0"},{"tipo":"img","x":"481.5px","y":"284.15px","width":"380.55px","height":"84.2px","nomeInstancia":"MovieClips/textConvertido_18_0","classe":"textConvertido_18_0","nome":"eli08_04_18_1"},{"tipo":"img","x":"126.4px","y":"211.65px","width":"297.25px","height":"297.25px","nomeInstancia":"MovieClips/transicao_18_2","classe":"transicao_18_2","nome":"eli08_04_18_2"}]},{"desenhos":[{"tipo":"img","x":"78.45px","y":"213.95px","width":"688.9px","height":"365.35px","nomeInstancia":"MovieClips/telaInfo19","classe":"telaInfo19","nome":"eli08_04_19_0"},{"tipo":"img","x":"481.5px","y":"382.45px","width":"407.25px","height":"104.75px","nomeInstancia":"MovieClips/textConvertido_19_1","classe":"textConvertido_19_1","nome":"eli08_04_19_1"},{"tipo":"img","x":"481.5px","y":"222.85px","width":"355.95px","height":"43.1px","nomeInstancia":"MovieClips/textConvertido_18_1","classe":"textConvertido_18_1","nome":"eli08_04_18_0"},{"tipo":"img","x":"481.5px","y":"284.15px","width":"380.55px","height":"84.2px","nomeInstancia":"MovieClips/textConvertido_18_0","classe":"textConvertido_18_0","nome":"eli08_04_18_1"},{"tipo":"img","x":"126.4px","y":"211.65px","width":"297.25px","height":"297.25px","nomeInstancia":"MovieClips/transicao_18_2","classe":"transicao_18_2","nome":"eli08_04_18_2"}]},{"desenhos":[{"tipo":"img","x":"84.9px","y":"230px","width":"426px","height":"22.55px","nomeInstancia":"MovieClips/textConvertido_20_1","classe":"textConvertido_20_1","nome":"eli08_04_20_0"},{"tipo":"img","x":"84.9px","y":"279px","width":"390px","height":"43.1px","nomeInstancia":"MovieClips/textConvertido_20_0","classe":"textConvertido_20_0","nome":"eli08_04_20_1"},{"tipo":"img","x":"556.85px","y":"168.5px","width":"372.2px","height":"372.2px","nomeInstancia":"MovieClips/transicao_20_2","classe":"transicao_20_2","nome":"eli08_04_20_2"}]},{"desenhos":[{"tipo":"img","x":"84.9px","y":"341.55px","width":"385.45px","height":"63.65px","nomeInstancia":"MovieClips/textConvertido_21_0","classe":"textConvertido_21_0","nome":"eli08_04_21_0"},{"tipo":"img","x":"84.9px","y":"230px","width":"426px","height":"22.55px","nomeInstancia":"MovieClips/textConvertido_20_1","classe":"textConvertido_20_1","nome":"eli08_04_20_0"},{"tipo":"img","x":"84.9px","y":"279px","width":"390px","height":"43.1px","nomeInstancia":"MovieClips/textConvertido_20_0","classe":"textConvertido_20_0","nome":"eli08_04_20_1"},{"tipo":"img","x":"556.85px","y":"168.5px","width":"372.2px","height":"372.2px","nomeInstancia":"MovieClips/transicao_20_2","classe":"transicao_20_2","nome":"eli08_04_20_2"}]},{"desenhos":[{"tipo":"img","x":"84.9px","y":"424.65px","width":"418.7px","height":"63.65px","nomeInstancia":"MovieClips/textConvertido_22_0","classe":"textConvertido_22_0","nome":"eli08_04_22_0"},{"tipo":"img","x":"84.9px","y":"341.55px","width":"385.45px","height":"63.65px","nomeInstancia":"MovieClips/textConvertido_21_0","classe":"textConvertido_21_0","nome":"eli08_04_21_0"},{"tipo":"img","x":"84.9px","y":"230px","width":"426px","height":"22.55px","nomeInstancia":"MovieClips/textConvertido_20_1","classe":"textConvertido_20_1","nome":"eli08_04_20_0"},{"tipo":"img","x":"84.9px","y":"279px","width":"390px","height":"43.1px","nomeInstancia":"MovieClips/textConvertido_20_0","classe":"textConvertido_20_0","nome":"eli08_04_20_1"},{"tipo":"img","x":"556.85px","y":"168.5px","width":"372.2px","height":"372.2px","nomeInstancia":"MovieClips/transicao_20_2","classe":"transicao_20_2","nome":"eli08_04_20_2"}]},{"desenhos":[{"tipo":"img","x":"414.5px","y":"173.55px","width":"416px","height":"107.3px","nomeInstancia":"MovieClips/transicao_23_0","classe":"transicao_23_0","nome":"eli08_04_23_0"},{"nome":"eli08_04_23_1","tipo":"personagem","x":"0px","y":"0px","width":"1016px","height":"659px","nomeInstancia":"MovieClips/animaP23","classe":"animaP23"}]},{"desenhos":[{"tipo":"img","x":"158px","y":"213.95px","width":"769.45px","height":"355.05px","nomeInstancia":"MovieClips/telaInfo24","classe":"telaInfo24","nome":"eli08_04_24_0"},{"tipo":"img","x":"456.95px","y":"276.65px","width":"400.25px","height":"125.3px","nomeInstancia":"MovieClips/transicao_24_1","classe":"transicao_24_1","nome":"eli08_04_24_1"},{"tipo":"img","x":"414.5px","y":"173.55px","width":"416px","height":"107.3px","nomeInstancia":"MovieClips/transicao_23_0","classe":"transicao_23_0","nome":"eli08_04_23_0"},{"nome":"eli08_04_23_1","tipo":"personagem","x":"0px","y":"0px","width":"1016px","height":"659px","nomeInstancia":"MovieClips/animaP23","classe":"animaP23"}]},{"desenhos":[{"tipo":"img","x":"76px","y":"257.75px","width":"426px","height":"22.55px","nomeInstancia":"MovieClips/textConvertido_25_1","classe":"textConvertido_25_1","nome":"eli08_04_25_0"},{"tipo":"img","x":"76px","y":"304.7px","width":"405.35px","height":"63.65px","nomeInstancia":"MovieClips/textConvertido_25_0","classe":"textConvertido_25_0","nome":"eli08_04_25_1"},{"tipo":"img","x":"528px","y":"175.95px","width":"393.15px","height":"346.55px","nomeInstancia":"MovieClips/transicao_25_2","classe":"transicao_25_2","nome":"eli08_04_25_2"}]},{"desenhos":[{"tipo":"img","x":"76px","y":"387.55px","width":"378.65px","height":"63.65px","nomeInstancia":"MovieClips/textConvertido_26_0","classe":"textConvertido_26_0","nome":"eli08_04_26_0"},{"tipo":"img","x":"76px","y":"257.75px","width":"426px","height":"22.55px","nomeInstancia":"MovieClips/textConvertido_25_1","classe":"textConvertido_25_1","nome":"eli08_04_25_0"},{"tipo":"img","x":"76px","y":"304.7px","width":"405.35px","height":"63.65px","nomeInstancia":"MovieClips/textConvertido_25_0","classe":"textConvertido_25_0","nome":"eli08_04_25_1"},{"tipo":"img","x":"528px","y":"175.95px","width":"393.15px","height":"346.55px","nomeInstancia":"MovieClips/transicao_25_2","classe":"transicao_25_2","nome":"eli08_04_25_2"}]},{"desenhos":[{"tipo":"img","x":"500px","y":"262.85px","width":"426px","height":"63.65px","nomeInstancia":"MovieClips/textConvertido_27_0","classe":"textConvertido_27_0","nome":"eli08_04_27_0"},{"tipo":"img","x":"85.9px","y":"182.6px","width":"397.8px","height":"366.7px","nomeInstancia":"MovieClips/transicao_27_1","classe":"transicao_27_1","nome":"eli08_04_27_1"}]},{"desenhos":[{"tipo":"img","x":"500px","y":"342.1px","width":"426px","height":"63.65px","nomeInstancia":"MovieClips/textConvertido_28_0","classe":"textConvertido_28_0","nome":"eli08_04_28_0"},{"tipo":"img","x":"500px","y":"262.85px","width":"426px","height":"63.65px","nomeInstancia":"MovieClips/textConvertido_27_0","classe":"textConvertido_27_0","nome":"eli08_04_27_0"},{"tipo":"img","x":"85.9px","y":"182.6px","width":"397.8px","height":"366.7px","nomeInstancia":"MovieClips/transicao_27_1","classe":"transicao_27_1","nome":"eli08_04_27_1"}]},{"desenhos":[{"tipo":"img","x":"500px","y":"421.35px","width":"426px","height":"43.1px","nomeInstancia":"MovieClips/textConvertido_29_0","classe":"textConvertido_29_0","nome":"eli08_04_29_0"},{"tipo":"img","x":"500px","y":"342.1px","width":"426px","height":"63.65px","nomeInstancia":"MovieClips/textConvertido_28_0","classe":"textConvertido_28_0","nome":"eli08_04_28_0"},{"tipo":"img","x":"500px","y":"262.85px","width":"426px","height":"63.65px","nomeInstancia":"MovieClips/textConvertido_27_0","classe":"textConvertido_27_0","nome":"eli08_04_27_0"},{"tipo":"img","x":"85.9px","y":"182.6px","width":"397.8px","height":"366.7px","nomeInstancia":"MovieClips/transicao_27_1","classe":"transicao_27_1","nome":"eli08_04_27_1"}]},{"desenhos":[{"tipo":"img","x":"89.35px","y":"245.4px","width":"354.05px","height":"104.75px","nomeInstancia":"MovieClips/textConvertido_30_0","classe":"textConvertido_30_0","nome":"eli08_04_30_0"},{"tipo":"img","x":"478.2px","y":"205.95px","width":"468.1px","height":"330.1px","nomeInstancia":"MovieClips/transicao_30_1","classe":"transicao_30_1","nome":"eli08_04_30_1"}]},{"desenhos":[{"tipo":"img","x":"89.35px","y":"368.55px","width":"352px","height":"104.75px","nomeInstancia":"MovieClips/textConvertido_31_0","classe":"textConvertido_31_0","nome":"eli08_04_31_0"},{"tipo":"img","x":"89.35px","y":"245.4px","width":"354.05px","height":"104.75px","nomeInstancia":"MovieClips/textConvertido_30_0","classe":"textConvertido_30_0","nome":"eli08_04_30_0"},{"tipo":"img","x":"478.2px","y":"205.95px","width":"468.1px","height":"330.1px","nomeInstancia":"MovieClips/transicao_30_1","classe":"transicao_30_1","nome":"eli08_04_30_1"}]},{"desenhos":[{"tipo":"img","x":"536.95px","y":"221.8px","width":"384.65px","height":"22.55px","nomeInstancia":"MovieClips/textConvertido_32_1","classe":"textConvertido_32_1","nome":"eli08_04_32_0"},{"tipo":"img","x":"536.95px","y":"270.8px","width":"372.35px","height":"63.65px","nomeInstancia":"MovieClips/textConvertido_32_0","classe":"textConvertido_32_0","nome":"eli08_04_32_1"},{"tipo":"img","x":"60.75px","y":"207.7px","width":"432px","height":"309.1px","nomeInstancia":"MovieClips/transicao_32_2","classe":"transicao_32_2","nome":"eli08_04_32_2"}]},{"desenhos":[{"tipo":"img","x":"536.95px","y":"355.2px","width":"409.3px","height":"63.65px","nomeInstancia":"MovieClips/textConvertido_33_0","classe":"textConvertido_33_0","nome":"eli08_04_33_0"},{"tipo":"img","x":"536.95px","y":"221.8px","width":"384.65px","height":"22.55px","nomeInstancia":"MovieClips/textConvertido_32_1","classe":"textConvertido_32_1","nome":"eli08_04_32_0"},{"tipo":"img","x":"536.95px","y":"270.8px","width":"372.35px","height":"63.65px","nomeInstancia":"MovieClips/textConvertido_32_0","classe":"textConvertido_32_0","nome":"eli08_04_32_1"},{"tipo":"img","x":"60.75px","y":"207.7px","width":"432px","height":"309.1px","nomeInstancia":"MovieClips/transicao_32_2","classe":"transicao_32_2","nome":"eli08_04_32_2"}]},{"desenhos":[{"tipo":"img","x":"536.95px","y":"439.6px","width":"372.35px","height":"63.65px","nomeInstancia":"MovieClips/textConvertido_34_0","classe":"textConvertido_34_0","nome":"eli08_04_34_0"},{"tipo":"img","x":"536.95px","y":"355.2px","width":"409.3px","height":"63.65px","nomeInstancia":"MovieClips/textConvertido_33_0","classe":"textConvertido_33_0","nome":"eli08_04_33_0"},{"tipo":"img","x":"536.95px","y":"221.8px","width":"384.65px","height":"22.55px","nomeInstancia":"MovieClips/textConvertido_32_1","classe":"textConvertido_32_1","nome":"eli08_04_32_0"},{"tipo":"img","x":"536.95px","y":"270.8px","width":"372.35px","height":"63.65px","nomeInstancia":"MovieClips/textConvertido_32_0","classe":"textConvertido_32_0","nome":"eli08_04_32_1"},{"tipo":"img","x":"60.75px","y":"207.7px","width":"432px","height":"309.1px","nomeInstancia":"MovieClips/transicao_32_2","classe":"transicao_32_2","nome":"eli08_04_32_2"}]},{"desenhos":[{"tipo":"img","x":"157.05px","y":"190px","width":"701.95px","height":"22.55px","nomeInstancia":"MovieClips/textConvertido_35_0","classe":"textConvertido_35_0","nome":"eli08_04_35_0"},{"tipo":"img","x":"273.4px","y":"252.55px","width":"469.25px","height":"267.3px","nomeInstancia":"MovieClips/transicao_35_1","classe":"transicao_35_1","nome":"eli08_04_35_1"}]},{"desenhos":[{"tipo":"img","x":"139.7px","y":"190px","width":"736.65px","height":"22.55px","nomeInstancia":"MovieClips/textConvertido_36_0","classe":"textConvertido_36_0","nome":"eli08_04_36_0"},{"tipo":"img","x":"194.4px","y":"286px","width":"627.2px","height":"207.15px","nomeInstancia":"MovieClips/transicao_36_1","classe":"transicao_36_1","nome":"eli08_04_36_1"}]},{"desenhos":[{"tipo":"img","x":"45.35px","y":"317.25px","width":"307.85px","height":"84.2px","nomeInstancia":"MovieClips/textConvertido_37_0","classe":"textConvertido_37_0","nome":"eli08_04_37_0"},{"tipo":"img","x":"369.7px","y":"230.9px","width":"608.1px","height":"278.95px","nomeInstancia":"MovieClips/transicao_37_1","classe":"transicao_37_1","nome":"eli08_04_37_1"}]},{"desenhos":[{"tipo":"img","x":"80.2px","y":"216.9px","width":"882.2px","height":"350.6px","nomeInstancia":"MovieClips/opcoes38","classe":"opcoes38","nome":"eli08_04_38_0"},{"tipo":"img","x":"80.2px","y":"246.6px","width":"746.1px","height":"186.95px","nomeInstancia":"MovieClips/textConvertido_38_1","classe":"textConvertido_38_1","nome":"eli08_04_38_1"},{"tipo":"img","x":"80.2px","y":"126.1px","width":"214.45px","height":"91.7px","nomeInstancia":"MovieClips/transicao_38_2","classe":"transicao_38_2","nome":"eli08_04_38_2"}]},{"desenhos":[{"tipo":"img","x":"95.5px","y":"255.4px","width":"512.6px","height":"138.1px","nomeInstancia":"MovieClips/transicao_39_0","classe":"transicao_39_0","nome":"eli08_04_39_0"},{"tipo":"img","x":"38.55px","y":"120.3px","width":"190.6px","height":"83.85px","nomeInstancia":"MovieClips/transicao_39_2","classe":"transicao_39_2","nome":"eli08_04_39_1"},{"nome":"eli08_04_39_2","tipo":"personagem","x":"0px","y":"0px","width":"1016px","height":"659px","nomeInstancia":"MovieClips/animaP39","classe":"animaP39"}]},{"desenhos":[{"tipo":"img","x":"95.5px","y":"386.4px","width":"460.8px","height":"130.4px","nomeInstancia":"MovieClips/transicao_40_0","classe":"transicao_40_0","nome":"eli08_04_40_0"},{"tipo":"img","x":"95.5px","y":"255.4px","width":"512.6px","height":"138.1px","nomeInstancia":"MovieClips/transicao_39_0","classe":"transicao_39_0","nome":"eli08_04_39_0"},{"tipo":"img","x":"38.55px","y":"120.3px","width":"190.6px","height":"83.85px","nomeInstancia":"MovieClips/transicao_39_2","classe":"transicao_39_2","nome":"eli08_04_39_1"},{"nome":"eli08_04_39_2","tipo":"personagem","x":"0px","y":"0px","width":"1016px","height":"659px","nomeInstancia":"MovieClips/animaP39","classe":"animaP39"}]},{"desenhos":[{"tipo":"img","x":"272.2px","y":"122.3px","width":"471.6px","height":"475.35px","nomeInstancia":"MovieClips/transicao_41_0","classe":"transicao_41_0","nome":"eli08_04_41_0"}]}]}