{"licao":"eli08_02","topico":"02","telas":[{"desenhos":[{"tipo":"img","x":"129.4px","y":"169.5px","width":"519.25px","height":"171.95px","nomeInstancia":"MovieClips/transicao_1_0","classe":"transicao_1_0","nome":"eli08_02_1_0"},{"nome":"eli08_02_1_1","tipo":"personagem","x":"0px","y":"0px","width":"1016px","height":"659px","nomeInstancia":"MovieClips/animaP01","classe":"animaP01"}]},{"desenhos":[{"tipo":"img","x":"526.7px","y":"268px","width":"379.5px","height":"43.1px","nomeInstancia":"MovieClips/textConvertido_2_0","classe":"textConvertido_2_0","nome":"eli08_02_2_0"},{"tipo":"img","x":"76px","y":"196.75px","width":"382.1px","height":"350.7px","nomeInstancia":"MovieClips/transicao_2_1","classe":"transicao_2_1","nome":"eli08_02_2_1"}]},{"desenhos":[{"tipo":"img","x":"526.7px","y":"327.75px","width":"426px","height":"84.2px","nomeInstancia":"MovieClips/textConvertido_3_0","classe":"textConvertido_3_0","nome":"eli08_02_3_0"},{"tipo":"img","x":"526.7px","y":"268px","width":"379.5px","height":"43.1px","nomeInstancia":"MovieClips/textConvertido_2_0","classe":"textConvertido_2_0","nome":"eli08_02_2_0"},{"tipo":"img","x":"76px","y":"196.75px","width":"382.1px","height":"350.7px","nomeInstancia":"MovieClips/transicao_2_1","classe":"transicao_2_1","nome":"eli08_02_2_1"}]},{"desenhos":[{"tipo":"img","x":"526.7px","y":"428.6px","width":"426px","height":"22.55px","nomeInstancia":"MovieClips/textConvertido_4_0","classe":"textConvertido_4_0","nome":"eli08_02_4_0"},{"tipo":"img","x":"526.7px","y":"327.75px","width":"426px","height":"84.2px","nomeInstancia":"MovieClips/textConvertido_3_0","classe":"textConvertido_3_0","nome":"eli08_02_3_0"},{"tipo":"img","x":"526.7px","y":"268px","width":"379.5px","height":"43.1px","nomeInstancia":"MovieClips/textConvertido_2_0","classe":"textConvertido_2_0","nome":"eli08_02_2_0"},{"tipo":"img","x":"76px","y":"196.75px","width":"382.1px","height":"350.7px","nomeInstancia":"MovieClips/transicao_2_1","classe":"transicao_2_1","nome":"eli08_02_2_1"}]},{"desenhos":[{"tipo":"img","x":"98.6px","y":"216.7px","width":"404.3px","height":"84.2px","nomeInstancia":"MovieClips/textConvertido_5_0","classe":"textConvertido_5_0","nome":"eli08_02_5_0"},{"tipo":"img","x":"597.95px","y":"159.45px","width":"284.05px","height":"401.65px","nomeInstancia":"MovieClips/transicao_5_1","classe":"transicao_5_1","nome":"eli08_02_5_1"}]},{"desenhos":[{"tipo":"img","x":"98.6px","y":"320.15px","width":"365.3px","height":"104.75px","nomeInstancia":"MovieClips/textConvertido_6_0","classe":"textConvertido_6_0","nome":"eli08_02_6_0"},{"tipo":"img","x":"98.6px","y":"216.7px","width":"404.3px","height":"84.2px","nomeInstancia":"MovieClips/textConvertido_5_0","classe":"textConvertido_5_0","nome":"eli08_02_5_0"},{"tipo":"img","x":"597.95px","y":"159.45px","width":"284.05px","height":"401.65px","nomeInstancia":"MovieClips/transicao_5_1","classe":"transicao_5_1","nome":"eli08_02_5_1"}]},{"desenhos":[{"tipo":"img","x":"98.6px","y":"444.15px","width":"357.1px","height":"63.65px","nomeInstancia":"MovieClips/textConvertido_7_0","classe":"textConvertido_7_0","nome":"eli08_02_7_0"},{"tipo":"img","x":"98.6px","y":"320.15px","width":"365.3px","height":"104.75px","nomeInstancia":"MovieClips/textConvertido_6_0","classe":"textConvertido_6_0","nome":"eli08_02_6_0"},{"tipo":"img","x":"98.6px","y":"216.7px","width":"404.3px","height":"84.2px","nomeInstancia":"MovieClips/textConvertido_5_0","classe":"textConvertido_5_0","nome":"eli08_02_5_0"},{"tipo":"img","x":"597.95px","y":"159.45px","width":"284.05px","height":"401.65px","nomeInstancia":"MovieClips/transicao_5_1","classe":"transicao_5_1","nome":"eli08_02_5_1"}]},{"desenhos":[{"tipo":"img","x":"456.9px","y":"254.65px","width":"492.4px","height":"186.95px","nomeInstancia":"MovieClips/textConvertido_8_0","classe":"textConvertido_8_0","nome":"eli08_02_8_0"},{"tipo":"img","x":"129.85px","y":"210.5px","width":"241.1px","height":"299.5px","nomeInstancia":"MovieClips/transicao_8_1","classe":"transicao_8_1","nome":"eli08_02_8_1"}]},{"desenhos":[{"tipo":"img","x":"158px","y":"186.15px","width":"784.25px","height":"390px","nomeInstancia":"MovieClips/telaInfo09","classe":"telaInfo09","nome":"eli08_02_9_0"},{"tipo":"img","x":"98.6px","y":"246.45px","width":"453.55px","height":"186.95px","nomeInstancia":"MovieClips/textConvertido_9_1","classe":"textConvertido_9_1","nome":"eli08_02_9_1"},{"tipo":"img","x":"602.05px","y":"211.9px","width":"321.05px","height":"296.7px","nomeInstancia":"MovieClips/transicao_9_2","classe":"transicao_9_2","nome":"eli08_02_9_2"}]},{"desenhos":[{"tipo":"img","x":"80.2px","y":"216.9px","width":"882.2px","height":"350.6px","nomeInstancia":"MovieClips/opcoes10","classe":"opcoes10","nome":"eli08_02_10_0"},{"tipo":"img","x":"80.2px","y":"246.6px","width":"746.1px","height":"186.95px","nomeInstancia":"MovieClips/textConvertido_10_2","classe":"textConvertido_10_2","nome":"eli08_02_10_1"},{"tipo":"img","x":"80.2px","y":"126.1px","width":"214.45px","height":"91.7px","nomeInstancia":"MovieClips/transicao_10_1","classe":"transicao_10_1","nome":"eli08_02_10_2"}]}]}