{"licao":"elb01_07","topico":"07","telas":[{"desenhos":[{"tipo":"img","x":"265.1px","y":"147.55px","width":"463.75px","height":"108.8px","nomeInstancia":"MovieClips/transicao_1_0","classe":"transicao_1_0","nome":"elb01_07_1_0"},{"nome":"elb01_07_1_1","tipo":"personagem","x":"0px","y":"0px","width":"1016px","height":"659px","nomeInstancia":"MovieClips/animaP1","classe":"animaP1"}]},{"desenhos":[{"tipo":"img","x":"159.3px","y":"251.4px","width":"467px","height":"139.2px","nomeInstancia":"MovieClips/transicao_2_1","classe":"transicao_2_1","nome":"elb01_07_2_0"},{"tipo":"img","x":"183.6px","y":"386.6px","width":"412.5px","height":"154.05px","nomeInstancia":"MovieClips/transicao_2_0","classe":"transicao_2_0","nome":"elb01_07_2_1"},{"tipo":"img","x":"265.1px","y":"147.55px","width":"463.75px","height":"108.8px","nomeInstancia":"MovieClips/transicao_1_0","classe":"transicao_1_0","nome":"elb01_07_1_0"},{"nome":"elb01_07_1_1","tipo":"personagem","x":"0px","y":"0px","width":"1016px","height":"659px","nomeInstancia":"MovieClips/animaP1","classe":"animaP1"}]},{"desenhos":[{"tipo":"img","x":"273.8px","y":"229.55px","width":"450.85px","height":"196.85px","nomeInstancia":"MovieClips/destaque_72_1","classe":"destaque_72_1","nome":"elb01_07_3_0"},{"tipo":"img","x":"159.3px","y":"251.4px","width":"467px","height":"139.2px","nomeInstancia":"MovieClips/transicao_2_1","classe":"transicao_2_1","nome":"elb01_07_2_0"},{"tipo":"img","x":"183.6px","y":"386.6px","width":"412.5px","height":"154.05px","nomeInstancia":"MovieClips/transicao_2_0","classe":"transicao_2_0","nome":"elb01_07_2_1"},{"tipo":"img","x":"265.1px","y":"147.55px","width":"463.75px","height":"108.8px","nomeInstancia":"MovieClips/transicao_1_0","classe":"transicao_1_0","nome":"elb01_07_1_0"},{"nome":"elb01_07_1_1","tipo":"personagem","x":"0px","y":"0px","width":"1016px","height":"659px","nomeInstancia":"MovieClips/animaP1","classe":"animaP1"}]},{"desenhos":[{"tipo":"img","x":"275.8px","y":"147.4px","width":"528.9px","height":"114.7px","nomeInstancia":"MovieClips/transicao_5_0","classe":"transicao_5_0","nome":"elb01_07_4_0"},{"tipo":"img","x":"57.2px","y":"155.4px","width":"208.7px","height":"24.9px","nomeInstancia":"MovieClips/textConvertido_4_0","classe":"textConvertido_4_0","nome":"elb01_07_4_1"},{"nome":"elb01_07_4_2","tipo":"personagem","x":"0px","y":"0px","width":"1016px","height":"659px","nomeInstancia":"MovieClips/animaP4","classe":"animaP4"}]},{"desenhos":[{"tipo":"img","x":"332.7px","y":"257.7px","width":"471px","height":"134.85px","nomeInstancia":"MovieClips/transicao_6_0","classe":"transicao_6_0","nome":"elb01_07_5_0"},{"tipo":"img","x":"275.8px","y":"147.4px","width":"528.9px","height":"114.7px","nomeInstancia":"MovieClips/transicao_5_0","classe":"transicao_5_0","nome":"elb01_07_4_0"},{"tipo":"img","x":"57.2px","y":"155.4px","width":"208.7px","height":"24.9px","nomeInstancia":"MovieClips/textConvertido_4_0","classe":"textConvertido_4_0","nome":"elb01_07_4_1"},{"nome":"elb01_07_4_2","tipo":"personagem","x":"0px","y":"0px","width":"1016px","height":"659px","nomeInstancia":"MovieClips/animaP4","classe":"animaP4"}]},{"desenhos":[{"tipo":"img","x":"376.7px","y":"387.9px","width":"496.7px","height":"159px","nomeInstancia":"MovieClips/transicao_7_0","classe":"transicao_7_0","nome":"elb01_07_6_0"},{"tipo":"img","x":"332.7px","y":"257.7px","width":"471px","height":"134.85px","nomeInstancia":"MovieClips/transicao_6_0","classe":"transicao_6_0","nome":"elb01_07_5_0"},{"tipo":"img","x":"275.8px","y":"147.4px","width":"528.9px","height":"114.7px","nomeInstancia":"MovieClips/transicao_5_0","classe":"transicao_5_0","nome":"elb01_07_4_0"},{"tipo":"img","x":"57.2px","y":"155.4px","width":"208.7px","height":"24.9px","nomeInstancia":"MovieClips/textConvertido_4_0","classe":"textConvertido_4_0","nome":"elb01_07_4_1"},{"nome":"elb01_07_4_2","tipo":"personagem","x":"0px","y":"0px","width":"1016px","height":"659px","nomeInstancia":"MovieClips/animaP4","classe":"animaP4"}]},{"desenhos":[{"tipo":"img","x":"295.4px","y":"131.75px","width":"513.9px","height":"128.45px","nomeInstancia":"MovieClips/transicao_8_0","classe":"transicao_8_0","nome":"elb01_07_7_0"},{"tipo":"img","x":"26.4px","y":"397.4px","width":"576.15px","height":"156.4px","nomeInstancia":"MovieClips/transicao_8_2","classe":"transicao_8_2","nome":"elb01_07_7_1"},{"nome":"elb01_07_7_2","tipo":"personagem","x":"0px","y":"0px","width":"1016px","height":"659px","nomeInstancia":"MovieClips/animaP8","classe":"animaP8"}]},{"desenhos":[{"tipo":"img","x":"219.25px","y":"219px","width":"577.5px","height":"319.45px","nomeInstancia":"MovieClips/telaInfo09","classe":"telaInfo09","nome":"elb01_07_8_0"},{"tipo":"img","x":"123.1px","y":"256.45px","width":"478.9px","height":"118.4px","nomeInstancia":"MovieClips/transicao_9_0","classe":"transicao_9_0","nome":"elb01_07_8_1"},{"tipo":"img","x":"295.4px","y":"131.75px","width":"513.9px","height":"128.45px","nomeInstancia":"MovieClips/transicao_8_0","classe":"transicao_8_0","nome":"elb01_07_7_0"},{"tipo":"img","x":"26.4px","y":"397.4px","width":"576.15px","height":"156.4px","nomeInstancia":"MovieClips/transicao_8_2","classe":"transicao_8_2","nome":"elb01_07_7_1"},{"nome":"elb01_07_7_2","tipo":"personagem","x":"0px","y":"0px","width":"1016px","height":"659px","nomeInstancia":"MovieClips/animaP8","classe":"animaP8"}]},{"desenhos":[{"tipo":"img","x":"536.6px","y":"232.45px","width":"426px","height":"63.65px","nomeInstancia":"MovieClips/textConvertido_11_0","classe":"textConvertido_11_0","nome":"elb01_07_9_0"},{"tipo":"img","x":"44.35px","y":"149.45px","width":"213.7px","height":"24.9px","nomeInstancia":"MovieClips/textConvertido_11_1","classe":"textConvertido_11_1","nome":"elb01_07_9_1"},{"tipo":"img","x":"39.8px","y":"257.55px","width":"472.85px","height":"181.9px","nomeInstancia":"MovieClips/transicao_11_2","classe":"transicao_11_2","nome":"elb01_07_9_2"}]},{"desenhos":[{"tipo":"img","x":"536.6px","y":"317.95px","width":"426px","height":"104.75px","nomeInstancia":"MovieClips/textConvertido_12_0","classe":"textConvertido_12_0","nome":"elb01_07_10_0"},{"tipo":"img","x":"536.6px","y":"232.45px","width":"426px","height":"63.65px","nomeInstancia":"MovieClips/textConvertido_11_0","classe":"textConvertido_11_0","nome":"elb01_07_9_0"},{"tipo":"img","x":"44.35px","y":"149.45px","width":"213.7px","height":"24.9px","nomeInstancia":"MovieClips/textConvertido_11_1","classe":"textConvertido_11_1","nome":"elb01_07_9_1"},{"tipo":"img","x":"39.8px","y":"257.55px","width":"472.85px","height":"181.9px","nomeInstancia":"MovieClips/transicao_11_2","classe":"transicao_11_2","nome":"elb01_07_9_2"}]},{"desenhos":[{"tipo":"img","x":"39.8px","y":"257.55px","width":"759.65px","height":"222.55px","nomeInstancia":"MovieClips/telaInfo11","classe":"telaInfo11","nome":"elb01_07_11_0"},{"tipo":"img","x":"536.6px","y":"444.55px","width":"426px","height":"22.55px","nomeInstancia":"MovieClips/textConvertido_13_1","classe":"textConvertido_13_1","nome":"elb01_07_11_1"},{"tipo":"img","x":"536.6px","y":"317.95px","width":"426px","height":"104.75px","nomeInstancia":"MovieClips/textConvertido_12_0","classe":"textConvertido_12_0","nome":"elb01_07_10_0"},{"tipo":"img","x":"536.6px","y":"232.45px","width":"426px","height":"63.65px","nomeInstancia":"MovieClips/textConvertido_11_0","classe":"textConvertido_11_0","nome":"elb01_07_9_0"},{"tipo":"img","x":"44.35px","y":"149.45px","width":"213.7px","height":"24.9px","nomeInstancia":"MovieClips/textConvertido_11_1","classe":"textConvertido_11_1","nome":"elb01_07_9_1"},{"tipo":"img","x":"39.8px","y":"257.55px","width":"472.85px","height":"181.9px","nomeInstancia":"MovieClips/transicao_11_2","classe":"transicao_11_2","nome":"elb01_07_9_2"}]},{"desenhos":[{"tipo":"img","x":"161.05px","y":"200.9px","width":"535.9px","height":"126.45px","nomeInstancia":"MovieClips/transicao_14_0","classe":"transicao_14_0","nome":"elb01_07_12_0"},{"nome":"elb01_07_12_1","tipo":"personagem","x":"0px","y":"0px","width":"1016px","height":"659px","nomeInstancia":"MovieClips/animaP14","classe":"animaP14"}]},{"desenhos":[{"tipo":"img","x":"347.75px","y":"282.2px","width":"540.15px","height":"98.75px","nomeInstancia":"MovieClips/transicao_15_0","classe":"transicao_15_0","nome":"elb01_07_13_0"},{"tipo":"img","x":"57.05px","y":"147.5px","width":"209.9px","height":"24.9px","nomeInstancia":"MovieClips/textConvertido_15_1","classe":"textConvertido_15_1","nome":"elb01_07_13_1"},{"nome":"elb01_07_13_2","tipo":"personagem","x":"0px","y":"0px","width":"1016px","height":"659px","nomeInstancia":"MovieClips/animaP15","classe":"animaP15"}]},{"desenhos":[{"tipo":"img","x":"526.2px","y":"291.85px","width":"426px","height":"84.2px","nomeInstancia":"MovieClips/textConvertido_16_0","classe":"textConvertido_16_0","nome":"elb01_07_14_0"},{"tipo":"img","x":"57.05px","y":"147.5px","width":"209.9px","height":"24.9px","nomeInstancia":"MovieClips/textConvertido_15_1","classe":"textConvertido_15_1","nome":"elb01_07_13_1"},{"tipo":"img","x":"57.05px","y":"293.85px","width":"422.1px","height":"168.35px","nomeInstancia":"MovieClips/transicao_16_2","classe":"transicao_16_2","nome":"elb01_07_14_2"}]},{"desenhos":[{"tipo":"img","x":"526.2px","y":"397.95px","width":"426px","height":"84.2px","nomeInstancia":"MovieClips/textConvertido_17_0","classe":"textConvertido_17_0","nome":"elb01_07_15_0"},{"tipo":"img","x":"526.2px","y":"291.85px","width":"426px","height":"84.2px","nomeInstancia":"MovieClips/textConvertido_16_0","classe":"textConvertido_16_0","nome":"elb01_07_14_0"},{"tipo":"img","x":"57.05px","y":"147.5px","width":"209.9px","height":"24.9px","nomeInstancia":"MovieClips/textConvertido_15_1","classe":"textConvertido_15_1","nome":"elb01_07_13_1"},{"tipo":"img","x":"57.05px","y":"293.85px","width":"422.1px","height":"168.35px","nomeInstancia":"MovieClips/transicao_16_2","classe":"transicao_16_2","nome":"elb01_07_14_2"}]},{"desenhos":[{"tipo":"img","x":"196.65px","y":"151.45px","width":"536.85px","height":"130.45px","nomeInstancia":"MovieClips/transicao_18_0","classe":"transicao_18_0","nome":"elb01_07_16_0"},{"nome":"elb01_07_16_1","tipo":"personagem","x":"0px","y":"0px","width":"1016px","height":"659px","nomeInstancia":"MovieClips/animaP18","classe":"animaP18"}]},{"desenhos":[{"tipo":"img","x":"468.35px","y":"223.65px","width":"426px","height":"125.3px","nomeInstancia":"MovieClips/textConvertido_19_0","classe":"textConvertido_19_0","nome":"elb01_07_17_0"},{"nome":"elb01_07_17_1","tipo":"personagem","x":"0px","y":"0px","width":"1016px","height":"659px","nomeInstancia":"MovieClips/animaP19","classe":"animaP19"}]},{"desenhos":[{"tipo":"img","x":"468.35px","y":"379.7px","width":"426px","height":"104.75px","nomeInstancia":"MovieClips/textConvertido_20_0","classe":"textConvertido_20_0","nome":"elb01_07_18_0"},{"tipo":"img","x":"468.35px","y":"223.65px","width":"426px","height":"125.3px","nomeInstancia":"MovieClips/textConvertido_19_0","classe":"textConvertido_19_0","nome":"elb01_07_17_0"},{"nome":"elb01_07_17_1","tipo":"personagem","x":"0px","y":"0px","width":"1016px","height":"659px","nomeInstancia":"MovieClips/animaP19","classe":"animaP19"}]},{"desenhos":[{"tipo":"img","x":"124.45px","y":"188.2px","width":"532.95px","height":"132.35px","nomeInstancia":"MovieClips/transicao_21_0","classe":"transicao_21_0","nome":"elb01_07_19_0"},{"nome":"elb01_07_19_1","tipo":"personagem","x":"0px","y":"0px","width":"1016px","height":"659px","nomeInstancia":"MovieClips/animaP21","classe":"animaP21"}]},{"desenhos":[{"tipo":"img","x":"76px","y":"317.55px","width":"494.7px","height":"153px","nomeInstancia":"MovieClips/transicao_22_0","classe":"transicao_22_0","nome":"elb01_07_20_0"},{"tipo":"img","x":"124.45px","y":"188.2px","width":"532.95px","height":"132.35px","nomeInstancia":"MovieClips/transicao_21_0","classe":"transicao_21_0","nome":"elb01_07_19_0"},{"nome":"elb01_07_19_1","tipo":"personagem","x":"0px","y":"0px","width":"1016px","height":"659px","nomeInstancia":"MovieClips/animaP21","classe":"animaP21"}]},{"desenhos":[{"tipo":"img","x":"102.25px","y":"228.25px","width":"734.65px","height":"329.2px","nomeInstancia":"MovieClips/telaInfo21","classe":"telaInfo21","nome":"elb01_07_21_0"},{"tipo":"img","x":"76px","y":"317.55px","width":"494.7px","height":"153px","nomeInstancia":"MovieClips/transicao_22_0","classe":"transicao_22_0","nome":"elb01_07_20_0"},{"tipo":"img","x":"124.45px","y":"188.2px","width":"532.95px","height":"132.35px","nomeInstancia":"MovieClips/transicao_21_0","classe":"transicao_21_0","nome":"elb01_07_19_0"},{"nome":"elb01_07_19_1","tipo":"personagem","x":"0px","y":"0px","width":"1016px","height":"659px","nomeInstancia":"MovieClips/animaP21","classe":"animaP21"}]},{"desenhos":[{"tipo":"img","x":"66.25px","y":"251.4px","width":"838.9px","height":"305.25px","nomeInstancia":"MovieClips/opcoes22","classe":"opcoes22","nome":"elb01_07_22_0"},{"tipo":"img","x":"92.85px","y":"237.4px","width":"832.3px","height":"269.15px","nomeInstancia":"MovieClips/textConvertido_24_1","classe":"textConvertido_24_1","nome":"elb01_07_22_1"},{"tipo":"img","x":"88.3px","y":"139.95px","width":"131.9px","height":"70px","nomeInstancia":"MovieClips/transicao_24_2","classe":"transicao_24_2","nome":"elb01_07_22_2"}]}]}