{"licao":"elb01_06","topico":"06","telas":[{"desenhos":[{"tipo":"img","x":"230.35px","y":"190.9px","width":"530.8px","height":"105.45px","nomeInstancia":"MovieClips/transicao_1_0","classe":"transicao_1_0","nome":"elb01_06_1_0"},{"nome":"elb01_06_1_1","tipo":"personagem","x":"0px","y":"0px","width":"1016px","height":"659px","nomeInstancia":"MovieClips/animaP1","classe":"animaP1"}]},{"desenhos":[{"tipo":"img","x":"76px","y":"351.4px","width":"405.7px","height":"63.65px","nomeInstancia":"MovieClips/textConvertido_2_0","classe":"textConvertido_2_0","nome":"elb01_06_2_0"},{"tipo":"img","x":"230.35px","y":"190.9px","width":"530.8px","height":"105.45px","nomeInstancia":"MovieClips/transicao_1_0","classe":"transicao_1_0","nome":"elb01_06_1_0"},{"nome":"elb01_06_1_1","tipo":"personagem","x":"0px","y":"0px","width":"1016px","height":"659px","nomeInstancia":"MovieClips/animaP1","classe":"animaP1"}]},{"desenhos":[{"tipo":"img","x":"333.6px","y":"190px","width":"526.05px","height":"148.55px","nomeInstancia":"MovieClips/transicao_3_0","classe":"transicao_3_0","nome":"elb01_06_3_0"},{"nome":"elb01_06_3_1","tipo":"personagem","x":"0px","y":"0px","width":"1016px","height":"659px","nomeInstancia":"MovieClips/animaP3","classe":"animaP3"}]},{"desenhos":[{"tipo":"img","x":"427.65px","y":"336.55px","width":"446.5px","height":"138.2px","nomeInstancia":"MovieClips/transicao_4_0","classe":"transicao_4_0","nome":"elb01_06_4_0"},{"tipo":"img","x":"333.6px","y":"190px","width":"526.05px","height":"148.55px","nomeInstancia":"MovieClips/transicao_3_0","classe":"transicao_3_0","nome":"elb01_06_3_0"},{"nome":"elb01_06_3_1","tipo":"personagem","x":"0px","y":"0px","width":"1016px","height":"659px","nomeInstancia":"MovieClips/animaP3","classe":"animaP3"}]},{"desenhos":[{"tipo":"img","x":"76px","y":"246.6px","width":"426px","height":"84.2px","nomeInstancia":"MovieClips/textConvertido_5_0","classe":"textConvertido_5_0","nome":"elb01_06_5_0"},{"tipo":"img","x":"574.85px","y":"223px","width":"331.05px","height":"274.75px","nomeInstancia":"MovieClips/transicao_5_1","classe":"transicao_5_1","nome":"elb01_06_5_1"}]},{"desenhos":[{"tipo":"img","x":"76px","y":"345.8px","width":"426px","height":"43.1px","nomeInstancia":"MovieClips/textConvertido_6_0","classe":"textConvertido_6_0","nome":"elb01_06_6_0"},{"tipo":"img","x":"76px","y":"246.6px","width":"426px","height":"84.2px","nomeInstancia":"MovieClips/textConvertido_5_0","classe":"textConvertido_5_0","nome":"elb01_06_5_0"},{"tipo":"img","x":"574.85px","y":"223px","width":"331.05px","height":"274.75px","nomeInstancia":"MovieClips/transicao_5_1","classe":"transicao_5_1","nome":"elb01_06_5_1"}]},{"desenhos":[{"tipo":"img","x":"76px","y":"403.9px","width":"426px","height":"63.65px","nomeInstancia":"MovieClips/textConvertido_7_0","classe":"textConvertido_7_0","nome":"elb01_06_7_0"},{"tipo":"img","x":"76px","y":"345.8px","width":"426px","height":"43.1px","nomeInstancia":"MovieClips/textConvertido_6_0","classe":"textConvertido_6_0","nome":"elb01_06_6_0"},{"tipo":"img","x":"76px","y":"246.6px","width":"426px","height":"84.2px","nomeInstancia":"MovieClips/textConvertido_5_0","classe":"textConvertido_5_0","nome":"elb01_06_5_0"},{"tipo":"img","x":"574.85px","y":"223px","width":"331.05px","height":"274.75px","nomeInstancia":"MovieClips/transicao_5_1","classe":"transicao_5_1","nome":"elb01_06_5_1"}]},{"desenhos":[{"tipo":"img","x":"552.9px","y":"285.5px","width":"426px","height":"43.1px","nomeInstancia":"MovieClips/textConvertido_8_0","classe":"textConvertido_8_0","nome":"elb01_06_8_0"},{"tipo":"img","x":"39.2px","y":"250.95px","width":"457.9px","height":"216.2px","nomeInstancia":"MovieClips/transicao_8_1","classe":"transicao_8_1","nome":"elb01_06_8_1"}]},{"desenhos":[{"tipo":"img","x":"552.9px","y":"343.1px","width":"426px","height":"43.1px","nomeInstancia":"MovieClips/textConvertido_9_0","classe":"textConvertido_9_0","nome":"elb01_06_9_0"},{"tipo":"img","x":"552.9px","y":"285.5px","width":"426px","height":"43.1px","nomeInstancia":"MovieClips/textConvertido_8_0","classe":"textConvertido_8_0","nome":"elb01_06_8_0"},{"tipo":"img","x":"39.2px","y":"250.95px","width":"457.9px","height":"216.2px","nomeInstancia":"MovieClips/transicao_8_1","classe":"transicao_8_1","nome":"elb01_06_8_1"}]},{"desenhos":[{"tipo":"img","x":"552.9px","y":"400.7px","width":"426px","height":"43.1px","nomeInstancia":"MovieClips/textConvertido_10_0","classe":"textConvertido_10_0","nome":"elb01_06_10_0"},{"tipo":"img","x":"552.9px","y":"343.1px","width":"426px","height":"43.1px","nomeInstancia":"MovieClips/textConvertido_9_0","classe":"textConvertido_9_0","nome":"elb01_06_9_0"},{"tipo":"img","x":"552.9px","y":"285.5px","width":"426px","height":"43.1px","nomeInstancia":"MovieClips/textConvertido_8_0","classe":"textConvertido_8_0","nome":"elb01_06_8_0"},{"tipo":"img","x":"39.2px","y":"250.95px","width":"457.9px","height":"216.2px","nomeInstancia":"MovieClips/transicao_8_1","classe":"transicao_8_1","nome":"elb01_06_8_1"}]},{"desenhos":[{"tipo":"img","x":"66.25px","y":"239.9px","width":"426px","height":"63.65px","nomeInstancia":"MovieClips/textConvertido_11_0","classe":"textConvertido_11_0","nome":"elb01_06_11_0"},{"tipo":"img","x":"513.3px","y":"233.05px","width":"454.1px","height":"266.3px","nomeInstancia":"MovieClips/transicao_11_1","classe":"transicao_11_1","nome":"elb01_06_11_1"}]},{"desenhos":[{"tipo":"img","x":"66.25px","y":"334px","width":"426px","height":"63.65px","nomeInstancia":"MovieClips/textConvertido_12_0","classe":"textConvertido_12_0","nome":"elb01_06_12_0"},{"tipo":"img","x":"66.25px","y":"239.9px","width":"426px","height":"63.65px","nomeInstancia":"MovieClips/textConvertido_11_0","classe":"textConvertido_11_0","nome":"elb01_06_11_0"},{"tipo":"img","x":"513.3px","y":"233.05px","width":"454.1px","height":"266.3px","nomeInstancia":"MovieClips/transicao_11_1","classe":"transicao_11_1","nome":"elb01_06_11_1"}]},{"desenhos":[{"tipo":"img","x":"66.25px","y":"428.1px","width":"426px","height":"63.65px","nomeInstancia":"MovieClips/textConvertido_13_0","classe":"textConvertido_13_0","nome":"elb01_06_13_0"},{"tipo":"img","x":"66.25px","y":"334px","width":"426px","height":"63.65px","nomeInstancia":"MovieClips/textConvertido_12_0","classe":"textConvertido_12_0","nome":"elb01_06_12_0"},{"tipo":"img","x":"66.25px","y":"239.9px","width":"426px","height":"63.65px","nomeInstancia":"MovieClips/textConvertido_11_0","classe":"textConvertido_11_0","nome":"elb01_06_11_0"},{"tipo":"img","x":"513.3px","y":"233.05px","width":"454.1px","height":"266.3px","nomeInstancia":"MovieClips/transicao_11_1","classe":"transicao_11_1","nome":"elb01_06_11_1"}]},{"desenhos":[{"tipo":"img","x":"539.9px","y":"234.9px","width":"426px","height":"63.65px","nomeInstancia":"MovieClips/textConvertido_14_0","classe":"textConvertido_14_0","nome":"elb01_06_14_0"},{"tipo":"img","x":"38.15px","y":"255.75px","width":"446.4px","height":"227.75px","nomeInstancia":"MovieClips/transicao_14_1","classe":"transicao_14_1","nome":"elb01_06_14_1"}]},{"desenhos":[{"tipo":"img","x":"539.9px","y":"311.5px","width":"426px","height":"125.3px","nomeInstancia":"MovieClips/textConvertido_15_0","classe":"textConvertido_15_0","nome":"elb01_06_15_0"},{"tipo":"img","x":"539.9px","y":"234.9px","width":"426px","height":"63.65px","nomeInstancia":"MovieClips/textConvertido_14_0","classe":"textConvertido_14_0","nome":"elb01_06_14_0"},{"tipo":"img","x":"38.15px","y":"255.75px","width":"446.4px","height":"227.75px","nomeInstancia":"MovieClips/transicao_14_1","classe":"transicao_14_1","nome":"elb01_06_14_1"}]},{"desenhos":[{"tipo":"img","x":"539.9px","y":"449.75px","width":"426px","height":"43.1px","nomeInstancia":"MovieClips/textConvertido_16_0","classe":"textConvertido_16_0","nome":"elb01_06_16_0"},{"tipo":"img","x":"539.9px","y":"311.5px","width":"426px","height":"125.3px","nomeInstancia":"MovieClips/textConvertido_15_0","classe":"textConvertido_15_0","nome":"elb01_06_15_0"},{"tipo":"img","x":"539.9px","y":"234.9px","width":"426px","height":"63.65px","nomeInstancia":"MovieClips/textConvertido_14_0","classe":"textConvertido_14_0","nome":"elb01_06_14_0"},{"tipo":"img","x":"38.15px","y":"255.75px","width":"446.4px","height":"227.75px","nomeInstancia":"MovieClips/transicao_14_1","classe":"transicao_14_1","nome":"elb01_06_14_1"}]},{"desenhos":[{"tipo":"img","x":"294.35px","y":"261.05px","width":"427.35px","height":"213.5px","nomeInstancia":"MovieClips/destaque_615_1","classe":"destaque_615_1","nome":"elb01_06_17_0"},{"tipo":"img","x":"539.9px","y":"449.75px","width":"426px","height":"43.1px","nomeInstancia":"MovieClips/textConvertido_16_0","classe":"textConvertido_16_0","nome":"elb01_06_16_0"},{"tipo":"img","x":"539.9px","y":"311.5px","width":"426px","height":"125.3px","nomeInstancia":"MovieClips/textConvertido_15_0","classe":"textConvertido_15_0","nome":"elb01_06_15_0"},{"tipo":"img","x":"539.9px","y":"234.9px","width":"426px","height":"63.65px","nomeInstancia":"MovieClips/textConvertido_14_0","classe":"textConvertido_14_0","nome":"elb01_06_14_0"},{"tipo":"img","x":"38.15px","y":"255.75px","width":"446.4px","height":"227.75px","nomeInstancia":"MovieClips/transicao_14_1","classe":"transicao_14_1","nome":"elb01_06_14_1"}]},{"desenhos":[{"tipo":"img","x":"76px","y":"250.65px","width":"426px","height":"84.2px","nomeInstancia":"MovieClips/textConvertido_18_0","classe":"textConvertido_18_0","nome":"elb01_06_18_0"},{"nome":"elb01_06_18_1","tipo":"png","x":"0px","y":"0px","width":"1016px","height":"659px","nomeInstancia":"MovieClips/anima19","classe":"anima19"}]},{"desenhos":[{"tipo":"img","x":"76px","y":"177.4px","width":"782.05px","height":"352.5px","nomeInstancia":"MovieClips/telaInfo_miniNavegacao19","classe":"telaInfo_miniNavegacao19","nome":"elb01_06_19_0"},{"tipo":"img","x":"76px","y":"356.55px","width":"426px","height":"104.75px","nomeInstancia":"MovieClips/textConvertido_19_1","classe":"textConvertido_19_1","nome":"elb01_06_19_1"},{"tipo":"img","x":"76px","y":"250.65px","width":"426px","height":"84.2px","nomeInstancia":"MovieClips/textConvertido_18_0","classe":"textConvertido_18_0","nome":"elb01_06_18_0"},{"nome":"elb01_06_18_1","tipo":"png","x":"0px","y":"0px","width":"1016px","height":"659px","nomeInstancia":"MovieClips/anima19","classe":"anima19"}]},{"desenhos":[{"tipo":"img","x":"77.55px","y":"236.1px","width":"806.5px","height":"310px","nomeInstancia":"MovieClips/opcoes20","classe":"opcoes20","nome":"elb01_06_20_0"},{"tipo":"img","x":"106.95px","y":"236.1px","width":"802.1px","height":"248.6px","nomeInstancia":"MovieClips/textConvertido_20_1","classe":"textConvertido_20_1","nome":"elb01_06_20_1"},{"tipo":"img","x":"106.95px","y":"150.95px","width":"131.9px","height":"70px","nomeInstancia":"MovieClips/transicao_20_2","classe":"transicao_20_2","nome":"elb01_06_20_2"}]}]}