{"licao":"elb01_04","topico":"04","telas":[{"desenhos":[{"tipo":"img","x":"76px","y":"243.15px","width":"426px","height":"104.75px","nomeInstancia":"MovieClips/textConvertido_1_0","classe":"textConvertido_1_0","nome":"elb01_04_1_0"},{"tipo":"img","x":"553.3px","y":"288.8px","width":"374.1px","height":"154.7px","nomeInstancia":"MovieClips/transicao_1_1","classe":"transicao_1_1","nome":"elb01_04_1_1"}]},{"desenhos":[{"tipo":"img","x":"76px","y":"379.75px","width":"426px","height":"104.75px","nomeInstancia":"MovieClips/textConvertido_2_0","classe":"textConvertido_2_0","nome":"elb01_04_2_0"},{"tipo":"img","x":"76px","y":"243.15px","width":"426px","height":"104.75px","nomeInstancia":"MovieClips/textConvertido_1_0","classe":"textConvertido_1_0","nome":"elb01_04_1_0"},{"tipo":"img","x":"553.3px","y":"288.8px","width":"374.1px","height":"154.7px","nomeInstancia":"MovieClips/transicao_1_1","classe":"transicao_1_1","nome":"elb01_04_1_1"}]},{"desenhos":[{"tipo":"img","x":"501.9px","y":"258.35px","width":"426px","height":"104.75px","nomeInstancia":"MovieClips/textConvertido_3_0","classe":"textConvertido_3_0","nome":"elb01_04_3_0"},{"tipo":"img","x":"98.4px","y":"222.45px","width":"302.8px","height":"275.85px","nomeInstancia":"MovieClips/transicao_3_1","classe":"transicao_3_1","nome":"elb01_04_3_1"}]},{"desenhos":[{"tipo":"img","x":"501.9px","y":"398.75px","width":"426px","height":"84.2px","nomeInstancia":"MovieClips/textConvertido_4_0","classe":"textConvertido_4_0","nome":"elb01_04_4_0"},{"tipo":"img","x":"501.9px","y":"258.35px","width":"426px","height":"104.75px","nomeInstancia":"MovieClips/textConvertido_3_0","classe":"textConvertido_3_0","nome":"elb01_04_3_0"},{"tipo":"img","x":"98.4px","y":"222.45px","width":"302.8px","height":"275.85px","nomeInstancia":"MovieClips/transicao_3_1","classe":"transicao_3_1","nome":"elb01_04_3_1"}]},{"desenhos":[{"tipo":"img","x":"76px","y":"251.7px","width":"426px","height":"125.3px","nomeInstancia":"MovieClips/textConvertido_5_0","classe":"textConvertido_5_0","nome":"elb01_04_5_0"},{"tipo":"img","x":"579.85px","y":"263.2px","width":"321.15px","height":"214.7px","nomeInstancia":"MovieClips/transicao_5_1","classe":"transicao_5_1","nome":"elb01_04_5_1"}]},{"desenhos":[{"tipo":"img","x":"76px","y":"400.3px","width":"426px","height":"84.2px","nomeInstancia":"MovieClips/textConvertido_6_0","classe":"textConvertido_6_0","nome":"elb01_04_6_0"},{"tipo":"img","x":"76px","y":"251.7px","width":"426px","height":"125.3px","nomeInstancia":"MovieClips/textConvertido_5_0","classe":"textConvertido_5_0","nome":"elb01_04_5_0"},{"tipo":"img","x":"579.85px","y":"263.2px","width":"321.15px","height":"214.7px","nomeInstancia":"MovieClips/transicao_5_1","classe":"transicao_5_1","nome":"elb01_04_5_1"}]},{"desenhos":[{"tipo":"img","x":"536.1px","y":"261.2px","width":"426px","height":"104.75px","nomeInstancia":"MovieClips/textConvertido_7_0","classe":"textConvertido_7_0","nome":"elb01_04_7_0"},{"tipo":"img","x":"87.35px","y":"257.3px","width":"374.25px","height":"207.6px","nomeInstancia":"MovieClips/transicao_7_1","classe":"transicao_7_1","nome":"elb01_04_7_1"}]},{"desenhos":[{"tipo":"img","x":"536.1px","y":"395.4px","width":"426px","height":"63.65px","nomeInstancia":"MovieClips/textConvertido_8_0","classe":"textConvertido_8_0","nome":"elb01_04_8_0"},{"tipo":"img","x":"536.1px","y":"261.2px","width":"426px","height":"104.75px","nomeInstancia":"MovieClips/textConvertido_7_0","classe":"textConvertido_7_0","nome":"elb01_04_7_0"},{"tipo":"img","x":"87.35px","y":"257.3px","width":"374.25px","height":"207.6px","nomeInstancia":"MovieClips/transicao_7_1","classe":"transicao_7_1","nome":"elb01_04_7_1"}]},{"desenhos":[{"tipo":"img","x":"289.65px","y":"247.2px","width":"436.65px","height":"202.45px","nomeInstancia":"MovieClips/destaque_31","classe":"destaque_31","nome":"elb01_04_9_0"},{"tipo":"img","x":"536.1px","y":"395.4px","width":"426px","height":"63.65px","nomeInstancia":"MovieClips/textConvertido_8_0","classe":"textConvertido_8_0","nome":"elb01_04_8_0"},{"tipo":"img","x":"536.1px","y":"261.2px","width":"426px","height":"104.75px","nomeInstancia":"MovieClips/textConvertido_7_0","classe":"textConvertido_7_0","nome":"elb01_04_7_0"},{"tipo":"img","x":"87.35px","y":"257.3px","width":"374.25px","height":"207.6px","nomeInstancia":"MovieClips/transicao_7_1","classe":"transicao_7_1","nome":"elb01_04_7_1"}]},{"desenhos":[{"tipo":"img","x":"68.4px","y":"266.85px","width":"400.55px","height":"84.2px","nomeInstancia":"MovieClips/textConvertido_10_0","classe":"textConvertido_10_0","nome":"elb01_04_10_0"},{"tipo":"img","x":"539.1px","y":"231.05px","width":"414.1px","height":"247.2px","nomeInstancia":"MovieClips/transicao_10_1","classe":"transicao_10_1","nome":"elb01_04_10_1"}]},{"desenhos":[{"tipo":"img","x":"87.25px","y":"259.1px","width":"625.6px","height":"288.35px","nomeInstancia":"MovieClips/telaInfo12","classe":"telaInfo12","nome":"elb01_04_11_0"},{"tipo":"img","x":"68.4px","y":"386.7px","width":"400.55px","height":"63.65px","nomeInstancia":"MovieClips/textConvertido_11_0","classe":"textConvertido_11_0","nome":"elb01_04_11_1"},{"tipo":"img","x":"68.4px","y":"266.85px","width":"400.55px","height":"84.2px","nomeInstancia":"MovieClips/textConvertido_10_0","classe":"textConvertido_10_0","nome":"elb01_04_10_0"},{"tipo":"img","x":"539.1px","y":"231.05px","width":"414.1px","height":"247.2px","nomeInstancia":"MovieClips/transicao_10_1","classe":"transicao_10_1","nome":"elb01_04_10_1"}]},{"desenhos":[{"tipo":"img","x":"500px","y":"187.15px","width":"426px","height":"125.3px","nomeInstancia":"MovieClips/textConvertido_13_0","classe":"textConvertido_13_0","nome":"elb01_04_12_0"},{"tipo":"img","x":"103.7px","y":"266.9px","width":"292.2px","height":"186.9px","nomeInstancia":"MovieClips/transicao_13_1","classe":"transicao_13_1","nome":"elb01_04_12_1"}]},{"desenhos":[{"tipo":"img","x":"500px","y":"337.65px","width":"426px","height":"104.75px","nomeInstancia":"MovieClips/textConvertido_14_0","classe":"textConvertido_14_0","nome":"elb01_04_13_0"},{"tipo":"img","x":"500px","y":"187.15px","width":"426px","height":"125.3px","nomeInstancia":"MovieClips/textConvertido_13_0","classe":"textConvertido_13_0","nome":"elb01_04_12_0"},{"tipo":"img","x":"103.7px","y":"266.9px","width":"292.2px","height":"186.9px","nomeInstancia":"MovieClips/transicao_13_1","classe":"transicao_13_1","nome":"elb01_04_12_1"}]},{"desenhos":[{"tipo":"img","x":"185.5px","y":"195.55px","width":"740.5px","height":"359.3px","nomeInstancia":"MovieClips/telaInfo14","classe":"telaInfo14","nome":"elb01_04_14_0"},{"tipo":"img","x":"500px","y":"467.6px","width":"426px","height":"22.55px","nomeInstancia":"MovieClips/textConvertido_15_1","classe":"textConvertido_15_1","nome":"elb01_04_14_1"},{"tipo":"img","x":"500px","y":"337.65px","width":"426px","height":"104.75px","nomeInstancia":"MovieClips/textConvertido_14_0","classe":"textConvertido_14_0","nome":"elb01_04_13_0"},{"tipo":"img","x":"500px","y":"187.15px","width":"426px","height":"125.3px","nomeInstancia":"MovieClips/textConvertido_13_0","classe":"textConvertido_13_0","nome":"elb01_04_12_0"},{"tipo":"img","x":"103.7px","y":"266.9px","width":"292.2px","height":"186.9px","nomeInstancia":"MovieClips/transicao_13_1","classe":"transicao_13_1","nome":"elb01_04_12_1"}]},{"desenhos":[{"tipo":"img","x":"238.3px","y":"139.05px","width":"510.05px","height":"124.45px","nomeInstancia":"MovieClips/transicao_16_0","classe":"transicao_16_0","nome":"elb01_04_15_0"},{"nome":"elb01_04_15_1","tipo":"personagem","x":"0px","y":"0px","width":"1016px","height":"659px","nomeInstancia":"MovieClips/animaP16","classe":"animaP16"}]},{"desenhos":[{"tipo":"img","x":"157.6px","y":"259.7px","width":"459px","height":"110.8px","nomeInstancia":"MovieClips/transicao_17_0","classe":"transicao_17_0","nome":"elb01_04_16_0"},{"tipo":"img","x":"238.3px","y":"139.05px","width":"510.05px","height":"124.45px","nomeInstancia":"MovieClips/transicao_16_0","classe":"transicao_16_0","nome":"elb01_04_15_0"},{"nome":"elb01_04_15_1","tipo":"personagem","x":"0px","y":"0px","width":"1016px","height":"659px","nomeInstancia":"MovieClips/animaP16","classe":"animaP16"}]},{"desenhos":[{"tipo":"img","x":"37.45px","y":"288.7px","width":"885.95px","height":"266.3px","nomeInstancia":"MovieClips/opcoes17","classe":"opcoes17","nome":"elb01_04_17_0"},{"tipo":"img","x":"65.05px","y":"228.25px","width":"881.35px","height":"274.3px","nomeInstancia":"MovieClips/textConvertido_18_1","classe":"textConvertido_18_1","nome":"elb01_04_17_1"},{"tipo":"img","x":"65.05px","y":"141.2px","width":"131.9px","height":"70px","nomeInstancia":"MovieClips/transicao_18_2","classe":"transicao_18_2","nome":"elb01_04_17_2"}]}]}