{"licao":"elb01_00","topico":"00","telas":[{"desenhos":[{"tipo":"img","x":"241.6px","y":"174.6px","width":"478.95px","height":"68.9px","nomeInstancia":"MovieClips/transicao_1_0","classe":"transicao_1_0","nome":"elb01_00_1_0"},{"nome":"elb01_00_1_1","tipo":"personagem","x":"0px","y":"0px","width":"1016px","height":"659px","nomeInstancia":"MovieClips/animaP1","classe":"animaP1"}]},{"desenhos":[{"tipo":"img","x":"206.3px","y":"238.65px","width":"426px","height":"96.8px","nomeInstancia":"MovieClips/transicao_2_0","classe":"transicao_2_0","nome":"elb01_00_2_0"},{"tipo":"img","x":"241.6px","y":"174.6px","width":"478.95px","height":"68.9px","nomeInstancia":"MovieClips/transicao_1_0","classe":"transicao_1_0","nome":"elb01_00_1_0"},{"nome":"elb01_00_1_1","tipo":"personagem","x":"0px","y":"0px","width":"1016px","height":"659px","nomeInstancia":"MovieClips/animaP1","classe":"animaP1"}]},{"desenhos":[{"tipo":"img","x":"144.3px","y":"330.05px","width":"459.05px","height":"167.75px","nomeInstancia":"MovieClips/transicao_3_0","classe":"transicao_3_0","nome":"elb01_00_3_0"},{"tipo":"img","x":"206.3px","y":"238.65px","width":"426px","height":"96.8px","nomeInstancia":"MovieClips/transicao_2_0","classe":"transicao_2_0","nome":"elb01_00_2_0"},{"tipo":"img","x":"241.6px","y":"174.6px","width":"478.95px","height":"68.9px","nomeInstancia":"MovieClips/transicao_1_0","classe":"transicao_1_0","nome":"elb01_00_1_0"},{"nome":"elb01_00_1_1","tipo":"personagem","x":"0px","y":"0px","width":"1016px","height":"659px","nomeInstancia":"MovieClips/animaP1","classe":"animaP1"}]},{"desenhos":[{"tipo":"img","x":"321.15px","y":"144.45px","width":"536.1px","height":"139.55px","nomeInstancia":"MovieClips/transicao_4_0","classe":"transicao_4_0","nome":"elb01_00_4_0"},{"nome":"elb01_00_4_1","tipo":"personagem","x":"0px","y":"0px","width":"1016px","height":"659px","nomeInstancia":"MovieClips/animaP4","classe":"animaP4"}]},{"desenhos":[{"tipo":"img","x":"211.65px","y":"143.3px","width":"514.05px","height":"121.65px","nomeInstancia":"MovieClips/transicao_5_0","classe":"transicao_5_0","nome":"elb01_00_5_0"},{"nome":"elb01_00_5_1","tipo":"personagem","x":"0px","y":"0px","width":"1016px","height":"659px","nomeInstancia":"MovieClips/animaP5","classe":"animaP5"}]},{"desenhos":[{"tipo":"img","x":"161.35px","y":"259.6px","width":"485.4px","height":"168.1px","nomeInstancia":"MovieClips/transicao_6_0","classe":"transicao_6_0","nome":"elb01_00_6_0"},{"tipo":"img","x":"211.65px","y":"143.3px","width":"514.05px","height":"121.65px","nomeInstancia":"MovieClips/transicao_5_0","classe":"transicao_5_0","nome":"elb01_00_5_0"},{"nome":"elb01_00_5_1","tipo":"personagem","x":"0px","y":"0px","width":"1016px","height":"659px","nomeInstancia":"MovieClips/animaP5","classe":"animaP5"}]},{"desenhos":[{"tipo":"img","x":"366.15px","y":"231px","width":"519.75px","height":"112.7px","nomeInstancia":"MovieClips/transicao_7_0","classe":"transicao_7_0","nome":"elb01_00_7_0"},{"nome":"elb01_00_7_1","tipo":"personagem","x":"0px","y":"0px","width":"1016px","height":"659px","nomeInstancia":"MovieClips/animaP7","classe":"animaP7"}]},{"desenhos":[{"tipo":"img","x":"442.5px","y":"339.5px","width":"485.4px","height":"151.65px","nomeInstancia":"MovieClips/transicao_8_0","classe":"transicao_8_0","nome":"elb01_00_8_0"},{"tipo":"img","x":"366.15px","y":"231px","width":"519.75px","height":"112.7px","nomeInstancia":"MovieClips/transicao_7_0","classe":"transicao_7_0","nome":"elb01_00_7_0"},{"nome":"elb01_00_7_1","tipo":"personagem","x":"0px","y":"0px","width":"1016px","height":"659px","nomeInstancia":"MovieClips/animaP7","classe":"animaP7"}]},{"desenhos":[{"tipo":"img","x":"210.75px","y":"196.3px","width":"536.5px","height":"126.95px","nomeInstancia":"MovieClips/transicao_9_0","classe":"transicao_9_0","nome":"elb01_00_9_0"},{"tipo":"img","x":"499.3px","y":"393.55px","width":"110.05px","height":"26.5px","nomeInstancia":"MovieClips/transicao_9_3","classe":"transicao_9_3","nome":"elb01_00_9_1"},{"tipo":"img","x":"333.35px","y":"385.2px","width":"116.65px","height":"40.25px","nomeInstancia":"MovieClips/transicao_9_2","classe":"transicao_9_2","nome":"elb01_00_9_2"},{"tipo":"img","x":"154.5px","y":"380.4px","width":"129.55px","height":"45.05px","nomeInstancia":"MovieClips/transicao_9_1","classe":"transicao_9_1","nome":"elb01_00_9_3"},{"nome":"elb01_00_9_4","tipo":"personagem","x":"0px","y":"0px","width":"1016px","height":"659px","nomeInstancia":"MovieClips/animaP9","classe":"animaP9"}]}]}