{"licao":"elb01_02","topico":"02","telas":[{"desenhos":[{"tipo":"img","x":"261.95px","y":"146.7px","width":"509.6px","height":"128.75px","nomeInstancia":"MovieClips/transicao_1_0","classe":"transicao_1_0","nome":"elb01_02_1_0"},{"nome":"elb01_02_1_1","tipo":"personagem","x":"0px","y":"0px","width":"1016px","height":"659px","nomeInstancia":"MovieClips/animaP1","classe":"animaP1"}]},{"desenhos":[{"tipo":"img","x":"191.85px","y":"270.25px","width":"460.2px","height":"128.5px","nomeInstancia":"MovieClips/transicao_2_0","classe":"transicao_2_0","nome":"elb01_02_2_0"},{"tipo":"img","x":"261.95px","y":"146.7px","width":"509.6px","height":"128.75px","nomeInstancia":"MovieClips/transicao_1_0","classe":"transicao_1_0","nome":"elb01_02_1_0"},{"nome":"elb01_02_1_1","tipo":"personagem","x":"0px","y":"0px","width":"1016px","height":"659px","nomeInstancia":"MovieClips/animaP1","classe":"animaP1"}]},{"desenhos":[{"tipo":"img","x":"161.3px","y":"396.05px","width":"445.9px","height":"117.45px","nomeInstancia":"MovieClips/transicao_3_0","classe":"transicao_3_0","nome":"elb01_02_3_0"},{"tipo":"img","x":"191.85px","y":"270.25px","width":"460.2px","height":"128.5px","nomeInstancia":"MovieClips/transicao_2_0","classe":"transicao_2_0","nome":"elb01_02_2_0"},{"tipo":"img","x":"261.95px","y":"146.7px","width":"509.6px","height":"128.75px","nomeInstancia":"MovieClips/transicao_1_0","classe":"transicao_1_0","nome":"elb01_02_1_0"},{"nome":"elb01_02_1_1","tipo":"personagem","x":"0px","y":"0px","width":"1016px","height":"659px","nomeInstancia":"MovieClips/animaP1","classe":"animaP1"}]},{"desenhos":[{"tipo":"img","x":"270.05px","y":"153.45px","width":"534px","height":"114.45px","nomeInstancia":"MovieClips/transicao_4_0","classe":"transicao_4_0","nome":"elb01_02_4_0"},{"nome":"elb01_02_4_1","tipo":"personagem","x":"0px","y":"0px","width":"1016px","height":"659px","nomeInstancia":"MovieClips/animaP4","classe":"animaP4"}]},{"desenhos":[{"tipo":"img","x":"374.2px","y":"266.1px","width":"476.4px","height":"121.45px","nomeInstancia":"MovieClips/transicao_5_0","classe":"transicao_5_0","nome":"elb01_02_5_0"},{"tipo":"img","x":"270.05px","y":"153.45px","width":"534px","height":"114.45px","nomeInstancia":"MovieClips/transicao_4_0","classe":"transicao_4_0","nome":"elb01_02_4_0"},{"nome":"elb01_02_4_1","tipo":"personagem","x":"0px","y":"0px","width":"1016px","height":"659px","nomeInstancia":"MovieClips/animaP4","classe":"animaP4"}]}]}