{"licao":"elb01_03","topico":"03","telas":[{"desenhos":[{"tipo":"img","x":"272.8px","y":"197.15px","width":"455.8px","height":"98.15px","nomeInstancia":"MovieClips/transicao_1_0","classe":"transicao_1_0","nome":"elb01_03_1_0"},{"nome":"elb01_03_1_1","tipo":"personagem","x":"0px","y":"0px","width":"1016px","height":"659px","nomeInstancia":"MovieClips/animaP1","classe":"animaP1"}]},{"desenhos":[{"tipo":"img","x":"129.05px","y":"292.6px","width":"485.4px","height":"154.6px","nomeInstancia":"MovieClips/transicao_2_0","classe":"transicao_2_0","nome":"elb01_03_2_0"},{"tipo":"img","x":"272.8px","y":"197.15px","width":"455.8px","height":"98.15px","nomeInstancia":"MovieClips/transicao_1_0","classe":"transicao_1_0","nome":"elb01_03_1_0"},{"nome":"elb01_03_1_1","tipo":"personagem","x":"0px","y":"0px","width":"1016px","height":"659px","nomeInstancia":"MovieClips/animaP1","classe":"animaP1"}]},{"desenhos":[{"tipo":"img","x":"500px","y":"190px","width":"426px","height":"104.75px","nomeInstancia":"MovieClips/textConvertido_3_0","classe":"textConvertido_3_0","nome":"elb01_03_3_0"},{"tipo":"img","x":"69.8px","y":"186.85px","width":"360px","height":"347px","nomeInstancia":"MovieClips/transicao_3_1","classe":"transicao_3_1","nome":"elb01_03_3_1"}]},{"desenhos":[{"tipo":"img","x":"511.15px","y":"304.75px","width":"372px","height":"145.1px","nomeInstancia":"MovieClips/hotWord04a","classe":"hotWord04a","nome":"elb01_03_4_0"},{"tipo":"img","x":"500px","y":"304.75px","width":"426px","height":"125.3px","nomeInstancia":"MovieClips/textConvertido_4_1","classe":"textConvertido_4_1","nome":"elb01_03_4_1"},{"tipo":"img","x":"500px","y":"190px","width":"426px","height":"104.75px","nomeInstancia":"MovieClips/textConvertido_3_0","classe":"textConvertido_3_0","nome":"elb01_03_3_0"},{"tipo":"img","x":"69.8px","y":"186.85px","width":"360px","height":"347px","nomeInstancia":"MovieClips/transicao_3_1","classe":"transicao_3_1","nome":"elb01_03_3_1"}]},{"desenhos":[{"tipo":"img","x":"76px","y":"276.95px","width":"426px","height":"84.2px","nomeInstancia":"MovieClips/textConvertido_5_0","classe":"textConvertido_5_0","nome":"elb01_03_5_0"},{"tipo":"img","x":"583.1px","y":"195.1px","width":"314.5px","height":"330.5px","nomeInstancia":"MovieClips/transicao_5_1","classe":"transicao_5_1","nome":"elb01_03_5_1"}]},{"desenhos":[{"tipo":"img","x":"76px","y":"253.05px","width":"646.2px","height":"219.9px","nomeInstancia":"MovieClips/telaInfo61568987777262","classe":"telaInfo61568987777262","nome":"elb01_03_6_0"},{"tipo":"img","x":"76px","y":"371.15px","width":"426px","height":"22.55px","nomeInstancia":"MovieClips/textConvertido_6_1","classe":"textConvertido_6_1","nome":"elb01_03_6_1"},{"tipo":"img","x":"76px","y":"276.95px","width":"426px","height":"84.2px","nomeInstancia":"MovieClips/textConvertido_5_0","classe":"textConvertido_5_0","nome":"elb01_03_5_0"},{"tipo":"img","x":"583.1px","y":"195.1px","width":"314.5px","height":"330.5px","nomeInstancia":"MovieClips/transicao_5_1","classe":"transicao_5_1","nome":"elb01_03_5_1"}]},{"desenhos":[{"tipo":"img","x":"510.8px","y":"211.55px","width":"426px","height":"125.3px","nomeInstancia":"MovieClips/textConvertido_7_0","classe":"textConvertido_7_0","nome":"elb01_03_7_0"},{"tipo":"img","x":"52.55px","y":"218.15px","width":"394.5px","height":"284.4px","nomeInstancia":"MovieClips/transicao_7_1","classe":"transicao_7_1","nome":"elb01_03_7_1"}]},{"desenhos":[{"tipo":"img","x":"510.8px","y":"346.85px","width":"426px","height":"63.65px","nomeInstancia":"MovieClips/textConvertido_8_0","classe":"textConvertido_8_0","nome":"elb01_03_8_0"},{"tipo":"img","x":"510.8px","y":"211.55px","width":"426px","height":"125.3px","nomeInstancia":"MovieClips/textConvertido_7_0","classe":"textConvertido_7_0","nome":"elb01_03_7_0"},{"tipo":"img","x":"52.55px","y":"218.15px","width":"394.5px","height":"284.4px","nomeInstancia":"MovieClips/transicao_7_1","classe":"transicao_7_1","nome":"elb01_03_7_1"}]},{"desenhos":[{"tipo":"img","x":"510.8px","y":"420.5px","width":"426px","height":"63.65px","nomeInstancia":"MovieClips/textConvertido_9_0","classe":"textConvertido_9_0","nome":"elb01_03_9_0"},{"tipo":"img","x":"510.8px","y":"346.85px","width":"426px","height":"63.65px","nomeInstancia":"MovieClips/textConvertido_8_0","classe":"textConvertido_8_0","nome":"elb01_03_8_0"},{"tipo":"img","x":"510.8px","y":"211.55px","width":"426px","height":"125.3px","nomeInstancia":"MovieClips/textConvertido_7_0","classe":"textConvertido_7_0","nome":"elb01_03_7_0"},{"tipo":"img","x":"52.55px","y":"218.15px","width":"394.5px","height":"284.4px","nomeInstancia":"MovieClips/transicao_7_1","classe":"transicao_7_1","nome":"elb01_03_7_1"}]},{"desenhos":[{"tipo":"img","x":"76px","y":"297.75px","width":"392.8px","height":"63.65px","nomeInstancia":"MovieClips/Cópia de textConvertido_11_0","classe":"Cópia de textConvertido_11_0","nome":"elb01_03_10_0"},{"tipo":"img","x":"76px","y":"183.85px","width":"131.9px","height":"70px","nomeInstancia":"MovieClips/transicao_10_0","classe":"transicao_10_0","nome":"elb01_03_10_1"},{"nome":"elb01_03_10_2","tipo":"png","x":"0px","y":"0px","width":"1016px","height":"659px","nomeInstancia":"MovieClips/anima10","classe":"anima10"}]},{"desenhos":[{"tipo":"img","x":"76px","y":"371.15px","width":"231.65px","height":"22.55px","nomeInstancia":"MovieClips/textConvertido_11_0","classe":"textConvertido_11_0","nome":"elb01_03_11_0"},{"tipo":"img","x":"76px","y":"297.75px","width":"392.8px","height":"63.65px","nomeInstancia":"MovieClips/Cópia de textConvertido_11_0","classe":"Cópia de textConvertido_11_0","nome":"elb01_03_10_0"},{"tipo":"img","x":"76px","y":"183.85px","width":"131.9px","height":"70px","nomeInstancia":"MovieClips/transicao_10_0","classe":"transicao_10_0","nome":"elb01_03_10_1"},{"nome":"elb01_03_10_2","tipo":"png","x":"0px","y":"0px","width":"1016px","height":"659px","nomeInstancia":"MovieClips/anima10","classe":"anima10"}]},{"desenhos":[{"tipo":"img","x":"127.65px","y":"139.55px","width":"740.7px","height":"430.4px","nomeInstancia":"MovieClips/telaInfo11568987944762","classe":"telaInfo11568987944762","nome":"elb01_03_12_0"},{"tipo":"img","x":"76px","y":"406.6px","width":"426px","height":"22.55px","nomeInstancia":"MovieClips/textConvertido_12_1","classe":"textConvertido_12_1","nome":"elb01_03_12_1"},{"tipo":"img","x":"76px","y":"371.15px","width":"231.65px","height":"22.55px","nomeInstancia":"MovieClips/textConvertido_11_0","classe":"textConvertido_11_0","nome":"elb01_03_11_0"},{"tipo":"img","x":"76px","y":"297.75px","width":"392.8px","height":"63.65px","nomeInstancia":"MovieClips/Cópia de textConvertido_11_0","classe":"Cópia de textConvertido_11_0","nome":"elb01_03_10_0"},{"tipo":"img","x":"76px","y":"183.85px","width":"131.9px","height":"70px","nomeInstancia":"MovieClips/transicao_10_0","classe":"transicao_10_0","nome":"elb01_03_10_1"},{"nome":"elb01_03_10_2","tipo":"png","x":"0px","y":"0px","width":"1016px","height":"659px","nomeInstancia":"MovieClips/anima10","classe":"anima10"}]},{"desenhos":[{"tipo":"img","x":"289.7px","y":"231.95px","width":"436.65px","height":"165.5px","nomeInstancia":"MovieClips/destaque_31","classe":"destaque_31","nome":"elb01_03_13_0"},{"tipo":"img","x":"127.65px","y":"139.55px","width":"740.7px","height":"430.4px","nomeInstancia":"MovieClips/telaInfo11568987944762","classe":"telaInfo11568987944762","nome":"elb01_03_12_0"},{"tipo":"img","x":"76px","y":"406.6px","width":"426px","height":"22.55px","nomeInstancia":"MovieClips/textConvertido_12_1","classe":"textConvertido_12_1","nome":"elb01_03_12_1"},{"tipo":"img","x":"76px","y":"371.15px","width":"231.65px","height":"22.55px","nomeInstancia":"MovieClips/textConvertido_11_0","classe":"textConvertido_11_0","nome":"elb01_03_11_0"},{"tipo":"img","x":"76px","y":"297.75px","width":"392.8px","height":"63.65px","nomeInstancia":"MovieClips/Cópia de textConvertido_11_0","classe":"Cópia de textConvertido_11_0","nome":"elb01_03_10_0"},{"tipo":"img","x":"76px","y":"183.85px","width":"131.9px","height":"70px","nomeInstancia":"MovieClips/transicao_10_0","classe":"transicao_10_0","nome":"elb01_03_10_1"},{"nome":"elb01_03_10_2","tipo":"png","x":"0px","y":"0px","width":"1016px","height":"659px","nomeInstancia":"MovieClips/anima10","classe":"anima10"}]},{"desenhos":[{"tipo":"img","x":"516.8px","y":"245.2px","width":"426px","height":"125.3px","nomeInstancia":"MovieClips/textConvertido_13_0","classe":"textConvertido_13_0","nome":"elb01_03_14_0"},{"tipo":"img","x":"42.75px","y":"159.15px","width":"250.9px","height":"251.4px","nomeInstancia":"MovieClips/transicao_13_2","classe":"transicao_13_2","nome":"elb01_03_14_1"},{"tipo":"img","x":"226.6px","y":"310.8px","width":"256px","height":"256px","nomeInstancia":"MovieClips/transicao_13_1","classe":"transicao_13_1","nome":"elb01_03_14_2"}]},{"desenhos":[{"tipo":"img","x":"516.8px","y":"390.7px","width":"426px","height":"84.2px","nomeInstancia":"MovieClips/textConvertido_14_0","classe":"textConvertido_14_0","nome":"elb01_03_15_0"},{"tipo":"img","x":"516.8px","y":"245.2px","width":"426px","height":"125.3px","nomeInstancia":"MovieClips/textConvertido_13_0","classe":"textConvertido_13_0","nome":"elb01_03_14_0"},{"tipo":"img","x":"42.75px","y":"159.15px","width":"250.9px","height":"251.4px","nomeInstancia":"MovieClips/transicao_13_2","classe":"transicao_13_2","nome":"elb01_03_14_1"},{"tipo":"img","x":"226.6px","y":"310.8px","width":"256px","height":"256px","nomeInstancia":"MovieClips/transicao_13_1","classe":"transicao_13_1","nome":"elb01_03_14_2"}]},{"desenhos":[{"tipo":"img","x":"96.8px","y":"284.4px","width":"426px","height":"63.65px","nomeInstancia":"MovieClips/textConvertido_15_0","classe":"textConvertido_15_0","nome":"elb01_03_16_0"},{"tipo":"img","x":"669.45px","y":"193.2px","width":"141.8px","height":"334.3px","nomeInstancia":"MovieClips/transicao_15_1","classe":"transicao_15_1","nome":"elb01_03_16_1"}]},{"desenhos":[{"tipo":"img","x":"96.8px","y":"372.45px","width":"426px","height":"63.65px","nomeInstancia":"MovieClips/textConvertido_16_0","classe":"textConvertido_16_0","nome":"elb01_03_17_0"},{"tipo":"img","x":"96.8px","y":"284.4px","width":"426px","height":"63.65px","nomeInstancia":"MovieClips/textConvertido_15_0","classe":"textConvertido_15_0","nome":"elb01_03_16_0"},{"tipo":"img","x":"669.45px","y":"193.2px","width":"141.8px","height":"334.3px","nomeInstancia":"MovieClips/transicao_15_1","classe":"transicao_15_1","nome":"elb01_03_16_1"}]},{"desenhos":[{"tipo":"img","x":"519.2px","y":"249.15px","width":"426px","height":"104.75px","nomeInstancia":"MovieClips/textConvertido_17_0","classe":"textConvertido_17_0","nome":"elb01_03_18_0"},{"tipo":"img","x":"77.6px","y":"249.15px","width":"344.4px","height":"238.4px","nomeInstancia":"MovieClips/transicao_17_1","classe":"transicao_17_1","nome":"elb01_03_18_1"}]},{"desenhos":[{"tipo":"img","x":"519.2px","y":"374.3px","width":"426px","height":"22.55px","nomeInstancia":"MovieClips/textConvertido_18_0","classe":"textConvertido_18_0","nome":"elb01_03_19_0"},{"tipo":"img","x":"519.2px","y":"249.15px","width":"426px","height":"104.75px","nomeInstancia":"MovieClips/textConvertido_17_0","classe":"textConvertido_17_0","nome":"elb01_03_18_0"},{"tipo":"img","x":"77.6px","y":"249.15px","width":"344.4px","height":"238.4px","nomeInstancia":"MovieClips/transicao_17_1","classe":"transicao_17_1","nome":"elb01_03_18_1"}]},{"desenhos":[{"tipo":"img","x":"112.2px","y":"201.65px","width":"745.5px","height":"361.25px","nomeInstancia":"MovieClips/telaInfo20","classe":"telaInfo20","nome":"elb01_03_20_0"},{"tipo":"img","x":"519.2px","y":"417.25px","width":"426px","height":"63.65px","nomeInstancia":"MovieClips/textConvertido_19_1","classe":"textConvertido_19_1","nome":"elb01_03_20_1"},{"tipo":"img","x":"519.2px","y":"374.3px","width":"426px","height":"22.55px","nomeInstancia":"MovieClips/textConvertido_18_0","classe":"textConvertido_18_0","nome":"elb01_03_19_0"},{"tipo":"img","x":"519.2px","y":"249.15px","width":"426px","height":"104.75px","nomeInstancia":"MovieClips/textConvertido_17_0","classe":"textConvertido_17_0","nome":"elb01_03_18_0"},{"tipo":"img","x":"77.6px","y":"249.15px","width":"344.4px","height":"238.4px","nomeInstancia":"MovieClips/transicao_17_1","classe":"transicao_17_1","nome":"elb01_03_18_1"}]},{"desenhos":[{"tipo":"img","x":"64.8px","y":"323.6px","width":"426px","height":"43.1px","nomeInstancia":"MovieClips/textConvertido_20_0","classe":"textConvertido_20_0","nome":"elb01_03_21_0"},{"tipo":"img","x":"617.9px","y":"160.6px","width":"272px","height":"188px","nomeInstancia":"MovieClips/transicao_20_3","classe":"transicao_20_3","nome":"elb01_03_21_1"},{"tipo":"img","x":"812.95px","y":"370.8px","width":"135px","height":"177px","nomeInstancia":"MovieClips/transicao_20_2","classe":"transicao_20_2","nome":"elb01_03_21_2"},{"tipo":"img","x":"555.1px","y":"368.6px","width":"149.75px","height":"180.5px","nomeInstancia":"MovieClips/transicao_20_1","classe":"transicao_20_1","nome":"elb01_03_21_3"}]},{"desenhos":[{"tipo":"img","x":"291.85px","y":"165.45px","width":"674.2px","height":"387.6px","nomeInstancia":"MovieClips/telaInfo22","classe":"telaInfo22","nome":"elb01_03_22_0"},{"tipo":"img","x":"64.8px","y":"391.9px","width":"426px","height":"22.55px","nomeInstancia":"MovieClips/textConvertido_21_1","classe":"textConvertido_21_1","nome":"elb01_03_22_1"},{"tipo":"img","x":"64.8px","y":"323.6px","width":"426px","height":"43.1px","nomeInstancia":"MovieClips/textConvertido_20_0","classe":"textConvertido_20_0","nome":"elb01_03_21_0"},{"tipo":"img","x":"617.9px","y":"160.6px","width":"272px","height":"188px","nomeInstancia":"MovieClips/transicao_20_3","classe":"transicao_20_3","nome":"elb01_03_21_1"},{"tipo":"img","x":"812.95px","y":"370.8px","width":"135px","height":"177px","nomeInstancia":"MovieClips/transicao_20_2","classe":"transicao_20_2","nome":"elb01_03_21_2"},{"tipo":"img","x":"555.1px","y":"368.6px","width":"149.75px","height":"180.5px","nomeInstancia":"MovieClips/transicao_20_1","classe":"transicao_20_1","nome":"elb01_03_21_3"}]},{"desenhos":[{"tipo":"img","x":"500px","y":"188.7px","width":"426px","height":"125.3px","nomeInstancia":"MovieClips/textConvertido_22_0","classe":"textConvertido_22_0","nome":"elb01_03_23_0"},{"tipo":"img","x":"80px","y":"202.2px","width":"339.6px","height":"268.4px","nomeInstancia":"MovieClips/transicao_22_1","classe":"transicao_22_1","nome":"elb01_03_23_1"}]},{"desenhos":[{"tipo":"img","x":"500px","y":"337.95px","width":"426px","height":"84.2px","nomeInstancia":"MovieClips/textConvertido_23_0","classe":"textConvertido_23_0","nome":"elb01_03_24_0"},{"tipo":"img","x":"500px","y":"188.7px","width":"426px","height":"125.3px","nomeInstancia":"MovieClips/textConvertido_22_0","classe":"textConvertido_22_0","nome":"elb01_03_23_0"},{"tipo":"img","x":"80px","y":"202.2px","width":"339.6px","height":"268.4px","nomeInstancia":"MovieClips/transicao_22_1","classe":"transicao_22_1","nome":"elb01_03_23_1"}]},{"desenhos":[{"tipo":"img","x":"290.65px","y":"231.2px","width":"635.35px","height":"323.3px","nomeInstancia":"MovieClips/telaInfo25","classe":"telaInfo25","nome":"elb01_03_25_0"},{"tipo":"img","x":"500px","y":"446.1px","width":"426px","height":"43.1px","nomeInstancia":"MovieClips/textConvertido_24_1","classe":"textConvertido_24_1","nome":"elb01_03_25_1"},{"tipo":"img","x":"500px","y":"337.95px","width":"426px","height":"84.2px","nomeInstancia":"MovieClips/textConvertido_23_0","classe":"textConvertido_23_0","nome":"elb01_03_24_0"},{"tipo":"img","x":"500px","y":"188.7px","width":"426px","height":"125.3px","nomeInstancia":"MovieClips/textConvertido_22_0","classe":"textConvertido_22_0","nome":"elb01_03_23_0"},{"tipo":"img","x":"80px","y":"202.2px","width":"339.6px","height":"268.4px","nomeInstancia":"MovieClips/transicao_22_1","classe":"transicao_22_1","nome":"elb01_03_23_1"}]},{"desenhos":[{"tipo":"img","x":"274.6px","y":"246.3px","width":"466.75px","height":"227.8px","nomeInstancia":"MovieClips/destaque_323_2","classe":"destaque_323_2","nome":"elb01_03_26_0"},{"tipo":"img","x":"290.65px","y":"231.2px","width":"635.35px","height":"323.3px","nomeInstancia":"MovieClips/telaInfo25","classe":"telaInfo25","nome":"elb01_03_25_0"},{"tipo":"img","x":"500px","y":"446.1px","width":"426px","height":"43.1px","nomeInstancia":"MovieClips/textConvertido_24_1","classe":"textConvertido_24_1","nome":"elb01_03_25_1"},{"tipo":"img","x":"500px","y":"337.95px","width":"426px","height":"84.2px","nomeInstancia":"MovieClips/textConvertido_23_0","classe":"textConvertido_23_0","nome":"elb01_03_24_0"},{"tipo":"img","x":"500px","y":"188.7px","width":"426px","height":"125.3px","nomeInstancia":"MovieClips/textConvertido_22_0","classe":"textConvertido_22_0","nome":"elb01_03_23_0"},{"tipo":"img","x":"80px","y":"202.2px","width":"339.6px","height":"268.4px","nomeInstancia":"MovieClips/transicao_22_1","classe":"transicao_22_1","nome":"elb01_03_23_1"}]},{"desenhos":[{"tipo":"img","x":"255.2px","y":"142.6px","width":"512.2px","height":"108px","nomeInstancia":"MovieClips/transicao_26_0","classe":"transicao_26_0","nome":"elb01_03_27_0"},{"nome":"elb01_03_27_1","tipo":"personagem","x":"0px","y":"0px","width":"1016px","height":"659px","nomeInstancia":"MovieClips/animaP26","classe":"animaP26"}]},{"desenhos":[{"tipo":"img","x":"212.8px","y":"246.25px","width":"460.5px","height":"93.25px","nomeInstancia":"MovieClips/transicao_27_0","classe":"transicao_27_0","nome":"elb01_03_28_0"},{"tipo":"img","x":"255.2px","y":"142.6px","width":"512.2px","height":"108px","nomeInstancia":"MovieClips/transicao_26_0","classe":"transicao_26_0","nome":"elb01_03_27_0"},{"nome":"elb01_03_27_1","tipo":"personagem","x":"0px","y":"0px","width":"1016px","height":"659px","nomeInstancia":"MovieClips/animaP26","classe":"animaP26"}]},{"desenhos":[{"tipo":"img","x":"144.1px","y":"174.85px","width":"747.1px","height":"334.1px","nomeInstancia":"telaInfo29","classe":"telaInfo29","nome":"elb01_03_29_0"},{"tipo":"img","x":"144.1px","y":"335.75px","width":"500.45px","height":"98px","nomeInstancia":"MovieClips/transicao_28_1","classe":"transicao_28_1","nome":"elb01_03_29_1"},{"tipo":"img","x":"212.8px","y":"246.25px","width":"460.5px","height":"93.25px","nomeInstancia":"MovieClips/transicao_27_0","classe":"transicao_27_0","nome":"elb01_03_28_0"},{"tipo":"img","x":"255.2px","y":"142.6px","width":"512.2px","height":"108px","nomeInstancia":"MovieClips/transicao_26_0","classe":"transicao_26_0","nome":"elb01_03_27_0"},{"nome":"elb01_03_27_1","tipo":"personagem","x":"0px","y":"0px","width":"1016px","height":"659px","nomeInstancia":"MovieClips/animaP26","classe":"animaP26"}]},{"desenhos":[{"tipo":"img","x":"532.8px","y":"318px","width":"426px","height":"43.1px","nomeInstancia":"MovieClips/textConvertido_29_0","classe":"textConvertido_29_0","nome":"elb01_03_30_0"},{"tipo":"img","x":"56.05px","y":"233.65px","width":"387.55px","height":"250.25px","nomeInstancia":"MovieClips/transicao_29_1","classe":"transicao_29_1","nome":"elb01_03_30_1"}]},{"desenhos":[{"tipo":"img","x":"158px","y":"203.7px","width":"786.9px","height":"354.45px","nomeInstancia":"MovieClips/telaInfo31","classe":"telaInfo31","nome":"elb01_03_31_0"},{"tipo":"img","x":"532.8px","y":"388.7px","width":"426px","height":"43.1px","nomeInstancia":"MovieClips/textConvertido_30_1","classe":"textConvertido_30_1","nome":"elb01_03_31_1"},{"tipo":"img","x":"532.8px","y":"318px","width":"426px","height":"43.1px","nomeInstancia":"MovieClips/textConvertido_29_0","classe":"textConvertido_29_0","nome":"elb01_03_30_0"},{"tipo":"img","x":"56.05px","y":"233.65px","width":"387.55px","height":"250.25px","nomeInstancia":"MovieClips/transicao_29_1","classe":"transicao_29_1","nome":"elb01_03_30_1"}]},{"desenhos":[{"tipo":"img","x":"45.3px","y":"117.85px","width":"885.7px","height":"461.8px","nomeInstancia":"MovieClips/telaInfo_opcoes32","classe":"telaInfo_opcoes32","nome":"elb01_03_32_0"},{"tipo":"img","x":"76px","y":"226.55px","width":"525.6px","height":"330.8px","nomeInstancia":"MovieClips/textConvertido_31_1","classe":"textConvertido_31_1","nome":"elb01_03_32_1"},{"tipo":"img","x":"76px","y":"138.6px","width":"131.9px","height":"70px","nomeInstancia":"MovieClips/transicao_31_2","classe":"transicao_31_2","nome":"elb01_03_32_2"}]}]}