{"licao":"elb01_08","topico":"08","telas":[{"desenhos":[{"tipo":"img","x":"174.25px","y":"190px","width":"544.7px","height":"116.65px","nomeInstancia":"MovieClips/transicao_1_0","classe":"transicao_1_0","nome":"elb01_08_1_0"},{"nome":"elb01_08_1_1","tipo":"personagem","x":"0px","y":"0px","width":"1016px","height":"659px","nomeInstancia":"MovieClips/animaP1","classe":"animaP1"}]},{"desenhos":[{"tipo":"img","x":"168.1px","y":"302.85px","width":"466.2px","height":"104.15px","nomeInstancia":"MovieClips/transicao_2_0","classe":"transicao_2_0","nome":"elb01_08_2_0"},{"tipo":"img","x":"174.25px","y":"190px","width":"544.7px","height":"116.65px","nomeInstancia":"MovieClips/transicao_1_0","classe":"transicao_1_0","nome":"elb01_08_1_0"},{"nome":"elb01_08_1_1","tipo":"personagem","x":"0px","y":"0px","width":"1016px","height":"659px","nomeInstancia":"MovieClips/animaP1","classe":"animaP1"}]},{"desenhos":[{"tipo":"img","x":"152.6px","y":"407px","width":"391.25px","height":"124.55px","nomeInstancia":"MovieClips/transicao_3_0","classe":"transicao_3_0","nome":"elb01_08_3_0"},{"tipo":"img","x":"168.1px","y":"302.85px","width":"466.2px","height":"104.15px","nomeInstancia":"MovieClips/transicao_2_0","classe":"transicao_2_0","nome":"elb01_08_2_0"},{"tipo":"img","x":"174.25px","y":"190px","width":"544.7px","height":"116.65px","nomeInstancia":"MovieClips/transicao_1_0","classe":"transicao_1_0","nome":"elb01_08_1_0"},{"nome":"elb01_08_1_1","tipo":"personagem","x":"0px","y":"0px","width":"1016px","height":"659px","nomeInstancia":"MovieClips/animaP1","classe":"animaP1"}]},{"desenhos":[{"tipo":"img","x":"512px","y":"222.75px","width":"426px","height":"43.1px","nomeInstancia":"MovieClips/textConvertido_4_0","classe":"textConvertido_4_0","nome":"elb01_08_4_0"},{"tipo":"img","x":"86.1px","y":"246.15px","width":"362.2px","height":"222.4px","nomeInstancia":"MovieClips/transicao_4_1","classe":"transicao_4_1","nome":"elb01_08_4_1"}]},{"desenhos":[{"tipo":"img","x":"512px","y":"282.5px","width":"426px","height":"104.75px","nomeInstancia":"MovieClips/textConvertido_5_0","classe":"textConvertido_5_0","nome":"elb01_08_5_0"},{"tipo":"img","x":"512px","y":"222.75px","width":"426px","height":"43.1px","nomeInstancia":"MovieClips/textConvertido_4_0","classe":"textConvertido_4_0","nome":"elb01_08_4_0"},{"tipo":"img","x":"86.1px","y":"246.15px","width":"362.2px","height":"222.4px","nomeInstancia":"MovieClips/transicao_4_1","classe":"transicao_4_1","nome":"elb01_08_4_1"}]},{"desenhos":[{"tipo":"img","x":"512px","y":"403.9px","width":"426px","height":"63.65px","nomeInstancia":"MovieClips/textConvertido_6_0","classe":"textConvertido_6_0","nome":"elb01_08_6_0"},{"tipo":"img","x":"512px","y":"282.5px","width":"426px","height":"104.75px","nomeInstancia":"MovieClips/textConvertido_5_0","classe":"textConvertido_5_0","nome":"elb01_08_5_0"},{"tipo":"img","x":"512px","y":"222.75px","width":"426px","height":"43.1px","nomeInstancia":"MovieClips/textConvertido_4_0","classe":"textConvertido_4_0","nome":"elb01_08_4_0"},{"tipo":"img","x":"86.1px","y":"246.15px","width":"362.2px","height":"222.4px","nomeInstancia":"MovieClips/transicao_4_1","classe":"transicao_4_1","nome":"elb01_08_4_1"}]},{"desenhos":[{"tipo":"img","x":"76px","y":"280.9px","width":"426px","height":"63.65px","nomeInstancia":"MovieClips/textConvertido_7_0","classe":"textConvertido_7_0","nome":"elb01_08_7_0"},{"tipo":"img","x":"76px","y":"158.3px","width":"426px","height":"24.9px","nomeInstancia":"MovieClips/textConvertido_7_1","classe":"textConvertido_7_1","nome":"elb01_08_7_1"},{"tipo":"img","x":"607.6px","y":"211.2px","width":"298.3px","height":"298.3px","nomeInstancia":"MovieClips/transicao_7_2","classe":"transicao_7_2","nome":"elb01_08_7_2"}]},{"desenhos":[{"tipo":"img","x":"76px","y":"367.85px","width":"426px","height":"84.2px","nomeInstancia":"MovieClips/textConvertido_8_0","classe":"textConvertido_8_0","nome":"elb01_08_8_0"},{"tipo":"img","x":"76px","y":"280.9px","width":"426px","height":"63.65px","nomeInstancia":"MovieClips/textConvertido_7_0","classe":"textConvertido_7_0","nome":"elb01_08_7_0"},{"tipo":"img","x":"76px","y":"158.3px","width":"426px","height":"24.9px","nomeInstancia":"MovieClips/textConvertido_7_1","classe":"textConvertido_7_1","nome":"elb01_08_7_1"},{"tipo":"img","x":"607.6px","y":"211.2px","width":"298.3px","height":"298.3px","nomeInstancia":"MovieClips/transicao_7_2","classe":"transicao_7_2","nome":"elb01_08_7_2"}]},{"desenhos":[{"tipo":"img","x":"500px","y":"223.8px","width":"426px","height":"84.2px","nomeInstancia":"MovieClips/textConvertido_9_0","classe":"textConvertido_9_0","nome":"elb01_08_9_0"},{"tipo":"img","x":"103.85px","y":"153.55px","width":"291.95px","height":"413.6px","nomeInstancia":"MovieClips/transicao_9_1","classe":"transicao_9_1","nome":"elb01_08_9_1"}]},{"desenhos":[{"tipo":"img","x":"500px","y":"333.8px","width":"426px","height":"43.1px","nomeInstancia":"MovieClips/textConvertido_10_0","classe":"textConvertido_10_0","nome":"elb01_08_10_0"},{"tipo":"img","x":"500px","y":"223.8px","width":"426px","height":"84.2px","nomeInstancia":"MovieClips/textConvertido_9_0","classe":"textConvertido_9_0","nome":"elb01_08_9_0"},{"tipo":"img","x":"103.85px","y":"153.55px","width":"291.95px","height":"413.6px","nomeInstancia":"MovieClips/transicao_9_1","classe":"transicao_9_1","nome":"elb01_08_9_1"}]},{"desenhos":[{"tipo":"img","x":"500px","y":"402.7px","width":"426px","height":"84.2px","nomeInstancia":"MovieClips/textConvertido_11_0","classe":"textConvertido_11_0","nome":"elb01_08_11_0"},{"tipo":"img","x":"500px","y":"333.8px","width":"426px","height":"43.1px","nomeInstancia":"MovieClips/textConvertido_10_0","classe":"textConvertido_10_0","nome":"elb01_08_10_0"},{"tipo":"img","x":"500px","y":"223.8px","width":"426px","height":"84.2px","nomeInstancia":"MovieClips/textConvertido_9_0","classe":"textConvertido_9_0","nome":"elb01_08_9_0"},{"tipo":"img","x":"103.85px","y":"153.55px","width":"291.95px","height":"413.6px","nomeInstancia":"MovieClips/transicao_9_1","classe":"transicao_9_1","nome":"elb01_08_9_1"}]},{"desenhos":[{"tipo":"img","x":"103.65px","y":"308.75px","width":"426px","height":"104.75px","nomeInstancia":"MovieClips/textConvertido_12_0","classe":"textConvertido_12_0","nome":"elb01_08_12_0"},{"tipo":"img","x":"629px","y":"245.15px","width":"261.6px","height":"230.4px","nomeInstancia":"MovieClips/transicao_12_1","classe":"transicao_12_1","nome":"elb01_08_12_1"}]},{"desenhos":[{"tipo":"img","x":"505px","y":"215.55px","width":"426px","height":"63.65px","nomeInstancia":"MovieClips/textConvertido_13_0","classe":"textConvertido_13_0","nome":"elb01_08_13_0"},{"tipo":"img","x":"71.1px","y":"268.55px","width":"373.15px","height":"183.7px","nomeInstancia":"MovieClips/transicao_13_1","classe":"transicao_13_1","nome":"elb01_08_13_1"}]},{"desenhos":[{"tipo":"img","x":"505px","y":"300.45px","width":"426px","height":"84.2px","nomeInstancia":"MovieClips/textConvertido_14_0","classe":"textConvertido_14_0","nome":"elb01_08_14_0"},{"tipo":"img","x":"505px","y":"215.55px","width":"426px","height":"63.65px","nomeInstancia":"MovieClips/textConvertido_13_0","classe":"textConvertido_13_0","nome":"elb01_08_13_0"},{"tipo":"img","x":"71.1px","y":"268.55px","width":"373.15px","height":"183.7px","nomeInstancia":"MovieClips/transicao_13_1","classe":"transicao_13_1","nome":"elb01_08_13_1"}]},{"desenhos":[{"tipo":"img","x":"505px","y":"405.9px","width":"426px","height":"84.2px","nomeInstancia":"MovieClips/textConvertido_15_0","classe":"textConvertido_15_0","nome":"elb01_08_15_0"},{"tipo":"img","x":"505px","y":"300.45px","width":"426px","height":"84.2px","nomeInstancia":"MovieClips/textConvertido_14_0","classe":"textConvertido_14_0","nome":"elb01_08_14_0"},{"tipo":"img","x":"505px","y":"215.55px","width":"426px","height":"63.65px","nomeInstancia":"MovieClips/textConvertido_13_0","classe":"textConvertido_13_0","nome":"elb01_08_13_0"},{"tipo":"img","x":"71.1px","y":"268.55px","width":"373.15px","height":"183.7px","nomeInstancia":"MovieClips/transicao_13_1","classe":"transicao_13_1","nome":"elb01_08_13_1"}]},{"desenhos":[{"tipo":"img","x":"76px","y":"263.5px","width":"426px","height":"43.1px","nomeInstancia":"MovieClips/textConvertido_16_0","classe":"textConvertido_16_0","nome":"elb01_08_16_0"},{"tipo":"img","x":"76px","y":"154.2px","width":"198.3px","height":"24.9px","nomeInstancia":"MovieClips/textConvertido_16_1","classe":"textConvertido_16_1","nome":"elb01_08_16_1"},{"tipo":"img","x":"608.35px","y":"228.35px","width":"264px","height":"264px","nomeInstancia":"MovieClips/transicao_16_2","classe":"transicao_16_2","nome":"elb01_08_16_2"}]},{"desenhos":[{"tipo":"img","x":"76px","y":"325.25px","width":"426px","height":"84.2px","nomeInstancia":"MovieClips/textConvertido_17_0","classe":"textConvertido_17_0","nome":"elb01_08_17_0"},{"tipo":"img","x":"76px","y":"263.5px","width":"426px","height":"43.1px","nomeInstancia":"MovieClips/textConvertido_16_0","classe":"textConvertido_16_0","nome":"elb01_08_16_0"},{"tipo":"img","x":"76px","y":"154.2px","width":"198.3px","height":"24.9px","nomeInstancia":"MovieClips/textConvertido_16_1","classe":"textConvertido_16_1","nome":"elb01_08_16_1"},{"tipo":"img","x":"608.35px","y":"228.35px","width":"264px","height":"264px","nomeInstancia":"MovieClips/transicao_16_2","classe":"transicao_16_2","nome":"elb01_08_16_2"}]},{"desenhos":[{"tipo":"img","x":"76px","y":"428.1px","width":"426px","height":"43.1px","nomeInstancia":"MovieClips/textConvertido_18_0","classe":"textConvertido_18_0","nome":"elb01_08_18_0"},{"tipo":"img","x":"76px","y":"325.25px","width":"426px","height":"84.2px","nomeInstancia":"MovieClips/textConvertido_17_0","classe":"textConvertido_17_0","nome":"elb01_08_17_0"},{"tipo":"img","x":"76px","y":"263.5px","width":"426px","height":"43.1px","nomeInstancia":"MovieClips/textConvertido_16_0","classe":"textConvertido_16_0","nome":"elb01_08_16_0"},{"tipo":"img","x":"76px","y":"154.2px","width":"198.3px","height":"24.9px","nomeInstancia":"MovieClips/textConvertido_16_1","classe":"textConvertido_16_1","nome":"elb01_08_16_1"},{"tipo":"img","x":"608.35px","y":"228.35px","width":"264px","height":"264px","nomeInstancia":"MovieClips/transicao_16_2","classe":"transicao_16_2","nome":"elb01_08_16_2"}]},{"desenhos":[{"tipo":"img","x":"500px","y":"228.9px","width":"426px","height":"63.65px","nomeInstancia":"MovieClips/textConvertido_19_0","classe":"textConvertido_19_0","nome":"elb01_08_19_0"},{"tipo":"img","x":"95.35px","y":"213.2px","width":"308.65px","height":"308.65px","nomeInstancia":"MovieClips/transicao_19_1","classe":"transicao_19_1","nome":"elb01_08_19_1"}]},{"desenhos":[{"tipo":"img","x":"500px","y":"317.85px","width":"426px","height":"63.65px","nomeInstancia":"MovieClips/textConvertido_20_0","classe":"textConvertido_20_0","nome":"elb01_08_20_0"},{"tipo":"img","x":"500px","y":"228.9px","width":"426px","height":"63.65px","nomeInstancia":"MovieClips/textConvertido_19_0","classe":"textConvertido_19_0","nome":"elb01_08_19_0"},{"tipo":"img","x":"95.35px","y":"213.2px","width":"308.65px","height":"308.65px","nomeInstancia":"MovieClips/transicao_19_1","classe":"transicao_19_1","nome":"elb01_08_19_1"}]},{"desenhos":[{"tipo":"img","x":"500px","y":"406.8px","width":"426px","height":"84.2px","nomeInstancia":"MovieClips/textConvertido_21_0","classe":"textConvertido_21_0","nome":"elb01_08_21_0"},{"tipo":"img","x":"500px","y":"317.85px","width":"426px","height":"63.65px","nomeInstancia":"MovieClips/textConvertido_20_0","classe":"textConvertido_20_0","nome":"elb01_08_20_0"},{"tipo":"img","x":"500px","y":"228.9px","width":"426px","height":"63.65px","nomeInstancia":"MovieClips/textConvertido_19_0","classe":"textConvertido_19_0","nome":"elb01_08_19_0"},{"tipo":"img","x":"95.35px","y":"213.2px","width":"308.65px","height":"308.65px","nomeInstancia":"MovieClips/transicao_19_1","classe":"transicao_19_1","nome":"elb01_08_19_1"}]},{"desenhos":[{"tipo":"img","x":"76px","y":"198.15px","width":"426px","height":"125.3px","nomeInstancia":"MovieClips/textConvertido_22_0","classe":"textConvertido_22_0","nome":"elb01_08_22_0"},{"tipo":"img","x":"648.2px","y":"236.75px","width":"184.35px","height":"247.2px","nomeInstancia":"MovieClips/transicao_22_1","classe":"transicao_22_1","nome":"elb01_08_22_1"}]},{"desenhos":[{"tipo":"img","x":"76px","y":"342.15px","width":"426px","height":"104.75px","nomeInstancia":"MovieClips/textConvertido_23_0","classe":"textConvertido_23_0","nome":"elb01_08_23_0"},{"tipo":"img","x":"76px","y":"198.15px","width":"426px","height":"125.3px","nomeInstancia":"MovieClips/textConvertido_22_0","classe":"textConvertido_22_0","nome":"elb01_08_22_0"},{"tipo":"img","x":"648.2px","y":"236.75px","width":"184.35px","height":"247.2px","nomeInstancia":"MovieClips/transicao_22_1","classe":"transicao_22_1","nome":"elb01_08_22_1"}]},{"desenhos":[{"tipo":"img","x":"221.95px","y":"214.25px","width":"721.8px","height":"367.2px","nomeInstancia":"MovieClips/telaInfo24","classe":"telaInfo24","nome":"elb01_08_24_0"},{"tipo":"img","x":"76px","y":"465.6px","width":"426px","height":"63.65px","nomeInstancia":"MovieClips/textConvertido_24_1","classe":"textConvertido_24_1","nome":"elb01_08_24_1"},{"tipo":"img","x":"76px","y":"342.15px","width":"426px","height":"104.75px","nomeInstancia":"MovieClips/textConvertido_23_0","classe":"textConvertido_23_0","nome":"elb01_08_23_0"},{"tipo":"img","x":"76px","y":"198.15px","width":"426px","height":"125.3px","nomeInstancia":"MovieClips/textConvertido_22_0","classe":"textConvertido_22_0","nome":"elb01_08_22_0"},{"tipo":"img","x":"648.2px","y":"236.75px","width":"184.35px","height":"247.2px","nomeInstancia":"MovieClips/transicao_22_1","classe":"transicao_22_1","nome":"elb01_08_22_1"}]},{"desenhos":[{"tipo":"img","x":"78.95px","y":"264.4px","width":"813.05px","height":"286.75px","nomeInstancia":"MovieClips/opcoes25","classe":"opcoes25","nome":"elb01_08_25_0"},{"tipo":"img","x":"108.05px","y":"237.75px","width":"836.5px","height":"269.15px","nomeInstancia":"MovieClips/textConvertido_25_1","classe":"textConvertido_25_1","nome":"elb01_08_25_1"},{"tipo":"img","x":"108.05px","y":"148.7px","width":"131.9px","height":"70px","nomeInstancia":"MovieClips/transicao_25_2","classe":"transicao_25_2","nome":"elb01_08_25_2"}]},{"desenhos":[{"tipo":"img","x":"269.55px","y":"159.45px","width":"535.65px","height":"127.95px","nomeInstancia":"MovieClips/transicao_26_0","classe":"transicao_26_0","nome":"elb01_08_26_0"},{"tipo":"img","x":"76px","y":"162.95px","width":"133.2px","height":"49.65px","nomeInstancia":"MovieClips/transicao_26_2","classe":"transicao_26_2","nome":"elb01_08_26_1"},{"nome":"elb01_08_26_2","tipo":"personagem","x":"0px","y":"0px","width":"1016px","height":"659px","nomeInstancia":"MovieClips/animaP26","classe":"animaP26"}]},{"desenhos":[{"tipo":"img","x":"194.7px","y":"282.3px","width":"486.7px","height":"174.3px","nomeInstancia":"MovieClips/transicao_27_0","classe":"transicao_27_0","nome":"elb01_08_27_0"},{"tipo":"img","x":"269.55px","y":"159.45px","width":"535.65px","height":"127.95px","nomeInstancia":"MovieClips/transicao_26_0","classe":"transicao_26_0","nome":"elb01_08_26_0"},{"tipo":"img","x":"76px","y":"162.95px","width":"133.2px","height":"49.65px","nomeInstancia":"MovieClips/transicao_26_2","classe":"transicao_26_2","nome":"elb01_08_26_1"},{"nome":"elb01_08_26_2","tipo":"personagem","x":"0px","y":"0px","width":"1016px","height":"659px","nomeInstancia":"MovieClips/animaP26","classe":"animaP26"}]},{"desenhos":[{"tipo":"img","x":"293.3px","y":"153.15px","width":"533.65px","height":"98.25px","nomeInstancia":"MovieClips/transicao_28_0","classe":"transicao_28_0","nome":"elb01_08_28_0"},{"nome":"elb01_08_28_1","tipo":"personagem","x":"0px","y":"0px","width":"1016px","height":"659px","nomeInstancia":"MovieClips/animaP28","classe":"animaP28"}]},{"desenhos":[{"tipo":"img","x":"393.6px","y":"250px","width":"462.1px","height":"145.6px","nomeInstancia":"MovieClips/transicao_29_0","classe":"transicao_29_0","nome":"elb01_08_29_0"},{"tipo":"img","x":"293.3px","y":"153.15px","width":"533.65px","height":"98.25px","nomeInstancia":"MovieClips/transicao_28_0","classe":"transicao_28_0","nome":"elb01_08_28_0"},{"nome":"elb01_08_28_1","tipo":"personagem","x":"0px","y":"0px","width":"1016px","height":"659px","nomeInstancia":"MovieClips/animaP28","classe":"animaP28"}]},{"desenhos":[{"tipo":"img","x":"295px","y":"213.55px","width":"426px","height":"63.65px","nomeInstancia":"MovieClips/textConvertido_30_0","classe":"textConvertido_30_0","nome":"elb01_08_30_0"}]},{"desenhos":[{"tipo":"img","x":"295px","y":"296.35px","width":"426px","height":"84.2px","nomeInstancia":"MovieClips/textConvertido_31_0","classe":"textConvertido_31_0","nome":"elb01_08_31_0"},{"tipo":"img","x":"295px","y":"213.55px","width":"426px","height":"63.65px","nomeInstancia":"MovieClips/textConvertido_30_0","classe":"textConvertido_30_0","nome":"elb01_08_30_0"}]},{"desenhos":[{"tipo":"img","x":"295px","y":"399.7px","width":"426px","height":"84.2px","nomeInstancia":"MovieClips/textConvertido_32_0","classe":"textConvertido_32_0","nome":"elb01_08_32_0"},{"tipo":"img","x":"295px","y":"296.35px","width":"426px","height":"84.2px","nomeInstancia":"MovieClips/textConvertido_31_0","classe":"textConvertido_31_0","nome":"elb01_08_31_0"},{"tipo":"img","x":"295px","y":"213.55px","width":"426px","height":"63.65px","nomeInstancia":"MovieClips/textConvertido_30_0","classe":"textConvertido_30_0","nome":"elb01_08_30_0"}]},{"desenhos":[{"tipo":"img","x":"304.5px","y":"268.8px","width":"407.05px","height":"145.85px","nomeInstancia":"MovieClips/textConvertido_33_0","classe":"textConvertido_33_0","nome":"elb01_08_33_0"}]},{"desenhos":[{"tipo":"img","x":"290.2px","y":"255.95px","width":"435.65px","height":"218.75px","nomeInstancia":"MovieClips/transicao_34_0","classe":"transicao_34_0","nome":"elb01_08_34_0"}]}]}