{"licao":"elb01_05","topico":"05","telas":[{"desenhos":[{"tipo":"img","x":"82.85px","y":"228.15px","width":"426px","height":"63.65px","nomeInstancia":"MovieClips/textConvertido_1_0","classe":"textConvertido_1_0","nome":"elb01_05_1_0"},{"tipo":"img","x":"668.7px","y":"213.45px","width":"190.1px","height":"275.25px","nomeInstancia":"MovieClips/transicao_1_1","classe":"transicao_1_1","nome":"elb01_05_1_1"}]},{"desenhos":[{"tipo":"img","x":"82.85px","y":"323.3px","width":"426px","height":"166.4px","nomeInstancia":"MovieClips/textConvertido_2_0","classe":"textConvertido_2_0","nome":"elb01_05_2_0"},{"tipo":"img","x":"82.85px","y":"228.15px","width":"426px","height":"63.65px","nomeInstancia":"MovieClips/textConvertido_1_0","classe":"textConvertido_1_0","nome":"elb01_05_1_0"},{"tipo":"img","x":"668.7px","y":"213.45px","width":"190.1px","height":"275.25px","nomeInstancia":"MovieClips/transicao_1_1","classe":"transicao_1_1","nome":"elb01_05_1_1"}]},{"desenhos":[{"tipo":"img","x":"305.95px","y":"268.95px","width":"404.15px","height":"175.95px","nomeInstancia":"MovieClips/destaque03","classe":"destaque03","nome":"elb01_05_3_0"},{"tipo":"img","x":"82.85px","y":"323.3px","width":"426px","height":"166.4px","nomeInstancia":"MovieClips/textConvertido_2_0","classe":"textConvertido_2_0","nome":"elb01_05_2_0"},{"tipo":"img","x":"82.85px","y":"228.15px","width":"426px","height":"63.65px","nomeInstancia":"MovieClips/textConvertido_1_0","classe":"textConvertido_1_0","nome":"elb01_05_1_0"},{"tipo":"img","x":"668.7px","y":"213.45px","width":"190.1px","height":"275.25px","nomeInstancia":"MovieClips/transicao_1_1","classe":"transicao_1_1","nome":"elb01_05_1_1"}]},{"desenhos":[{"tipo":"img","x":"522.9px","y":"209.55px","width":"426px","height":"125.3px","nomeInstancia":"MovieClips/textConvertido_4_0","classe":"textConvertido_4_0","nome":"elb01_05_4_0"},{"tipo":"img","x":"45.35px","y":"296.6px","width":"444px","height":"130px","nomeInstancia":"MovieClips/transicao_4_1","classe":"transicao_4_1","nome":"elb01_05_4_1"}]},{"desenhos":[{"tipo":"img","x":"522.9px","y":"368.3px","width":"426px","height":"145.85px","nomeInstancia":"MovieClips/textConvertido_5_0","classe":"textConvertido_5_0","nome":"elb01_05_5_0"},{"tipo":"img","x":"522.9px","y":"209.55px","width":"426px","height":"125.3px","nomeInstancia":"MovieClips/textConvertido_4_0","classe":"textConvertido_4_0","nome":"elb01_05_4_0"},{"tipo":"img","x":"45.35px","y":"296.6px","width":"444px","height":"130px","nomeInstancia":"MovieClips/transicao_4_1","classe":"transicao_4_1","nome":"elb01_05_4_1"}]},{"desenhos":[{"tipo":"img","x":"80.9px","y":"260px","width":"426px","height":"84.2px","nomeInstancia":"MovieClips/textConvertido_6_0","classe":"textConvertido_6_0","nome":"elb01_05_6_0"},{"tipo":"img","x":"573.1px","y":"260px","width":"344.3px","height":"191.2px","nomeInstancia":"MovieClips/transicao_6_1","classe":"transicao_6_1","nome":"elb01_05_6_1"}]},{"desenhos":[{"tipo":"img","x":"80.9px","y":"374.75px","width":"426px","height":"84.2px","nomeInstancia":"MovieClips/textConvertido_7_0","classe":"textConvertido_7_0","nome":"elb01_05_7_0"},{"tipo":"img","x":"80.9px","y":"260px","width":"426px","height":"84.2px","nomeInstancia":"MovieClips/textConvertido_6_0","classe":"textConvertido_6_0","nome":"elb01_05_6_0"},{"tipo":"img","x":"573.1px","y":"260px","width":"344.3px","height":"191.2px","nomeInstancia":"MovieClips/transicao_6_1","classe":"transicao_6_1","nome":"elb01_05_6_1"}]},{"desenhos":[{"tipo":"img","x":"500px","y":"256.45px","width":"426px","height":"145.85px","nomeInstancia":"MovieClips/textConvertido_8_0","classe":"textConvertido_8_0","nome":"elb01_05_8_0"},{"tipo":"img","x":"84.05px","y":"220.25px","width":"331.6px","height":"272.6px","nomeInstancia":"MovieClips/transicao_8_1","classe":"transicao_8_1","nome":"elb01_05_8_1"}]},{"desenhos":[{"tipo":"img","x":"500px","y":"426px","width":"426px","height":"43.1px","nomeInstancia":"MovieClips/textConvertido_9_0","classe":"textConvertido_9_0","nome":"elb01_05_9_0"},{"tipo":"img","x":"500px","y":"256.45px","width":"426px","height":"145.85px","nomeInstancia":"MovieClips/textConvertido_8_0","classe":"textConvertido_8_0","nome":"elb01_05_8_0"},{"tipo":"img","x":"84.05px","y":"220.25px","width":"331.6px","height":"272.6px","nomeInstancia":"MovieClips/transicao_8_1","classe":"transicao_8_1","nome":"elb01_05_8_1"}]},{"desenhos":[{"tipo":"img","x":"226.5px","y":"138.1px","width":"527px","height":"144.65px","nomeInstancia":"MovieClips/transicao_10_0","classe":"transicao_10_0","nome":"elb01_05_10_0"},{"nome":"elb01_05_10_1","tipo":"personagem","x":"0px","y":"0px","width":"1016px","height":"659px","nomeInstancia":"MovieClips/animaP10","classe":"animaP10"}]},{"desenhos":[{"tipo":"img","x":"520.45px","y":"310.4px","width":"426px","height":"43.1px","nomeInstancia":"MovieClips/textConvertido_11_0","classe":"textConvertido_11_0","nome":"elb01_05_11_0"},{"tipo":"img","x":"72.75px","y":"220.35px","width":"367.85px","height":"268.5px","nomeInstancia":"MovieClips/transicao_11_1","classe":"transicao_11_1","nome":"elb01_05_11_1"}]},{"desenhos":[{"tipo":"img","x":"73.6px","y":"195.45px","width":"744.05px","height":"374px","nomeInstancia":"MovieClips/telaInfo12","classe":"telaInfo12","nome":"elb01_05_12_0"},{"tipo":"img","x":"520.45px","y":"373.25px","width":"426px","height":"22.55px","nomeInstancia":"MovieClips/textConvertido_12_1","classe":"textConvertido_12_1","nome":"elb01_05_12_1"},{"tipo":"img","x":"520.45px","y":"310.4px","width":"426px","height":"43.1px","nomeInstancia":"MovieClips/textConvertido_11_0","classe":"textConvertido_11_0","nome":"elb01_05_11_0"},{"tipo":"img","x":"72.75px","y":"220.35px","width":"367.85px","height":"268.5px","nomeInstancia":"MovieClips/transicao_11_1","classe":"transicao_11_1","nome":"elb01_05_11_1"}]},{"desenhos":[{"tipo":"img","x":"73px","y":"179.25px","width":"426px","height":"145.85px","nomeInstancia":"MovieClips/textConvertido_13_0","classe":"textConvertido_13_0","nome":"elb01_05_13_0"},{"tipo":"img","x":"546.05px","y":"319.6px","width":"414px","height":"95.3px","nomeInstancia":"MovieClips/transicao_13_1","classe":"transicao_13_1","nome":"elb01_05_13_1"}]},{"desenhos":[{"tipo":"img","x":"73px","y":"339.3px","width":"426px","height":"104.75px","nomeInstancia":"MovieClips/textConvertido_14_0","classe":"textConvertido_14_0","nome":"elb01_05_14_0"},{"tipo":"img","x":"73px","y":"179.25px","width":"426px","height":"145.85px","nomeInstancia":"MovieClips/textConvertido_13_0","classe":"textConvertido_13_0","nome":"elb01_05_13_0"},{"tipo":"img","x":"546.05px","y":"319.6px","width":"414px","height":"95.3px","nomeInstancia":"MovieClips/transicao_13_1","classe":"transicao_13_1","nome":"elb01_05_13_1"}]},{"desenhos":[{"tipo":"img","x":"73px","y":"458.25px","width":"426px","height":"104.75px","nomeInstancia":"MovieClips/textConvertido_15_0","classe":"textConvertido_15_0","nome":"elb01_05_15_0"},{"tipo":"img","x":"73px","y":"339.3px","width":"426px","height":"104.75px","nomeInstancia":"MovieClips/textConvertido_14_0","classe":"textConvertido_14_0","nome":"elb01_05_14_0"},{"tipo":"img","x":"73px","y":"179.25px","width":"426px","height":"145.85px","nomeInstancia":"MovieClips/textConvertido_13_0","classe":"textConvertido_13_0","nome":"elb01_05_13_0"},{"tipo":"img","x":"546.05px","y":"319.6px","width":"414px","height":"95.3px","nomeInstancia":"MovieClips/transicao_13_1","classe":"transicao_13_1","nome":"elb01_05_13_1"}]},{"desenhos":[{"tipo":"img","x":"293.5px","y":"248.35px","width":"443px","height":"216.45px","nomeInstancia":"MovieClips/destaque16a","classe":"destaque16a","nome":"elb01_05_16_0"},{"tipo":"img","x":"73px","y":"458.25px","width":"426px","height":"104.75px","nomeInstancia":"MovieClips/textConvertido_15_0","classe":"textConvertido_15_0","nome":"elb01_05_15_0"},{"tipo":"img","x":"73px","y":"339.3px","width":"426px","height":"104.75px","nomeInstancia":"MovieClips/textConvertido_14_0","classe":"textConvertido_14_0","nome":"elb01_05_14_0"},{"tipo":"img","x":"73px","y":"179.25px","width":"426px","height":"145.85px","nomeInstancia":"MovieClips/textConvertido_13_0","classe":"textConvertido_13_0","nome":"elb01_05_13_0"},{"tipo":"img","x":"546.05px","y":"319.6px","width":"414px","height":"95.3px","nomeInstancia":"MovieClips/transicao_13_1","classe":"transicao_13_1","nome":"elb01_05_13_1"}]},{"desenhos":[{"tipo":"img","x":"319.9px","y":"228.95px","width":"376.2px","height":"22.55px","nomeInstancia":"MovieClips/textConvertido_17_0","classe":"textConvertido_17_0","nome":"elb01_05_17_0"},{"tipo":"img","x":"226.15px","y":"303.8px","width":"563.75px","height":"122.8px","nomeInstancia":"MovieClips/transicao_17_1","classe":"transicao_17_1","nome":"elb01_05_17_1"}]},{"desenhos":[{"tipo":"img","x":"224.45px","y":"221.9px","width":"719.2px","height":"329.45px","nomeInstancia":"MovieClips/telaInfo18","classe":"telaInfo18","nome":"elb01_05_18_0"},{"tipo":"img","x":"76px","y":"328.85px","width":"426px","height":"43.1px","nomeInstancia":"MovieClips/textConvertido_18_1","classe":"textConvertido_18_1","nome":"elb01_05_18_1"},{"tipo":"img","x":"687.6px","y":"401.05px","width":"157.4px","height":"133.9px","nomeInstancia":"MovieClips/transicao_18_4","classe":"transicao_18_4","nome":"elb01_05_18_2"},{"tipo":"img","x":"593.95px","y":"230.6px","width":"126.85px","height":"127.65px","nomeInstancia":"MovieClips/transicao_18_3","classe":"transicao_18_3","nome":"elb01_05_18_3"},{"tipo":"img","x":"806.35px","y":"229.05px","width":"132.2px","height":"130.8px","nomeInstancia":"MovieClips/transicao_18_2","classe":"transicao_18_2","nome":"elb01_05_18_4"}]},{"desenhos":[{"tipo":"img","x":"500px","y":"254.5px","width":"426px","height":"104.75px","nomeInstancia":"MovieClips/textConvertido_19_0","classe":"textConvertido_19_0","nome":"elb01_05_19_0"},{"tipo":"img","x":"96.05px","y":"271.65px","width":"307.55px","height":"191.1px","nomeInstancia":"MovieClips/transicao_19_1","classe":"transicao_19_1","nome":"elb01_05_19_1"}]},{"desenhos":[{"tipo":"img","x":"500px","y":"387.8px","width":"426px","height":"84.2px","nomeInstancia":"MovieClips/textConvertido_20_0","classe":"textConvertido_20_0","nome":"elb01_05_20_0"},{"tipo":"img","x":"500px","y":"254.5px","width":"426px","height":"104.75px","nomeInstancia":"MovieClips/textConvertido_19_0","classe":"textConvertido_19_0","nome":"elb01_05_19_0"},{"tipo":"img","x":"96.05px","y":"271.65px","width":"307.55px","height":"191.1px","nomeInstancia":"MovieClips/transicao_19_1","classe":"transicao_19_1","nome":"elb01_05_19_1"}]},{"desenhos":[{"tipo":"img","x":"284.65px","y":"270px","width":"446.7px","height":"181.15px","nomeInstancia":"MovieClips/destaque_517_1","classe":"destaque_517_1","nome":"elb01_05_21_0"},{"tipo":"img","x":"500px","y":"387.8px","width":"426px","height":"84.2px","nomeInstancia":"MovieClips/textConvertido_20_0","classe":"textConvertido_20_0","nome":"elb01_05_20_0"},{"tipo":"img","x":"500px","y":"254.5px","width":"426px","height":"104.75px","nomeInstancia":"MovieClips/textConvertido_19_0","classe":"textConvertido_19_0","nome":"elb01_05_19_0"},{"tipo":"img","x":"96.05px","y":"271.65px","width":"307.55px","height":"191.1px","nomeInstancia":"MovieClips/transicao_19_1","classe":"transicao_19_1","nome":"elb01_05_19_1"}]},{"desenhos":[{"tipo":"img","x":"76px","y":"255.5px","width":"426px","height":"84.2px","nomeInstancia":"MovieClips/textConvertido_22_0","classe":"textConvertido_22_0","nome":"elb01_05_22_0"},{"tipo":"img","x":"568.4px","y":"197.4px","width":"361.55px","height":"325.9px","nomeInstancia":"MovieClips/transicao_22_1","classe":"transicao_22_1","nome":"elb01_05_22_1"}]},{"desenhos":[{"tipo":"img","x":"76px","y":"364.4px","width":"426px","height":"104.75px","nomeInstancia":"MovieClips/textConvertido_23_0","classe":"textConvertido_23_0","nome":"elb01_05_23_0"},{"tipo":"img","x":"76px","y":"255.5px","width":"426px","height":"84.2px","nomeInstancia":"MovieClips/textConvertido_22_0","classe":"textConvertido_22_0","nome":"elb01_05_22_0"},{"tipo":"img","x":"568.4px","y":"197.4px","width":"361.55px","height":"325.9px","nomeInstancia":"MovieClips/transicao_22_1","classe":"transicao_22_1","nome":"elb01_05_22_1"}]},{"desenhos":[{"tipo":"img","x":"544.95px","y":"331.5px","width":"426px","height":"84.2px","nomeInstancia":"MovieClips/textConvertido_24_0","classe":"textConvertido_24_0","nome":"elb01_05_24_0"},{"nome":"elb01_05_24_1","tipo":"personagem","x":"0px","y":"0px","width":"1016px","height":"659px","nomeInstancia":"MovieClips/animaP24","classe":"animaP24"}]},{"desenhos":[{"tipo":"img","x":"137.65px","y":"146.95px","width":"518.95px","height":"128.45px","nomeInstancia":"MovieClips/transicao_25_0","classe":"transicao_25_0","nome":"elb01_05_25_0"},{"nome":"elb01_05_25_1","tipo":"personagem","x":"0px","y":"0px","width":"1016px","height":"659px","nomeInstancia":"MovieClips/animaP25","classe":"animaP25"}]},{"desenhos":[{"tipo":"img","x":"286.45px","y":"221.75px","width":"443px","height":"216.45px","nomeInstancia":"MovieClips/destaque26a","classe":"destaque26a","nome":"elb01_05_26_0"},{"tipo":"img","x":"137.65px","y":"146.95px","width":"518.95px","height":"128.45px","nomeInstancia":"MovieClips/transicao_25_0","classe":"transicao_25_0","nome":"elb01_05_25_0"},{"nome":"elb01_05_25_1","tipo":"personagem","x":"0px","y":"0px","width":"1016px","height":"659px","nomeInstancia":"MovieClips/animaP25","classe":"animaP25"}]},{"desenhos":[{"tipo":"img","x":"524.45px","y":"264.9px","width":"426px","height":"104.75px","nomeInstancia":"MovieClips/textConvertido_27_0","classe":"textConvertido_27_0","nome":"elb01_05_27_0"},{"tipo":"img","x":"64.2px","y":"284.15px","width":"383.2px","height":"152.45px","nomeInstancia":"MovieClips/transicao_27_1","classe":"transicao_27_1","nome":"elb01_05_27_1"}]},{"desenhos":[{"tipo":"img","x":"524.45px","y":"390.7px","width":"426px","height":"63.65px","nomeInstancia":"MovieClips/textConvertido_28_0","classe":"textConvertido_28_0","nome":"elb01_05_28_0"},{"tipo":"img","x":"524.45px","y":"264.9px","width":"426px","height":"104.75px","nomeInstancia":"MovieClips/textConvertido_27_0","classe":"textConvertido_27_0","nome":"elb01_05_27_0"},{"tipo":"img","x":"64.2px","y":"284.15px","width":"383.2px","height":"152.45px","nomeInstancia":"MovieClips/transicao_27_1","classe":"transicao_27_1","nome":"elb01_05_27_1"}]},{"desenhos":[{"tipo":"img","x":"106.25px","y":"264.9px","width":"609.8px","height":"273.55px","nomeInstancia":"MovieClips/telaInfo29","classe":"telaInfo29","nome":"elb01_05_29_0"},{"tipo":"img","x":"524.45px","y":"390.7px","width":"426px","height":"63.65px","nomeInstancia":"MovieClips/textConvertido_28_0","classe":"textConvertido_28_0","nome":"elb01_05_28_0"},{"tipo":"img","x":"524.45px","y":"264.9px","width":"426px","height":"104.75px","nomeInstancia":"MovieClips/textConvertido_27_0","classe":"textConvertido_27_0","nome":"elb01_05_27_0"},{"tipo":"img","x":"64.2px","y":"284.15px","width":"383.2px","height":"152.45px","nomeInstancia":"MovieClips/transicao_27_1","classe":"transicao_27_1","nome":"elb01_05_27_1"}]},{"desenhos":[{"tipo":"img","x":"69.9px","y":"259.75px","width":"832.55px","height":"283.35px","nomeInstancia":"MovieClips/opcoes30","classe":"opcoes30","nome":"elb01_05_30_0"},{"tipo":"img","x":"100.45px","y":"240.2px","width":"804.8px","height":"248.6px","nomeInstancia":"MovieClips/textConvertido_30_1","classe":"textConvertido_30_1","nome":"elb01_05_30_1"},{"tipo":"img","x":"100.45px","y":"152.55px","width":"131.9px","height":"70px","nomeInstancia":"MovieClips/transicao_30_2","classe":"transicao_30_2","nome":"elb01_05_30_2"}]}]}