{"licao":"eba06_07","topico":"07","telas":[{"desenhos":[{"tipo":"img","x":"428.15px","y":"190.75px","width":"357.85px","height":"90.85px","nomeInstancia":"MovieClips/transicao_1_0","classe":"transicao_1_0","nome":"eba06_07_1_0"},{"tipo":"img","x":"60.75px","y":"160.1px","width":"130.05px","height":"56.3px","nomeInstancia":"MovieClips/transicao_1_2","classe":"transicao_1_2","nome":"eba06_07_1_1"},{"nome":"eba06_07_1_2","tipo":"personagem","x":"0px","y":"0px","width":"1016px","height":"659px","nomeInstancia":"MovieClips/animaP1","classe":"animaP1"}]},{"desenhos":[{"tipo":"img","x":"474.65px","y":"276.9px","width":"382.35px","height":"87.75px","nomeInstancia":"MovieClips/transicao_2_0","classe":"transicao_2_0","nome":"eba06_07_2_0"},{"tipo":"img","x":"428.15px","y":"190.75px","width":"357.85px","height":"90.85px","nomeInstancia":"MovieClips/transicao_1_0","classe":"transicao_1_0","nome":"eba06_07_1_0"},{"tipo":"img","x":"60.75px","y":"160.1px","width":"130.05px","height":"56.3px","nomeInstancia":"MovieClips/transicao_1_2","classe":"transicao_1_2","nome":"eba06_07_1_1"},{"nome":"eba06_07_1_2","tipo":"personagem","x":"0px","y":"0px","width":"1016px","height":"659px","nomeInstancia":"MovieClips/animaP1","classe":"animaP1"}]},{"desenhos":[{"tipo":"img","x":"474.05px","y":"360.3px","width":"268.45px","height":"87.75px","nomeInstancia":"MovieClips/transicao_3_0","classe":"transicao_3_0","nome":"eba06_07_3_0"},{"tipo":"img","x":"474.65px","y":"276.9px","width":"382.35px","height":"87.75px","nomeInstancia":"MovieClips/transicao_2_0","classe":"transicao_2_0","nome":"eba06_07_2_0"},{"tipo":"img","x":"428.15px","y":"190.75px","width":"357.85px","height":"90.85px","nomeInstancia":"MovieClips/transicao_1_0","classe":"transicao_1_0","nome":"eba06_07_1_0"},{"tipo":"img","x":"60.75px","y":"160.1px","width":"130.05px","height":"56.3px","nomeInstancia":"MovieClips/transicao_1_2","classe":"transicao_1_2","nome":"eba06_07_1_1"},{"nome":"eba06_07_1_2","tipo":"personagem","x":"0px","y":"0px","width":"1016px","height":"659px","nomeInstancia":"MovieClips/animaP1","classe":"animaP1"}]},{"desenhos":[{"tipo":"img","x":"203.6px","y":"218.65px","width":"388.65px","height":"90.85px","nomeInstancia":"MovieClips/transicao_4_0","classe":"transicao_4_0","nome":"eba06_07_4_0"},{"nome":"eba06_07_4_1","tipo":"personagem","x":"0px","y":"0px","width":"1016px","height":"659px","nomeInstancia":"MovieClips/animaP5","classe":"animaP5"}]},{"desenhos":[{"tipo":"img","x":"138.15px","y":"304.75px","width":"404.15px","height":"87.75px","nomeInstancia":"MovieClips/transicao_5_0","classe":"transicao_5_0","nome":"eba06_07_5_0"},{"tipo":"img","x":"203.6px","y":"218.65px","width":"388.65px","height":"90.85px","nomeInstancia":"MovieClips/transicao_4_0","classe":"transicao_4_0","nome":"eba06_07_4_0"},{"nome":"eba06_07_4_1","tipo":"personagem","x":"0px","y":"0px","width":"1016px","height":"659px","nomeInstancia":"MovieClips/animaP5","classe":"animaP5"}]},{"desenhos":[{"tipo":"img","x":"425.15px","y":"213.75px","width":"357.85px","height":"90.85px","nomeInstancia":"MovieClips/transicao_6_0","classe":"transicao_6_0","nome":"eba06_07_6_0"},{"nome":"eba06_07_6_1","tipo":"personagem","x":"0px","y":"0px","width":"1016px","height":"659px","nomeInstancia":"MovieClips/animaP6","classe":"animaP6"}]},{"desenhos":[{"tipo":"img","x":"471.45px","y":"299.9px","width":"335.8px","height":"87.75px","nomeInstancia":"MovieClips/transicao_7_0","classe":"transicao_7_0","nome":"eba06_07_7_0"},{"tipo":"img","x":"425.15px","y":"213.75px","width":"357.85px","height":"90.85px","nomeInstancia":"MovieClips/transicao_6_0","classe":"transicao_6_0","nome":"eba06_07_6_0"},{"nome":"eba06_07_6_1","tipo":"personagem","x":"0px","y":"0px","width":"1016px","height":"659px","nomeInstancia":"MovieClips/animaP6","classe":"animaP6"}]},{"desenhos":[{"tipo":"img","x":"191.55px","y":"175.45px","width":"632.9px","height":"345.6px","nomeInstancia":"MovieClips/transicao_8_0","classe":"transicao_8_0","nome":"eba06_07_8_0"}]}]}