{"licao":"eba06_03","topico":"03","telas":[{"desenhos":[{"tipo":"img","x":"433.1px","y":"209.95px","width":"417.05px","height":"92.7px","nomeInstancia":"transicao_1_0","classe":"transicao_1_0","nome":"eba06_03_1_0"},{"nome":"eba06_03_1_1","tipo":"personagem","x":"0px","y":"0px","width":"1016px","height":"659px","nomeInstancia":"MovieClips/animaP1","classe":"animaP1"}]},{"desenhos":[{"tipo":"img","x":"479.5px","y":"297.05px","width":"355.75px","height":"121.3px","nomeInstancia":"transicao_2_0","classe":"transicao_2_0","nome":"eba06_03_2_0"},{"tipo":"img","x":"433.1px","y":"209.95px","width":"417.05px","height":"92.7px","nomeInstancia":"transicao_1_0","classe":"transicao_1_0","nome":"eba06_03_1_0"},{"nome":"eba06_03_1_1","tipo":"personagem","x":"0px","y":"0px","width":"1016px","height":"659px","nomeInstancia":"MovieClips/animaP1","classe":"animaP1"}]},{"desenhos":[{"tipo":"img","x":"479.6px","y":"413.05px","width":"380.4px","height":"100.55px","nomeInstancia":"transicao_3_0","classe":"transicao_3_0","nome":"eba06_03_3_0"},{"tipo":"img","x":"479.5px","y":"297.05px","width":"355.75px","height":"121.3px","nomeInstancia":"transicao_2_0","classe":"transicao_2_0","nome":"eba06_03_2_0"},{"tipo":"img","x":"433.1px","y":"209.95px","width":"417.05px","height":"92.7px","nomeInstancia":"transicao_1_0","classe":"transicao_1_0","nome":"eba06_03_1_0"},{"nome":"eba06_03_1_1","tipo":"personagem","x":"0px","y":"0px","width":"1016px","height":"659px","nomeInstancia":"MovieClips/animaP1","classe":"animaP1"}]},{"desenhos":[{"tipo":"img","x":"159.95px","y":"213.75px","width":"417.7px","height":"99.65px","nomeInstancia":"transicao_4_0","classe":"transicao_4_0","nome":"eba06_03_4_0"},{"nome":"eba06_03_4_1","tipo":"personagem","x":"0px","y":"0px","width":"1016px","height":"659px","nomeInstancia":"MovieClips/animaP4","classe":"animaP4"}]},{"desenhos":[{"tipo":"img","x":"159.95px","y":"309.5px","width":"370px","height":"100.55px","nomeInstancia":"transicao_5_0","classe":"transicao_5_0","nome":"eba06_03_5_0"},{"tipo":"img","x":"159.95px","y":"213.75px","width":"417.7px","height":"99.65px","nomeInstancia":"transicao_4_0","classe":"transicao_4_0","nome":"eba06_03_4_0"},{"nome":"eba06_03_4_1","tipo":"personagem","x":"0px","y":"0px","width":"1016px","height":"659px","nomeInstancia":"MovieClips/animaP4","classe":"animaP4"}]},{"desenhos":[{"tipo":"img","x":"123.9px","y":"404.4px","width":"406.05px","height":"124.95px","nomeInstancia":"transicao_6_0","classe":"transicao_6_0","nome":"eba06_03_6_0"},{"tipo":"img","x":"159.95px","y":"309.5px","width":"370px","height":"100.55px","nomeInstancia":"transicao_5_0","classe":"transicao_5_0","nome":"eba06_03_5_0"},{"tipo":"img","x":"159.95px","y":"213.75px","width":"417.7px","height":"99.65px","nomeInstancia":"transicao_4_0","classe":"transicao_4_0","nome":"eba06_03_4_0"},{"nome":"eba06_03_4_1","tipo":"personagem","x":"0px","y":"0px","width":"1016px","height":"659px","nomeInstancia":"MovieClips/animaP4","classe":"animaP4"}]},{"desenhos":[{"tipo":"img","x":"574.3px","y":"279.25px","width":"396.15px","height":"84.2px","nomeInstancia":"MovieClips/textConvertido_7_0","classe":"textConvertido_7_0","nome":"eba06_03_7_0"},{"tipo":"img","x":"36.75px","y":"271.2px","width":"502.95px","height":"218.95px","nomeInstancia":"transicao_7_1","classe":"transicao_7_1","nome":"eba06_03_7_1"}]},{"desenhos":[{"tipo":"img","x":"574.3px","y":"383.7px","width":"360.7px","height":"43.1px","nomeInstancia":"MovieClips/textConvertido_8_0","classe":"textConvertido_8_0","nome":"eba06_03_8_0"},{"tipo":"img","x":"574.3px","y":"279.25px","width":"396.15px","height":"84.2px","nomeInstancia":"MovieClips/textConvertido_7_0","classe":"textConvertido_7_0","nome":"eba06_03_7_0"},{"tipo":"img","x":"36.75px","y":"271.2px","width":"502.95px","height":"218.95px","nomeInstancia":"transicao_7_1","classe":"transicao_7_1","nome":"eba06_03_7_1"}]},{"desenhos":[{"tipo":"img","x":"574.3px","y":"447.05px","width":"413.4px","height":"43.1px","nomeInstancia":"MovieClips/textConvertido_9_0","classe":"textConvertido_9_0","nome":"eba06_03_9_0"},{"tipo":"img","x":"574.3px","y":"383.7px","width":"360.7px","height":"43.1px","nomeInstancia":"MovieClips/textConvertido_8_0","classe":"textConvertido_8_0","nome":"eba06_03_8_0"},{"tipo":"img","x":"574.3px","y":"279.25px","width":"396.15px","height":"84.2px","nomeInstancia":"MovieClips/textConvertido_7_0","classe":"textConvertido_7_0","nome":"eba06_03_7_0"},{"tipo":"img","x":"36.75px","y":"271.2px","width":"502.95px","height":"218.95px","nomeInstancia":"transicao_7_1","classe":"transicao_7_1","nome":"eba06_03_7_1"}]},{"desenhos":[{"tipo":"img","x":"52.75px","y":"285px","width":"396.15px","height":"84.2px","nomeInstancia":"MovieClips/textConvertido_10_0","classe":"textConvertido_10_0","nome":"eba06_03_10_0"},{"tipo":"img","x":"464.2px","y":"270.25px","width":"502.95px","height":"218.95px","nomeInstancia":"transicao_10_1","classe":"transicao_10_1","nome":"eba06_03_10_1"}]},{"desenhos":[{"tipo":"img","x":"52.75px","y":"386.1px","width":"360.7px","height":"43.1px","nomeInstancia":"MovieClips/textConvertido_11_0","classe":"textConvertido_11_0","nome":"eba06_03_11_0"},{"tipo":"img","x":"52.75px","y":"285px","width":"396.15px","height":"84.2px","nomeInstancia":"MovieClips/textConvertido_10_0","classe":"textConvertido_10_0","nome":"eba06_03_10_0"},{"tipo":"img","x":"464.2px","y":"270.25px","width":"502.95px","height":"218.95px","nomeInstancia":"transicao_10_1","classe":"transicao_10_1","nome":"eba06_03_10_1"}]},{"desenhos":[{"tipo":"img","x":"52.75px","y":"446.1px","width":"334.55px","height":"43.1px","nomeInstancia":"MovieClips/textConvertido_12_0","classe":"textConvertido_12_0","nome":"eba06_03_12_0"},{"tipo":"img","x":"52.75px","y":"386.1px","width":"360.7px","height":"43.1px","nomeInstancia":"MovieClips/textConvertido_11_0","classe":"textConvertido_11_0","nome":"eba06_03_11_0"},{"tipo":"img","x":"52.75px","y":"285px","width":"396.15px","height":"84.2px","nomeInstancia":"MovieClips/textConvertido_10_0","classe":"textConvertido_10_0","nome":"eba06_03_10_0"},{"tipo":"img","x":"464.2px","y":"270.25px","width":"502.95px","height":"218.95px","nomeInstancia":"transicao_10_1","classe":"transicao_10_1","nome":"eba06_03_10_1"}]},{"desenhos":[{"tipo":"img","x":"341.25px","y":"195.05px","width":"302.5px","height":"57.35px","nomeInstancia":"transicao_13_0","classe":"transicao_13_0","nome":"eba06_03_13_0"},{"nome":"eba06_03_13_1","tipo":"personagem","x":"0px","y":"0px","width":"1016px","height":"659px","nomeInstancia":"MovieClips/animaP13","classe":"animaP13"}]},{"desenhos":[{"tipo":"img","x":"388.65px","y":"246.25px","width":"492.45px","height":"109.4px","nomeInstancia":"transicao_14_0","classe":"transicao_14_0","nome":"eba06_03_14_0"},{"tipo":"img","x":"341.25px","y":"195.05px","width":"302.5px","height":"57.35px","nomeInstancia":"transicao_13_0","classe":"transicao_13_0","nome":"eba06_03_13_0"},{"nome":"eba06_03_13_1","tipo":"personagem","x":"0px","y":"0px","width":"1016px","height":"659px","nomeInstancia":"MovieClips/animaP13","classe":"animaP13"}]},{"desenhos":[{"tipo":"img","x":"388.65px","y":"348.85px","width":"403.2px","height":"147.15px","nomeInstancia":"transicao_15_0","classe":"transicao_15_0","nome":"eba06_03_15_0"},{"tipo":"img","x":"388.65px","y":"246.25px","width":"492.45px","height":"109.4px","nomeInstancia":"transicao_14_0","classe":"transicao_14_0","nome":"eba06_03_14_0"},{"tipo":"img","x":"341.25px","y":"195.05px","width":"302.5px","height":"57.35px","nomeInstancia":"transicao_13_0","classe":"transicao_13_0","nome":"eba06_03_13_0"},{"nome":"eba06_03_13_1","tipo":"personagem","x":"0px","y":"0px","width":"1016px","height":"659px","nomeInstancia":"MovieClips/animaP13","classe":"animaP13"}]},{"desenhos":[{"tipo":"img","x":"69.5px","y":"285px","width":"396.15px","height":"84.2px","nomeInstancia":"MovieClips/textConvertido_16_0","classe":"textConvertido_16_0","nome":"eba06_03_16_0"},{"tipo":"img","x":"523.95px","y":"181.35px","width":"378.65px","height":"366.85px","nomeInstancia":"transicao_16_1","classe":"transicao_16_1","nome":"eba06_03_16_1"}]},{"desenhos":[{"tipo":"img","x":"69.5px","y":"386.1px","width":"360.7px","height":"63.65px","nomeInstancia":"MovieClips/textConvertido_17_0","classe":"textConvertido_17_0","nome":"eba06_03_17_0"},{"tipo":"img","x":"69.5px","y":"285px","width":"396.15px","height":"84.2px","nomeInstancia":"MovieClips/textConvertido_16_0","classe":"textConvertido_16_0","nome":"eba06_03_16_0"},{"tipo":"img","x":"523.95px","y":"181.35px","width":"378.65px","height":"366.85px","nomeInstancia":"transicao_16_1","classe":"transicao_16_1","nome":"eba06_03_16_1"}]},{"desenhos":[{"tipo":"img","x":"506.45px","y":"298.4px","width":"408.15px","height":"104.75px","nomeInstancia":"MovieClips/textConvertido_18_0","classe":"textConvertido_18_0","nome":"eba06_03_18_0"},{"tipo":"img","x":"75.25px","y":"181.35px","width":"378.65px","height":"366.85px","nomeInstancia":"transicao_18_1","classe":"transicao_18_1","nome":"eba06_03_18_1"}]},{"desenhos":[{"tipo":"img","x":"283.95px","y":"191.1px","width":"682.6px","height":"391.45px","nomeInstancia":"MovieClips/telaInfo191570215953427","classe":"telaInfo191570215953427","nome":"eba06_03_19_0"},{"tipo":"img","x":"506.45px","y":"426.35px","width":"429.25px","height":"22.55px","nomeInstancia":"MovieClips/textConvertido_19_1","classe":"textConvertido_19_1","nome":"eba06_03_19_1"},{"tipo":"img","x":"506.45px","y":"298.4px","width":"408.15px","height":"104.75px","nomeInstancia":"MovieClips/textConvertido_18_0","classe":"textConvertido_18_0","nome":"eba06_03_18_0"},{"tipo":"img","x":"75.25px","y":"181.35px","width":"378.65px","height":"366.85px","nomeInstancia":"transicao_18_1","classe":"transicao_18_1","nome":"eba06_03_18_1"}]},{"desenhos":[{"tipo":"img","x":"60.6px","y":"278.25px","width":"408.15px","height":"63.65px","nomeInstancia":"MovieClips/textConvertido_20_0","classe":"textConvertido_20_0","nome":"eba06_03_20_0"},{"tipo":"img","x":"486.05px","y":"271.6px","width":"457.3px","height":"217.05px","nomeInstancia":"transicao_20_1","classe":"transicao_20_1","nome":"eba06_03_20_1"}]},{"desenhos":[{"tipo":"img","x":"60.6px","y":"358.25px","width":"351.6px","height":"43.1px","nomeInstancia":"MovieClips/textConvertido_21_0","classe":"textConvertido_21_0","nome":"eba06_03_21_0"},{"tipo":"img","x":"60.6px","y":"278.25px","width":"408.15px","height":"63.65px","nomeInstancia":"MovieClips/textConvertido_20_0","classe":"textConvertido_20_0","nome":"eba06_03_20_0"},{"tipo":"img","x":"486.05px","y":"271.6px","width":"457.3px","height":"217.05px","nomeInstancia":"transicao_20_1","classe":"transicao_20_1","nome":"eba06_03_20_1"}]},{"desenhos":[{"tipo":"img","x":"60.6px","y":"417.7px","width":"351.6px","height":"43.1px","nomeInstancia":"MovieClips/textConvertido_22_0","classe":"textConvertido_22_0","nome":"eba06_03_22_0"},{"tipo":"img","x":"60.6px","y":"358.25px","width":"351.6px","height":"43.1px","nomeInstancia":"MovieClips/textConvertido_21_0","classe":"textConvertido_21_0","nome":"eba06_03_21_0"},{"tipo":"img","x":"60.6px","y":"278.25px","width":"408.15px","height":"63.65px","nomeInstancia":"MovieClips/textConvertido_20_0","classe":"textConvertido_20_0","nome":"eba06_03_20_0"},{"tipo":"img","x":"486.05px","y":"271.6px","width":"457.3px","height":"217.05px","nomeInstancia":"transicao_20_1","classe":"transicao_20_1","nome":"eba06_03_20_1"}]},{"desenhos":[{"tipo":"img","x":"585px","y":"293.6px","width":"352.6px","height":"43.1px","nomeInstancia":"MovieClips/textConvertido_23_0","classe":"textConvertido_23_0","nome":"eba06_03_23_0"},{"tipo":"img","x":"70.95px","y":"263.95px","width":"457.3px","height":"217.05px","nomeInstancia":"transicao_23_1","classe":"transicao_23_1","nome":"eba06_03_23_1"}]},{"desenhos":[{"tipo":"img","x":"585px","y":"353.05px","width":"351.6px","height":"63.65px","nomeInstancia":"MovieClips/textConvertido_24_0","classe":"textConvertido_24_0","nome":"eba06_03_24_0"},{"tipo":"img","x":"585px","y":"293.6px","width":"352.6px","height":"43.1px","nomeInstancia":"MovieClips/textConvertido_23_0","classe":"textConvertido_23_0","nome":"eba06_03_23_0"},{"tipo":"img","x":"70.95px","y":"263.95px","width":"457.3px","height":"217.05px","nomeInstancia":"transicao_23_1","classe":"transicao_23_1","nome":"eba06_03_23_1"}]},{"desenhos":[{"tipo":"img","x":"585px","y":"433.05px","width":"351.6px","height":"43.1px","nomeInstancia":"MovieClips/textConvertido_25_0","classe":"textConvertido_25_0","nome":"eba06_03_25_0"},{"tipo":"img","x":"585px","y":"353.05px","width":"351.6px","height":"63.65px","nomeInstancia":"MovieClips/textConvertido_24_0","classe":"textConvertido_24_0","nome":"eba06_03_24_0"},{"tipo":"img","x":"585px","y":"293.6px","width":"352.6px","height":"43.1px","nomeInstancia":"MovieClips/textConvertido_23_0","classe":"textConvertido_23_0","nome":"eba06_03_23_0"},{"tipo":"img","x":"70.95px","y":"263.95px","width":"457.3px","height":"217.05px","nomeInstancia":"transicao_23_1","classe":"transicao_23_1","nome":"eba06_03_23_1"}]},{"desenhos":[{"tipo":"img","x":"135.5px","y":"287.85px","width":"540.1px","height":"281.3px","nomeInstancia":"vouf_26","classe":"vouf_26","nome":"eba06_03_26_0"},{"tipo":"img","x":"89.4px","y":"287.85px","width":"815.6px","height":"189.5px","nomeInstancia":"MovieClips/textConvertido_26_1","classe":"textConvertido_26_1","nome":"eba06_03_26_1"},{"tipo":"img","x":"392.75px","y":"156.5px","width":"230.5px","height":"78.4px","nomeInstancia":"transicao_26_2","classe":"transicao_26_2","nome":"eba06_03_26_2"}]}]}