{"licao":"eba06_01","topico":"01","telas":[{"desenhos":[{"tipo":"img","x":"538.7px","y":"296.9px","width":"391.25px","height":"43.1px","nomeInstancia":"textConvertido_1_0","classe":"textConvertido_1_0","nome":"eba06_01_1_0"},{"tipo":"img","x":"98.65px","y":"219.05px","width":"367.35px","height":"291.85px","nomeInstancia":"transicao_1_1","classe":"transicao_1_1","nome":"eba06_01_1_1"}]},{"desenhos":[{"tipo":"img","x":"538.7px","y":"370.1px","width":"371.1px","height":"84.2px","nomeInstancia":"textConvertido_2_0","classe":"textConvertido_2_0","nome":"eba06_01_2_0"},{"tipo":"img","x":"538.7px","y":"296.9px","width":"391.25px","height":"43.1px","nomeInstancia":"textConvertido_1_0","classe":"textConvertido_1_0","nome":"eba06_01_1_0"},{"tipo":"img","x":"98.65px","y":"219.05px","width":"367.35px","height":"291.85px","nomeInstancia":"transicao_1_1","classe":"transicao_1_1","nome":"eba06_01_1_1"}]},{"desenhos":[{"tipo":"img","x":"167.8px","y":"199.7px","width":"451.1px","height":"132.7px","nomeInstancia":"transicao_3_0","classe":"transicao_3_0","nome":"eba06_01_3_0"},{"nome":"eba06_01_3_1","tipo":"personagem","x":"0px","y":"0px","width":"1016px","height":"659px","nomeInstancia":"animaP3","classe":"animaP3"}]},{"desenhos":[{"tipo":"img","x":"243.55px","y":"327.65px","width":"313.05px","height":"81.15px","nomeInstancia":"transicao_4_0","classe":"transicao_4_0","nome":"eba06_01_4_0"},{"tipo":"img","x":"167.8px","y":"199.7px","width":"451.1px","height":"132.7px","nomeInstancia":"transicao_3_0","classe":"transicao_3_0","nome":"eba06_01_3_0"},{"nome":"eba06_01_3_1","tipo":"personagem","x":"0px","y":"0px","width":"1016px","height":"659px","nomeInstancia":"animaP3","classe":"animaP3"}]},{"desenhos":[{"tipo":"img","x":"190.5px","y":"403.4px","width":"366.1px","height":"122.6px","nomeInstancia":"transicao_5_0","classe":"transicao_5_0","nome":"eba06_01_5_0"},{"tipo":"img","x":"243.55px","y":"327.65px","width":"313.05px","height":"81.15px","nomeInstancia":"transicao_4_0","classe":"transicao_4_0","nome":"eba06_01_4_0"},{"tipo":"img","x":"167.8px","y":"199.7px","width":"451.1px","height":"132.7px","nomeInstancia":"transicao_3_0","classe":"transicao_3_0","nome":"eba06_01_3_0"},{"nome":"eba06_01_3_1","tipo":"personagem","x":"0px","y":"0px","width":"1016px","height":"659px","nomeInstancia":"animaP3","classe":"animaP3"}]},{"desenhos":[{"tipo":"img","x":"382.45px","y":"196.55px","width":"473.35px","height":"111.35px","nomeInstancia":"transicao_6_0","classe":"transicao_6_0","nome":"eba06_01_6_0"},{"nome":"eba06_01_6_1","tipo":"personagem","x":"0px","y":"0px","width":"1016px","height":"659px","nomeInstancia":"animaP6","classe":"animaP6"}]},{"desenhos":[{"tipo":"img","x":"431.2px","y":"303.7px","width":"441.15px","height":"81.15px","nomeInstancia":"transicao_7_0","classe":"transicao_7_0","nome":"eba06_01_7_0"},{"tipo":"img","x":"382.45px","y":"196.55px","width":"473.35px","height":"111.35px","nomeInstancia":"transicao_6_0","classe":"transicao_6_0","nome":"eba06_01_6_0"},{"nome":"eba06_01_6_1","tipo":"personagem","x":"0px","y":"0px","width":"1016px","height":"659px","nomeInstancia":"animaP6","classe":"animaP6"}]},{"desenhos":[{"tipo":"img","x":"431.2px","y":"380.4px","width":"412.65px","height":"100px","nomeInstancia":"transicao_8_0","classe":"transicao_8_0","nome":"eba06_01_8_0"},{"tipo":"img","x":"431.2px","y":"303.7px","width":"441.15px","height":"81.15px","nomeInstancia":"transicao_7_0","classe":"transicao_7_0","nome":"eba06_01_7_0"},{"tipo":"img","x":"382.45px","y":"196.55px","width":"473.35px","height":"111.35px","nomeInstancia":"transicao_6_0","classe":"transicao_6_0","nome":"eba06_01_6_0"},{"nome":"eba06_01_6_1","tipo":"personagem","x":"0px","y":"0px","width":"1016px","height":"659px","nomeInstancia":"animaP6","classe":"animaP6"}]},{"desenhos":[{"tipo":"img","x":"163.75px","y":"260.8px","width":"475.95px","height":"111.35px","nomeInstancia":"transicao_9_0","classe":"transicao_9_0","nome":"eba06_01_9_0"},{"nome":"eba06_01_9_1","tipo":"personagem","x":"0px","y":"0px","width":"1016px","height":"659px","nomeInstancia":"animaP9","classe":"animaP9"}]},{"desenhos":[{"tipo":"img","x":"232.05px","y":"367.95px","width":"265.25px","height":"81.15px","nomeInstancia":"transicao_10_0","classe":"transicao_10_0","nome":"eba06_01_10_0"},{"tipo":"img","x":"163.75px","y":"260.8px","width":"475.95px","height":"111.35px","nomeInstancia":"transicao_9_0","classe":"transicao_9_0","nome":"eba06_01_9_0"},{"nome":"eba06_01_9_1","tipo":"personagem","x":"0px","y":"0px","width":"1016px","height":"659px","nomeInstancia":"animaP9","classe":"animaP9"}]}]}