{"licao":"eba06_04","topico":"04","telas":[{"desenhos":[{"tipo":"img","x":"57.6px","y":"298.4px","width":"229.05px","height":"63.65px","nomeInstancia":"textConvertido_1_0","classe":"textConvertido_1_0","nome":"eba06_04_1_0"},{"tipo":"img","x":"348.95px","y":"233.75px","width":"624.25px","height":"279.3px","nomeInstancia":"transicao_1_1","classe":"transicao_1_1","nome":"eba06_04_1_1"}]},{"desenhos":[{"tipo":"img","x":"57.6px","y":"392.35px","width":"209.85px","height":"63.65px","nomeInstancia":"textConvertido_2_0","classe":"textConvertido_2_0","nome":"eba06_04_2_0"},{"tipo":"img","x":"57.6px","y":"298.4px","width":"229.05px","height":"63.65px","nomeInstancia":"textConvertido_1_0","classe":"textConvertido_1_0","nome":"eba06_04_1_0"},{"tipo":"img","x":"348.95px","y":"233.75px","width":"624.25px","height":"279.3px","nomeInstancia":"transicao_1_1","classe":"transicao_1_1","nome":"eba06_04_1_1"}]},{"desenhos":[{"tipo":"img","x":"504.55px","y":"268.65px","width":"380.55px","height":"63.65px","nomeInstancia":"textConvertido_3_0","classe":"textConvertido_3_0","nome":"eba06_04_3_0"},{"tipo":"img","x":"169.45px","y":"332.75px","width":"185.55px","height":"88px","nomeInstancia":"transicao_3_1","classe":"transicao_3_1","nome":"eba06_04_3_1"}]},{"desenhos":[{"tipo":"img","x":"504.55px","y":"357.05px","width":"377.65px","height":"43.1px","nomeInstancia":"textConvertido_4_0","classe":"textConvertido_4_0","nome":"eba06_04_4_0"},{"tipo":"img","x":"504.55px","y":"268.65px","width":"380.55px","height":"63.65px","nomeInstancia":"textConvertido_3_0","classe":"textConvertido_3_0","nome":"eba06_04_3_0"},{"tipo":"img","x":"169.45px","y":"332.75px","width":"185.55px","height":"88px","nomeInstancia":"transicao_3_1","classe":"transicao_3_1","nome":"eba06_04_3_1"}]},{"desenhos":[{"tipo":"img","x":"504.55px","y":"424.9px","width":"377.65px","height":"63.65px","nomeInstancia":"textConvertido_5_0","classe":"textConvertido_5_0","nome":"eba06_04_5_0"},{"tipo":"img","x":"504.55px","y":"357.05px","width":"377.65px","height":"43.1px","nomeInstancia":"textConvertido_4_0","classe":"textConvertido_4_0","nome":"eba06_04_4_0"},{"tipo":"img","x":"504.55px","y":"268.65px","width":"380.55px","height":"63.65px","nomeInstancia":"textConvertido_3_0","classe":"textConvertido_3_0","nome":"eba06_04_3_0"},{"tipo":"img","x":"169.45px","y":"332.75px","width":"185.55px","height":"88px","nomeInstancia":"transicao_3_1","classe":"transicao_3_1","nome":"eba06_04_3_1"}]},{"desenhos":[{"tipo":"img","x":"45px","y":"228.35px","width":"280.55px","height":"84.2px","nomeInstancia":"textConvertido_6_0","classe":"textConvertido_6_0","nome":"eba06_04_6_0"},{"tipo":"img","x":"349.6px","y":"231.2px","width":"624.25px","height":"279.3px","nomeInstancia":"transicao_6_1","classe":"transicao_6_1","nome":"eba06_04_6_1"}]},{"desenhos":[{"tipo":"img","x":"45px","y":"337.6px","width":"275.8px","height":"84.2px","nomeInstancia":"textConvertido_7_0","classe":"textConvertido_7_0","nome":"eba06_04_7_0"},{"tipo":"img","x":"45px","y":"228.35px","width":"280.55px","height":"84.2px","nomeInstancia":"textConvertido_6_0","classe":"textConvertido_6_0","nome":"eba06_04_6_0"},{"tipo":"img","x":"349.6px","y":"231.2px","width":"624.25px","height":"279.3px","nomeInstancia":"transicao_6_1","classe":"transicao_6_1","nome":"eba06_04_6_1"}]},{"desenhos":[{"tipo":"img","x":"283.95px","y":"191.1px","width":"669.95px","height":"398.35px","nomeInstancia":"MovieClips/telaInfo81570216616427","classe":"telaInfo81570216616427","nome":"eba06_04_8_0"},{"tipo":"img","x":"45px","y":"446.85px","width":"273.9px","height":"63.65px","nomeInstancia":"textConvertido_8_1","classe":"textConvertido_8_1","nome":"eba06_04_8_1"},{"tipo":"img","x":"45px","y":"337.6px","width":"275.8px","height":"84.2px","nomeInstancia":"textConvertido_7_0","classe":"textConvertido_7_0","nome":"eba06_04_7_0"},{"tipo":"img","x":"45px","y":"228.35px","width":"280.55px","height":"84.2px","nomeInstancia":"textConvertido_6_0","classe":"textConvertido_6_0","nome":"eba06_04_6_0"},{"tipo":"img","x":"349.6px","y":"231.2px","width":"624.25px","height":"279.3px","nomeInstancia":"transicao_6_1","classe":"transicao_6_1","nome":"eba06_04_6_1"}]},{"desenhos":[{"tipo":"img","x":"712.2px","y":"228.35px","width":"280.55px","height":"84.2px","nomeInstancia":"textConvertido_9_0","classe":"textConvertido_9_0","nome":"eba06_04_9_0"},{"tipo":"img","x":"42.8px","y":"231.2px","width":"624.25px","height":"279.3px","nomeInstancia":"transicao_9_1","classe":"transicao_9_1","nome":"eba06_04_9_1"}]},{"desenhos":[{"tipo":"img","x":"712.2px","y":"337.6px","width":"275.8px","height":"84.2px","nomeInstancia":"textConvertido_10_0","classe":"textConvertido_10_0","nome":"eba06_04_10_0"},{"tipo":"img","x":"712.2px","y":"228.35px","width":"280.55px","height":"84.2px","nomeInstancia":"textConvertido_9_0","classe":"textConvertido_9_0","nome":"eba06_04_9_0"},{"tipo":"img","x":"42.8px","y":"231.2px","width":"624.25px","height":"279.3px","nomeInstancia":"transicao_9_1","classe":"transicao_9_1","nome":"eba06_04_9_1"}]},{"desenhos":[{"tipo":"img","x":"712.2px","y":"446.85px","width":"273.9px","height":"63.65px","nomeInstancia":"textConvertido_11_0","classe":"textConvertido_11_0","nome":"eba06_04_11_0"},{"tipo":"img","x":"712.2px","y":"337.6px","width":"275.8px","height":"84.2px","nomeInstancia":"textConvertido_10_0","classe":"textConvertido_10_0","nome":"eba06_04_10_0"},{"tipo":"img","x":"712.2px","y":"228.35px","width":"280.55px","height":"84.2px","nomeInstancia":"textConvertido_9_0","classe":"textConvertido_9_0","nome":"eba06_04_9_0"},{"tipo":"img","x":"42.8px","y":"231.2px","width":"624.25px","height":"279.3px","nomeInstancia":"transicao_9_1","classe":"transicao_9_1","nome":"eba06_04_9_1"}]},{"desenhos":[{"tipo":"img","x":"153.7px","y":"301.2px","width":"296.35px","height":"63.65px","nomeInstancia":"textConvertido_12_0","classe":"textConvertido_12_0","nome":"eba06_04_12_0"},{"tipo":"img","x":"600.1px","y":"317.45px","width":"277.55px","height":"122.5px","nomeInstancia":"transicao_12_1","classe":"transicao_12_1","nome":"eba06_04_12_1"}]},{"desenhos":[{"tipo":"img","x":"153.7px","y":"390.35px","width":"296.35px","height":"63.65px","nomeInstancia":"textConvertido_13_0","classe":"textConvertido_13_0","nome":"eba06_04_13_0"},{"tipo":"img","x":"153.7px","y":"301.2px","width":"296.35px","height":"63.65px","nomeInstancia":"textConvertido_12_0","classe":"textConvertido_12_0","nome":"eba06_04_12_0"},{"tipo":"img","x":"600.1px","y":"317.45px","width":"277.55px","height":"122.5px","nomeInstancia":"transicao_12_1","classe":"transicao_12_1","nome":"eba06_04_12_1"}]},{"desenhos":[{"tipo":"img","x":"424.35px","y":"244.6px","width":"484px","height":"43.1px","nomeInstancia":"textConvertido_14_0","classe":"textConvertido_14_0","nome":"eba06_04_14_0"},{"tipo":"img","x":"148.3px","y":"312.15px","width":"152.95px","height":"126.45px","nomeInstancia":"transicao_14_1","classe":"transicao_14_1","nome":"eba06_04_14_1"}]},{"desenhos":[{"tipo":"img","x":"424.35px","y":"305.85px","width":"471.55px","height":"84.2px","nomeInstancia":"textConvertido_15_0","classe":"textConvertido_15_0","nome":"eba06_04_15_0"},{"tipo":"img","x":"424.35px","y":"244.6px","width":"484px","height":"43.1px","nomeInstancia":"textConvertido_14_0","classe":"textConvertido_14_0","nome":"eba06_04_14_0"},{"tipo":"img","x":"148.3px","y":"312.15px","width":"152.95px","height":"126.45px","nomeInstancia":"transicao_14_1","classe":"transicao_14_1","nome":"eba06_04_14_1"}]},{"desenhos":[{"tipo":"img","x":"148.3px","y":"191.1px","width":"583.8px","height":"276.8px","nomeInstancia":"MovieClips/telaInfo161570216662588","classe":"telaInfo161570216662588","nome":"eba06_04_16_0"},{"tipo":"img","x":"424.35px","y":"408.2px","width":"472.5px","height":"63.65px","nomeInstancia":"textConvertido_16_2","classe":"textConvertido_16_2","nome":"eba06_04_16_1"},{"tipo":"img","x":"424.35px","y":"490px","width":"484px","height":"22.55px","nomeInstancia":"textConvertido_16_1","classe":"textConvertido_16_1","nome":"eba06_04_16_2"},{"tipo":"img","x":"424.35px","y":"305.85px","width":"471.55px","height":"84.2px","nomeInstancia":"textConvertido_15_0","classe":"textConvertido_15_0","nome":"eba06_04_15_0"},{"tipo":"img","x":"424.35px","y":"244.6px","width":"484px","height":"43.1px","nomeInstancia":"textConvertido_14_0","classe":"textConvertido_14_0","nome":"eba06_04_14_0"}]},{"desenhos":[{"tipo":"img","x":"115.15px","y":"315.15px","width":"368.3px","height":"43.1px","nomeInstancia":"textConvertido_17_0","classe":"textConvertido_17_0","nome":"eba06_04_17_0"},{"tipo":"img","x":"115.15px","y":"215.8px","width":"250.55px","height":"72.85px","nomeInstancia":"transicao_17_2","classe":"transicao_17_2","nome":"eba06_04_17_1"},{"tipo":"img","x":"548px","y":"311.2px","width":"382.25px","height":"206.65px","nomeInstancia":"transicao_17_1","classe":"transicao_17_1","nome":"eba06_04_17_2"}]},{"desenhos":[{"tipo":"img","x":"115.15px","y":"374.4px","width":"340.95px","height":"63.65px","nomeInstancia":"textConvertido_18_0","classe":"textConvertido_18_0","nome":"eba06_04_18_0"},{"tipo":"img","x":"115.15px","y":"315.15px","width":"368.3px","height":"43.1px","nomeInstancia":"textConvertido_17_0","classe":"textConvertido_17_0","nome":"eba06_04_17_0"},{"tipo":"img","x":"115.15px","y":"215.8px","width":"250.55px","height":"72.85px","nomeInstancia":"transicao_17_2","classe":"transicao_17_2","nome":"eba06_04_17_1"},{"tipo":"img","x":"548px","y":"311.2px","width":"382.25px","height":"206.65px","nomeInstancia":"transicao_17_1","classe":"transicao_17_1","nome":"eba06_04_17_2"}]},{"desenhos":[{"tipo":"img","x":"177.2px","y":"188.5px","width":"631.05px","height":"309.55px","nomeInstancia":"MovieClips/hotWord41570216729643","classe":"hotWord41570216729643","nome":"eba06_04_19_0"},{"tipo":"img","x":"115.15px","y":"454.2px","width":"318.85px","height":"63.65px","nomeInstancia":"textConvertido_19_1","classe":"textConvertido_19_1","nome":"eba06_04_19_1"},{"tipo":"img","x":"115.15px","y":"374.4px","width":"340.95px","height":"63.65px","nomeInstancia":"textConvertido_18_0","classe":"textConvertido_18_0","nome":"eba06_04_18_0"},{"tipo":"img","x":"115.15px","y":"315.15px","width":"368.3px","height":"43.1px","nomeInstancia":"textConvertido_17_0","classe":"textConvertido_17_0","nome":"eba06_04_17_0"},{"tipo":"img","x":"115.15px","y":"215.8px","width":"250.55px","height":"72.85px","nomeInstancia":"transicao_17_2","classe":"transicao_17_2","nome":"eba06_04_17_1"},{"tipo":"img","x":"548px","y":"311.2px","width":"382.25px","height":"206.65px","nomeInstancia":"transicao_17_1","classe":"transicao_17_1","nome":"eba06_04_17_2"}]},{"desenhos":[{"tipo":"img","x":"450.55px","y":"256.1px","width":"283.35px","height":"59.15px","nomeInstancia":"transicao_20_0","classe":"transicao_20_0","nome":"eba06_04_20_0"},{"nome":"eba06_04_20_1","tipo":"personagem","x":"0px","y":"0px","width":"1016px","height":"659px","nomeInstancia":"MovieClips/animaP20","classe":"animaP20"}]},{"desenhos":[{"tipo":"img","x":"497px","y":"311.1px","width":"374.55px","height":"88.5px","nomeInstancia":"transicao_21_0","classe":"transicao_21_0","nome":"eba06_04_21_0"},{"tipo":"img","x":"450.55px","y":"256.1px","width":"283.35px","height":"59.15px","nomeInstancia":"transicao_20_0","classe":"transicao_20_0","nome":"eba06_04_20_0"},{"nome":"eba06_04_20_1","tipo":"personagem","x":"0px","y":"0px","width":"1016px","height":"659px","nomeInstancia":"MovieClips/animaP20","classe":"animaP20"}]},{"desenhos":[{"tipo":"img","x":"497px","y":"395.4px","width":"374.55px","height":"88.5px","nomeInstancia":"transicao_22_0","classe":"transicao_22_0","nome":"eba06_04_22_0"},{"tipo":"img","x":"497px","y":"311.1px","width":"374.55px","height":"88.5px","nomeInstancia":"transicao_21_0","classe":"transicao_21_0","nome":"eba06_04_21_0"},{"tipo":"img","x":"450.55px","y":"256.1px","width":"283.35px","height":"59.15px","nomeInstancia":"transicao_20_0","classe":"transicao_20_0","nome":"eba06_04_20_0"},{"nome":"eba06_04_20_1","tipo":"personagem","x":"0px","y":"0px","width":"1016px","height":"659px","nomeInstancia":"MovieClips/animaP20","classe":"animaP20"}]},{"desenhos":[{"tipo":"img","x":"141.65px","y":"226.15px","width":"422.9px","height":"93.85px","nomeInstancia":"transicao_23_0","classe":"transicao_23_0","nome":"eba06_04_23_0"},{"nome":"eba06_04_23_1","tipo":"personagem","x":"0px","y":"0px","width":"1016px","height":"659px","nomeInstancia":"MovieClips/animaP23","classe":"animaP23"}]},{"desenhos":[{"tipo":"img","x":"141.65px","y":"314.25px","width":"416.2px","height":"121.7px","nomeInstancia":"transicao_24_0","classe":"transicao_24_0","nome":"eba06_04_24_0"},{"tipo":"img","x":"141.65px","y":"226.15px","width":"422.9px","height":"93.85px","nomeInstancia":"transicao_23_0","classe":"transicao_23_0","nome":"eba06_04_23_0"},{"nome":"eba06_04_23_1","tipo":"personagem","x":"0px","y":"0px","width":"1016px","height":"659px","nomeInstancia":"MovieClips/animaP23","classe":"animaP23"}]},{"desenhos":[{"tipo":"img","x":"283.95px","y":"191.1px","width":"678.6px","height":"384.9px","nomeInstancia":"MovieClips/telaInfo251570217356307","classe":"telaInfo251570217356307","nome":"eba06_04_25_0"},{"tipo":"img","x":"229.15px","y":"431.2px","width":"328.7px","height":"88.5px","nomeInstancia":"transicao_25_1","classe":"transicao_25_1","nome":"eba06_04_25_1"},{"tipo":"img","x":"141.65px","y":"314.25px","width":"416.2px","height":"121.7px","nomeInstancia":"transicao_24_0","classe":"transicao_24_0","nome":"eba06_04_24_0"},{"tipo":"img","x":"141.65px","y":"226.15px","width":"422.9px","height":"93.85px","nomeInstancia":"transicao_23_0","classe":"transicao_23_0","nome":"eba06_04_23_0"},{"nome":"eba06_04_23_1","tipo":"personagem","x":"0px","y":"0px","width":"1016px","height":"659px","nomeInstancia":"MovieClips/animaP23","classe":"animaP23"}]},{"desenhos":[{"tipo":"img","x":"378.95px","y":"206.4px","width":"436.6px","height":"109.15px","nomeInstancia":"transicao_26_0","classe":"transicao_26_0","nome":"eba06_04_26_0"},{"nome":"eba06_04_26_1","tipo":"personagem","x":"0px","y":"0px","width":"1016px","height":"659px","nomeInstancia":"MovieClips/animaP26","classe":"animaP26"}]},{"desenhos":[{"tipo":"img","x":"429.1px","y":"309.1px","width":"440.15px","height":"103.1px","nomeInstancia":"transicao_27_0","classe":"transicao_27_0","nome":"eba06_04_27_0"},{"tipo":"img","x":"378.95px","y":"206.4px","width":"436.6px","height":"109.15px","nomeInstancia":"transicao_26_0","classe":"transicao_26_0","nome":"eba06_04_26_0"},{"nome":"eba06_04_26_1","tipo":"personagem","x":"0px","y":"0px","width":"1016px","height":"659px","nomeInstancia":"MovieClips/animaP26","classe":"animaP26"}]},{"desenhos":[{"tipo":"img","x":"508.25px","y":"406.8px","width":"361px","height":"78.15px","nomeInstancia":"transicao_28_0","classe":"transicao_28_0","nome":"eba06_04_28_0"},{"tipo":"img","x":"429.1px","y":"309.1px","width":"440.15px","height":"103.1px","nomeInstancia":"transicao_27_0","classe":"transicao_27_0","nome":"eba06_04_27_0"},{"tipo":"img","x":"378.95px","y":"206.4px","width":"436.6px","height":"109.15px","nomeInstancia":"transicao_26_0","classe":"transicao_26_0","nome":"eba06_04_26_0"},{"nome":"eba06_04_26_1","tipo":"personagem","x":"0px","y":"0px","width":"1016px","height":"659px","nomeInstancia":"MovieClips/animaP26","classe":"animaP26"}]},{"desenhos":[{"tipo":"img","x":"190.15px","y":"194.85px","width":"436.65px","height":"109.15px","nomeInstancia":"transicao_29_0","classe":"transicao_29_0","nome":"eba06_04_29_0"},{"nome":"eba06_04_29_1","tipo":"personagem","x":"0px","y":"0px","width":"1016px","height":"659px","nomeInstancia":"MovieClips/animaP29","classe":"animaP29"}]},{"desenhos":[{"tipo":"img","x":"137.5px","y":"299.65px","width":"440.15px","height":"82.35px","nomeInstancia":"transicao_30_0","classe":"transicao_30_0","nome":"eba06_04_30_0"},{"tipo":"img","x":"190.15px","y":"194.85px","width":"436.65px","height":"109.15px","nomeInstancia":"transicao_29_0","classe":"transicao_29_0","nome":"eba06_04_29_0"},{"nome":"eba06_04_29_1","tipo":"personagem","x":"0px","y":"0px","width":"1016px","height":"659px","nomeInstancia":"MovieClips/animaP29","classe":"animaP29"}]},{"desenhos":[{"tipo":"img","x":"142.65px","y":"377.35px","width":"434.95px","height":"97.8px","nomeInstancia":"transicao_31_0","classe":"transicao_31_0","nome":"eba06_04_31_0"},{"tipo":"img","x":"137.5px","y":"299.65px","width":"440.15px","height":"82.35px","nomeInstancia":"transicao_30_0","classe":"transicao_30_0","nome":"eba06_04_30_0"},{"tipo":"img","x":"190.15px","y":"194.85px","width":"436.65px","height":"109.15px","nomeInstancia":"transicao_29_0","classe":"transicao_29_0","nome":"eba06_04_29_0"},{"nome":"eba06_04_29_1","tipo":"personagem","x":"0px","y":"0px","width":"1016px","height":"659px","nomeInstancia":"MovieClips/animaP29","classe":"animaP29"}]},{"desenhos":[{"tipo":"img","x":"465.75px","y":"190.65px","width":"287.25px","height":"72.85px","nomeInstancia":"transicao_32_1","classe":"transicao_32_1","nome":"eba06_04_32_0"},{"tipo":"img","x":"465.75px","y":"290px","width":"430.55px","height":"63.65px","nomeInstancia":"textConvertido_32_0","classe":"textConvertido_32_0","nome":"eba06_04_32_1"},{"tipo":"img","x":"171.1px","y":"338.35px","width":"186.05px","height":"97.5px","nomeInstancia":"transicao_32_2","classe":"transicao_32_2","nome":"eba06_04_32_2"}]},{"desenhos":[{"tipo":"img","x":"465.75px","y":"380.5px","width":"436.85px","height":"43.1px","nomeInstancia":"textConvertido_33_0","classe":"textConvertido_33_0","nome":"eba06_04_33_0"},{"tipo":"img","x":"465.75px","y":"190.65px","width":"287.25px","height":"72.85px","nomeInstancia":"transicao_32_1","classe":"transicao_32_1","nome":"eba06_04_32_0"},{"tipo":"img","x":"465.75px","y":"290px","width":"430.55px","height":"63.65px","nomeInstancia":"textConvertido_32_0","classe":"textConvertido_32_0","nome":"eba06_04_32_1"},{"tipo":"img","x":"171.1px","y":"338.35px","width":"186.05px","height":"97.5px","nomeInstancia":"transicao_32_2","classe":"transicao_32_2","nome":"eba06_04_32_2"}]},{"desenhos":[{"tipo":"img","x":"75.7px","y":"191.1px","width":"656.4px","height":"400.75px","nomeInstancia":"MovieClips/telaInfo341570217393663","classe":"telaInfo341570217393663","nome":"eba06_04_34_0"},{"tipo":"img","x":"465.75px","y":"450.45px","width":"404.7px","height":"63.65px","nomeInstancia":"textConvertido_34_1","classe":"textConvertido_34_1","nome":"eba06_04_34_1"},{"tipo":"img","x":"465.75px","y":"380.5px","width":"436.85px","height":"43.1px","nomeInstancia":"textConvertido_33_0","classe":"textConvertido_33_0","nome":"eba06_04_33_0"},{"tipo":"img","x":"465.75px","y":"190.65px","width":"287.25px","height":"72.85px","nomeInstancia":"transicao_32_1","classe":"transicao_32_1","nome":"eba06_04_32_0"},{"tipo":"img","x":"465.75px","y":"290px","width":"430.55px","height":"63.65px","nomeInstancia":"textConvertido_32_0","classe":"textConvertido_32_0","nome":"eba06_04_32_1"},{"tipo":"img","x":"171.1px","y":"338.35px","width":"186.05px","height":"97.5px","nomeInstancia":"transicao_32_2","classe":"transicao_32_2","nome":"eba06_04_32_2"}]},{"desenhos":[{"tipo":"img","x":"78.8px","y":"199.1px","width":"465.45px","height":"72.85px","nomeInstancia":"transicao_35_1","classe":"transicao_35_1","nome":"eba06_04_35_0"},{"tipo":"img","x":"78.8px","y":"312.15px","width":"430.55px","height":"84.2px","nomeInstancia":"textConvertido_35_0","classe":"textConvertido_35_0","nome":"eba06_04_35_1"},{"tipo":"img","x":"678px","y":"338.35px","width":"186.05px","height":"97.5px","nomeInstancia":"transicao_35_2","classe":"transicao_35_2","nome":"eba06_04_35_2"}]},{"desenhos":[{"tipo":"img","x":"78.8px","y":"412.9px","width":"436.85px","height":"43.1px","nomeInstancia":"textConvertido_36_0","classe":"textConvertido_36_0","nome":"eba06_04_36_0"},{"tipo":"img","x":"78.8px","y":"199.1px","width":"465.45px","height":"72.85px","nomeInstancia":"transicao_35_1","classe":"transicao_35_1","nome":"eba06_04_35_0"},{"tipo":"img","x":"78.8px","y":"312.15px","width":"430.55px","height":"84.2px","nomeInstancia":"textConvertido_35_0","classe":"textConvertido_35_0","nome":"eba06_04_35_1"},{"tipo":"img","x":"678px","y":"338.35px","width":"186.05px","height":"97.5px","nomeInstancia":"transicao_35_2","classe":"transicao_35_2","nome":"eba06_04_35_2"}]},{"desenhos":[{"tipo":"img","x":"78.8px","y":"472.55px","width":"404.7px","height":"43.1px","nomeInstancia":"textConvertido_37_0","classe":"textConvertido_37_0","nome":"eba06_04_37_0"},{"tipo":"img","x":"78.8px","y":"412.9px","width":"436.85px","height":"43.1px","nomeInstancia":"textConvertido_36_0","classe":"textConvertido_36_0","nome":"eba06_04_36_0"},{"tipo":"img","x":"78.8px","y":"199.1px","width":"465.45px","height":"72.85px","nomeInstancia":"transicao_35_1","classe":"transicao_35_1","nome":"eba06_04_35_0"},{"tipo":"img","x":"78.8px","y":"312.15px","width":"430.55px","height":"84.2px","nomeInstancia":"textConvertido_35_0","classe":"textConvertido_35_0","nome":"eba06_04_35_1"},{"tipo":"img","x":"678px","y":"338.35px","width":"186.05px","height":"97.5px","nomeInstancia":"transicao_35_2","classe":"transicao_35_2","nome":"eba06_04_35_2"}]},{"desenhos":[{"tipo":"img","x":"571.1px","y":"341.65px","width":"287.2px","height":"43.1px","nomeInstancia":"textConvertido_38_0","classe":"textConvertido_38_0","nome":"eba06_04_38_0"},{"tipo":"img","x":"91.45px","y":"280px","width":"359.55px","height":"223.45px","nomeInstancia":"transicao_38_1","classe":"transicao_38_1","nome":"eba06_04_38_1"}]},{"desenhos":[{"tipo":"img","x":"571.1px","y":"409.7px","width":"331.5px","height":"43.1px","nomeInstancia":"textConvertido_39_0","classe":"textConvertido_39_0","nome":"eba06_04_39_0"},{"tipo":"img","x":"571.1px","y":"341.65px","width":"287.2px","height":"43.1px","nomeInstancia":"textConvertido_38_0","classe":"textConvertido_38_0","nome":"eba06_04_38_0"},{"tipo":"img","x":"91.45px","y":"280px","width":"359.55px","height":"223.45px","nomeInstancia":"transicao_38_1","classe":"transicao_38_1","nome":"eba06_04_38_1"}]},{"desenhos":[{"tipo":"img","x":"105.35px","y":"270.35px","width":"566.9px","height":"22.55px","nomeInstancia":"textConvertido_40_0","classe":"textConvertido_40_0","nome":"eba06_04_40_0"}]},{"desenhos":[{"tipo":"img","x":"103.9px","y":"142.7px","width":"476.9px","height":"284.15px","nomeInstancia":"telaInfo41","classe":"telaInfo41","nome":"eba06_04_41_0"},{"tipo":"img","x":"105.8px","y":"257.25px","width":"768.75px","height":"276.8px","nomeInstancia":"MovieClips/telaInfo411570217706184","classe":"telaInfo411570217706184","nome":"eba06_04_41_1"},{"tipo":"img","x":"105.35px","y":"319.85px","width":"805.3px","height":"125.3px","nomeInstancia":"textConvertido_41_3","classe":"textConvertido_41_3","nome":"eba06_04_41_2"},{"tipo":"img","x":"105.35px","y":"463.75px","width":"566.9px","height":"22.55px","nomeInstancia":"textConvertido_41_2","classe":"textConvertido_41_2","nome":"eba06_04_41_3"},{"tipo":"img","x":"105.35px","y":"270.35px","width":"566.9px","height":"22.55px","nomeInstancia":"textConvertido_40_0","classe":"textConvertido_40_0","nome":"eba06_04_40_0"}]},{"desenhos":[{"tipo":"img","x":"650.2px","y":"254.2px","width":"250.55px","height":"72.85px","nomeInstancia":"transicao_42_1","classe":"transicao_42_1","nome":"eba06_04_42_0"},{"tipo":"img","x":"650.2px","y":"364.2px","width":"309.5px","height":"84.2px","nomeInstancia":"textConvertido_42_1","classe":"textConvertido_42_1","nome":"eba06_04_42_1"},{"tipo":"img","x":"46.5px","y":"254.2px","width":"538.85px","height":"257px","nomeInstancia":"transicao_42_2","classe":"transicao_42_2","nome":"eba06_04_42_2"}]},{"desenhos":[{"tipo":"img","x":"650.2px","y":"468.1px","width":"307.4px","height":"43.1px","nomeInstancia":"textConvertido_43_0","classe":"textConvertido_43_0","nome":"eba06_04_43_0"},{"tipo":"img","x":"650.2px","y":"254.2px","width":"250.55px","height":"72.85px","nomeInstancia":"transicao_42_1","classe":"transicao_42_1","nome":"eba06_04_42_0"},{"tipo":"img","x":"650.2px","y":"364.2px","width":"309.5px","height":"84.2px","nomeInstancia":"textConvertido_42_1","classe":"textConvertido_42_1","nome":"eba06_04_42_1"},{"tipo":"img","x":"46.5px","y":"254.2px","width":"538.85px","height":"257px","nomeInstancia":"transicao_42_2","classe":"transicao_42_2","nome":"eba06_04_42_2"}]},{"desenhos":[{"tipo":"img","x":"57.15px","y":"244.55px","width":"336.25px","height":"84.2px","nomeInstancia":"textConvertido_44_0","classe":"textConvertido_44_0","nome":"eba06_04_44_0"},{"tipo":"img","x":"426.15px","y":"254.2px","width":"538.85px","height":"257px","nomeInstancia":"transicao_44_1","classe":"transicao_44_1","nome":"eba06_04_44_1"}]},{"desenhos":[{"tipo":"img","x":"57.15px","y":"346.05px","width":"326.75px","height":"84.2px","nomeInstancia":"textConvertido_45_0","classe":"textConvertido_45_0","nome":"eba06_04_45_0"},{"tipo":"img","x":"57.15px","y":"244.55px","width":"336.25px","height":"84.2px","nomeInstancia":"textConvertido_44_0","classe":"textConvertido_44_0","nome":"eba06_04_44_0"},{"tipo":"img","x":"426.15px","y":"254.2px","width":"538.85px","height":"257px","nomeInstancia":"transicao_44_1","classe":"transicao_44_1","nome":"eba06_04_44_1"}]},{"desenhos":[{"tipo":"img","x":"57.15px","y":"447.55px","width":"336.25px","height":"63.65px","nomeInstancia":"textConvertido_46_0","classe":"textConvertido_46_0","nome":"eba06_04_46_0"},{"tipo":"img","x":"57.15px","y":"346.05px","width":"326.75px","height":"84.2px","nomeInstancia":"textConvertido_45_0","classe":"textConvertido_45_0","nome":"eba06_04_45_0"},{"tipo":"img","x":"57.15px","y":"244.55px","width":"336.25px","height":"84.2px","nomeInstancia":"textConvertido_44_0","classe":"textConvertido_44_0","nome":"eba06_04_44_0"},{"tipo":"img","x":"426.15px","y":"254.2px","width":"538.85px","height":"257px","nomeInstancia":"transicao_44_1","classe":"transicao_44_1","nome":"eba06_04_44_1"}]},{"desenhos":[{"tipo":"img","x":"381.5px","y":"249.2px","width":"473.05px","height":"93.8px","nomeInstancia":"transicao_47_0","classe":"transicao_47_0","nome":"eba06_04_47_0"},{"nome":"eba06_04_47_1","tipo":"personagem","x":"0px","y":"0px","width":"1016px","height":"659px","nomeInstancia":"MovieClips/animaP47","classe":"animaP47"}]},{"desenhos":[{"tipo":"img","x":"427.9px","y":"338.35px","width":"355.75px","height":"86.4px","nomeInstancia":"transicao_48_0","classe":"transicao_48_0","nome":"eba06_04_48_0"},{"tipo":"img","x":"381.5px","y":"249.2px","width":"473.05px","height":"93.8px","nomeInstancia":"transicao_47_0","classe":"transicao_47_0","nome":"eba06_04_47_0"},{"nome":"eba06_04_47_1","tipo":"personagem","x":"0px","y":"0px","width":"1016px","height":"659px","nomeInstancia":"MovieClips/animaP47","classe":"animaP47"}]},{"desenhos":[{"tipo":"img","x":"428.15px","y":"419.55px","width":"415.35px","height":"105.1px","nomeInstancia":"transicao_49_0","classe":"transicao_49_0","nome":"eba06_04_49_0"},{"tipo":"img","x":"427.9px","y":"338.35px","width":"355.75px","height":"86.4px","nomeInstancia":"transicao_48_0","classe":"transicao_48_0","nome":"eba06_04_48_0"},{"tipo":"img","x":"381.5px","y":"249.2px","width":"473.05px","height":"93.8px","nomeInstancia":"transicao_47_0","classe":"transicao_47_0","nome":"eba06_04_47_0"},{"nome":"eba06_04_47_1","tipo":"personagem","x":"0px","y":"0px","width":"1016px","height":"659px","nomeInstancia":"MovieClips/animaP47","classe":"animaP47"}]},{"desenhos":[{"tipo":"img","x":"89.4px","y":"269.6px","width":"591.35px","height":"299.55px","nomeInstancia":"MovieClips/opcoes_50","classe":"opcoes_50","nome":"eba06_04_50_0"},{"tipo":"img","x":"89.4px","y":"287.85px","width":"861.3px","height":"170.95px","nomeInstancia":"textConvertido_50_1","classe":"textConvertido_50_1","nome":"eba06_04_50_1"},{"tipo":"img","x":"392.75px","y":"156.5px","width":"230.5px","height":"78.4px","nomeInstancia":"transicao_50_2","classe":"transicao_50_2","nome":"eba06_04_50_2"}]}]}