{"licao":"eba06_02","topico":"02","telas":[{"desenhos":[{"tipo":"img","x":"540.25px","y":"286.6px","width":"360.95px","height":"63.65px","nomeInstancia":"MovieClips/textConvertido_1_0","classe":"textConvertido_1_0","nome":"eba06_02_1_0"},{"tipo":"img","x":"79.75px","y":"197.45px","width":"418.8px","height":"366.3px","nomeInstancia":"transicao_1_1","classe":"transicao_1_1","nome":"eba06_02_1_1"}]},{"desenhos":[{"tipo":"img","x":"540.25px","y":"378.65px","width":"391.25px","height":"104.75px","nomeInstancia":"MovieClips/textConvertido_2_0","classe":"textConvertido_2_0","nome":"eba06_02_2_0"},{"tipo":"img","x":"540.25px","y":"286.6px","width":"360.95px","height":"63.65px","nomeInstancia":"MovieClips/textConvertido_1_0","classe":"textConvertido_1_0","nome":"eba06_02_1_0"},{"tipo":"img","x":"79.75px","y":"197.45px","width":"418.8px","height":"366.3px","nomeInstancia":"transicao_1_1","classe":"transicao_1_1","nome":"eba06_02_1_1"}]},{"desenhos":[{"tipo":"img","x":"72.4px","y":"242.45px","width":"381.05px","height":"63.65px","nomeInstancia":"MovieClips/textConvertido_3_0","classe":"textConvertido_3_0","nome":"eba06_02_3_0"},{"tipo":"img","x":"517.9px","y":"197.45px","width":"418.8px","height":"366.3px","nomeInstancia":"transicao_3_1","classe":"transicao_3_1","nome":"eba06_02_3_1"}]},{"desenhos":[{"tipo":"img","x":"72.4px","y":"323.75px","width":"353.25px","height":"84.2px","nomeInstancia":"MovieClips/textConvertido_4_0","classe":"textConvertido_4_0","nome":"eba06_02_4_0"},{"tipo":"img","x":"72.4px","y":"242.45px","width":"381.05px","height":"63.65px","nomeInstancia":"MovieClips/textConvertido_3_0","classe":"textConvertido_3_0","nome":"eba06_02_3_0"},{"tipo":"img","x":"517.9px","y":"197.45px","width":"418.8px","height":"366.3px","nomeInstancia":"transicao_3_1","classe":"transicao_3_1","nome":"eba06_02_3_1"}]},{"desenhos":[{"tipo":"img","x":"72.4px","y":"425.6px","width":"341.75px","height":"63.65px","nomeInstancia":"MovieClips/textConvertido_5_0","classe":"textConvertido_5_0","nome":"eba06_02_5_0"},{"tipo":"img","x":"72.4px","y":"323.75px","width":"353.25px","height":"84.2px","nomeInstancia":"MovieClips/textConvertido_4_0","classe":"textConvertido_4_0","nome":"eba06_02_4_0"},{"tipo":"img","x":"72.4px","y":"242.45px","width":"381.05px","height":"63.65px","nomeInstancia":"MovieClips/textConvertido_3_0","classe":"textConvertido_3_0","nome":"eba06_02_3_0"},{"tipo":"img","x":"517.9px","y":"197.45px","width":"418.8px","height":"366.3px","nomeInstancia":"transicao_3_1","classe":"transicao_3_1","nome":"eba06_02_3_1"}]},{"desenhos":[{"tipo":"img","x":"562.3px","y":"280.8px","width":"381.05px","height":"43.1px","nomeInstancia":"MovieClips/textConvertido_6_0","classe":"textConvertido_6_0","nome":"eba06_02_6_0"},{"tipo":"img","x":"73.1px","y":"197.45px","width":"418.8px","height":"366.3px","nomeInstancia":"transicao_6_1","classe":"transicao_6_1","nome":"eba06_02_6_1"}]},{"desenhos":[{"tipo":"img","x":"562.3px","y":"344.85px","width":"386.8px","height":"63.65px","nomeInstancia":"MovieClips/textConvertido_7_0","classe":"textConvertido_7_0","nome":"eba06_02_7_0"},{"tipo":"img","x":"562.3px","y":"280.8px","width":"381.05px","height":"43.1px","nomeInstancia":"MovieClips/textConvertido_6_0","classe":"textConvertido_6_0","nome":"eba06_02_6_0"},{"tipo":"img","x":"73.1px","y":"197.45px","width":"418.8px","height":"366.3px","nomeInstancia":"transicao_6_1","classe":"transicao_6_1","nome":"eba06_02_6_1"}]},{"desenhos":[{"tipo":"img","x":"562.3px","y":"429.45px","width":"341.75px","height":"43.1px","nomeInstancia":"MovieClips/textConvertido_8_0","classe":"textConvertido_8_0","nome":"eba06_02_8_0"},{"tipo":"img","x":"562.3px","y":"344.85px","width":"386.8px","height":"63.65px","nomeInstancia":"MovieClips/textConvertido_7_0","classe":"textConvertido_7_0","nome":"eba06_02_7_0"},{"tipo":"img","x":"562.3px","y":"280.8px","width":"381.05px","height":"43.1px","nomeInstancia":"MovieClips/textConvertido_6_0","classe":"textConvertido_6_0","nome":"eba06_02_6_0"},{"tipo":"img","x":"73.1px","y":"197.45px","width":"418.8px","height":"366.3px","nomeInstancia":"transicao_6_1","classe":"transicao_6_1","nome":"eba06_02_6_1"}]},{"desenhos":[{"tipo":"img","x":"124.15px","y":"291.35px","width":"274.7px","height":"63.65px","nomeInstancia":"MovieClips/textConvertido_9_0","classe":"textConvertido_9_0","nome":"eba06_02_9_0"},{"tipo":"img","x":"492px","y":"197.45px","width":"418.8px","height":"366.3px","nomeInstancia":"transicao_9_1","classe":"transicao_9_1","nome":"eba06_02_9_1"}]},{"desenhos":[{"tipo":"img","x":"124.15px","y":"380.35px","width":"281.4px","height":"63.65px","nomeInstancia":"MovieClips/textConvertido_10_0","classe":"textConvertido_10_0","nome":"eba06_02_10_0"},{"tipo":"img","x":"124.15px","y":"291.35px","width":"274.7px","height":"63.65px","nomeInstancia":"MovieClips/textConvertido_9_0","classe":"textConvertido_9_0","nome":"eba06_02_9_0"},{"tipo":"img","x":"492px","y":"197.45px","width":"418.8px","height":"366.3px","nomeInstancia":"transicao_9_1","classe":"transicao_9_1","nome":"eba06_02_9_1"}]},{"desenhos":[{"tipo":"img","x":"562.3px","y":"308.15px","width":"381.05px","height":"63.65px","nomeInstancia":"MovieClips/textConvertido_11_0","classe":"textConvertido_11_0","nome":"eba06_02_11_0"},{"tipo":"img","x":"73.1px","y":"197.45px","width":"418.8px","height":"366.3px","nomeInstancia":"transicao_11_1","classe":"transicao_11_1","nome":"eba06_02_11_1"}]},{"desenhos":[{"tipo":"img","x":"562.3px","y":"404.4px","width":"386.8px","height":"63.65px","nomeInstancia":"MovieClips/textConvertido_12_0","classe":"textConvertido_12_0","nome":"eba06_02_12_0"},{"tipo":"img","x":"562.3px","y":"308.15px","width":"381.05px","height":"63.65px","nomeInstancia":"MovieClips/textConvertido_11_0","classe":"textConvertido_11_0","nome":"eba06_02_11_0"},{"tipo":"img","x":"73.1px","y":"197.45px","width":"418.8px","height":"366.3px","nomeInstancia":"transicao_11_1","classe":"transicao_11_1","nome":"eba06_02_11_1"}]},{"desenhos":[{"tipo":"img","x":"93px","y":"293.2px","width":"359.05px","height":"43.1px","nomeInstancia":"MovieClips/textConvertido_13_0","classe":"textConvertido_13_0","nome":"eba06_02_13_0"},{"tipo":"img","x":"512.85px","y":"197.45px","width":"418.8px","height":"366.3px","nomeInstancia":"transicao_13_1","classe":"transicao_13_1","nome":"eba06_02_13_1"}]},{"desenhos":[{"tipo":"img","x":"93px","y":"368.8px","width":"344.2px","height":"84.2px","nomeInstancia":"MovieClips/textConvertido_14_0","classe":"textConvertido_14_0","nome":"eba06_02_14_0"},{"tipo":"img","x":"93px","y":"293.2px","width":"359.05px","height":"43.1px","nomeInstancia":"MovieClips/textConvertido_13_0","classe":"textConvertido_13_0","nome":"eba06_02_13_0"},{"tipo":"img","x":"512.85px","y":"197.45px","width":"418.8px","height":"366.3px","nomeInstancia":"transicao_13_1","classe":"transicao_13_1","nome":"eba06_02_13_1"}]},{"desenhos":[{"tipo":"img","x":"409.9px","y":"256px","width":"357.25px","height":"72.3px","nomeInstancia":"transicao_15_0","classe":"transicao_15_0","nome":"eba06_02_15_0"},{"nome":"eba06_02_15_1","tipo":"personagem","x":"0px","y":"0px","width":"1016px","height":"659px","nomeInstancia":"MovieClips/animaP15","classe":"animaP15"}]},{"desenhos":[{"tipo":"img","x":"462.9px","y":"323.9px","width":"347.85px","height":"79.2px","nomeInstancia":"transicao_16_0","classe":"transicao_16_0","nome":"eba06_02_16_0"},{"tipo":"img","x":"409.9px","y":"256px","width":"357.25px","height":"72.3px","nomeInstancia":"transicao_15_0","classe":"transicao_15_0","nome":"eba06_02_15_0"},{"nome":"eba06_02_15_1","tipo":"personagem","x":"0px","y":"0px","width":"1016px","height":"659px","nomeInstancia":"MovieClips/animaP15","classe":"animaP15"}]},{"desenhos":[{"tipo":"img","x":"462.5px","y":"397.7px","width":"421.25px","height":"100.9px","nomeInstancia":"transicao_17_0","classe":"transicao_17_0","nome":"eba06_02_17_0"},{"tipo":"img","x":"462.9px","y":"323.9px","width":"347.85px","height":"79.2px","nomeInstancia":"transicao_16_0","classe":"transicao_16_0","nome":"eba06_02_16_0"},{"tipo":"img","x":"409.9px","y":"256px","width":"357.25px","height":"72.3px","nomeInstancia":"transicao_15_0","classe":"transicao_15_0","nome":"eba06_02_15_0"},{"nome":"eba06_02_15_1","tipo":"personagem","x":"0px","y":"0px","width":"1016px","height":"659px","nomeInstancia":"MovieClips/animaP15","classe":"animaP15"}]},{"desenhos":[{"tipo":"img","x":"95.5px","y":"303.85px","width":"273.7px","height":"63.65px","nomeInstancia":"MovieClips/textConvertido_18_0","classe":"textConvertido_18_0","nome":"eba06_02_18_0"},{"tipo":"img","x":"482.85px","y":"199px","width":"492.7px","height":"155.35px","nomeInstancia":"transicao_18_2","classe":"transicao_18_2","nome":"eba06_02_18_1"},{"tipo":"img","x":"482.85px","y":"418.7px","width":"461.95px","height":"145.7px","nomeInstancia":"transicao_18_1","classe":"transicao_18_1","nome":"eba06_02_18_2"}]},{"desenhos":[{"tipo":"img","x":"95.5px","y":"385.15px","width":"244.95px","height":"43.1px","nomeInstancia":"MovieClips/textConvertido_19_0","classe":"textConvertido_19_0","nome":"eba06_02_19_0"},{"tipo":"img","x":"95.5px","y":"303.85px","width":"273.7px","height":"63.65px","nomeInstancia":"MovieClips/textConvertido_18_0","classe":"textConvertido_18_0","nome":"eba06_02_18_0"},{"tipo":"img","x":"482.85px","y":"199px","width":"492.7px","height":"155.35px","nomeInstancia":"transicao_18_2","classe":"transicao_18_2","nome":"eba06_02_18_1"},{"tipo":"img","x":"482.85px","y":"418.7px","width":"461.95px","height":"145.7px","nomeInstancia":"transicao_18_1","classe":"transicao_18_1","nome":"eba06_02_18_2"}]},{"desenhos":[{"tipo":"img","x":"169px","y":"198.15px","width":"638.75px","height":"402.2px","nomeInstancia":"MovieClips/dragDrop","classe":"dragDrop","nome":"eba06_02_20_0"},{"tipo":"img","x":"192.4px","y":"286.6px","width":"631.25px","height":"63.65px","nomeInstancia":"MovieClips/textConvertido_20_1","classe":"textConvertido_20_1","nome":"eba06_02_20_1"},{"tipo":"img","x":"392.75px","y":"174.1px","width":"230.5px","height":"78.4px","nomeInstancia":"transicao_20_3","classe":"transicao_20_3","nome":"eba06_02_20_2"},{"tipo":"img","x":"192.4px","y":"387.65px","width":"413.75px","height":"146.15px","nomeInstancia":"transicao_20_2","classe":"transicao_20_2","nome":"eba06_02_20_3"}]}]}