{"licao":"eba06_05","topico":"05","telas":[{"desenhos":[{"tipo":"img","x":"141.6px","y":"266.55px","width":"402.35px","height":"87.1px","nomeInstancia":"transicao_1_0","classe":"transicao_1_0","nome":"eba06_05_1_0"},{"nome":"eba06_05_1_1","tipo":"personagem","x":"0px","y":"0px","width":"1016px","height":"659px","nomeInstancia":"MovieClips/animaP1","classe":"animaP1"}]},{"desenhos":[{"tipo":"img","x":"205.85px","y":"348.85px","width":"291.2px","height":"83px","nomeInstancia":"transicao_2_0","classe":"transicao_2_0","nome":"eba06_05_2_0"},{"tipo":"img","x":"141.6px","y":"266.55px","width":"402.35px","height":"87.1px","nomeInstancia":"transicao_1_0","classe":"transicao_1_0","nome":"eba06_05_1_0"},{"nome":"eba06_05_1_1","tipo":"personagem","x":"0px","y":"0px","width":"1016px","height":"659px","nomeInstancia":"MovieClips/animaP1","classe":"animaP1"}]},{"desenhos":[{"tipo":"img","x":"505.45px","y":"254.2px","width":"250.55px","height":"72.85px","nomeInstancia":"transicao_3_1","classe":"transicao_3_1","nome":"eba06_05_3_0"},{"tipo":"img","x":"505.45px","y":"364.2px","width":"347.85px","height":"43.1px","nomeInstancia":"MovieClips/textConvertido_3_1","classe":"textConvertido_3_1","nome":"eba06_05_3_1"},{"tipo":"img","x":"165.15px","y":"284.2px","width":"224.95px","height":"227.85px","nomeInstancia":"transicao_3_2","classe":"transicao_3_2","nome":"eba06_05_3_2"}]},{"desenhos":[{"tipo":"img","x":"505.45px","y":"427.85px","width":"345.9px","height":"84.2px","nomeInstancia":"MovieClips/textConvertido_4_0","classe":"textConvertido_4_0","nome":"eba06_05_4_0"},{"tipo":"img","x":"505.45px","y":"254.2px","width":"250.55px","height":"72.85px","nomeInstancia":"transicao_3_1","classe":"transicao_3_1","nome":"eba06_05_3_0"},{"tipo":"img","x":"505.45px","y":"364.2px","width":"347.85px","height":"43.1px","nomeInstancia":"MovieClips/textConvertido_3_1","classe":"textConvertido_3_1","nome":"eba06_05_3_1"},{"tipo":"img","x":"165.15px","y":"284.2px","width":"224.95px","height":"227.85px","nomeInstancia":"transicao_3_2","classe":"transicao_3_2","nome":"eba06_05_3_2"}]},{"desenhos":[{"tipo":"img","x":"141.05px","y":"273.15px","width":"347.85px","height":"63.65px","nomeInstancia":"MovieClips/textConvertido_5_0","classe":"textConvertido_5_0","nome":"eba06_05_5_0"},{"tipo":"img","x":"620.55px","y":"284.2px","width":"224.95px","height":"227.85px","nomeInstancia":"transicao_5_1","classe":"transicao_5_1","nome":"eba06_05_5_1"}]},{"desenhos":[{"tipo":"img","x":"141.05px","y":"355.3px","width":"369.95px","height":"63.65px","nomeInstancia":"MovieClips/textConvertido_6_0","classe":"textConvertido_6_0","nome":"eba06_05_6_0"},{"tipo":"img","x":"141.05px","y":"273.15px","width":"347.85px","height":"63.65px","nomeInstancia":"MovieClips/textConvertido_5_0","classe":"textConvertido_5_0","nome":"eba06_05_5_0"},{"tipo":"img","x":"620.55px","y":"284.2px","width":"224.95px","height":"227.85px","nomeInstancia":"transicao_5_1","classe":"transicao_5_1","nome":"eba06_05_5_1"}]},{"desenhos":[{"tipo":"img","x":"141.05px","y":"437.45px","width":"345.9px","height":"63.65px","nomeInstancia":"MovieClips/textConvertido_7_0","classe":"textConvertido_7_0","nome":"eba06_05_7_0"},{"tipo":"img","x":"141.05px","y":"355.3px","width":"369.95px","height":"63.65px","nomeInstancia":"MovieClips/textConvertido_6_0","classe":"textConvertido_6_0","nome":"eba06_05_6_0"},{"tipo":"img","x":"141.05px","y":"273.15px","width":"347.85px","height":"63.65px","nomeInstancia":"MovieClips/textConvertido_5_0","classe":"textConvertido_5_0","nome":"eba06_05_5_0"},{"tipo":"img","x":"620.55px","y":"284.2px","width":"224.95px","height":"227.85px","nomeInstancia":"transicao_5_1","classe":"transicao_5_1","nome":"eba06_05_5_1"}]},{"desenhos":[{"tipo":"img","x":"546.8px","y":"295.7px","width":"296.8px","height":"63.65px","nomeInstancia":"MovieClips/textConvertido_8_0","classe":"textConvertido_8_0","nome":"eba06_05_8_0"},{"tipo":"img","x":"175.65px","y":"284.2px","width":"224.95px","height":"227.85px","nomeInstancia":"transicao_8_1","classe":"transicao_8_1","nome":"eba06_05_8_1"}]},{"desenhos":[{"tipo":"img","x":"546.8px","y":"377px","width":"291.05px","height":"43.1px","nomeInstancia":"MovieClips/textConvertido_9_0","classe":"textConvertido_9_0","nome":"eba06_05_9_0"},{"tipo":"img","x":"546.8px","y":"295.7px","width":"296.8px","height":"63.65px","nomeInstancia":"MovieClips/textConvertido_8_0","classe":"textConvertido_8_0","nome":"eba06_05_8_0"},{"tipo":"img","x":"175.65px","y":"284.2px","width":"224.95px","height":"227.85px","nomeInstancia":"transicao_8_1","classe":"transicao_8_1","nome":"eba06_05_8_1"}]},{"desenhos":[{"tipo":"img","x":"546.8px","y":"437.75px","width":"297.75px","height":"63.65px","nomeInstancia":"MovieClips/textConvertido_10_0","classe":"textConvertido_10_0","nome":"eba06_05_10_0"},{"tipo":"img","x":"546.8px","y":"377px","width":"291.05px","height":"43.1px","nomeInstancia":"MovieClips/textConvertido_9_0","classe":"textConvertido_9_0","nome":"eba06_05_9_0"},{"tipo":"img","x":"546.8px","y":"295.7px","width":"296.8px","height":"63.65px","nomeInstancia":"MovieClips/textConvertido_8_0","classe":"textConvertido_8_0","nome":"eba06_05_8_0"},{"tipo":"img","x":"175.65px","y":"284.2px","width":"224.95px","height":"227.85px","nomeInstancia":"transicao_8_1","classe":"transicao_8_1","nome":"eba06_05_8_1"}]},{"desenhos":[{"tipo":"img","x":"40.55px","y":"320.7px","width":"324.7px","height":"63.65px","nomeInstancia":"MovieClips/textConvertido_11_0","classe":"textConvertido_11_0","nome":"eba06_05_11_0"},{"tipo":"img","x":"40.55px","y":"208.25px","width":"250.55px","height":"72.85px","nomeInstancia":"transicao_11_2","classe":"transicao_11_2","nome":"eba06_05_11_1"},{"tipo":"img","x":"386.8px","y":"311.3px","width":"581.4px","height":"195.45px","nomeInstancia":"transicao_11_1","classe":"transicao_11_1","nome":"eba06_05_11_2"}]},{"desenhos":[{"tipo":"img","x":"40.55px","y":"402px","width":"322.75px","height":"104.75px","nomeInstancia":"MovieClips/textConvertido_12_0","classe":"textConvertido_12_0","nome":"eba06_05_12_0"},{"tipo":"img","x":"40.55px","y":"320.7px","width":"324.7px","height":"63.65px","nomeInstancia":"MovieClips/textConvertido_11_0","classe":"textConvertido_11_0","nome":"eba06_05_11_0"},{"tipo":"img","x":"40.55px","y":"208.25px","width":"250.55px","height":"72.85px","nomeInstancia":"transicao_11_2","classe":"transicao_11_2","nome":"eba06_05_11_1"},{"tipo":"img","x":"386.8px","y":"311.3px","width":"581.4px","height":"195.45px","nomeInstancia":"transicao_11_1","classe":"transicao_11_1","nome":"eba06_05_11_2"}]},{"desenhos":[{"tipo":"img","x":"668.5px","y":"260.7px","width":"259.5px","height":"43.1px","nomeInstancia":"MovieClips/textConvertido_13_0","classe":"textConvertido_13_0","nome":"eba06_05_13_0"},{"tipo":"img","x":"48.4px","y":"313.35px","width":"581.4px","height":"195.45px","nomeInstancia":"transicao_13_1","classe":"transicao_13_1","nome":"eba06_05_13_1"}]},{"desenhos":[{"tipo":"img","x":"668.5px","y":"322.1px","width":"284.45px","height":"84.2px","nomeInstancia":"MovieClips/textConvertido_14_0","classe":"textConvertido_14_0","nome":"eba06_05_14_0"},{"tipo":"img","x":"668.5px","y":"260.7px","width":"259.5px","height":"43.1px","nomeInstancia":"MovieClips/textConvertido_13_0","classe":"textConvertido_13_0","nome":"eba06_05_13_0"},{"tipo":"img","x":"48.4px","y":"313.35px","width":"581.4px","height":"195.45px","nomeInstancia":"transicao_13_1","classe":"transicao_13_1","nome":"eba06_05_13_1"}]},{"desenhos":[{"tipo":"img","x":"668.5px","y":"424.6px","width":"322.75px","height":"84.2px","nomeInstancia":"MovieClips/textConvertido_15_0","classe":"textConvertido_15_0","nome":"eba06_05_15_0"},{"tipo":"img","x":"668.5px","y":"322.1px","width":"284.45px","height":"84.2px","nomeInstancia":"MovieClips/textConvertido_14_0","classe":"textConvertido_14_0","nome":"eba06_05_14_0"},{"tipo":"img","x":"668.5px","y":"260.7px","width":"259.5px","height":"43.1px","nomeInstancia":"MovieClips/textConvertido_13_0","classe":"textConvertido_13_0","nome":"eba06_05_13_0"},{"tipo":"img","x":"48.4px","y":"313.35px","width":"581.4px","height":"195.45px","nomeInstancia":"transicao_13_1","classe":"transicao_13_1","nome":"eba06_05_13_1"}]},{"desenhos":[{"tipo":"img","x":"60.7px","y":"277.45px","width":"259.5px","height":"63.65px","nomeInstancia":"MovieClips/textConvertido_16_0","classe":"textConvertido_16_0","nome":"eba06_05_16_0"},{"tipo":"img","x":"376.3px","y":"293.2px","width":"581.4px","height":"195.45px","nomeInstancia":"transicao_16_1","classe":"transicao_16_1","nome":"eba06_05_16_1"}]},{"desenhos":[{"tipo":"img","x":"60.7px","y":"361.5px","width":"278.7px","height":"43.1px","nomeInstancia":"MovieClips/textConvertido_17_0","classe":"textConvertido_17_0","nome":"eba06_05_17_0"},{"tipo":"img","x":"60.7px","y":"277.45px","width":"259.5px","height":"63.65px","nomeInstancia":"MovieClips/textConvertido_16_0","classe":"textConvertido_16_0","nome":"eba06_05_16_0"},{"tipo":"img","x":"376.3px","y":"293.2px","width":"581.4px","height":"195.45px","nomeInstancia":"transicao_16_1","classe":"transicao_16_1","nome":"eba06_05_16_1"}]},{"desenhos":[{"tipo":"img","x":"60.7px","y":"425px","width":"260.45px","height":"63.65px","nomeInstancia":"MovieClips/textConvertido_18_0","classe":"textConvertido_18_0","nome":"eba06_05_18_0"},{"tipo":"img","x":"60.7px","y":"361.5px","width":"278.7px","height":"43.1px","nomeInstancia":"MovieClips/textConvertido_17_0","classe":"textConvertido_17_0","nome":"eba06_05_17_0"},{"tipo":"img","x":"60.7px","y":"277.45px","width":"259.5px","height":"63.65px","nomeInstancia":"MovieClips/textConvertido_16_0","classe":"textConvertido_16_0","nome":"eba06_05_16_0"},{"tipo":"img","x":"376.3px","y":"293.2px","width":"581.4px","height":"195.45px","nomeInstancia":"transicao_16_1","classe":"transicao_16_1","nome":"eba06_05_16_1"}]},{"desenhos":[{"tipo":"img","x":"605.7px","y":"297.6px","width":"259.5px","height":"22.55px","nomeInstancia":"MovieClips/textConvertido_19_0","classe":"textConvertido_19_0","nome":"eba06_05_19_0"},{"tipo":"img","x":"99.1px","y":"229.1px","width":"426.15px","height":"279.8px","nomeInstancia":"transicao_19_1","classe":"transicao_19_1","nome":"eba06_05_19_1"}]},{"desenhos":[{"tipo":"img","x":"218.75px","y":"202.6px","width":"728.85px","height":"384.2px","nomeInstancia":"MovieClips/telaInfo_miniNavegacao_20","classe":"telaInfo_miniNavegacao_20","nome":"eba06_05_20_0"},{"tipo":"img","x":"605.7px","y":"339.65px","width":"278.7px","height":"84.2px","nomeInstancia":"MovieClips/textConvertido_20_1","classe":"textConvertido_20_1","nome":"eba06_05_20_1"},{"tipo":"img","x":"605.7px","y":"297.6px","width":"259.5px","height":"22.55px","nomeInstancia":"MovieClips/textConvertido_19_0","classe":"textConvertido_19_0","nome":"eba06_05_19_0"},{"tipo":"img","x":"99.1px","y":"229.1px","width":"426.15px","height":"279.8px","nomeInstancia":"transicao_19_1","classe":"transicao_19_1","nome":"eba06_05_19_1"}]},{"desenhos":[{"tipo":"img","x":"104.65px","y":"242.2px","width":"693.4px","height":"289.9px","nomeInstancia":"MovieClips/telaInfo211570218924499","classe":"telaInfo211570218924499","nome":"eba06_05_21_0"},{"tipo":"img","x":"605.7px","y":"443.35px","width":"259.5px","height":"22.55px","nomeInstancia":"MovieClips/textConvertido_21_1","classe":"textConvertido_21_1","nome":"eba06_05_21_1"},{"tipo":"img","x":"605.7px","y":"339.65px","width":"278.7px","height":"84.2px","nomeInstancia":"MovieClips/textConvertido_20_1","classe":"textConvertido_20_1","nome":"eba06_05_20_1"},{"tipo":"img","x":"605.7px","y":"297.6px","width":"259.5px","height":"22.55px","nomeInstancia":"MovieClips/textConvertido_19_0","classe":"textConvertido_19_0","nome":"eba06_05_19_0"}]},{"desenhos":[{"tipo":"img","x":"116.75px","y":"148.85px","width":"468.5px","height":"196.35px","nomeInstancia":"MovieClips/hotWord41570218985990","classe":"hotWord41570218985990","nome":"eba06_05_22_0"},{"tipo":"img","x":"432.8px","y":"161.2px","width":"150.45px","height":"56.3px","nomeInstancia":"transicao_22_2","classe":"transicao_22_2","nome":"eba06_05_22_1"},{"tipo":"img","x":"137px","y":"267.55px","width":"487.55px","height":"112.25px","nomeInstancia":"transicao_22_1","classe":"transicao_22_1","nome":"eba06_05_22_2"},{"nome":"eba06_05_22_3","tipo":"personagem","x":"0px","y":"0px","width":"1016px","height":"659px","nomeInstancia":"MovieClips/animaP22","classe":"animaP22"}]},{"desenhos":[{"tipo":"img","x":"116.75px","y":"148.85px","width":"468.5px","height":"196.35px","nomeInstancia":"MovieClips/hotWord41570218985990","classe":"hotWord41570218985990","nome":"eba06_05_22_0"},{"tipo":"img","x":"222.7px","y":"375.4px","width":"355.75px","height":"111.25px","nomeInstancia":"transicao_23_1","classe":"transicao_23_1","nome":"eba06_05_23_1"},{"tipo":"img","x":"432.8px","y":"161.2px","width":"150.45px","height":"56.3px","nomeInstancia":"transicao_22_2","classe":"transicao_22_2","nome":"eba06_05_22_1"},{"tipo":"img","x":"137px","y":"267.55px","width":"487.55px","height":"112.25px","nomeInstancia":"transicao_22_1","classe":"transicao_22_1","nome":"eba06_05_22_2"},{"nome":"eba06_05_22_3","tipo":"personagem","x":"0px","y":"0px","width":"1016px","height":"659px","nomeInstancia":"MovieClips/animaP22","classe":"animaP22"}]},{"desenhos":[{"tipo":"img","x":"116.75px","y":"148.85px","width":"468.5px","height":"196.35px","nomeInstancia":"MovieClips/hotWord41570218985990","classe":"hotWord41570218985990","nome":"eba06_05_22_0"},{"tipo":"img","x":"168.5px","y":"482.25px","width":"409.95px","height":"86.75px","nomeInstancia":"transicao_24_1","classe":"transicao_24_1","nome":"eba06_05_24_1"},{"tipo":"img","x":"222.7px","y":"375.4px","width":"355.75px","height":"111.25px","nomeInstancia":"transicao_23_1","classe":"transicao_23_1","nome":"eba06_05_23_1"},{"tipo":"img","x":"432.8px","y":"161.2px","width":"150.45px","height":"56.3px","nomeInstancia":"transicao_22_2","classe":"transicao_22_2","nome":"eba06_05_22_1"},{"tipo":"img","x":"137px","y":"267.55px","width":"487.55px","height":"112.25px","nomeInstancia":"transicao_22_1","classe":"transicao_22_1","nome":"eba06_05_22_2"},{"nome":"eba06_05_22_3","tipo":"personagem","x":"0px","y":"0px","width":"1016px","height":"659px","nomeInstancia":"MovieClips/animaP22","classe":"animaP22"}]},{"desenhos":[{"tipo":"img","x":"668.85px","y":"302.4px","width":"294.3px","height":"84.2px","nomeInstancia":"MovieClips/textConvertido_25_0","classe":"textConvertido_25_0","nome":"eba06_05_25_0"},{"tipo":"img","x":"43.15px","y":"289.7px","width":"570px","height":"200.3px","nomeInstancia":"transicao_25_1","classe":"transicao_25_1","nome":"eba06_05_25_1"}]},{"desenhos":[{"tipo":"img","x":"668.85px","y":"402.75px","width":"301.95px","height":"63.65px","nomeInstancia":"MovieClips/textConvertido_26_0","classe":"textConvertido_26_0","nome":"eba06_05_26_0"},{"tipo":"img","x":"668.85px","y":"302.4px","width":"294.3px","height":"84.2px","nomeInstancia":"MovieClips/textConvertido_25_0","classe":"textConvertido_25_0","nome":"eba06_05_25_0"},{"tipo":"img","x":"43.15px","y":"289.7px","width":"570px","height":"200.3px","nomeInstancia":"transicao_25_1","classe":"transicao_25_1","nome":"eba06_05_25_1"}]},{"desenhos":[{"tipo":"img","x":"123.95px","y":"276.5px","width":"294.3px","height":"63.65px","nomeInstancia":"MovieClips/textConvertido_27_0","classe":"textConvertido_27_0","nome":"eba06_05_27_0"},{"tipo":"img","x":"564.85px","y":"328.15px","width":"278.55px","height":"101.45px","nomeInstancia":"transicao_27_1","classe":"transicao_27_1","nome":"eba06_05_27_1"}]},{"desenhos":[{"tipo":"img","x":"123.95px","y":"358.95px","width":"301.95px","height":"84.2px","nomeInstancia":"MovieClips/textConvertido_28_0","classe":"textConvertido_28_0","nome":"eba06_05_28_0"},{"tipo":"img","x":"123.95px","y":"276.5px","width":"294.3px","height":"63.65px","nomeInstancia":"MovieClips/textConvertido_27_0","classe":"textConvertido_27_0","nome":"eba06_05_27_0"},{"tipo":"img","x":"564.85px","y":"328.15px","width":"278.55px","height":"101.45px","nomeInstancia":"transicao_27_1","classe":"transicao_27_1","nome":"eba06_05_27_1"}]},{"desenhos":[{"tipo":"img","x":"283.95px","y":"191.1px","width":"559.45px","height":"276.8px","nomeInstancia":"MovieClips/telaInfo_miniNavegacao_29","classe":"telaInfo_miniNavegacao_29","nome":"eba06_05_29_0"},{"tipo":"img","x":"123.95px","y":"461.95px","width":"294.3px","height":"22.55px","nomeInstancia":"MovieClips/textConvertido_29_1","classe":"textConvertido_29_1","nome":"eba06_05_29_1"},{"tipo":"img","x":"123.95px","y":"358.95px","width":"301.95px","height":"84.2px","nomeInstancia":"MovieClips/textConvertido_28_0","classe":"textConvertido_28_0","nome":"eba06_05_28_0"},{"tipo":"img","x":"123.95px","y":"276.5px","width":"294.3px","height":"63.65px","nomeInstancia":"MovieClips/textConvertido_27_0","classe":"textConvertido_27_0","nome":"eba06_05_27_0"}]},{"desenhos":[{"tipo":"img","x":"382.75px","y":"135.45px","width":"250.55px","height":"72.85px","nomeInstancia":"transicao_30_1","classe":"transicao_30_1","nome":"eba06_05_30_0"},{"tipo":"img","x":"422.8px","y":"238.7px","width":"459.05px","height":"89px","nomeInstancia":"transicao_30_0","classe":"transicao_30_0","nome":"eba06_05_30_1"},{"nome":"eba06_05_30_2","tipo":"personagem","x":"0px","y":"0px","width":"1016px","height":"659px","nomeInstancia":"MovieClips/animaP30","classe":"animaP30"}]},{"desenhos":[{"tipo":"img","x":"469.2px","y":"322px","width":"355.75px","height":"99.05px","nomeInstancia":"transicao_31_0","classe":"transicao_31_0","nome":"eba06_05_31_0"},{"tipo":"img","x":"382.75px","y":"135.45px","width":"250.55px","height":"72.85px","nomeInstancia":"transicao_30_1","classe":"transicao_30_1","nome":"eba06_05_30_0"},{"tipo":"img","x":"422.8px","y":"238.7px","width":"459.05px","height":"89px","nomeInstancia":"transicao_30_0","classe":"transicao_30_0","nome":"eba06_05_30_1"},{"nome":"eba06_05_30_2","tipo":"personagem","x":"0px","y":"0px","width":"1016px","height":"659px","nomeInstancia":"MovieClips/animaP30","classe":"animaP30"}]},{"desenhos":[{"tipo":"img","x":"469.2px","y":"460.5px","width":"462.75px","height":"130.6px","nomeInstancia":"MovieClips/hotWord41570219276347","classe":"hotWord41570219276347","nome":"eba06_05_32_0"},{"tipo":"img","x":"469.2px","y":"415.05px","width":"355.75px","height":"78.3px","nomeInstancia":"transicao_32_1","classe":"transicao_32_1","nome":"eba06_05_32_1"},{"tipo":"img","x":"469.2px","y":"322px","width":"355.75px","height":"99.05px","nomeInstancia":"transicao_31_0","classe":"transicao_31_0","nome":"eba06_05_31_0"},{"tipo":"img","x":"382.75px","y":"135.45px","width":"250.55px","height":"72.85px","nomeInstancia":"transicao_30_1","classe":"transicao_30_1","nome":"eba06_05_30_0"},{"tipo":"img","x":"422.8px","y":"238.7px","width":"459.05px","height":"89px","nomeInstancia":"transicao_30_0","classe":"transicao_30_0","nome":"eba06_05_30_1"},{"nome":"eba06_05_30_2","tipo":"personagem","x":"0px","y":"0px","width":"1016px","height":"659px","nomeInstancia":"MovieClips/animaP30","classe":"animaP30"}]},{"desenhos":[{"tipo":"img","x":"158.5px","y":"208.15px","width":"462.2px","height":"67.6px","nomeInstancia":"transicao_33_0","classe":"transicao_33_0","nome":"eba06_05_33_0"},{"nome":"eba06_05_33_1","tipo":"personagem","x":"0px","y":"0px","width":"1016px","height":"659px","nomeInstancia":"MovieClips/animaP33","classe":"animaP33"}]},{"desenhos":[{"tipo":"img","x":"161.35px","y":"271.2px","width":"408.75px","height":"99.05px","nomeInstancia":"transicao_34_0","classe":"transicao_34_0","nome":"eba06_05_34_0"},{"tipo":"img","x":"158.5px","y":"208.15px","width":"462.2px","height":"67.6px","nomeInstancia":"transicao_33_0","classe":"transicao_33_0","nome":"eba06_05_33_0"},{"nome":"eba06_05_33_1","tipo":"personagem","x":"0px","y":"0px","width":"1016px","height":"659px","nomeInstancia":"MovieClips/animaP33","classe":"animaP33"}]},{"desenhos":[{"tipo":"img","x":"214.35px","y":"365.2px","width":"355.75px","height":"113.2px","nomeInstancia":"transicao_35_0","classe":"transicao_35_0","nome":"eba06_05_35_0"},{"tipo":"img","x":"161.35px","y":"271.2px","width":"408.75px","height":"99.05px","nomeInstancia":"transicao_34_0","classe":"transicao_34_0","nome":"eba06_05_34_0"},{"tipo":"img","x":"158.5px","y":"208.15px","width":"462.2px","height":"67.6px","nomeInstancia":"transicao_33_0","classe":"transicao_33_0","nome":"eba06_05_33_0"},{"nome":"eba06_05_33_1","tipo":"personagem","x":"0px","y":"0px","width":"1016px","height":"659px","nomeInstancia":"MovieClips/animaP33","classe":"animaP33"}]},{"desenhos":[{"tipo":"img","x":"132.75px","y":"182.4px","width":"690.5px","height":"184.2px","nomeInstancia":"MovieClips/hotWord41570219329945","classe":"hotWord41570219329945","nome":"eba06_05_36_0"},{"tipo":"img","x":"608.55px","y":"201.6px","width":"150.45px","height":"56.3px","nomeInstancia":"transicao_36_2","classe":"transicao_36_2","nome":"eba06_05_36_1"},{"tipo":"img","x":"608.55px","y":"282.4px","width":"380.5px","height":"84.2px","nomeInstancia":"MovieClips/textConvertido_36_1","classe":"textConvertido_36_1","nome":"eba06_05_36_2"},{"tipo":"img","x":"17.25px","y":"307.35px","width":"570px","height":"200.3px","nomeInstancia":"transicao_36_3","classe":"transicao_36_3","nome":"eba06_05_36_3"}]},{"desenhos":[{"tipo":"img","x":"132.75px","y":"182.4px","width":"690.5px","height":"184.2px","nomeInstancia":"MovieClips/hotWord41570219329945","classe":"hotWord41570219329945","nome":"eba06_05_36_0"},{"tipo":"img","x":"608.55px","y":"376.85px","width":"360.35px","height":"84.2px","nomeInstancia":"MovieClips/textConvertido_37_0","classe":"textConvertido_37_0","nome":"eba06_05_37_1"},{"tipo":"img","x":"608.55px","y":"201.6px","width":"150.45px","height":"56.3px","nomeInstancia":"transicao_36_2","classe":"transicao_36_2","nome":"eba06_05_36_1"},{"tipo":"img","x":"608.55px","y":"282.4px","width":"380.5px","height":"84.2px","nomeInstancia":"MovieClips/textConvertido_36_1","classe":"textConvertido_36_1","nome":"eba06_05_36_2"},{"tipo":"img","x":"17.25px","y":"307.35px","width":"570px","height":"200.3px","nomeInstancia":"transicao_36_3","classe":"transicao_36_3","nome":"eba06_05_36_3"}]},{"desenhos":[{"tipo":"img","x":"132.75px","y":"182.4px","width":"690.5px","height":"184.2px","nomeInstancia":"MovieClips/hotWord41570219329945","classe":"hotWord41570219329945","nome":"eba06_05_36_0"},{"tipo":"img","x":"66px","y":"191.1px","width":"666.1px","height":"394.65px","nomeInstancia":"MovieClips/telaInfo381570219359715","classe":"telaInfo381570219359715","nome":"eba06_05_38_1"},{"tipo":"img","x":"608.55px","y":"471.3px","width":"339.25px","height":"43.1px","nomeInstancia":"MovieClips/textConvertido_38_1","classe":"textConvertido_38_1","nome":"eba06_05_38_2"},{"tipo":"img","x":"608.55px","y":"376.85px","width":"360.35px","height":"84.2px","nomeInstancia":"MovieClips/textConvertido_37_0","classe":"textConvertido_37_0","nome":"eba06_05_37_1"},{"tipo":"img","x":"608.55px","y":"201.6px","width":"150.45px","height":"56.3px","nomeInstancia":"transicao_36_2","classe":"transicao_36_2","nome":"eba06_05_36_1"},{"tipo":"img","x":"608.55px","y":"282.4px","width":"380.5px","height":"84.2px","nomeInstancia":"MovieClips/textConvertido_36_1","classe":"textConvertido_36_1","nome":"eba06_05_36_2"},{"tipo":"img","x":"17.25px","y":"307.35px","width":"570px","height":"200.3px","nomeInstancia":"transicao_36_3","classe":"transicao_36_3","nome":"eba06_05_36_3"}]},{"desenhos":[{"tipo":"img","x":"162.8px","y":"233.45px","width":"448.2px","height":"92.85px","nomeInstancia":"transicao_39_0","classe":"transicao_39_0","nome":"eba06_05_39_0"},{"tipo":"img","x":"382.75px","y":"141.15px","width":"250.55px","height":"72.85px","nomeInstancia":"transicao_39_2","classe":"transicao_39_2","nome":"eba06_05_39_1"},{"nome":"eba06_05_39_2","tipo":"personagem","x":"0px","y":"0px","width":"1016px","height":"659px","nomeInstancia":"MovieClips/animaP39","classe":"animaP39"}]},{"desenhos":[{"tipo":"img","x":"175.6px","y":"320.55px","width":"382.9px","height":"129.9px","nomeInstancia":"transicao_40_0","classe":"transicao_40_0","nome":"eba06_05_40_0"},{"tipo":"img","x":"162.8px","y":"233.45px","width":"448.2px","height":"92.85px","nomeInstancia":"transicao_39_0","classe":"transicao_39_0","nome":"eba06_05_39_0"},{"tipo":"img","x":"382.75px","y":"141.15px","width":"250.55px","height":"72.85px","nomeInstancia":"transicao_39_2","classe":"transicao_39_2","nome":"eba06_05_39_1"},{"nome":"eba06_05_39_2","tipo":"personagem","x":"0px","y":"0px","width":"1016px","height":"659px","nomeInstancia":"MovieClips/animaP39","classe":"animaP39"}]},{"desenhos":[{"tipo":"img","x":"255.55px","y":"161.8px","width":"504.9px","height":"335.45px","nomeInstancia":"MovieClips/destaque_41","classe":"destaque_41","nome":"eba06_05_41_0"},{"tipo":"img","x":"175.6px","y":"320.55px","width":"382.9px","height":"129.9px","nomeInstancia":"transicao_40_0","classe":"transicao_40_0","nome":"eba06_05_40_0"},{"tipo":"img","x":"162.8px","y":"233.45px","width":"448.2px","height":"92.85px","nomeInstancia":"transicao_39_0","classe":"transicao_39_0","nome":"eba06_05_39_0"},{"tipo":"img","x":"382.75px","y":"141.15px","width":"250.55px","height":"72.85px","nomeInstancia":"transicao_39_2","classe":"transicao_39_2","nome":"eba06_05_39_1"},{"nome":"eba06_05_39_2","tipo":"personagem","x":"0px","y":"0px","width":"1016px","height":"659px","nomeInstancia":"MovieClips/animaP39","classe":"animaP39"}]},{"desenhos":[{"tipo":"img","x":"390.15px","y":"255.3px","width":"442.15px","height":"73.4px","nomeInstancia":"transicao_42_0","classe":"transicao_42_0","nome":"eba06_05_42_0"},{"nome":"eba06_05_42_1","tipo":"personagem","x":"0px","y":"0px","width":"1016px","height":"659px","nomeInstancia":"MovieClips/animaP42","classe":"animaP42"}]},{"desenhos":[{"tipo":"img","x":"436.7px","y":"323.45px","width":"438.2px","height":"86.25px","nomeInstancia":"transicao_43_0","classe":"transicao_43_0","nome":"eba06_05_43_0"},{"tipo":"img","x":"390.15px","y":"255.3px","width":"442.15px","height":"73.4px","nomeInstancia":"transicao_42_0","classe":"transicao_42_0","nome":"eba06_05_42_0"},{"nome":"eba06_05_42_1","tipo":"personagem","x":"0px","y":"0px","width":"1016px","height":"659px","nomeInstancia":"MovieClips/animaP42","classe":"animaP42"}]},{"desenhos":[{"tipo":"img","x":"436.7px","y":"404.6px","width":"399.55px","height":"86.25px","nomeInstancia":"transicao_44_0","classe":"transicao_44_0","nome":"eba06_05_44_0"},{"tipo":"img","x":"436.7px","y":"323.45px","width":"438.2px","height":"86.25px","nomeInstancia":"transicao_43_0","classe":"transicao_43_0","nome":"eba06_05_43_0"},{"tipo":"img","x":"390.15px","y":"255.3px","width":"442.15px","height":"73.4px","nomeInstancia":"transicao_42_0","classe":"transicao_42_0","nome":"eba06_05_42_0"},{"nome":"eba06_05_42_1","tipo":"personagem","x":"0px","y":"0px","width":"1016px","height":"659px","nomeInstancia":"MovieClips/animaP42","classe":"animaP42"}]},{"desenhos":[{"tipo":"img","x":"176.4px","y":"248.25px","width":"441.1px","height":"92.8px","nomeInstancia":"transicao_45_0","classe":"transicao_45_0","nome":"eba06_05_45_0"},{"nome":"eba06_05_45_1","tipo":"personagem","x":"0px","y":"0px","width":"1016px","height":"659px","nomeInstancia":"MovieClips/animaP45","classe":"animaP45"}]},{"desenhos":[{"tipo":"img","x":"180.45px","y":"336.1px","width":"391.3px","height":"86.25px","nomeInstancia":"transicao_46_0","classe":"transicao_46_0","nome":"eba06_05_46_0"},{"tipo":"img","x":"176.4px","y":"248.25px","width":"441.1px","height":"92.8px","nomeInstancia":"transicao_45_0","classe":"transicao_45_0","nome":"eba06_05_45_0"},{"nome":"eba06_05_45_1","tipo":"personagem","x":"0px","y":"0px","width":"1016px","height":"659px","nomeInstancia":"MovieClips/animaP45","classe":"animaP45"}]},{"desenhos":[{"tipo":"img","x":"204.65px","y":"417.25px","width":"367.1px","height":"86.25px","nomeInstancia":"transicao_47_0","classe":"transicao_47_0","nome":"eba06_05_47_0"},{"tipo":"img","x":"180.45px","y":"336.1px","width":"391.3px","height":"86.25px","nomeInstancia":"transicao_46_0","classe":"transicao_46_0","nome":"eba06_05_46_0"},{"tipo":"img","x":"176.4px","y":"248.25px","width":"441.1px","height":"92.8px","nomeInstancia":"transicao_45_0","classe":"transicao_45_0","nome":"eba06_05_45_0"},{"nome":"eba06_05_45_1","tipo":"personagem","x":"0px","y":"0px","width":"1016px","height":"659px","nomeInstancia":"MovieClips/animaP45","classe":"animaP45"}]},{"desenhos":[{"tipo":"img","x":"255.55px","y":"161.8px","width":"504.9px","height":"335.45px","nomeInstancia":"MovieClips/destaque_48","classe":"destaque_48","nome":"eba06_05_48_0"},{"tipo":"img","x":"204.65px","y":"417.25px","width":"367.1px","height":"86.25px","nomeInstancia":"transicao_47_0","classe":"transicao_47_0","nome":"eba06_05_47_0"},{"tipo":"img","x":"180.45px","y":"336.1px","width":"391.3px","height":"86.25px","nomeInstancia":"transicao_46_0","classe":"transicao_46_0","nome":"eba06_05_46_0"},{"tipo":"img","x":"176.4px","y":"248.25px","width":"441.1px","height":"92.8px","nomeInstancia":"transicao_45_0","classe":"transicao_45_0","nome":"eba06_05_45_0"},{"nome":"eba06_05_45_1","tipo":"personagem","x":"0px","y":"0px","width":"1016px","height":"659px","nomeInstancia":"MovieClips/animaP45","classe":"animaP45"}]},{"desenhos":[{"tipo":"img","x":"152.25px","y":"120.55px","width":"986.35px","height":"489.55px","nomeInstancia":"ligaPontos_49","classe":"ligaPontos_49","nome":"eba06_05_49_0"},{"tipo":"img","x":"392.75px","y":"120.55px","width":"230.5px","height":"78.4px","nomeInstancia":"transicao_49_1","classe":"transicao_49_1","nome":"eba06_05_49_1"}]}]}