{"licao":"eba06_06","topico":"06","telas":[{"desenhos":[{"tipo":"img","x":"417.6px","y":"241.1px","width":"495px","height":"112.25px","nomeInstancia":"transicao_1_0","classe":"transicao_1_0","nome":"eba06_06_1_0"},{"nome":"eba06_06_1_1","tipo":"personagem","x":"0px","y":"0px","width":"1016px","height":"659px","nomeInstancia":"animaP1","classe":"animaP1"}]},{"desenhos":[{"tipo":"img","x":"467.45px","y":"348.95px","width":"318.2px","height":"75.15px","nomeInstancia":"transicao_2_0","classe":"transicao_2_0","nome":"eba06_06_2_0"},{"tipo":"img","x":"417.6px","y":"241.1px","width":"495px","height":"112.25px","nomeInstancia":"transicao_1_0","classe":"transicao_1_0","nome":"eba06_06_1_0"},{"nome":"eba06_06_1_1","tipo":"personagem","x":"0px","y":"0px","width":"1016px","height":"659px","nomeInstancia":"animaP1","classe":"animaP1"}]},{"desenhos":[{"tipo":"img","x":"236.6px","y":"190.25px","width":"394.75px","height":"72.45px","nomeInstancia":"transicao_3_0","classe":"transicao_3_0","nome":"eba06_06_3_0"},{"nome":"eba06_06_3_1","tipo":"personagem","x":"0px","y":"0px","width":"1016px","height":"659px","nomeInstancia":"animaP3","classe":"animaP3"}]},{"desenhos":[{"tipo":"img","x":"190.05px","y":"256.4px","width":"365.1px","height":"120.65px","nomeInstancia":"transicao_4_0","classe":"transicao_4_0","nome":"eba06_06_4_0"},{"tipo":"img","x":"236.6px","y":"190.25px","width":"394.75px","height":"72.45px","nomeInstancia":"transicao_3_0","classe":"transicao_3_0","nome":"eba06_06_3_0"},{"nome":"eba06_06_3_1","tipo":"personagem","x":"0px","y":"0px","width":"1016px","height":"659px","nomeInstancia":"animaP3","classe":"animaP3"}]},{"desenhos":[{"tipo":"img","x":"190.05px","y":"371.8px","width":"342.2px","height":"75.15px","nomeInstancia":"transicao_5_0","classe":"transicao_5_0","nome":"eba06_06_5_0"},{"tipo":"img","x":"190.05px","y":"256.4px","width":"365.1px","height":"120.65px","nomeInstancia":"transicao_4_0","classe":"transicao_4_0","nome":"eba06_06_4_0"},{"tipo":"img","x":"236.6px","y":"190.25px","width":"394.75px","height":"72.45px","nomeInstancia":"transicao_3_0","classe":"transicao_3_0","nome":"eba06_06_3_0"},{"nome":"eba06_06_3_1","tipo":"personagem","x":"0px","y":"0px","width":"1016px","height":"659px","nomeInstancia":"animaP3","classe":"animaP3"}]},{"desenhos":[{"tipo":"img","x":"400.2px","y":"278.25px","width":"341px","height":"68.35px","nomeInstancia":"transicao_6_1","classe":"transicao_6_1","nome":"eba06_06_6_0"},{"tipo":"img","x":"382.75px","y":"150.25px","width":"250.55px","height":"72.85px","nomeInstancia":"transicao_6_0","classe":"transicao_6_0","nome":"eba06_06_6_1"},{"nome":"eba06_06_6_2","tipo":"personagem","x":"0px","y":"0px","width":"1016px","height":"659px","nomeInstancia":"animaP6","classe":"animaP6"}]},{"desenhos":[{"tipo":"img","x":"171.3px","y":"178.45px","width":"784.6px","height":"403.95px","nomeInstancia":"telaInfo71570222531419","classe":"telaInfo71570222531419","nome":"eba06_06_7_0"},{"tipo":"img","x":"400.2px","y":"278.25px","width":"341px","height":"68.35px","nomeInstancia":"transicao_7_3","classe":"transicao_7_3","nome":"eba06_06_7_1"},{"tipo":"img","x":"382.75px","y":"150.25px","width":"250.55px","height":"72.85px","nomeInstancia":"transicao_7_2","classe":"transicao_7_2","nome":"eba06_06_7_2"},{"tipo":"img","x":"470.65px","y":"371.5px","width":"230.4px","height":"22.55px","nomeInstancia":"textConvertido_7_2","classe":"textConvertido_7_2","nome":"eba06_06_7_3"},{"tipo":"img","x":"243.55px","y":"231.75px","width":"251.5px","height":"337.7px","nomeInstancia":"transicao_7_4","classe":"transicao_7_4","nome":"eba06_06_7_4"}]},{"desenhos":[{"tipo":"img","x":"189.2px","y":"289.6px","width":"394.75px","height":"72.45px","nomeInstancia":"transicao_8_0","classe":"transicao_8_0","nome":"eba06_06_8_0"},{"tipo":"img","x":"209.55px","y":"192.65px","width":"250.55px","height":"72.85px","nomeInstancia":"transicao_8_2","classe":"transicao_8_2","nome":"eba06_06_8_1"},{"nome":"eba06_06_8_2","tipo":"personagem","x":"0px","y":"0px","width":"1016px","height":"659px","nomeInstancia":"animaP8","classe":"animaP8"}]},{"desenhos":[{"tipo":"img","x":"123.2px","y":"179.5px","width":"769.65px","height":"350.85px","nomeInstancia":"telaInfo_miniNavegacao_9","classe":"telaInfo_miniNavegacao_9","nome":"eba06_06_9_0"},{"tipo":"img","x":"209.55px","y":"369.45px","width":"301.95px","height":"22.55px","nomeInstancia":"textConvertido_9_1","classe":"textConvertido_9_1","nome":"eba06_06_9_1"},{"tipo":"img","x":"189.2px","y":"289.6px","width":"394.75px","height":"72.45px","nomeInstancia":"transicao_8_0","classe":"transicao_8_0","nome":"eba06_06_8_0"},{"tipo":"img","x":"209.55px","y":"192.65px","width":"250.55px","height":"72.85px","nomeInstancia":"transicao_9_3","classe":"transicao_9_3","nome":"eba06_06_9_3"}]},{"desenhos":[{"tipo":"img","x":"432.8px","y":"172.25px","width":"150.45px","height":"56.3px","nomeInstancia":"transicao_10_1","classe":"transicao_10_1","nome":"eba06_06_10_0"},{"tipo":"img","x":"415.1px","y":"285.5px","width":"434.2px","height":"73.4px","nomeInstancia":"transicao_10_0","classe":"transicao_10_0","nome":"eba06_06_10_1"},{"nome":"eba06_06_10_2","tipo":"personagem","x":"0px","y":"0px","width":"1016px","height":"659px","nomeInstancia":"animaP10","classe":"animaP10"}]},{"desenhos":[{"tipo":"img","x":"501.5px","y":"354.9px","width":"355.75px","height":"67.85px","nomeInstancia":"transicao_11_0","classe":"transicao_11_0","nome":"eba06_06_11_0"},{"tipo":"img","x":"432.8px","y":"172.25px","width":"150.45px","height":"56.3px","nomeInstancia":"transicao_11_2","classe":"transicao_11_2","nome":"eba06_06_11_1"},{"tipo":"img","x":"455.1px","y":"285.5px","width":"434.2px","height":"73.4px","nomeInstancia":"transicao_11_1","classe":"transicao_11_1","nome":"eba06_06_11_2"},{"nome":"eba06_06_10_2","tipo":"personagem","x":"0px","y":"0px","width":"1016px","height":"659px","nomeInstancia":"animaP10","classe":"animaP10"}]},{"desenhos":[{"tipo":"img","x":"244.15px","y":"166.15px","width":"583.45px","height":"409.1px","nomeInstancia":"telaInfo121570223065610","classe":"telaInfo121570223065610","nome":"eba06_06_12_0"},{"tipo":"img","x":"501.5px","y":"354.9px","width":"355.75px","height":"67.85px","nomeInstancia":"transicao_11_0","classe":"transicao_11_0","nome":"eba06_06_11_0"},{"tipo":"img","x":"432.8px","y":"172.25px","width":"150.45px","height":"56.3px","nomeInstancia":"transicao_12_4","classe":"transicao_12_4","nome":"eba06_06_12_2"},{"tipo":"img","x":"415.1px","y":"285.5px","width":"434.2px","height":"73.4px","nomeInstancia":"transicao_12_3","classe":"transicao_12_3","nome":"eba06_06_12_3"},{"tipo":"img","x":"491.35px","y":"441.65px","width":"294.3px","height":"22.55px","nomeInstancia":"textConvertido_12_2","classe":"textConvertido_12_2","nome":"eba06_06_12_4"}]},{"desenhos":[{"tipo":"img","x":"533.25px","y":"315.4px","width":"373.05px","height":"43.1px","nomeInstancia":"textConvertido_13_0","classe":"textConvertido_13_0","nome":"eba06_06_13_0"},{"tipo":"img","x":"533.25px","y":"212px","width":"250.55px","height":"72.85px","nomeInstancia":"transicao_13_2","classe":"transicao_13_2","nome":"eba06_06_13_1"},{"tipo":"img","x":"85.95px","y":"268.5px","width":"349.1px","height":"260.55px","nomeInstancia":"transicao_13_1","classe":"transicao_13_1","nome":"eba06_06_13_2"}]},{"desenhos":[{"tipo":"img","x":"64.5px","y":"192.4px","width":"585.05px","height":"253.75px","nomeInstancia":"hotWord41570447066769","classe":"hotWord41570447066769","nome":"eba06_06_14_0"},{"tipo":"img","x":"533.25px","y":"382.5px","width":"380.4px","height":"63.65px","nomeInstancia":"textConvertido_14_1","classe":"textConvertido_14_1","nome":"eba06_06_14_1"},{"tipo":"img","x":"533.25px","y":"315.4px","width":"373.05px","height":"43.1px","nomeInstancia":"textConvertido_13_0","classe":"textConvertido_13_0","nome":"eba06_06_13_0"},{"tipo":"img","x":"533.25px","y":"212px","width":"250.55px","height":"72.85px","nomeInstancia":"transicao_13_2","classe":"transicao_13_2","nome":"eba06_06_13_1"},{"tipo":"img","x":"85.95px","y":"268.5px","width":"349.1px","height":"260.55px","nomeInstancia":"transicao_13_1","classe":"transicao_13_1","nome":"eba06_06_13_2"}]},{"desenhos":[{"tipo":"img","x":"64.5px","y":"192.4px","width":"585.05px","height":"253.75px","nomeInstancia":"hotWord41570447066769","classe":"hotWord41570447066769","nome":"eba06_06_14_0"},{"tipo":"img","x":"533.25px","y":"460.7px","width":"381.45px","height":"84.2px","nomeInstancia":"textConvertido_15_1","classe":"textConvertido_15_1","nome":"eba06_06_15_1"},{"tipo":"img","x":"533.25px","y":"382.5px","width":"380.4px","height":"63.65px","nomeInstancia":"textConvertido_14_1","classe":"textConvertido_14_1","nome":"eba06_06_14_1"},{"tipo":"img","x":"533.25px","y":"315.4px","width":"373.05px","height":"43.1px","nomeInstancia":"textConvertido_13_0","classe":"textConvertido_13_0","nome":"eba06_06_13_0"},{"tipo":"img","x":"533.25px","y":"212px","width":"250.55px","height":"72.85px","nomeInstancia":"transicao_13_2","classe":"transicao_13_2","nome":"eba06_06_13_1"},{"tipo":"img","x":"85.95px","y":"268.5px","width":"349.1px","height":"260.55px","nomeInstancia":"transicao_13_1","classe":"transicao_13_1","nome":"eba06_06_13_2"}]},{"desenhos":[{"tipo":"img","x":"75.35px","y":"244.9px","width":"349.9px","height":"63.65px","nomeInstancia":"textConvertido_16_0","classe":"textConvertido_16_0","nome":"eba06_06_16_0"},{"tipo":"img","x":"487.25px","y":"208px","width":"466.95px","height":"347.5px","nomeInstancia":"transicao_16_1","classe":"transicao_16_1","nome":"eba06_06_16_1"}]},{"desenhos":[{"tipo":"img","x":"75.35px","y":"335.65px","width":"366.75px","height":"84.2px","nomeInstancia":"textConvertido_17_0","classe":"textConvertido_17_0","nome":"eba06_06_17_0"},{"tipo":"img","x":"75.35px","y":"244.9px","width":"349.9px","height":"63.65px","nomeInstancia":"textConvertido_16_0","classe":"textConvertido_16_0","nome":"eba06_06_16_0"},{"tipo":"img","x":"487.25px","y":"208px","width":"466.95px","height":"347.5px","nomeInstancia":"transicao_16_1","classe":"transicao_16_1","nome":"eba06_06_16_1"}]},{"desenhos":[{"tipo":"img","x":"75.35px","y":"446.95px","width":"344.65px","height":"84.2px","nomeInstancia":"textConvertido_18_0","classe":"textConvertido_18_0","nome":"eba06_06_18_0"},{"tipo":"img","x":"75.35px","y":"335.65px","width":"366.75px","height":"84.2px","nomeInstancia":"textConvertido_17_0","classe":"textConvertido_17_0","nome":"eba06_06_17_0"},{"tipo":"img","x":"75.35px","y":"244.9px","width":"349.9px","height":"63.65px","nomeInstancia":"textConvertido_16_0","classe":"textConvertido_16_0","nome":"eba06_06_16_0"},{"tipo":"img","x":"487.25px","y":"208px","width":"466.95px","height":"347.5px","nomeInstancia":"transicao_16_1","classe":"transicao_16_1","nome":"eba06_06_16_1"}]},{"desenhos":[{"tipo":"img","x":"600.65px","y":"303.85px","width":"330.95px","height":"63.65px","nomeInstancia":"textConvertido_19_0","classe":"textConvertido_19_0","nome":"eba06_06_19_0"},{"tipo":"img","x":"64.15px","y":"208px","width":"466.95px","height":"347.5px","nomeInstancia":"transicao_19_1","classe":"transicao_19_1","nome":"eba06_06_19_1"}]},{"desenhos":[{"tipo":"img","x":"600.65px","y":"397.8px","width":"335.2px","height":"84.2px","nomeInstancia":"textConvertido_20_0","classe":"textConvertido_20_0","nome":"eba06_06_20_0"},{"tipo":"img","x":"600.65px","y":"303.85px","width":"330.95px","height":"63.65px","nomeInstancia":"textConvertido_19_0","classe":"textConvertido_19_0","nome":"eba06_06_19_0"},{"tipo":"img","x":"64.15px","y":"208px","width":"466.95px","height":"347.5px","nomeInstancia":"transicao_19_1","classe":"transicao_19_1","nome":"eba06_06_19_1"}]},{"desenhos":[{"tipo":"img","x":"196.6px","y":"270.2px","width":"380.2px","height":"60.2px","nomeInstancia":"transicao_21_0","classe":"transicao_21_0","nome":"eba06_06_21_0"},{"tipo":"img","x":"382.75px","y":"161px","width":"250.55px","height":"72.85px","nomeInstancia":"transicao_21_2","classe":"transicao_21_2","nome":"eba06_06_21_1"},{"nome":"eba06_06_21_2","tipo":"personagem","x":"0px","y":"0px","width":"1016px","height":"659px","nomeInstancia":"animaP21","classe":"animaP21"}]},{"desenhos":[{"tipo":"img","x":"144.2px","y":"325.45px","width":"381.8px","height":"111.25px","nomeInstancia":"transicao_22_0","classe":"transicao_22_0","nome":"eba06_06_22_0"},{"tipo":"img","x":"196.6px","y":"270.2px","width":"380.2px","height":"60.2px","nomeInstancia":"transicao_21_0","classe":"transicao_21_0","nome":"eba06_06_21_0"},{"tipo":"img","x":"382.75px","y":"161px","width":"250.55px","height":"72.85px","nomeInstancia":"transicao_21_2","classe":"transicao_21_2","nome":"eba06_06_21_1"},{"nome":"eba06_06_21_2","tipo":"personagem","x":"0px","y":"0px","width":"1016px","height":"659px","nomeInstancia":"animaP21","classe":"animaP21"}]},{"desenhos":[{"tipo":"img","x":"261.85px","y":"145.3px","width":"588.3px","height":"416.75px","nomeInstancia":"telaInfo_miniNavegacao_23","classe":"telaInfo_miniNavegacao_23","nome":"eba06_06_23_0"},{"tipo":"img","x":"164.2px","y":"325.45px","width":"381.8px","height":"111.25px","nomeInstancia":"transicao_23_2","classe":"transicao_23_2","nome":"eba06_06_23_1"},{"tipo":"img","x":"170.85px","y":"445.9px","width":"368.5px","height":"22.55px","nomeInstancia":"textConvertido_23_1","classe":"textConvertido_23_1","nome":"eba06_06_23_2"},{"tipo":"img","x":"196.6px","y":"270.2px","width":"380.2px","height":"60.2px","nomeInstancia":"transicao_21_0","classe":"transicao_21_0","nome":"eba06_06_21_0"},{"tipo":"img","x":"382.75px","y":"161px","width":"250.55px","height":"72.85px","nomeInstancia":"transicao_23_4","classe":"transicao_23_4","nome":"eba06_06_23_4"}]},{"desenhos":[{"tipo":"img","x":"576.5px","y":"269.05px","width":"369.9px","height":"63.65px","nomeInstancia":"textConvertido_24_0","classe":"textConvertido_24_0","nome":"eba06_06_24_0"},{"tipo":"img","x":"50.55px","y":"298.95px","width":"477.6px","height":"181.3px","nomeInstancia":"transicao_24_1","classe":"transicao_24_1","nome":"eba06_06_24_1"}]},{"desenhos":[{"tipo":"img","x":"576.5px","y":"352.05px","width":"397.25px","height":"63.65px","nomeInstancia":"textConvertido_25_0","classe":"textConvertido_25_0","nome":"eba06_06_25_0"},{"tipo":"img","x":"576.5px","y":"269.05px","width":"369.9px","height":"63.65px","nomeInstancia":"textConvertido_24_0","classe":"textConvertido_24_0","nome":"eba06_06_24_0"},{"tipo":"img","x":"50.55px","y":"298.95px","width":"477.6px","height":"181.3px","nomeInstancia":"transicao_24_1","classe":"transicao_24_1","nome":"eba06_06_24_1"}]},{"desenhos":[{"tipo":"img","x":"576.5px","y":"435.05px","width":"369.9px","height":"63.65px","nomeInstancia":"textConvertido_26_0","classe":"textConvertido_26_0","nome":"eba06_06_26_0"},{"tipo":"img","x":"576.5px","y":"352.05px","width":"397.25px","height":"63.65px","nomeInstancia":"textConvertido_25_0","classe":"textConvertido_25_0","nome":"eba06_06_25_0"},{"tipo":"img","x":"576.5px","y":"269.05px","width":"369.9px","height":"63.65px","nomeInstancia":"textConvertido_24_0","classe":"textConvertido_24_0","nome":"eba06_06_24_0"},{"tipo":"img","x":"50.55px","y":"298.95px","width":"477.6px","height":"181.3px","nomeInstancia":"transicao_24_1","classe":"transicao_24_1","nome":"eba06_06_24_1"}]},{"desenhos":[{"tipo":"img","x":"183.05px","y":"217.6px","width":"382.4px","height":"72.45px","nomeInstancia":"transicao_27_0","classe":"transicao_27_0","nome":"eba06_06_27_0"},{"nome":"eba06_06_27_1","tipo":"personagem","x":"0px","y":"0px","width":"1016px","height":"659px","nomeInstancia":"animaP27","classe":"animaP27"}]},{"desenhos":[{"tipo":"img","x":"126.5px","y":"284.7px","width":"397.45px","height":"129.9px","nomeInstancia":"transicao_28_0","classe":"transicao_28_0","nome":"eba06_06_28_0"},{"tipo":"img","x":"183.05px","y":"217.6px","width":"382.4px","height":"72.45px","nomeInstancia":"transicao_27_0","classe":"transicao_27_0","nome":"eba06_06_27_0"},{"nome":"eba06_06_27_1","tipo":"personagem","x":"0px","y":"0px","width":"1016px","height":"659px","nomeInstancia":"animaP27","classe":"animaP27"}]},{"desenhos":[{"tipo":"img","x":"126.5px","y":"408.95px","width":"397.45px","height":"129.9px","nomeInstancia":"transicao_29_0","classe":"transicao_29_0","nome":"eba06_06_29_0"},{"tipo":"img","x":"126.5px","y":"284.7px","width":"397.45px","height":"129.9px","nomeInstancia":"transicao_28_0","classe":"transicao_28_0","nome":"eba06_06_28_0"},{"tipo":"img","x":"183.05px","y":"217.6px","width":"382.4px","height":"72.45px","nomeInstancia":"transicao_27_0","classe":"transicao_27_0","nome":"eba06_06_27_0"},{"nome":"eba06_06_27_1","tipo":"personagem","x":"0px","y":"0px","width":"1016px","height":"659px","nomeInstancia":"animaP27","classe":"animaP27"}]},{"desenhos":[{"tipo":"img","x":"152.25px","y":"242.7px","width":"711.5px","height":"338.65px","nomeInstancia":"dragDrop_30","classe":"dragDrop_30","nome":"eba06_06_30_0"},{"tipo":"img","x":"392.75px","y":"156.5px","width":"230.5px","height":"78.4px","nomeInstancia":"transicao_30_1","classe":"transicao_30_1","nome":"eba06_06_30_1"}]}]}