{"licao":"eli03_03","topico":"03","telas":[{"desenhos":[{"tipo":"img","x":"136.75px","y":"169.35px","width":"505.1px","height":"101.25px","nomeInstancia":"MovieClips/transicao_1_0","classe":"transicao_1_0","nome":"eli03_03_1_0"},{"nome":"eli03_03_1_1","tipo":"personagem","x":"0px","y":"0px","width":"1016px","height":"659px","nomeInstancia":"MovieClips/animaP01","classe":"animaP01"}]},{"desenhos":[{"tipo":"img","x":"73px","y":"266.6px","width":"521.5px","height":"119.95px","nomeInstancia":"MovieClips/transicao_2_0","classe":"transicao_2_0","nome":"eli03_03_2_0"},{"tipo":"img","x":"136.75px","y":"169.35px","width":"505.1px","height":"101.25px","nomeInstancia":"MovieClips/transicao_1_0","classe":"transicao_1_0","nome":"eli03_03_1_0"},{"nome":"eli03_03_1_1","tipo":"personagem","x":"0px","y":"0px","width":"1016px","height":"659px","nomeInstancia":"MovieClips/animaP01","classe":"animaP01"}]},{"desenhos":[{"tipo":"img","x":"96.5px","y":"382.55px","width":"498px","height":"122px","nomeInstancia":"MovieClips/transicao_3_0","classe":"transicao_3_0","nome":"eli03_03_3_0"},{"tipo":"img","x":"73px","y":"266.6px","width":"521.5px","height":"119.95px","nomeInstancia":"MovieClips/transicao_2_0","classe":"transicao_2_0","nome":"eli03_03_2_0"},{"tipo":"img","x":"136.75px","y":"169.35px","width":"505.1px","height":"101.25px","nomeInstancia":"MovieClips/transicao_1_0","classe":"transicao_1_0","nome":"eli03_03_1_0"},{"nome":"eli03_03_1_1","tipo":"personagem","x":"0px","y":"0px","width":"1016px","height":"659px","nomeInstancia":"MovieClips/animaP01","classe":"animaP01"}]},{"desenhos":[{"tipo":"img","x":"500px","y":"251.3px","width":"390.75px","height":"84.2px","nomeInstancia":"MovieClips/textConvertido_4_0","classe":"textConvertido_4_0","nome":"eli03_03_4_0"},{"tipo":"img","x":"58.85px","y":"246.6px","width":"382.95px","height":"226px","nomeInstancia":"MovieClips/transicao_4_1","classe":"transicao_4_1","nome":"eli03_03_4_1"}]},{"desenhos":[{"tipo":"img","x":"500px","y":"379.2px","width":"378.5px","height":"84.2px","nomeInstancia":"MovieClips/textConvertido_5_0","classe":"textConvertido_5_0","nome":"eli03_03_5_0"},{"tipo":"img","x":"500px","y":"251.3px","width":"390.75px","height":"84.2px","nomeInstancia":"MovieClips/textConvertido_4_0","classe":"textConvertido_4_0","nome":"eli03_03_4_0"},{"tipo":"img","x":"58.85px","y":"246.6px","width":"382.95px","height":"226px","nomeInstancia":"MovieClips/transicao_4_1","classe":"transicao_4_1","nome":"eli03_03_4_1"}]},{"desenhos":[{"tipo":"img","x":"76px","y":"266.6px","width":"372.45px","height":"63.65px","nomeInstancia":"MovieClips/textConvertido_6_0","classe":"textConvertido_6_0","nome":"eli03_03_6_0"},{"tipo":"img","x":"610.45px","y":"220.25px","width":"258.25px","height":"284.85px","nomeInstancia":"MovieClips/transicao_6_1","classe":"transicao_6_1","nome":"eli03_03_6_1"}]},{"desenhos":[{"tipo":"img","x":"76px","y":"345.35px","width":"370.4px","height":"63.65px","nomeInstancia":"MovieClips/textConvertido_7_0","classe":"textConvertido_7_0","nome":"eli03_03_7_0"},{"tipo":"img","x":"76px","y":"266.6px","width":"372.45px","height":"63.65px","nomeInstancia":"MovieClips/textConvertido_6_0","classe":"textConvertido_6_0","nome":"eli03_03_6_0"},{"tipo":"img","x":"610.45px","y":"220.25px","width":"258.25px","height":"284.85px","nomeInstancia":"MovieClips/transicao_6_1","classe":"transicao_6_1","nome":"eli03_03_6_1"}]},{"desenhos":[{"tipo":"img","x":"76px","y":"424.1px","width":"401.05px","height":"63.65px","nomeInstancia":"MovieClips/textConvertido_8_0","classe":"textConvertido_8_0","nome":"eli03_03_8_0"},{"tipo":"img","x":"76px","y":"345.35px","width":"370.4px","height":"63.65px","nomeInstancia":"MovieClips/textConvertido_7_0","classe":"textConvertido_7_0","nome":"eli03_03_7_0"},{"tipo":"img","x":"76px","y":"266.6px","width":"372.45px","height":"63.65px","nomeInstancia":"MovieClips/textConvertido_6_0","classe":"textConvertido_6_0","nome":"eli03_03_6_0"},{"tipo":"img","x":"610.45px","y":"220.25px","width":"258.25px","height":"284.85px","nomeInstancia":"MovieClips/transicao_6_1","classe":"transicao_6_1","nome":"eli03_03_6_1"}]},{"desenhos":[{"tipo":"img","x":"569.1px","y":"212.5px","width":"402px","height":"63.65px","nomeInstancia":"MovieClips/textConvertido_9_0","classe":"textConvertido_9_0","nome":"eli03_03_9_0"},{"tipo":"img","x":"36.2px","y":"276.15px","width":"507.45px","height":"180.8px","nomeInstancia":"MovieClips/transicao_9_1","classe":"transicao_9_1","nome":"eli03_03_9_1"}]},{"desenhos":[{"tipo":"img","x":"569.1px","y":"302.05px","width":"409.15px","height":"104.75px","nomeInstancia":"MovieClips/textConvertido_10_0","classe":"textConvertido_10_0","nome":"eli03_03_10_0"},{"tipo":"img","x":"569.1px","y":"212.5px","width":"402px","height":"63.65px","nomeInstancia":"MovieClips/textConvertido_9_0","classe":"textConvertido_9_0","nome":"eli03_03_9_0"},{"tipo":"img","x":"36.2px","y":"276.15px","width":"507.45px","height":"180.8px","nomeInstancia":"MovieClips/transicao_9_1","classe":"transicao_9_1","nome":"eli03_03_9_1"}]},{"desenhos":[{"tipo":"img","x":"569.1px","y":"432.7px","width":"384.05px","height":"84.2px","nomeInstancia":"MovieClips/textConvertido_11_0","classe":"textConvertido_11_0","nome":"eli03_03_11_0"},{"tipo":"img","x":"569.1px","y":"302.05px","width":"409.15px","height":"104.75px","nomeInstancia":"MovieClips/textConvertido_10_0","classe":"textConvertido_10_0","nome":"eli03_03_10_0"},{"tipo":"img","x":"569.1px","y":"212.5px","width":"402px","height":"63.65px","nomeInstancia":"MovieClips/textConvertido_9_0","classe":"textConvertido_9_0","nome":"eli03_03_9_0"},{"tipo":"img","x":"36.2px","y":"276.15px","width":"507.45px","height":"180.8px","nomeInstancia":"MovieClips/transicao_9_1","classe":"transicao_9_1","nome":"eli03_03_9_1"}]},{"desenhos":[{"tipo":"img","x":"65.2px","y":"227.65px","width":"378.1px","height":"84.2px","nomeInstancia":"MovieClips/textConvertido_12_0","classe":"textConvertido_12_0","nome":"eli03_03_12_0"},{"tipo":"img","x":"465.6px","y":"261.3px","width":"525.8px","height":"178.3px","nomeInstancia":"MovieClips/transicao_12_1","classe":"transicao_12_1","nome":"eli03_03_12_1"}]},{"desenhos":[{"tipo":"img","x":"65.2px","y":"333.7px","width":"371.8px","height":"63.65px","nomeInstancia":"MovieClips/textConvertido_13_0","classe":"textConvertido_13_0","nome":"eli03_03_13_0"},{"tipo":"img","x":"65.2px","y":"227.65px","width":"378.1px","height":"84.2px","nomeInstancia":"MovieClips/textConvertido_12_0","classe":"textConvertido_12_0","nome":"eli03_03_12_0"},{"tipo":"img","x":"465.6px","y":"261.3px","width":"525.8px","height":"178.3px","nomeInstancia":"MovieClips/transicao_12_1","classe":"transicao_12_1","nome":"eli03_03_12_1"}]},{"desenhos":[{"tipo":"img","x":"65.2px","y":"419.2px","width":"374.95px","height":"84.2px","nomeInstancia":"MovieClips/textConvertido_14_0","classe":"textConvertido_14_0","nome":"eli03_03_14_0"},{"tipo":"img","x":"65.2px","y":"333.7px","width":"371.8px","height":"63.65px","nomeInstancia":"MovieClips/textConvertido_13_0","classe":"textConvertido_13_0","nome":"eli03_03_13_0"},{"tipo":"img","x":"65.2px","y":"227.65px","width":"378.1px","height":"84.2px","nomeInstancia":"MovieClips/textConvertido_12_0","classe":"textConvertido_12_0","nome":"eli03_03_12_0"},{"tipo":"img","x":"465.6px","y":"261.3px","width":"525.8px","height":"178.3px","nomeInstancia":"MovieClips/transicao_12_1","classe":"transicao_12_1","nome":"eli03_03_12_1"}]},{"desenhos":[{"tipo":"img","x":"604.4px","y":"281.5px","width":"368.85px","height":"104.75px","nomeInstancia":"MovieClips/textConvertido_15_0","classe":"textConvertido_15_0","nome":"eli03_03_15_0"},{"tipo":"img","x":"27.1px","y":"198.05px","width":"557.4px","height":"192.8px","nomeInstancia":"MovieClips/transicao_15_2","classe":"transicao_15_2","nome":"eli03_03_15_1"},{"tipo":"img","x":"48.4px","y":"413.95px","width":"514.8px","height":"152.95px","nomeInstancia":"MovieClips/transicao_15_1","classe":"transicao_15_1","nome":"eli03_03_15_2"}]},{"desenhos":[{"tipo":"img","x":"604.4px","y":"405.25px","width":"363.7px","height":"43.1px","nomeInstancia":"MovieClips/textConvertido_16_0","classe":"textConvertido_16_0","nome":"eli03_03_16_0"},{"tipo":"img","x":"604.4px","y":"281.5px","width":"368.85px","height":"104.75px","nomeInstancia":"MovieClips/textConvertido_15_0","classe":"textConvertido_15_0","nome":"eli03_03_15_0"},{"tipo":"img","x":"27.1px","y":"198.05px","width":"557.4px","height":"192.8px","nomeInstancia":"MovieClips/transicao_15_2","classe":"transicao_15_2","nome":"eli03_03_15_1"},{"tipo":"img","x":"48.4px","y":"413.95px","width":"514.8px","height":"152.95px","nomeInstancia":"MovieClips/transicao_15_1","classe":"transicao_15_1","nome":"eli03_03_15_2"}]},{"desenhos":[{"tipo":"img","x":"63.1px","y":"222.2px","width":"407.45px","height":"104.75px","nomeInstancia":"MovieClips/textConvertido_17_0","classe":"textConvertido_17_0","nome":"eli03_03_17_0"},{"tipo":"img","x":"512.5px","y":"253.5px","width":"450.65px","height":"256.15px","nomeInstancia":"MovieClips/transicao_17_1","classe":"transicao_17_1","nome":"eli03_03_17_1"}]},{"desenhos":[{"tipo":"img","x":"63.1px","y":"346px","width":"367.45px","height":"125.3px","nomeInstancia":"MovieClips/textConvertido_18_0","classe":"textConvertido_18_0","nome":"eli03_03_18_0"},{"tipo":"img","x":"63.1px","y":"222.2px","width":"407.45px","height":"104.75px","nomeInstancia":"MovieClips/textConvertido_17_0","classe":"textConvertido_17_0","nome":"eli03_03_17_0"},{"tipo":"img","x":"512.5px","y":"253.5px","width":"450.65px","height":"256.15px","nomeInstancia":"MovieClips/transicao_17_1","classe":"transicao_17_1","nome":"eli03_03_17_1"}]},{"desenhos":[{"tipo":"img","x":"63.1px","y":"490.35px","width":"412.6px","height":"43.1px","nomeInstancia":"MovieClips/textConvertido_19_0","classe":"textConvertido_19_0","nome":"eli03_03_19_0"},{"tipo":"img","x":"63.1px","y":"346px","width":"367.45px","height":"125.3px","nomeInstancia":"MovieClips/textConvertido_18_0","classe":"textConvertido_18_0","nome":"eli03_03_18_0"},{"tipo":"img","x":"63.1px","y":"222.2px","width":"407.45px","height":"104.75px","nomeInstancia":"MovieClips/textConvertido_17_0","classe":"textConvertido_17_0","nome":"eli03_03_17_0"},{"tipo":"img","x":"512.5px","y":"253.5px","width":"450.65px","height":"256.15px","nomeInstancia":"MovieClips/transicao_17_1","classe":"transicao_17_1","nome":"eli03_03_17_1"}]},{"desenhos":[{"tipo":"img","x":"576.05px","y":"295.7px","width":"355.95px","height":"166.4px","nomeInstancia":"MovieClips/textConvertido_20_0","classe":"textConvertido_20_0","nome":"eli03_03_20_0"},{"tipo":"img","x":"91.8px","y":"238.35px","width":"445.45px","height":"251.55px","nomeInstancia":"MovieClips/transicao_20_1","classe":"transicao_20_1","nome":"eli03_03_20_1"}]},{"desenhos":[{"tipo":"img","x":"80.2px","y":"217.8px","width":"882.2px","height":"349.7px","nomeInstancia":"MovieClips/opcoes21","classe":"opcoes21","nome":"eli03_03_21_0"},{"tipo":"img","x":"80.2px","y":"246.6px","width":"746.1px","height":"228.05px","nomeInstancia":"MovieClips/textConvertido_21_2","classe":"textConvertido_21_2","nome":"eli03_03_21_1"},{"tipo":"img","x":"80.2px","y":"126.1px","width":"214.45px","height":"91.7px","nomeInstancia":"MovieClips/transicao_21_1","classe":"transicao_21_1","nome":"eli03_03_21_2"}]}]}