{"licao":"eli03_02","topico":"02","telas":[{"desenhos":[{"tipo":"img","x":"110.7px","y":"155.25px","width":"509.25px","height":"210.75px","nomeInstancia":"MovieClips/transicao_1_0","classe":"transicao_1_0","nome":"eli03_02_1_0"},{"nome":"eli03_02_1_1","tipo":"personagem","x":"0px","y":"0px","width":"1016px","height":"659px","nomeInstancia":"MovieClips/animaP01","classe":"animaP01"}]},{"desenhos":[{"tipo":"img","x":"454px","y":"297.25px","width":"363.2px","height":"145.85px","nomeInstancia":"MovieClips/textConvertido_2_0","classe":"textConvertido_2_0","nome":"eli03_02_2_0"},{"tipo":"img","x":"118.6px","y":"227.9px","width":"263.45px","height":"263.4px","nomeInstancia":"MovieClips/transicao_2_1","classe":"transicao_2_1","nome":"eli03_02_2_1"}]},{"desenhos":[{"tipo":"img","x":"76px","y":"247.3px","width":"351px","height":"84.2px","nomeInstancia":"MovieClips/textConvertido_3_0","classe":"textConvertido_3_0","nome":"eli03_02_3_0"},{"tipo":"img","x":"492.2px","y":"247.3px","width":"478.55px","height":"238.35px","nomeInstancia":"MovieClips/transicao_3_1","classe":"transicao_3_1","nome":"eli03_02_3_1"}]},{"desenhos":[{"tipo":"img","x":"76px","y":"349.05px","width":"364.3px","height":"63.65px","nomeInstancia":"MovieClips/textConvertido_4_0","classe":"textConvertido_4_0","nome":"eli03_02_4_0"},{"tipo":"img","x":"76px","y":"247.3px","width":"351px","height":"84.2px","nomeInstancia":"MovieClips/textConvertido_3_0","classe":"textConvertido_3_0","nome":"eli03_02_3_0"},{"tipo":"img","x":"492.2px","y":"247.3px","width":"478.55px","height":"238.35px","nomeInstancia":"MovieClips/transicao_3_1","classe":"transicao_3_1","nome":"eli03_02_3_1"}]},{"desenhos":[{"tipo":"img","x":"76px","y":"430.25px","width":"383.7px","height":"63.65px","nomeInstancia":"MovieClips/textConvertido_5_0","classe":"textConvertido_5_0","nome":"eli03_02_5_0"},{"tipo":"img","x":"76px","y":"349.05px","width":"364.3px","height":"63.65px","nomeInstancia":"MovieClips/textConvertido_4_0","classe":"textConvertido_4_0","nome":"eli03_02_4_0"},{"tipo":"img","x":"76px","y":"247.3px","width":"351px","height":"84.2px","nomeInstancia":"MovieClips/textConvertido_3_0","classe":"textConvertido_3_0","nome":"eli03_02_3_0"},{"tipo":"img","x":"492.2px","y":"247.3px","width":"478.55px","height":"238.35px","nomeInstancia":"MovieClips/transicao_3_1","classe":"transicao_3_1","nome":"eli03_02_3_1"}]},{"desenhos":[{"tipo":"img","x":"500px","y":"264.55px","width":"397.9px","height":"84.2px","nomeInstancia":"MovieClips/textConvertido_6_0","classe":"textConvertido_6_0","nome":"eli03_02_6_0"},{"tipo":"img","x":"105.15px","y":"226.6px","width":"312.85px","height":"274.2px","nomeInstancia":"MovieClips/transicao_6_1","classe":"transicao_6_1","nome":"eli03_02_6_1"}]},{"desenhos":[{"tipo":"img","x":"500px","y":"373.05px","width":"407.1px","height":"84.2px","nomeInstancia":"MovieClips/textConvertido_7_0","classe":"textConvertido_7_0","nome":"eli03_02_7_0"},{"tipo":"img","x":"500px","y":"264.55px","width":"397.9px","height":"84.2px","nomeInstancia":"MovieClips/textConvertido_6_0","classe":"textConvertido_6_0","nome":"eli03_02_6_0"},{"tipo":"img","x":"105.15px","y":"226.6px","width":"312.85px","height":"274.2px","nomeInstancia":"MovieClips/transicao_6_1","classe":"transicao_6_1","nome":"eli03_02_6_1"}]},{"desenhos":[{"tipo":"img","x":"131.15px","y":"279.9px","width":"290.75px","height":"63.65px","nomeInstancia":"MovieClips/textConvertido_8_0","classe":"textConvertido_8_0","nome":"eli03_02_8_0"},{"tipo":"img","x":"518.1px","y":"249.9px","width":"363.15px","height":"247.15px","nomeInstancia":"MovieClips/transicao_8_1","classe":"transicao_8_1","nome":"eli03_02_8_1"}]},{"desenhos":[{"tipo":"img","x":"131.15px","y":"380px","width":"310.15px","height":"84.2px","nomeInstancia":"MovieClips/textConvertido_9_0","classe":"textConvertido_9_0","nome":"eli03_02_9_0"},{"tipo":"img","x":"131.15px","y":"279.9px","width":"290.75px","height":"63.65px","nomeInstancia":"MovieClips/textConvertido_8_0","classe":"textConvertido_8_0","nome":"eli03_02_8_0"},{"tipo":"img","x":"518.1px","y":"249.9px","width":"363.15px","height":"247.15px","nomeInstancia":"MovieClips/transicao_8_1","classe":"transicao_8_1","nome":"eli03_02_8_1"}]},{"desenhos":[{"tipo":"img","x":"347.2px","y":"164.5px","width":"242px","height":"69.15px","nomeInstancia":"MovieClips/transicao_10_0","classe":"transicao_10_0","nome":"eli03_02_10_0"},{"nome":"eli03_02_10_1","tipo":"personagem","x":"0px","y":"0px","width":"1016px","height":"659px","nomeInstancia":"MovieClips/animaP10","classe":"animaP10"}]},{"desenhos":[{"tipo":"img","x":"387.65px","y":"228px","width":"531.75px","height":"226.6px","nomeInstancia":"MovieClips/transicao_11_0","classe":"transicao_11_0","nome":"eli03_02_11_0"},{"tipo":"img","x":"347.2px","y":"164.5px","width":"242px","height":"69.15px","nomeInstancia":"MovieClips/transicao_10_0","classe":"transicao_10_0","nome":"eli03_02_10_0"},{"nome":"eli03_02_10_1","tipo":"personagem","x":"0px","y":"0px","width":"1016px","height":"659px","nomeInstancia":"MovieClips/animaP10","classe":"animaP10"}]},{"desenhos":[{"tipo":"img","x":"8px","y":"213.35px","width":"916.55px","height":"378.35px","nomeInstancia":"atvClick_opcoes_followMouse11","classe":"atvClick_opcoes_followMouse11","nome":"eli03_02_12_0"},{"tipo":"img","x":"76px","y":"303.25px","width":"235.6px","height":"104.75px","nomeInstancia":"MovieClips/textConvertido_12_1","classe":"textConvertido_12_1","nome":"eli03_02_12_1"},{"tipo":"img","x":"66.95px","y":"171.35px","width":"214.45px","height":"91.7px","nomeInstancia":"MovieClips/transicao_12_2","classe":"transicao_12_2","nome":"eli03_02_12_2"}]},{"desenhos":[{"tipo":"img","x":"146.85px","y":"190px","width":"722.3px","height":"43.1px","nomeInstancia":"MovieClips/textConvertido_13_0","classe":"textConvertido_13_0","nome":"eli03_02_13_0"},{"tipo":"img","x":"143.3px","y":"301.2px","width":"729.45px","height":"245.4px","nomeInstancia":"MovieClips/transicao_13_1","classe":"transicao_13_1","nome":"eli03_02_13_1"}]},{"desenhos":[{"tipo":"img","x":"158.2px","y":"190px","width":"779.45px","height":"400.65px","nomeInstancia":"MovieClips/telaInfo_scroll14","classe":"telaInfo_scroll14","nome":"eli03_02_14_0"},{"tipo":"img","x":"76px","y":"190px","width":"586.2px","height":"150.7px","nomeInstancia":"MovieClips/transicao_14_1","classe":"transicao_14_1","nome":"eli03_02_14_1"},{"tipo":"img","x":"19.95px","y":"363.4px","width":"631.85px","height":"177.7px","nomeInstancia":"MovieClips/transicao_14_3","classe":"transicao_14_3","nome":"eli03_02_14_2"},{"nome":"eli03_02_14_3","tipo":"personagem","x":"0px","y":"0px","width":"1016px","height":"659px","nomeInstancia":"MovieClips/animaP14","classe":"animaP14"}]},{"desenhos":[{"tipo":"img","x":"80.2px","y":"215.85px","width":"882.2px","height":"379.1px","nomeInstancia":"MovieClips/opcoes15","classe":"opcoes15","nome":"eli03_02_15_0"},{"tipo":"img","x":"80.2px","y":"246.6px","width":"855.85px","height":"269.15px","nomeInstancia":"MovieClips/textConvertido_15_2","classe":"textConvertido_15_2","nome":"eli03_02_15_1"},{"tipo":"img","x":"80.2px","y":"126.1px","width":"214.45px","height":"91.7px","nomeInstancia":"MovieClips/transicao_15_1","classe":"transicao_15_1","nome":"eli03_02_15_2"}]}]}