{"licao":"eli03_04","topico":"04","telas":[{"desenhos":[{"tipo":"img","x":"76px","y":"300.3px","width":"385.75px","height":"43.1px","nomeInstancia":"MovieClips/textConvertido_1_0","classe":"textConvertido_1_0","nome":"eli03_04_1_0"},{"tipo":"img","x":"620.9px","y":"292.8px","width":"45.2px","height":"133.3px","nomeInstancia":"MovieClips/transicao_1_2","classe":"transicao_1_2","nome":"eli03_04_1_1"},{"tipo":"img","x":"718.8px","y":"294.3px","width":"72.1px","height":"130.3px","nomeInstancia":"MovieClips/transicao_1_1","classe":"transicao_1_1","nome":"eli03_04_1_2"}]},{"desenhos":[{"tipo":"img","x":"76px","y":"357.45px","width":"376.55px","height":"43.1px","nomeInstancia":"MovieClips/textConvertido_2_0","classe":"textConvertido_2_0","nome":"eli03_04_2_0"},{"tipo":"img","x":"76px","y":"300.3px","width":"385.75px","height":"43.1px","nomeInstancia":"MovieClips/textConvertido_1_0","classe":"textConvertido_1_0","nome":"eli03_04_1_0"},{"tipo":"img","x":"620.9px","y":"292.8px","width":"45.2px","height":"133.3px","nomeInstancia":"MovieClips/transicao_1_2","classe":"transicao_1_2","nome":"eli03_04_1_1"},{"tipo":"img","x":"718.8px","y":"294.3px","width":"72.1px","height":"130.3px","nomeInstancia":"MovieClips/transicao_1_1","classe":"transicao_1_1","nome":"eli03_04_1_2"}]},{"desenhos":[{"tipo":"img","x":"69.6px","y":"185.3px","width":"786.85px","height":"374.6px","nomeInstancia":"MovieClips/telaInfo03","classe":"telaInfo03","nome":"eli03_04_3_0"},{"tipo":"img","x":"76px","y":"422.75px","width":"374.5px","height":"22.55px","nomeInstancia":"MovieClips/textConvertido_3_1","classe":"textConvertido_3_1","nome":"eli03_04_3_1"},{"tipo":"img","x":"76px","y":"357.45px","width":"376.55px","height":"43.1px","nomeInstancia":"MovieClips/textConvertido_2_0","classe":"textConvertido_2_0","nome":"eli03_04_2_0"},{"tipo":"img","x":"76px","y":"300.3px","width":"385.75px","height":"43.1px","nomeInstancia":"MovieClips/textConvertido_1_0","classe":"textConvertido_1_0","nome":"eli03_04_1_0"},{"tipo":"img","x":"620.9px","y":"292.8px","width":"45.2px","height":"133.3px","nomeInstancia":"MovieClips/transicao_1_2","classe":"transicao_1_2","nome":"eli03_04_1_1"},{"tipo":"img","x":"718.8px","y":"294.3px","width":"72.1px","height":"130.3px","nomeInstancia":"MovieClips/transicao_1_1","classe":"transicao_1_1","nome":"eli03_04_1_2"}]},{"desenhos":[{"tipo":"img","x":"548px","y":"258.85px","width":"366.25px","height":"63.65px","nomeInstancia":"MovieClips/textConvertido_4_0","classe":"textConvertido_4_0","nome":"eli03_04_4_0"},{"tipo":"img","x":"68.25px","y":"253.65px","width":"438.75px","height":"216.1px","nomeInstancia":"MovieClips/transicao_4_1","classe":"transicao_4_1","nome":"eli03_04_4_1"}]},{"desenhos":[{"tipo":"img","x":"548px","y":"332.5px","width":"377.45px","height":"84.2px","nomeInstancia":"MovieClips/textConvertido_5_0","classe":"textConvertido_5_0","nome":"eli03_04_5_0"},{"tipo":"img","x":"548px","y":"258.85px","width":"366.25px","height":"63.65px","nomeInstancia":"MovieClips/textConvertido_4_0","classe":"textConvertido_4_0","nome":"eli03_04_4_0"},{"tipo":"img","x":"68.25px","y":"253.65px","width":"438.75px","height":"216.1px","nomeInstancia":"MovieClips/transicao_4_1","classe":"transicao_4_1","nome":"eli03_04_4_1"}]},{"desenhos":[{"tipo":"img","x":"548px","y":"426.65px","width":"371.35px","height":"43.1px","nomeInstancia":"MovieClips/textConvertido_6_0","classe":"textConvertido_6_0","nome":"eli03_04_6_0"},{"tipo":"img","x":"548px","y":"332.5px","width":"377.45px","height":"84.2px","nomeInstancia":"MovieClips/textConvertido_5_0","classe":"textConvertido_5_0","nome":"eli03_04_5_0"},{"tipo":"img","x":"548px","y":"258.85px","width":"366.25px","height":"63.65px","nomeInstancia":"MovieClips/textConvertido_4_0","classe":"textConvertido_4_0","nome":"eli03_04_4_0"},{"tipo":"img","x":"68.25px","y":"253.65px","width":"438.75px","height":"216.1px","nomeInstancia":"MovieClips/transicao_4_1","classe":"transicao_4_1","nome":"eli03_04_4_1"}]},{"desenhos":[{"tipo":"img","x":"65.75px","y":"313.6px","width":"405.2px","height":"63.65px","nomeInstancia":"MovieClips/textConvertido_7_0","classe":"textConvertido_7_0","nome":"eli03_04_7_0"},{"tipo":"img","x":"526.15px","y":"269.15px","width":"429.9px","height":"211.05px","nomeInstancia":"MovieClips/transicao_7_1","classe":"transicao_7_1","nome":"eli03_04_7_1"}]},{"desenhos":[{"tipo":"img","x":"65.75px","y":"393.4px","width":"398.05px","height":"22.55px","nomeInstancia":"MovieClips/textConvertido_8_0","classe":"textConvertido_8_0","nome":"eli03_04_8_0"},{"tipo":"img","x":"65.75px","y":"313.6px","width":"405.2px","height":"63.65px","nomeInstancia":"MovieClips/textConvertido_7_0","classe":"textConvertido_7_0","nome":"eli03_04_7_0"},{"tipo":"img","x":"526.15px","y":"269.15px","width":"429.9px","height":"211.05px","nomeInstancia":"MovieClips/transicao_7_1","classe":"transicao_7_1","nome":"eli03_04_7_1"}]},{"desenhos":[{"tipo":"img","x":"533.75px","y":"242.15px","width":"395.8px","height":"22.55px","nomeInstancia":"MovieClips/textConvertido_9_1","classe":"textConvertido_9_1","nome":"eli03_04_9_0"},{"tipo":"img","x":"533.75px","y":"285.2px","width":"360.05px","height":"63.65px","nomeInstancia":"MovieClips/textConvertido_9_0","classe":"textConvertido_9_0","nome":"eli03_04_9_1"},{"tipo":"img","x":"96.6px","y":"204.1px","width":"362.85px","height":"302.75px","nomeInstancia":"MovieClips/transicao_9_2","classe":"transicao_9_2","nome":"eli03_04_9_2"}]},{"desenhos":[{"tipo":"img","x":"533.75px","y":"361.2px","width":"392.75px","height":"63.65px","nomeInstancia":"MovieClips/textConvertido_10_0","classe":"textConvertido_10_0","nome":"eli03_04_10_0"},{"tipo":"img","x":"533.75px","y":"242.15px","width":"395.8px","height":"22.55px","nomeInstancia":"MovieClips/textConvertido_9_1","classe":"textConvertido_9_1","nome":"eli03_04_9_0"},{"tipo":"img","x":"533.75px","y":"285.2px","width":"360.05px","height":"63.65px","nomeInstancia":"MovieClips/textConvertido_9_0","classe":"textConvertido_9_0","nome":"eli03_04_9_1"},{"tipo":"img","x":"96.6px","y":"204.1px","width":"362.85px","height":"302.75px","nomeInstancia":"MovieClips/transicao_9_2","classe":"transicao_9_2","nome":"eli03_04_9_2"}]},{"desenhos":[{"tipo":"img","x":"533.75px","y":"437.2px","width":"395.8px","height":"43.1px","nomeInstancia":"MovieClips/textConvertido_11_0","classe":"textConvertido_11_0","nome":"eli03_04_11_0"},{"tipo":"img","x":"533.75px","y":"361.2px","width":"392.75px","height":"63.65px","nomeInstancia":"MovieClips/textConvertido_10_0","classe":"textConvertido_10_0","nome":"eli03_04_10_0"},{"tipo":"img","x":"533.75px","y":"242.15px","width":"395.8px","height":"22.55px","nomeInstancia":"MovieClips/textConvertido_9_1","classe":"textConvertido_9_1","nome":"eli03_04_9_0"},{"tipo":"img","x":"533.75px","y":"285.2px","width":"360.05px","height":"63.65px","nomeInstancia":"MovieClips/textConvertido_9_0","classe":"textConvertido_9_0","nome":"eli03_04_9_1"},{"tipo":"img","x":"96.6px","y":"204.1px","width":"362.85px","height":"302.75px","nomeInstancia":"MovieClips/transicao_9_2","classe":"transicao_9_2","nome":"eli03_04_9_2"}]},{"desenhos":[{"tipo":"img","x":"95.4px","y":"245.15px","width":"298.9px","height":"22.55px","nomeInstancia":"MovieClips/textConvertido_12_0","classe":"textConvertido_12_0","nome":"eli03_04_12_0"},{"tipo":"img","x":"517.4px","y":"203.5px","width":"377.45px","height":"314.75px","nomeInstancia":"MovieClips/transicao_12_1","classe":"transicao_12_1","nome":"eli03_04_12_1"}]},{"desenhos":[{"tipo":"img","x":"95.4px","y":"294px","width":"320.35px","height":"84.2px","nomeInstancia":"MovieClips/textConvertido_13_0","classe":"textConvertido_13_0","nome":"eli03_04_13_0"},{"tipo":"img","x":"95.4px","y":"245.15px","width":"298.9px","height":"22.55px","nomeInstancia":"MovieClips/textConvertido_12_0","classe":"textConvertido_12_0","nome":"eli03_04_12_0"},{"tipo":"img","x":"517.4px","y":"203.5px","width":"377.45px","height":"314.75px","nomeInstancia":"MovieClips/transicao_12_1","classe":"transicao_12_1","nome":"eli03_04_12_1"}]},{"desenhos":[{"tipo":"img","x":"95.4px","y":"394.25px","width":"329.55px","height":"84.2px","nomeInstancia":"MovieClips/textConvertido_14_0","classe":"textConvertido_14_0","nome":"eli03_04_14_0"},{"tipo":"img","x":"95.4px","y":"294px","width":"320.35px","height":"84.2px","nomeInstancia":"MovieClips/textConvertido_13_0","classe":"textConvertido_13_0","nome":"eli03_04_13_0"},{"tipo":"img","x":"95.4px","y":"245.15px","width":"298.9px","height":"22.55px","nomeInstancia":"MovieClips/textConvertido_12_0","classe":"textConvertido_12_0","nome":"eli03_04_12_0"},{"tipo":"img","x":"517.4px","y":"203.5px","width":"377.45px","height":"314.75px","nomeInstancia":"MovieClips/transicao_12_1","classe":"transicao_12_1","nome":"eli03_04_12_1"}]},{"desenhos":[{"tipo":"img","x":"491.8px","y":"228.55px","width":"426px","height":"22.55px","nomeInstancia":"MovieClips/textConvertido_15_1","classe":"textConvertido_15_1","nome":"eli03_04_15_0"},{"tipo":"img","x":"491.8px","y":"281.55px","width":"431.6px","height":"84.2px","nomeInstancia":"MovieClips/textConvertido_15_0","classe":"textConvertido_15_0","nome":"eli03_04_15_1"},{"tipo":"img","x":"89.4px","y":"202.7px","width":"381px","height":"317px","nomeInstancia":"MovieClips/transicao_15_2","classe":"transicao_15_2","nome":"eli03_04_15_2"}]},{"desenhos":[{"tipo":"img","x":"491.8px","y":"381.85px","width":"480.65px","height":"125.3px","nomeInstancia":"MovieClips/textConvertido_16_0","classe":"textConvertido_16_0","nome":"eli03_04_16_0"},{"tipo":"img","x":"491.8px","y":"228.55px","width":"426px","height":"22.55px","nomeInstancia":"MovieClips/textConvertido_15_1","classe":"textConvertido_15_1","nome":"eli03_04_15_0"},{"tipo":"img","x":"491.8px","y":"281.55px","width":"431.6px","height":"84.2px","nomeInstancia":"MovieClips/textConvertido_15_0","classe":"textConvertido_15_0","nome":"eli03_04_15_1"},{"tipo":"img","x":"89.4px","y":"202.7px","width":"381px","height":"317px","nomeInstancia":"MovieClips/transicao_15_2","classe":"transicao_15_2","nome":"eli03_04_15_2"}]},{"desenhos":[{"tipo":"img","x":"76px","y":"211.7px","width":"426px","height":"22.55px","nomeInstancia":"MovieClips/textConvertido_17_1","classe":"textConvertido_17_1","nome":"eli03_04_17_0"},{"tipo":"img","x":"76px","y":"262.45px","width":"381.65px","height":"84.2px","nomeInstancia":"MovieClips/textConvertido_17_0","classe":"textConvertido_17_0","nome":"eli03_04_17_1"},{"tipo":"img","x":"525.55px","y":"211.7px","width":"373.95px","height":"309.9px","nomeInstancia":"MovieClips/transicao_17_2","classe":"transicao_17_2","nome":"eli03_04_17_2"}]},{"desenhos":[{"tipo":"img","x":"76px","y":"360.2px","width":"347.95px","height":"63.65px","nomeInstancia":"MovieClips/textConvertido_18_0","classe":"textConvertido_18_0","nome":"eli03_04_18_0"},{"tipo":"img","x":"76px","y":"211.7px","width":"426px","height":"22.55px","nomeInstancia":"MovieClips/textConvertido_17_1","classe":"textConvertido_17_1","nome":"eli03_04_17_0"},{"tipo":"img","x":"76px","y":"262.45px","width":"381.65px","height":"84.2px","nomeInstancia":"MovieClips/textConvertido_17_0","classe":"textConvertido_17_0","nome":"eli03_04_17_1"},{"tipo":"img","x":"525.55px","y":"211.7px","width":"373.95px","height":"309.9px","nomeInstancia":"MovieClips/transicao_17_2","classe":"transicao_17_2","nome":"eli03_04_17_2"}]},{"desenhos":[{"tipo":"img","x":"76px","y":"437.4px","width":"321.4px","height":"84.2px","nomeInstancia":"MovieClips/textConvertido_19_0","classe":"textConvertido_19_0","nome":"eli03_04_19_0"},{"tipo":"img","x":"76px","y":"360.2px","width":"347.95px","height":"63.65px","nomeInstancia":"MovieClips/textConvertido_18_0","classe":"textConvertido_18_0","nome":"eli03_04_18_0"},{"tipo":"img","x":"76px","y":"211.7px","width":"426px","height":"22.55px","nomeInstancia":"MovieClips/textConvertido_17_1","classe":"textConvertido_17_1","nome":"eli03_04_17_0"},{"tipo":"img","x":"76px","y":"262.45px","width":"381.65px","height":"84.2px","nomeInstancia":"MovieClips/textConvertido_17_0","classe":"textConvertido_17_0","nome":"eli03_04_17_1"},{"tipo":"img","x":"525.55px","y":"211.7px","width":"373.95px","height":"309.9px","nomeInstancia":"MovieClips/transicao_17_2","classe":"transicao_17_2","nome":"eli03_04_17_2"}]},{"desenhos":[{"tipo":"img","x":"500px","y":"250.25px","width":"436.7px","height":"22.55px","nomeInstancia":"MovieClips/textConvertido_20_1","classe":"textConvertido_20_1","nome":"eli03_04_20_0"},{"tipo":"img","x":"500px","y":"294.05px","width":"402px","height":"104.75px","nomeInstancia":"MovieClips/textConvertido_20_0","classe":"textConvertido_20_0","nome":"eli03_04_20_1"},{"tipo":"img","x":"86.65px","y":"212.55px","width":"366.25px","height":"279.2px","nomeInstancia":"MovieClips/transicao_20_2","classe":"transicao_20_2","nome":"eli03_04_20_2"}]},{"desenhos":[{"tipo":"img","x":"500px","y":"408.8px","width":"426px","height":"43.1px","nomeInstancia":"MovieClips/textConvertido_21_0","classe":"textConvertido_21_0","nome":"eli03_04_21_0"},{"tipo":"img","x":"500px","y":"250.25px","width":"436.7px","height":"22.55px","nomeInstancia":"MovieClips/textConvertido_20_1","classe":"textConvertido_20_1","nome":"eli03_04_20_0"},{"tipo":"img","x":"500px","y":"294.05px","width":"402px","height":"104.75px","nomeInstancia":"MovieClips/textConvertido_20_0","classe":"textConvertido_20_0","nome":"eli03_04_20_1"},{"tipo":"img","x":"86.65px","y":"212.55px","width":"366.25px","height":"279.2px","nomeInstancia":"MovieClips/transicao_20_2","classe":"transicao_20_2","nome":"eli03_04_20_2"}]},{"desenhos":[{"tipo":"img","x":"83.15px","y":"234px","width":"426px","height":"85.3px","nomeInstancia":"MovieClips/textConvertido_22_0","classe":"textConvertido_22_0","nome":"eli03_04_22_0"},{"tipo":"img","x":"551.35px","y":"212.15px","width":"370.65px","height":"280.15px","nomeInstancia":"MovieClips/transicao_22_1","classe":"transicao_22_1","nome":"eli03_04_22_1"}]},{"desenhos":[{"tipo":"img","x":"83.15px","y":"337px","width":"426px","height":"104.75px","nomeInstancia":"MovieClips/textConvertido_23_0","classe":"textConvertido_23_0","nome":"eli03_04_23_0"},{"tipo":"img","x":"83.15px","y":"234px","width":"426px","height":"85.3px","nomeInstancia":"MovieClips/textConvertido_22_0","classe":"textConvertido_22_0","nome":"eli03_04_22_0"},{"tipo":"img","x":"551.35px","y":"212.15px","width":"370.65px","height":"280.15px","nomeInstancia":"MovieClips/transicao_22_1","classe":"transicao_22_1","nome":"eli03_04_22_1"}]},{"desenhos":[{"tipo":"img","x":"83.15px","y":"460.55px","width":"426px","height":"22.55px","nomeInstancia":"MovieClips/textConvertido_24_0","classe":"textConvertido_24_0","nome":"eli03_04_24_0"},{"tipo":"img","x":"83.15px","y":"337px","width":"426px","height":"104.75px","nomeInstancia":"MovieClips/textConvertido_23_0","classe":"textConvertido_23_0","nome":"eli03_04_23_0"},{"tipo":"img","x":"83.15px","y":"234px","width":"426px","height":"85.3px","nomeInstancia":"MovieClips/textConvertido_22_0","classe":"textConvertido_22_0","nome":"eli03_04_22_0"},{"tipo":"img","x":"551.35px","y":"212.15px","width":"370.65px","height":"280.15px","nomeInstancia":"MovieClips/transicao_22_1","classe":"transicao_22_1","nome":"eli03_04_22_1"}]},{"desenhos":[{"tipo":"img","x":"500px","y":"251.3px","width":"413.2px","height":"84.2px","nomeInstancia":"MovieClips/textConvertido_25_0","classe":"textConvertido_25_0","nome":"eli03_04_25_0"},{"tipo":"img","x":"82.55px","y":"210.8px","width":"376.45px","height":"286.9px","nomeInstancia":"MovieClips/transicao_25_1","classe":"transicao_25_1","nome":"eli03_04_25_1"}]},{"desenhos":[{"tipo":"img","x":"500px","y":"351.6px","width":"406.05px","height":"43.1px","nomeInstancia":"MovieClips/textConvertido_26_0","classe":"textConvertido_26_0","nome":"eli03_04_26_0"},{"tipo":"img","x":"500px","y":"251.3px","width":"413.2px","height":"84.2px","nomeInstancia":"MovieClips/textConvertido_25_0","classe":"textConvertido_25_0","nome":"eli03_04_25_0"},{"tipo":"img","x":"82.55px","y":"210.8px","width":"376.45px","height":"286.9px","nomeInstancia":"MovieClips/transicao_25_1","classe":"transicao_25_1","nome":"eli03_04_25_1"}]},{"desenhos":[{"tipo":"img","x":"82.55px","y":"212.9px","width":"775.5px","height":"367.25px","nomeInstancia":"MovieClips/telaInfo27","classe":"telaInfo27","nome":"eli03_04_27_0"},{"tipo":"img","x":"500px","y":"410.8px","width":"406.05px","height":"63.65px","nomeInstancia":"MovieClips/textConvertido_27_1","classe":"textConvertido_27_1","nome":"eli03_04_27_1"},{"tipo":"img","x":"500px","y":"351.6px","width":"406.05px","height":"43.1px","nomeInstancia":"MovieClips/textConvertido_26_0","classe":"textConvertido_26_0","nome":"eli03_04_26_0"},{"tipo":"img","x":"500px","y":"251.3px","width":"413.2px","height":"84.2px","nomeInstancia":"MovieClips/textConvertido_25_0","classe":"textConvertido_25_0","nome":"eli03_04_25_0"},{"tipo":"img","x":"82.55px","y":"210.8px","width":"376.45px","height":"286.9px","nomeInstancia":"MovieClips/transicao_25_1","classe":"transicao_25_1","nome":"eli03_04_25_1"}]},{"desenhos":[{"tipo":"img","x":"80.2px","y":"215.85px","width":"882.2px","height":"351.65px","nomeInstancia":"MovieClips/opcoes28","classe":"opcoes28","nome":"eli03_04_28_0"},{"tipo":"img","x":"80.2px","y":"246.6px","width":"746.1px","height":"207.5px","nomeInstancia":"MovieClips/textConvertido_28_1","classe":"textConvertido_28_1","nome":"eli03_04_28_1"},{"tipo":"img","x":"80.2px","y":"126.1px","width":"214.45px","height":"91.7px","nomeInstancia":"MovieClips/transicao_28_2","classe":"transicao_28_2","nome":"eli03_04_28_2"}]},{"desenhos":[{"tipo":"img","x":"524.25px","y":"344.05px","width":"426px","height":"63.65px","nomeInstancia":"MovieClips/textConvertido_29_0","classe":"textConvertido_29_0","nome":"eli03_04_29_0"},{"tipo":"img","x":"524.25px","y":"275.6px","width":"310.95px","height":"43.1px","nomeInstancia":"MovieClips/textConvertido_29_1","classe":"textConvertido_29_1","nome":"eli03_04_29_1"},{"tipo":"img","x":"146.05px","y":"175.95px","width":"322.1px","height":"363.2px","nomeInstancia":"MovieClips/transicao_29_2","classe":"transicao_29_2","nome":"eli03_04_29_2"}]},{"desenhos":[{"tipo":"img","x":"524.25px","y":"422.85px","width":"426px","height":"43.1px","nomeInstancia":"MovieClips/textConvertido_30_0","classe":"textConvertido_30_0","nome":"eli03_04_30_0"},{"tipo":"img","x":"524.25px","y":"344.05px","width":"426px","height":"63.65px","nomeInstancia":"MovieClips/textConvertido_29_0","classe":"textConvertido_29_0","nome":"eli03_04_29_0"},{"tipo":"img","x":"524.25px","y":"275.6px","width":"310.95px","height":"43.1px","nomeInstancia":"MovieClips/textConvertido_29_1","classe":"textConvertido_29_1","nome":"eli03_04_29_1"},{"tipo":"img","x":"146.05px","y":"175.95px","width":"322.1px","height":"363.2px","nomeInstancia":"MovieClips/transicao_29_2","classe":"transicao_29_2","nome":"eli03_04_29_2"}]},{"desenhos":[{"tipo":"img","x":"123.25px","y":"247.45px","width":"351.85px","height":"84.2px","nomeInstancia":"MovieClips/textConvertido_31_0","classe":"textConvertido_31_0","nome":"eli03_04_31_0"},{"tipo":"img","x":"584px","y":"173.05px","width":"278.95px","height":"386.9px","nomeInstancia":"MovieClips/transicao_31_1","classe":"transicao_31_1","nome":"eli03_04_31_1"}]},{"desenhos":[{"tipo":"img","x":"123.25px","y":"360.8px","width":"344.15px","height":"104.75px","nomeInstancia":"MovieClips/textConvertido_32_0","classe":"textConvertido_32_0","nome":"eli03_04_32_0"},{"tipo":"img","x":"123.25px","y":"247.45px","width":"351.85px","height":"84.2px","nomeInstancia":"MovieClips/textConvertido_31_0","classe":"textConvertido_31_0","nome":"eli03_04_31_0"},{"tipo":"img","x":"584px","y":"173.05px","width":"278.95px","height":"386.9px","nomeInstancia":"MovieClips/transicao_31_1","classe":"transicao_31_1","nome":"eli03_04_31_1"}]},{"desenhos":[{"tipo":"img","x":"103.55px","y":"225.7px","width":"808.95px","height":"351.55px","nomeInstancia":"MovieClips/atvClick_opcoes_dgOpc","classe":"atvClick_opcoes_dgOpc","nome":"eli03_04_33_0"},{"tipo":"img","x":"332.75px","y":"182.6px","width":"600.8px","height":"43.1px","nomeInstancia":"MovieClips/textConvertido_33_1","classe":"textConvertido_33_1","nome":"eli03_04_33_1"},{"tipo":"img","x":"99.95px","y":"134px","width":"214.45px","height":"91.7px","nomeInstancia":"MovieClips/transicao_33_2","classe":"transicao_33_2","nome":"eli03_04_33_2"}]}]}