{"licao":"eli03_05","topico":"05","telas":[{"desenhos":[{"tipo":"img","x":"158.2px","y":"212.9px","width":"700.05px","height":"335.25px","nomeInstancia":"MovieClips/telaInfo01","classe":"telaInfo01","nome":"eli03_05_1_0"},{"tipo":"img","x":"135.25px","y":"253.3px","width":"474.5px","height":"116.8px","nomeInstancia":"MovieClips/transicao_1_1","classe":"transicao_1_1","nome":"eli03_05_1_1"},{"nome":"eli03_05_1_2","tipo":"personagem","x":"0px","y":"0px","width":"1016px","height":"659px","nomeInstancia":"MovieClips/animaP01","classe":"animaP01"}]},{"desenhos":[{"tipo":"img","x":"521.5px","y":"263.55px","width":"452px","height":"125.3px","nomeInstancia":"MovieClips/textConvertido_2_0","classe":"textConvertido_2_0","nome":"eli03_05_2_0"},{"tipo":"img","x":"47px","y":"281.95px","width":"425.75px","height":"189.8px","nomeInstancia":"MovieClips/transicao_2_1","classe":"transicao_2_1","nome":"eli03_05_2_1"}]},{"desenhos":[{"tipo":"img","x":"521.5px","y":"419.4px","width":"426px","height":"84.2px","nomeInstancia":"MovieClips/textConvertido_3_0","classe":"textConvertido_3_0","nome":"eli03_05_3_0"},{"tipo":"img","x":"521.5px","y":"263.55px","width":"452px","height":"125.3px","nomeInstancia":"MovieClips/textConvertido_2_0","classe":"textConvertido_2_0","nome":"eli03_05_2_0"},{"tipo":"img","x":"47px","y":"281.95px","width":"425.75px","height":"189.8px","nomeInstancia":"MovieClips/transicao_2_1","classe":"transicao_2_1","nome":"eli03_05_2_1"}]},{"desenhos":[{"tipo":"img","x":"76px","y":"272.75px","width":"334.65px","height":"22.55px","nomeInstancia":"MovieClips/textConvertido_4_1","classe":"textConvertido_4_1","nome":"eli03_05_4_0"},{"tipo":"img","x":"76px","y":"322.7px","width":"350px","height":"63.65px","nomeInstancia":"MovieClips/textConvertido_4_0","classe":"textConvertido_4_0","nome":"eli03_05_4_1"},{"tipo":"img","x":"475.9px","y":"185.4px","width":"433.05px","height":"358.65px","nomeInstancia":"MovieClips/transicao_4_2","classe":"transicao_4_2","nome":"eli03_05_4_2"}]},{"desenhos":[{"tipo":"img","x":"76px","y":"399.4px","width":"343.85px","height":"84.2px","nomeInstancia":"MovieClips/textConvertido_5_0","classe":"textConvertido_5_0","nome":"eli03_05_5_0"},{"tipo":"img","x":"76px","y":"272.75px","width":"334.65px","height":"22.55px","nomeInstancia":"MovieClips/textConvertido_4_1","classe":"textConvertido_4_1","nome":"eli03_05_4_0"},{"tipo":"img","x":"76px","y":"322.7px","width":"350px","height":"63.65px","nomeInstancia":"MovieClips/textConvertido_4_0","classe":"textConvertido_4_0","nome":"eli03_05_4_1"},{"tipo":"img","x":"475.9px","y":"185.4px","width":"433.05px","height":"358.65px","nomeInstancia":"MovieClips/transicao_4_2","classe":"transicao_4_2","nome":"eli03_05_4_2"}]},{"desenhos":[{"tipo":"img","x":"522.5px","y":"236.95px","width":"413.2px","height":"145.85px","nomeInstancia":"MovieClips/textConvertido_6_0","classe":"textConvertido_6_0","nome":"eli03_05_6_0"},{"tipo":"img","x":"90.45px","y":"210.6px","width":"372.65px","height":"310.25px","nomeInstancia":"MovieClips/transicao_6_1","classe":"transicao_6_1","nome":"eli03_05_6_1"}]},{"desenhos":[{"tipo":"img","x":"522.5px","y":"400.95px","width":"386.65px","height":"104.75px","nomeInstancia":"MovieClips/textConvertido_7_0","classe":"textConvertido_7_0","nome":"eli03_05_7_0"},{"tipo":"img","x":"522.5px","y":"236.95px","width":"413.2px","height":"145.85px","nomeInstancia":"MovieClips/textConvertido_6_0","classe":"textConvertido_6_0","nome":"eli03_05_6_0"},{"tipo":"img","x":"90.45px","y":"210.6px","width":"372.65px","height":"310.25px","nomeInstancia":"MovieClips/transicao_6_1","classe":"transicao_6_1","nome":"eli03_05_6_1"}]},{"desenhos":[{"tipo":"img","x":"97.45px","y":"218.6px","width":"382.65px","height":"22.55px","nomeInstancia":"MovieClips/textConvertido_8_1","classe":"textConvertido_8_1","nome":"eli03_05_8_0"},{"tipo":"img","x":"97.45px","y":"263.45px","width":"371.45px","height":"84.2px","nomeInstancia":"MovieClips/textConvertido_8_0","classe":"textConvertido_8_0","nome":"eli03_05_8_1"},{"tipo":"img","x":"600.85px","y":"218.6px","width":"286.7px","height":"310.5px","nomeInstancia":"MovieClips/transicao_8_2","classe":"transicao_8_2","nome":"eli03_05_8_2"}]},{"desenhos":[{"tipo":"img","x":"97.45px","y":"359.7px","width":"378.6px","height":"84.2px","nomeInstancia":"MovieClips/textConvertido_9_0","classe":"textConvertido_9_0","nome":"eli03_05_9_0"},{"tipo":"img","x":"97.45px","y":"218.6px","width":"382.65px","height":"22.55px","nomeInstancia":"MovieClips/textConvertido_8_1","classe":"textConvertido_8_1","nome":"eli03_05_8_0"},{"tipo":"img","x":"97.45px","y":"263.45px","width":"371.45px","height":"84.2px","nomeInstancia":"MovieClips/textConvertido_8_0","classe":"textConvertido_8_0","nome":"eli03_05_8_1"},{"tipo":"img","x":"600.85px","y":"218.6px","width":"286.7px","height":"310.5px","nomeInstancia":"MovieClips/transicao_8_2","classe":"transicao_8_2","nome":"eli03_05_8_2"}]},{"desenhos":[{"tipo":"img","x":"97.45px","y":"455.95px","width":"426px","height":"63.65px","nomeInstancia":"MovieClips/textConvertido_10_0","classe":"textConvertido_10_0","nome":"eli03_05_10_0"},{"tipo":"img","x":"97.45px","y":"359.7px","width":"378.6px","height":"84.2px","nomeInstancia":"MovieClips/textConvertido_9_0","classe":"textConvertido_9_0","nome":"eli03_05_9_0"},{"tipo":"img","x":"97.45px","y":"218.6px","width":"382.65px","height":"22.55px","nomeInstancia":"MovieClips/textConvertido_8_1","classe":"textConvertido_8_1","nome":"eli03_05_8_0"},{"tipo":"img","x":"97.45px","y":"263.45px","width":"371.45px","height":"84.2px","nomeInstancia":"MovieClips/textConvertido_8_0","classe":"textConvertido_8_0","nome":"eli03_05_8_1"},{"tipo":"img","x":"600.85px","y":"218.6px","width":"286.7px","height":"310.5px","nomeInstancia":"MovieClips/transicao_8_2","classe":"transicao_8_2","nome":"eli03_05_8_2"}]},{"desenhos":[{"tipo":"img","x":"583.8px","y":"343.2px","width":"325.35px","height":"104.75px","nomeInstancia":"MovieClips/textConvertido_11_0","classe":"textConvertido_11_0","nome":"eli03_05_11_0"},{"tipo":"img","x":"85.3px","y":"236.75px","width":"440.3px","height":"302.6px","nomeInstancia":"MovieClips/transicao_11_1","classe":"transicao_11_1","nome":"eli03_05_11_1"}]},{"desenhos":[{"tipo":"img","x":"118.85px","y":"324.85px","width":"346.9px","height":"84.2px","nomeInstancia":"MovieClips/textConvertido_12_0","classe":"textConvertido_12_0","nome":"eli03_05_12_0"},{"tipo":"img","x":"563.65px","y":"186.65px","width":"319.9px","height":"364.3px","nomeInstancia":"MovieClips/transicao_12_1","classe":"transicao_12_1","nome":"eli03_05_12_1"}]},{"desenhos":[{"tipo":"img","x":"80.2px","y":"253.4px","width":"882.2px","height":"314.1px","nomeInstancia":"MovieClips/opcoes13","classe":"opcoes13","nome":"eli03_05_13_0"},{"tipo":"img","x":"80.2px","y":"246.6px","width":"746.1px","height":"269.15px","nomeInstancia":"MovieClips/textConvertido_13_1","classe":"textConvertido_13_1","nome":"eli03_05_13_1"},{"tipo":"img","x":"80.2px","y":"126.1px","width":"214.45px","height":"91.7px","nomeInstancia":"MovieClips/transicao_13_2","classe":"transicao_13_2","nome":"eli03_05_13_2"}]},{"desenhos":[{"tipo":"img","x":"150.55px","y":"198.05px","width":"538.85px","height":"142.3px","nomeInstancia":"MovieClips/transicao_14_0","classe":"transicao_14_0","nome":"eli03_05_14_0"},{"tipo":"img","x":"38.55px","y":"120.3px","width":"190.6px","height":"83.85px","nomeInstancia":"MovieClips/transicao_14_2","classe":"transicao_14_2","nome":"eli03_05_14_1"},{"nome":"eli03_05_14_2","tipo":"personagem","x":"0px","y":"0px","width":"1016px","height":"659px","nomeInstancia":"MovieClips/animaP14","classe":"animaP14"}]},{"desenhos":[{"tipo":"img","x":"226.15px","y":"335px","width":"419.35px","height":"150.6px","nomeInstancia":"MovieClips/transicao_15_0","classe":"transicao_15_0","nome":"eli03_05_15_0"},{"tipo":"img","x":"150.55px","y":"198.05px","width":"538.85px","height":"142.3px","nomeInstancia":"MovieClips/transicao_14_0","classe":"transicao_14_0","nome":"eli03_05_14_0"},{"tipo":"img","x":"38.55px","y":"120.3px","width":"190.6px","height":"83.85px","nomeInstancia":"MovieClips/transicao_14_2","classe":"transicao_14_2","nome":"eli03_05_14_1"},{"nome":"eli03_05_14_2","tipo":"personagem","x":"0px","y":"0px","width":"1016px","height":"659px","nomeInstancia":"MovieClips/animaP14","classe":"animaP14"}]},{"desenhos":[{"tipo":"img","x":"272.2px","y":"122.3px","width":"471.6px","height":"475.15px","nomeInstancia":"MovieClips/transicao_16_0","classe":"transicao_16_0","nome":"eli03_05_16_0"}]},{"desenhos":[{"tipo":"img","x":"100.5px","y":"253.3px","width":"477.55px","height":"103.55px","nomeInstancia":"MovieClips/transicao_17_0","classe":"transicao_17_0","nome":"eli03_05_17_0"},{"nome":"eli03_05_17_1","tipo":"personagem","x":"0px","y":"0px","width":"1016px","height":"659px","nomeInstancia":"MovieClips/animaP17","classe":"animaP17"}]},{"desenhos":[{"tipo":"img","x":"209.8px","y":"352.85px","width":"319.25px","height":"91.4px","nomeInstancia":"MovieClips/transicao_18_0","classe":"transicao_18_0","nome":"eli03_05_18_0"},{"tipo":"img","x":"100.5px","y":"253.3px","width":"477.55px","height":"103.55px","nomeInstancia":"MovieClips/transicao_17_0","classe":"transicao_17_0","nome":"eli03_05_17_0"},{"nome":"eli03_05_17_1","tipo":"personagem","x":"0px","y":"0px","width":"1016px","height":"659px","nomeInstancia":"MovieClips/animaP17","classe":"animaP17"}]}]}