{"licao":"eli03_00","topico":"00","telas":[{"desenhos":[{"tipo":"img","x":"44.9px","y":"217.4px","width":"624.2px","height":"130.75px","nomeInstancia":"MovieClips/transicao_1_0","classe":"transicao_1_0","nome":"eli03_00_1_0"},{"nome":"eli03_00_1_1","tipo":"personagem","x":"0px","y":"0px","width":"1016px","height":"659px","nomeInstancia":"MovieClips/animaP01","classe":"animaP01"}]},{"desenhos":[{"tipo":"img","x":"121.9px","y":"344.35px","width":"498px","height":"112.85px","nomeInstancia":"MovieClips/transicao_2_0","classe":"transicao_2_0","nome":"eli03_00_2_0"},{"tipo":"img","x":"44.9px","y":"217.4px","width":"624.2px","height":"130.75px","nomeInstancia":"MovieClips/transicao_1_0","classe":"transicao_1_0","nome":"eli03_00_1_0"},{"nome":"eli03_00_1_1","tipo":"personagem","x":"0px","y":"0px","width":"1016px","height":"659px","nomeInstancia":"MovieClips/animaP01","classe":"animaP01"}]},{"desenhos":[{"tipo":"img","x":"209.75px","y":"453.9px","width":"410.15px","height":"78.1px","nomeInstancia":"MovieClips/transicao_3_0","classe":"transicao_3_0","nome":"eli03_00_3_0"},{"tipo":"img","x":"121.9px","y":"344.35px","width":"498px","height":"112.85px","nomeInstancia":"MovieClips/transicao_2_0","classe":"transicao_2_0","nome":"eli03_00_2_0"},{"tipo":"img","x":"44.9px","y":"217.4px","width":"624.2px","height":"130.75px","nomeInstancia":"MovieClips/transicao_1_0","classe":"transicao_1_0","nome":"eli03_00_1_0"},{"nome":"eli03_00_1_1","tipo":"personagem","x":"0px","y":"0px","width":"1016px","height":"659px","nomeInstancia":"MovieClips/animaP01","classe":"animaP01"}]}]}