{"licao":"biblioteca","telas":[{"desenhos":[{"tipo":"img","x":"-0.4px","y":"0.45px","width":"1016.1px","height":"110px","nomeInstancia":"Symbol 1","classe":"Symbol 1","nome":"biblioteca_1_0"}]},{"desenhos":[{"tipo":"img","x":"0px","y":"0px","width":"1016.1px","height":"110px","nomeInstancia":"MovieClips/cabecalho copy 3","classe":"cabecalho copy 3","nome":"biblioteca_2_0"}]},{"desenhos":[{"tipo":"img","x":"0px","y":"433.85px","width":"1016px","height":"45px","nomeInstancia":"MovieClips/rodape","classe":"rodape","nome":"biblioteca_3_0"}]},{"desenhos":[{"tipo":"img","x":"0px","y":"553.95px","width":"1016px","height":"45px","nomeInstancia":"MovieClips/rodape_mp 2","classe":"rodape_mp 2","nome":"biblioteca_4_0"}]},{"desenhos":[{"tipo":"img","x":"0px","y":"288.95px","width":"1016px","height":"45px","nomeInstancia":"MovieClips/rodape copy","classe":"rodape copy","nome":"biblioteca_5_0"}]},{"desenhos":[{"tipo":"img","x":"0px","y":"307.45px","width":"1016px","height":"45px","nomeInstancia":"MovieClips/Cópia de rodape","classe":"Cópia de rodape","nome":"biblioteca_6_0"}]},{"desenhos":[{"tipo":"img","x":"462.45px","y":"308.5px","width":"92px","height":"43.9px","nomeInstancia":"MovieClips/Símbolo 4","classe":"Símbolo 4","nome":"biblioteca_7_0"}]}]}