{"licao":"biblioteca","telas":[{"desenhos":[{"tipo":"img","x":"0px","y":"0px","width":"1016px","height":"110px","nomeInstancia":"MovieClips/Symbol 2 copy","classe":"Symbol 2 copy","nome":"biblioteca_1_0"}]},{"desenhos":[{"tipo":"img","x":"0px","y":"0px","width":"1016px","height":"110px","nomeInstancia":"MovieClips/Symbol 3","classe":"Symbol 3","nome":"biblioteca_2_0"}]},{"desenhos":[{"tipo":"img","x":"0px","y":"399.65px","width":"1016px","height":"45px","nomeInstancia":"MovieClips/Symbol 4","classe":"Symbol 4","nome":"biblioteca_3_0"}]},{"desenhos":[{"tipo":"img","x":"0px","y":"614px","width":"1016px","height":"45px","nomeInstancia":"MovieClips/Symbol 5","classe":"Symbol 5","nome":"biblioteca_4_0"}]},{"desenhos":[{"tipo":"img","x":"0px","y":"307.4px","width":"1016px","height":"45px","nomeInstancia":"MovieClips/Symbol 7","classe":"Symbol 7","nome":"biblioteca_5_0"}]}]}