{"licao":"elm03_01","topico":"01","telas":[{"desenhos":[{"tipo":"img","x":"484.55px","y":"241.15px","width":"389.4px","height":"112.25px","nomeInstancia":"MovieClips/transicao_1_0","classe":"transicao_1_0","nome":"elm03_01_1_0"},{"nome":"elm03_01_1_1","tipo":"personagem","x":"0px","y":"0px","width":"1016px","height":"659px","nomeInstancia":"MovieClips/animaP1","classe":"animaP1"}]},{"desenhos":[{"tipo":"img","x":"87.9px","y":"298.1px","width":"411.4px","height":"84.2px","nomeInstancia":"MovieClips/textConvertido_2_0","classe":"textConvertido_2_0","nome":"elm03_01_2_0"},{"tipo":"img","x":"539.85px","y":"234.2px","width":"394.75px","height":"243.4px","nomeInstancia":"MovieClips/transicao_2_1","classe":"transicao_2_1","nome":"elm03_01_2_1"}]},{"desenhos":[{"tipo":"img","x":"87.9px","y":"397.05px","width":"411.4px","height":"22.55px","nomeInstancia":"MovieClips/textConvertido_3_0","classe":"textConvertido_3_0","nome":"elm03_01_3_0"},{"tipo":"img","x":"87.9px","y":"298.1px","width":"411.4px","height":"84.2px","nomeInstancia":"MovieClips/textConvertido_2_0","classe":"textConvertido_2_0","nome":"elm03_01_2_0"},{"tipo":"img","x":"539.85px","y":"234.2px","width":"394.75px","height":"243.4px","nomeInstancia":"MovieClips/transicao_2_1","classe":"transicao_2_1","nome":"elm03_01_2_1"}]},{"desenhos":[{"tipo":"img","x":"505px","y":"295.45px","width":"387.4px","height":"84.2px","nomeInstancia":"MovieClips/textConvertido_4_0","classe":"textConvertido_4_0","nome":"elm03_01_4_0"},{"tipo":"img","x":"108.7px","y":"256.35px","width":"414.25px","height":"247.7px","nomeInstancia":"MovieClips/transicao_4_1","classe":"transicao_4_1","nome":"elm03_01_4_1"}]},{"desenhos":[{"tipo":"img","x":"237.35px","y":"268.2px","width":"327.65px","height":"112.2px","nomeInstancia":"MovieClips/transicao_5_0","classe":"transicao_5_0","nome":"elm03_01_5_0"},{"nome":"elm03_01_5_1","tipo":"personagem","x":"0px","y":"0px","width":"1016px","height":"659px","nomeInstancia":"MovieClips/animaP5","classe":"animaP5"}]},{"desenhos":[{"tipo":"img","x":"477.6px","y":"221.7px","width":"476.4px","height":"43.1px","nomeInstancia":"MovieClips/textConvertido_6_0","classe":"textConvertido_6_0","nome":"elm03_01_6_0"},{"tipo":"img","x":"65.85px","y":"283.55px","width":"344.2px","height":"237.35px","nomeInstancia":"MovieClips/transicao_6_1","classe":"transicao_6_1","nome":"elm03_01_6_1"}]},{"desenhos":[{"tipo":"img","x":"477.6px","y":"288.1px","width":"451.4px","height":"84.2px","nomeInstancia":"MovieClips/textConvertido_7_0","classe":"textConvertido_7_0","nome":"elm03_01_7_0"},{"tipo":"img","x":"477.6px","y":"221.7px","width":"476.4px","height":"43.1px","nomeInstancia":"MovieClips/textConvertido_6_0","classe":"textConvertido_6_0","nome":"elm03_01_6_0"},{"tipo":"img","x":"65.85px","y":"283.55px","width":"344.2px","height":"237.35px","nomeInstancia":"MovieClips/transicao_6_1","classe":"transicao_6_1","nome":"elm03_01_6_1"}]},{"desenhos":[{"tipo":"img","x":"477.6px","y":"395.6px","width":"467.4px","height":"125.3px","nomeInstancia":"MovieClips/textConvertido_8_0","classe":"textConvertido_8_0","nome":"elm03_01_8_0"},{"tipo":"img","x":"477.6px","y":"288.1px","width":"451.4px","height":"84.2px","nomeInstancia":"MovieClips/textConvertido_7_0","classe":"textConvertido_7_0","nome":"elm03_01_7_0"},{"tipo":"img","x":"477.6px","y":"221.7px","width":"476.4px","height":"43.1px","nomeInstancia":"MovieClips/textConvertido_6_0","classe":"textConvertido_6_0","nome":"elm03_01_6_0"},{"tipo":"img","x":"65.85px","y":"283.55px","width":"344.2px","height":"237.35px","nomeInstancia":"MovieClips/transicao_6_1","classe":"transicao_6_1","nome":"elm03_01_6_1"}]},{"desenhos":[{"tipo":"img","x":"160.6px","y":"261.55px","width":"450.75px","height":"69.25px","nomeInstancia":"MovieClips/transicao_9_0","classe":"transicao_9_0","nome":"elm03_01_9_0"},{"nome":"elm03_01_9_1","tipo":"personagem","x":"0px","y":"0px","width":"1016px","height":"659px","nomeInstancia":"MovieClips/animaP9","classe":"animaP9"}]},{"desenhos":[{"tipo":"img","x":"254.25px","y":"200.65px","width":"678.15px","height":"385.85px","nomeInstancia":"MovieClips/telaInfo10","classe":"telaInfo10","nome":"elm03_01_10_0"},{"tipo":"img","x":"109.95px","y":"325.45px","width":"452.1px","height":"151.8px","nomeInstancia":"MovieClips/transicao_10_1","classe":"transicao_10_1","nome":"elm03_01_10_1"},{"tipo":"img","x":"160.6px","y":"261.55px","width":"450.75px","height":"69.25px","nomeInstancia":"MovieClips/transicao_10_3","classe":"transicao_10_3","nome":"elm03_01_10_2"},{"tipo":"img","x":"223.55px","y":"500.6px","width":"224.95px","height":"22.55px","nomeInstancia":"MovieClips/textConvertido_10_2","classe":"textConvertido_10_2","nome":"elm03_01_10_3"},{"nome":"elm03_01_9_1","tipo":"personagem","x":"0px","y":"0px","width":"1016px","height":"659px","nomeInstancia":"MovieClips/animaP9","classe":"animaP9"}]},{"desenhos":[{"tipo":"img","x":"162.8px","y":"196.65px","width":"690.4px","height":"63.65px","nomeInstancia":"MovieClips/textConvertido_11_1","classe":"textConvertido_11_1","nome":"elm03_01_11_0"},{"tipo":"img","x":"162.8px","y":"387.65px","width":"466.4px","height":"125.3px","nomeInstancia":"MovieClips/textConvertido_11_0","classe":"textConvertido_11_0","nome":"elm03_01_11_1"},{"tipo":"img","x":"425.8px","y":"281.15px","width":"164.4px","height":"85.65px","nomeInstancia":"MovieClips/transicao_11_2","classe":"transicao_11_2","nome":"elm03_01_11_2"}]},{"desenhos":[{"tipo":"img","x":"271.2px","y":"217.65px","width":"375.2px","height":"22.55px","nomeInstancia":"MovieClips/textConvertido_12_0","classe":"textConvertido_12_0","nome":"elm03_01_12_0"}]},{"desenhos":[{"tipo":"img","x":"271.2px","y":"279.45px","width":"473.6px","height":"63.65px","nomeInstancia":"MovieClips/textConvertido_13_1","classe":"textConvertido_13_1","nome":"elm03_01_13_0"},{"tipo":"img","x":"410.8px","y":"382.35px","width":"194.4px","height":"101.3px","nomeInstancia":"MovieClips/transicao_13_0","classe":"transicao_13_0","nome":"elm03_01_13_1"},{"tipo":"img","x":"271.2px","y":"217.65px","width":"375.2px","height":"22.55px","nomeInstancia":"MovieClips/textConvertido_12_0","classe":"textConvertido_12_0","nome":"elm03_01_12_0"}]},{"desenhos":[{"tipo":"img","x":"166.1px","y":"225.65px","width":"683.8px","height":"63.65px","nomeInstancia":"MovieClips/textConvertido_14_0","classe":"textConvertido_14_0","nome":"elm03_01_14_0"}]},{"desenhos":[{"tipo":"img","x":"166.1px","y":"312.45px","width":"697.9px","height":"63.65px","nomeInstancia":"MovieClips/textConvertido_15_1","classe":"textConvertido_15_1","nome":"elm03_01_15_0"},{"tipo":"img","x":"402.4px","y":"410.65px","width":"212.35px","height":"110.65px","nomeInstancia":"MovieClips/transicao_15_0","classe":"transicao_15_0","nome":"elm03_01_15_1"},{"tipo":"img","x":"166.1px","y":"225.65px","width":"683.8px","height":"63.65px","nomeInstancia":"MovieClips/textConvertido_14_0","classe":"textConvertido_14_0","nome":"elm03_01_14_0"}]},{"desenhos":[{"tipo":"img","x":"534.1px","y":"333.95px","width":"359.9px","height":"43.1px","nomeInstancia":"MovieClips/textConvertido_16_0","classe":"textConvertido_16_0","nome":"elm03_01_16_0"},{"tipo":"img","x":"125.8px","y":"216.2px","width":"369px","height":"277.8px","nomeInstancia":"MovieClips/transicao_16_1","classe":"transicao_16_1","nome":"elm03_01_16_1"}]},{"desenhos":[{"tipo":"img","x":"249.05px","y":"247.95px","width":"517.9px","height":"22.55px","nomeInstancia":"MovieClips/textConvertido_17_1","classe":"textConvertido_17_1","nome":"elm03_01_17_0"},{"tipo":"img","x":"413.8px","y":"293.1px","width":"188.4px","height":"98.2px","nomeInstancia":"MovieClips/transicao_17_0","classe":"transicao_17_0","nome":"elm03_01_17_1"}]},{"desenhos":[{"tipo":"img","x":"249.05px","y":"413.9px","width":"491.95px","height":"43.1px","nomeInstancia":"MovieClips/textConvertido_18_0","classe":"textConvertido_18_0","nome":"elm03_01_18_0"},{"tipo":"img","x":"249.05px","y":"247.95px","width":"517.9px","height":"22.55px","nomeInstancia":"MovieClips/textConvertido_17_1","classe":"textConvertido_17_1","nome":"elm03_01_17_0"},{"tipo":"img","x":"413.8px","y":"293.1px","width":"188.4px","height":"98.2px","nomeInstancia":"MovieClips/transicao_17_0","classe":"transicao_17_0","nome":"elm03_01_17_1"}]},{"desenhos":[{"tipo":"img","x":"523.05px","y":"247.95px","width":"372.95px","height":"63.65px","nomeInstancia":"MovieClips/textConvertido_19_0","classe":"textConvertido_19_0","nome":"elm03_01_19_0"},{"tipo":"img","x":"62.7px","y":"197.35px","width":"388.6px","height":"311.7px","nomeInstancia":"MovieClips/transicao_19_1","classe":"transicao_19_1","nome":"elm03_01_19_1"}]},{"desenhos":[{"tipo":"img","x":"523.05px","y":"329.85px","width":"422.95px","height":"104.75px","nomeInstancia":"MovieClips/textConvertido_20_0","classe":"textConvertido_20_0","nome":"elm03_01_20_0"},{"tipo":"img","x":"523.05px","y":"247.95px","width":"372.95px","height":"63.65px","nomeInstancia":"MovieClips/textConvertido_19_0","classe":"textConvertido_19_0","nome":"elm03_01_19_0"},{"tipo":"img","x":"62.7px","y":"197.35px","width":"388.6px","height":"311.7px","nomeInstancia":"MovieClips/transicao_19_1","classe":"transicao_19_1","nome":"elm03_01_19_1"}]},{"desenhos":[{"tipo":"img","x":"523.05px","y":"452.85px","width":"406.95px","height":"43.1px","nomeInstancia":"MovieClips/textConvertido_21_0","classe":"textConvertido_21_0","nome":"elm03_01_21_0"},{"tipo":"img","x":"523.05px","y":"329.85px","width":"422.95px","height":"104.75px","nomeInstancia":"MovieClips/textConvertido_20_0","classe":"textConvertido_20_0","nome":"elm03_01_20_0"},{"tipo":"img","x":"523.05px","y":"247.95px","width":"372.95px","height":"63.65px","nomeInstancia":"MovieClips/textConvertido_19_0","classe":"textConvertido_19_0","nome":"elm03_01_19_0"},{"tipo":"img","x":"62.7px","y":"197.35px","width":"388.6px","height":"311.7px","nomeInstancia":"MovieClips/transicao_19_1","classe":"transicao_19_1","nome":"elm03_01_19_1"}]},{"desenhos":[{"tipo":"img","x":"137.05px","y":"293.95px","width":"316.95px","height":"84.2px","nomeInstancia":"MovieClips/textConvertido_22_0","classe":"textConvertido_22_0","nome":"elm03_01_22_0"},{"tipo":"img","x":"504.4px","y":"218.8px","width":"392.55px","height":"287.95px","nomeInstancia":"MovieClips/transicao_22_1","classe":"transicao_22_1","nome":"elm03_01_22_1"}]},{"desenhos":[{"tipo":"img","x":"137.05px","y":"403.85px","width":"274.95px","height":"43.1px","nomeInstancia":"MovieClips/textConvertido_23_0","classe":"textConvertido_23_0","nome":"elm03_01_23_0"},{"tipo":"img","x":"137.05px","y":"293.95px","width":"316.95px","height":"84.2px","nomeInstancia":"MovieClips/textConvertido_22_0","classe":"textConvertido_22_0","nome":"elm03_01_22_0"},{"tipo":"img","x":"504.4px","y":"218.8px","width":"392.55px","height":"287.95px","nomeInstancia":"MovieClips/transicao_22_1","classe":"transicao_22_1","nome":"elm03_01_22_1"}]},{"desenhos":[{"tipo":"img","x":"349.55px","y":"189.95px","width":"316.95px","height":"22.55px","nomeInstancia":"MovieClips/textConvertido_24_1","classe":"textConvertido_24_1","nome":"elm03_01_24_0"},{"tipo":"img","x":"106.05px","y":"242.1px","width":"433.95px","height":"269.15px","nomeInstancia":"MovieClips/textConvertido_24_0","classe":"textConvertido_24_0","nome":"elm03_01_24_1"},{"tipo":"img","x":"572.35px","y":"247.9px","width":"397.3px","height":"249.65px","nomeInstancia":"MovieClips/transicao_24_2","classe":"transicao_24_2","nome":"elm03_01_24_2"}]},{"desenhos":[{"tipo":"img","x":"254.6px","y":"201.5px","width":"668.3px","height":"271.95px","nomeInstancia":"MovieClips/telaInfo25_scroll","classe":"telaInfo25_scroll","nome":"elm03_01_25_0"},{"tipo":"img","x":"106.05px","y":"529.05px","width":"471.95px","height":"22.55px","nomeInstancia":"MovieClips/textConvertido_25_1","classe":"textConvertido_25_1","nome":"elm03_01_25_1"},{"tipo":"img","x":"349.55px","y":"189.95px","width":"316.95px","height":"22.55px","nomeInstancia":"MovieClips/textConvertido_24_1","classe":"textConvertido_24_1","nome":"elm03_01_24_0"},{"tipo":"img","x":"106.05px","y":"242.1px","width":"433.95px","height":"269.15px","nomeInstancia":"MovieClips/textConvertido_24_0","classe":"textConvertido_24_0","nome":"elm03_01_24_1"},{"tipo":"img","x":"572.35px","y":"247.9px","width":"397.3px","height":"249.65px","nomeInstancia":"MovieClips/transicao_24_2","classe":"transicao_24_2","nome":"elm03_01_24_2"}]},{"desenhos":[{"tipo":"img","x":"398.7px","y":"247.4px","width":"511.95px","height":"130.8px","nomeInstancia":"MovieClips/transicao_26_0","classe":"transicao_26_0","nome":"elm03_01_26_0"},{"nome":"elm03_01_26_1","tipo":"personagem","x":"0px","y":"0px","width":"1016px","height":"659px","nomeInstancia":"MovieClips/animaP26","classe":"animaP26"}]},{"desenhos":[{"tipo":"img","x":"446.05px","y":"374.05px","width":"396.4px","height":"124.1px","nomeInstancia":"MovieClips/transicao_27_0","classe":"transicao_27_0","nome":"elm03_01_27_0"},{"tipo":"img","x":"398.7px","y":"247.4px","width":"511.95px","height":"130.8px","nomeInstancia":"MovieClips/transicao_26_0","classe":"transicao_26_0","nome":"elm03_01_26_0"},{"nome":"elm03_01_26_1","tipo":"personagem","x":"0px","y":"0px","width":"1016px","height":"659px","nomeInstancia":"MovieClips/animaP26","classe":"animaP26"}]},{"desenhos":[{"tipo":"img","x":"47.4px","y":"163px","width":"225.9px","height":"74.55px","nomeInstancia":"MovieClips/transicao_28_0","classe":"transicao_28_0","nome":"elm03_01_28_0"},{"tipo":"img","x":"35.4px","y":"218px","width":"693.9px","height":"370.95px","nomeInstancia":"MovieClips/opcoes28","classe":"opcoes28","nome":"elm03_01_28_1"},{"tipo":"img","x":"47.4px","y":"285.05px","width":"889.6px","height":"245.15px","nomeInstancia":"MovieClips/textConvertido_28_1","classe":"textConvertido_28_1","nome":"elm03_01_28_2"},{"tipo":"img","x":"318px","y":"163.05px","width":"678px","height":"78.2px","nomeInstancia":"MovieClips/textConvertido_28_0","classe":"textConvertido_28_0","nome":"elm03_01_28_3"}]}]}