{"licao":"elm03_03","topico":"03","telas":[{"desenhos":[{"tipo":"img","x":"500.05px","y":"254.15px","width":"438.95px","height":"84.2px","nomeInstancia":"textConvertido_1_0","classe":"textConvertido_1_0","nome":"elm03_03_1_0"},{"nome":"elm03_03_1_1","tipo":"png","x":"0px","y":"0px","width":"1016px","height":"659px","nomeInstancia":"MovieClips/anima1","classe":"anima1"}]},{"desenhos":[{"tipo":"img","x":"500.05px","y":"373.15px","width":"411.95px","height":"104.75px","nomeInstancia":"textConvertido_2_0","classe":"textConvertido_2_0","nome":"elm03_03_2_0"},{"tipo":"img","x":"500.05px","y":"254.15px","width":"438.95px","height":"84.2px","nomeInstancia":"textConvertido_1_0","classe":"textConvertido_1_0","nome":"elm03_03_1_0"},{"nome":"elm03_03_1_1","tipo":"png","x":"0px","y":"0px","width":"1016px","height":"659px","nomeInstancia":"MovieClips/anima1","classe":"anima1"}]},{"desenhos":[{"tipo":"img","x":"97.05px","y":"188.15px","width":"363.95px","height":"84.2px","nomeInstancia":"textConvertido_3_0","classe":"textConvertido_3_0","nome":"elm03_03_3_0"},{"nome":"elm03_03_3_1","tipo":"png","x":"0px","y":"0px","width":"1016px","height":"659px","nomeInstancia":"MovieClips/anima3","classe":"anima3"}]},{"desenhos":[{"tipo":"img","x":"97.05px","y":"291.35px","width":"340.95px","height":"104.75px","nomeInstancia":"textConvertido_4_0","classe":"textConvertido_4_0","nome":"elm03_03_4_0"},{"tipo":"img","x":"97.05px","y":"188.15px","width":"363.95px","height":"84.2px","nomeInstancia":"textConvertido_3_0","classe":"textConvertido_3_0","nome":"elm03_03_3_0"},{"nome":"elm03_03_3_1","tipo":"png","x":"0px","y":"0px","width":"1016px","height":"659px","nomeInstancia":"MovieClips/anima3","classe":"anima3"}]},{"desenhos":[{"tipo":"img","x":"97.05px","y":"415.1px","width":"340.95px","height":"104.75px","nomeInstancia":"textConvertido_5_0","classe":"textConvertido_5_0","nome":"elm03_03_5_0"},{"tipo":"img","x":"97.05px","y":"291.35px","width":"340.95px","height":"104.75px","nomeInstancia":"textConvertido_4_0","classe":"textConvertido_4_0","nome":"elm03_03_4_0"},{"tipo":"img","x":"97.05px","y":"188.15px","width":"363.95px","height":"84.2px","nomeInstancia":"textConvertido_3_0","classe":"textConvertido_3_0","nome":"elm03_03_3_0"},{"nome":"elm03_03_3_1","tipo":"png","x":"0px","y":"0px","width":"1016px","height":"659px","nomeInstancia":"MovieClips/anima3","classe":"anima3"}]},{"desenhos":[{"tipo":"img","x":"563.05px","y":"204.15px","width":"314.95px","height":"63.65px","nomeInstancia":"textConvertido_6_0","classe":"textConvertido_6_0","nome":"elm03_03_6_0"},{"nome":"elm03_03_6_1","tipo":"png","x":"0px","y":"0px","width":"1016px","height":"659px","nomeInstancia":"MovieClips/anima6","classe":"anima6"}]},{"desenhos":[{"tipo":"img","x":"563.05px","y":"283.55px","width":"340.95px","height":"104.75px","nomeInstancia":"textConvertido_7_0","classe":"textConvertido_7_0","nome":"elm03_03_7_0"},{"tipo":"img","x":"563.05px","y":"204.15px","width":"314.95px","height":"63.65px","nomeInstancia":"textConvertido_6_0","classe":"textConvertido_6_0","nome":"elm03_03_6_0"},{"nome":"elm03_03_6_1","tipo":"png","x":"0px","y":"0px","width":"1016px","height":"659px","nomeInstancia":"MovieClips/anima6","classe":"anima6"}]},{"desenhos":[{"tipo":"img","x":"563.05px","y":"404.05px","width":"340.95px","height":"104.75px","nomeInstancia":"textConvertido_8_0","classe":"textConvertido_8_0","nome":"elm03_03_8_0"},{"tipo":"img","x":"563.05px","y":"283.55px","width":"340.95px","height":"104.75px","nomeInstancia":"textConvertido_7_0","classe":"textConvertido_7_0","nome":"elm03_03_7_0"},{"tipo":"img","x":"563.05px","y":"204.15px","width":"314.95px","height":"63.65px","nomeInstancia":"textConvertido_6_0","classe":"textConvertido_6_0","nome":"elm03_03_6_0"},{"nome":"elm03_03_6_1","tipo":"png","x":"0px","y":"0px","width":"1016px","height":"659px","nomeInstancia":"MovieClips/anima6","classe":"anima6"}]},{"desenhos":[{"tipo":"img","x":"89.4px","y":"163px","width":"225.9px","height":"74.55px","nomeInstancia":"MovieClips/Symbol 1","classe":"Symbol 1","nome":"elm03_03_9_0"},{"tipo":"img","x":"78.65px","y":"233.6px","width":"637.2px","height":"332.8px","nomeInstancia":"MovieClips/opcoes9","classe":"opcoes9","nome":"elm03_03_9_1"},{"tipo":"img","x":"89.4px","y":"267.05px","width":"871.6px","height":"245.15px","nomeInstancia":"MovieClips/textConvertido_9_0","classe":"textConvertido_9_0","nome":"elm03_03_9_2"}]}]}