{"licao":"biblioteca","telas":[{"desenhos":[{"tipo":"img","x":"0px","y":"0px","width":"1016px","height":"111px","nomeInstancia":"MovieClips/shapeConvertido_1_0","classe":"shapeConvertido_1_0","nome":"biblioteca_1_0"}]},{"desenhos":[{"tipo":"img","x":"0px","y":"0px","width":"1016px","height":"111px","nomeInstancia":"MovieClips/shapeConvertido_2_0","classe":"shapeConvertido_2_0","nome":"biblioteca_2_0"}]},{"desenhos":[{"tipo":"img","x":"0px","y":"614.25px","width":"1016px","height":"45px","nomeInstancia":"MovieClips/Symbol 1","classe":"Symbol 1","nome":"biblioteca_3_0"}]},{"desenhos":[{"tipo":"img","x":"0px","y":"614.35px","width":"1016px","height":"45px","nomeInstancia":"MovieClips/rodape_mp 2","classe":"rodape_mp 2","nome":"biblioteca_4_0"}]},{"desenhos":[{"tipo":"img","x":"-0.05px","y":"614.4px","width":"1016px","height":"44.6px","nomeInstancia":"MovieClips/_5_0","classe":"_5_0","nome":"biblioteca_5_0"}]}]}