{"licao":"elm07_03","topico":"03","telas":[{"desenhos":[{"tipo":"img","x":"430.9px","y":"222.45px","width":"409.3px","height":"112.25px","nomeInstancia":"MovieClips/transicao_1_0","classe":"transicao_1_0","nome":"elm07_03_1_0"},{"nome":"elm07_03_1_1","tipo":"personagem","x":"0px","y":"0px","width":"1016px","height":"659px","nomeInstancia":"MovieClips/animaP1","classe":"animaP1"}]},{"desenhos":[{"tipo":"img","x":"476.15px","y":"327.3px","width":"355.75px","height":"113.45px","nomeInstancia":"MovieClips/transicao_2_0","classe":"transicao_2_0","nome":"elm07_03_2_0"},{"tipo":"img","x":"430.9px","y":"222.45px","width":"409.3px","height":"112.25px","nomeInstancia":"MovieClips/transicao_1_0","classe":"transicao_1_0","nome":"elm07_03_1_0"},{"nome":"elm07_03_1_1","tipo":"personagem","x":"0px","y":"0px","width":"1016px","height":"659px","nomeInstancia":"MovieClips/animaP1","classe":"animaP1"}]},{"desenhos":[{"tipo":"img","x":"476.15px","y":"433.35px","width":"299.15px","height":"99.65px","nomeInstancia":"MovieClips/transicao_3_0","classe":"transicao_3_0","nome":"elm07_03_3_0"},{"tipo":"img","x":"476.15px","y":"327.3px","width":"355.75px","height":"113.45px","nomeInstancia":"MovieClips/transicao_2_0","classe":"transicao_2_0","nome":"elm07_03_2_0"},{"tipo":"img","x":"430.9px","y":"222.45px","width":"409.3px","height":"112.25px","nomeInstancia":"MovieClips/transicao_1_0","classe":"transicao_1_0","nome":"elm07_03_1_0"},{"nome":"elm07_03_1_1","tipo":"personagem","x":"0px","y":"0px","width":"1016px","height":"659px","nomeInstancia":"MovieClips/animaP1","classe":"animaP1"}]},{"desenhos":[{"tipo":"img","x":"95.55px","y":"253.8px","width":"389.1px","height":"84.2px","nomeInstancia":"MovieClips/textConvertido_4_0","classe":"textConvertido_4_0","nome":"elm07_03_4_0"},{"tipo":"img","x":"543.2px","y":"272.05px","width":"398.65px","height":"175.95px","nomeInstancia":"MovieClips/transicao_4_1","classe":"transicao_4_1","nome":"elm07_03_4_1"}]},{"desenhos":[{"tipo":"img","x":"95.55px","y":"355.75px","width":"389.1px","height":"63.65px","nomeInstancia":"MovieClips/textConvertido_5_0","classe":"textConvertido_5_0","nome":"elm07_03_5_0"},{"tipo":"img","x":"95.55px","y":"253.8px","width":"389.1px","height":"84.2px","nomeInstancia":"MovieClips/textConvertido_4_0","classe":"textConvertido_4_0","nome":"elm07_03_4_0"},{"tipo":"img","x":"543.2px","y":"272.05px","width":"398.65px","height":"175.95px","nomeInstancia":"MovieClips/transicao_4_1","classe":"transicao_4_1","nome":"elm07_03_4_1"}]},{"desenhos":[{"tipo":"img","x":"95.55px","y":"437.15px","width":"402.45px","height":"43.1px","nomeInstancia":"MovieClips/textConvertido_6_0","classe":"textConvertido_6_0","nome":"elm07_03_6_0"},{"tipo":"img","x":"95.55px","y":"355.75px","width":"389.1px","height":"63.65px","nomeInstancia":"MovieClips/textConvertido_5_0","classe":"textConvertido_5_0","nome":"elm07_03_5_0"},{"tipo":"img","x":"95.55px","y":"253.8px","width":"389.1px","height":"84.2px","nomeInstancia":"MovieClips/textConvertido_4_0","classe":"textConvertido_4_0","nome":"elm07_03_4_0"},{"tipo":"img","x":"543.2px","y":"272.05px","width":"398.65px","height":"175.95px","nomeInstancia":"MovieClips/transicao_4_1","classe":"transicao_4_1","nome":"elm07_03_4_1"}]},{"desenhos":[{"tipo":"img","x":"231.65px","y":"226.8px","width":"552.7px","height":"43.1px","nomeInstancia":"MovieClips/textConvertido_7_1","classe":"textConvertido_7_1","nome":"elm07_03_7_0"},{"tipo":"img","x":"448px","y":"292.6px","width":"121.05px","height":"73.35px","nomeInstancia":"MovieClips/transicao_7_0","classe":"transicao_7_0","nome":"elm07_03_7_1"}]},{"desenhos":[{"tipo":"img","x":"231.65px","y":"388.65px","width":"556.7px","height":"84.2px","nomeInstancia":"MovieClips/textConvertido_8_0","classe":"textConvertido_8_0","nome":"elm07_03_8_0"},{"tipo":"img","x":"231.65px","y":"226.8px","width":"552.7px","height":"43.1px","nomeInstancia":"MovieClips/textConvertido_7_1","classe":"textConvertido_7_1","nome":"elm07_03_7_0"},{"tipo":"img","x":"448px","y":"292.6px","width":"121.05px","height":"73.35px","nomeInstancia":"MovieClips/transicao_7_0","classe":"transicao_7_0","nome":"elm07_03_7_1"}]},{"desenhos":[{"tipo":"img","x":"71.5px","y":"212px","width":"659.25px","height":"344.95px","nomeInstancia":"MovieClips/opcoes9","classe":"opcoes9","nome":"elm07_03_9_0"},{"tipo":"img","x":"89.4px","y":"285.05px","width":"861.3px","height":"189.5px","nomeInstancia":"MovieClips/textConvertido_9_1","classe":"textConvertido_9_1","nome":"elm07_03_9_1"},{"tipo":"img","x":"381.05px","y":"414.9px","width":"439.95px","height":"59.65px","nomeInstancia":"MovieClips/textConvertido_9_0","classe":"textConvertido_9_0","nome":"elm07_03_9_2"},{"tipo":"img","x":"89.4px","y":"163px","width":"225.9px","height":"74.55px","nomeInstancia":"MovieClips/transicao_9_4","classe":"transicao_9_4","nome":"elm07_03_9_3"}]}]}