{"licao":"elm07_01","topico":"01","telas":[{"desenhos":[{"tipo":"img","x":"183.45px","y":"291.7px","width":"395.6px","height":"53.55px","nomeInstancia":"MovieClips/transicao_1_0","classe":"transicao_1_0","nome":"elm07_01_1_0"},{"nome":"elm07_01_1_1","tipo":"personagem","x":"0px","y":"0px","width":"1016px","height":"659px","nomeInstancia":"MovieClips/animaP1","classe":"animaP1"}]},{"desenhos":[{"tipo":"img","x":"177.7px","y":"340.9px","width":"355.75px","height":"146.85px","nomeInstancia":"MovieClips/transicao_2_0","classe":"transicao_2_0","nome":"elm07_01_2_0"},{"tipo":"img","x":"183.45px","y":"291.7px","width":"395.6px","height":"53.55px","nomeInstancia":"MovieClips/transicao_1_0","classe":"transicao_1_0","nome":"elm07_01_1_0"},{"nome":"elm07_01_1_1","tipo":"personagem","x":"0px","y":"0px","width":"1016px","height":"659px","nomeInstancia":"MovieClips/animaP1","classe":"animaP1"}]},{"desenhos":[{"tipo":"img","x":"567.55px","y":"286.8px","width":"310.45px","height":"84.2px","nomeInstancia":"MovieClips/textConvertido_3_0","classe":"textConvertido_3_0","nome":"elm07_01_3_0"},{"tipo":"img","x":"119.4px","y":"209.15px","width":"374.2px","height":"305.7px","nomeInstancia":"MovieClips/transicao_3_1","classe":"transicao_3_1","nome":"elm07_01_3_1"}]},{"desenhos":[{"tipo":"img","x":"567.55px","y":"396.8px","width":"310.45px","height":"43.1px","nomeInstancia":"MovieClips/textConvertido_4_0","classe":"textConvertido_4_0","nome":"elm07_01_4_0"},{"tipo":"img","x":"567.55px","y":"286.8px","width":"310.45px","height":"84.2px","nomeInstancia":"MovieClips/textConvertido_3_0","classe":"textConvertido_3_0","nome":"elm07_01_3_0"},{"tipo":"img","x":"119.4px","y":"209.15px","width":"374.2px","height":"305.7px","nomeInstancia":"MovieClips/transicao_3_1","classe":"transicao_3_1","nome":"elm07_01_3_1"}]},{"desenhos":[{"tipo":"img","x":"98.8px","y":"174.8px","width":"818.45px","height":"22.55px","nomeInstancia":"MovieClips/textConvertido_5_0","classe":"textConvertido_5_0","nome":"elm07_01_5_0"},{"tipo":"img","x":"433.95px","y":"226.4px","width":"148.1px","height":"58.2px","nomeInstancia":"MovieClips/transicao_5_1","classe":"transicao_5_1","nome":"elm07_01_5_1"}]},{"desenhos":[{"tipo":"img","x":"98.8px","y":"313.65px","width":"818.45px","height":"84.2px","nomeInstancia":"MovieClips/textConvertido_6_0","classe":"textConvertido_6_0","nome":"elm07_01_6_0"},{"tipo":"img","x":"98.8px","y":"174.8px","width":"818.45px","height":"22.55px","nomeInstancia":"MovieClips/textConvertido_5_0","classe":"textConvertido_5_0","nome":"elm07_01_5_0"},{"tipo":"img","x":"433.95px","y":"226.4px","width":"148.1px","height":"58.2px","nomeInstancia":"MovieClips/transicao_5_1","classe":"transicao_5_1","nome":"elm07_01_5_1"}]},{"desenhos":[{"tipo":"img","x":"254.25px","y":"200.65px","width":"723.75px","height":"386.1px","nomeInstancia":"MovieClips/telaInfo7","classe":"telaInfo7","nome":"elm07_01_7_0"},{"tipo":"img","x":"98.8px","y":"426.9px","width":"572.2px","height":"22.55px","nomeInstancia":"MovieClips/textConvertido_7_2","classe":"textConvertido_7_2","nome":"elm07_01_7_1"},{"tipo":"img","x":"363.65px","y":"478.5px","width":"288.75px","height":"78.55px","nomeInstancia":"MovieClips/transicao_7_1","classe":"transicao_7_1","nome":"elm07_01_7_2"},{"tipo":"img","x":"98.8px","y":"313.65px","width":"818.45px","height":"84.2px","nomeInstancia":"MovieClips/textConvertido_6_0","classe":"textConvertido_6_0","nome":"elm07_01_6_0"},{"tipo":"img","x":"98.8px","y":"174.8px","width":"818.45px","height":"22.55px","nomeInstancia":"MovieClips/textConvertido_5_0","classe":"textConvertido_5_0","nome":"elm07_01_5_0"},{"tipo":"img","x":"433.95px","y":"226.4px","width":"148.1px","height":"58.2px","nomeInstancia":"MovieClips/transicao_5_1","classe":"transicao_5_1","nome":"elm07_01_5_1"}]},{"desenhos":[{"tipo":"img","x":"235.4px","y":"269.8px","width":"545.2px","height":"22.55px","nomeInstancia":"MovieClips/textConvertido_8_0","classe":"textConvertido_8_0","nome":"elm07_01_8_0"},{"tipo":"img","x":"356.65px","y":"318.7px","width":"302.75px","height":"82.3px","nomeInstancia":"MovieClips/transicao_8_1","classe":"transicao_8_1","nome":"elm07_01_8_1"}]},{"desenhos":[{"tipo":"img","x":"338.25px","y":"227.2px","width":"625.15px","height":"236.8px","nomeInstancia":"MovieClips/transicao_9_0","classe":"transicao_9_0","nome":"elm07_01_9_0"},{"nome":"elm07_01_9_1","tipo":"personagem","x":"0px","y":"0px","width":"1016px","height":"659px","nomeInstancia":"MovieClips/animaP9","classe":"animaP9"}]},{"desenhos":[{"tipo":"img","x":"386.45px","y":"458.7px","width":"497.9px","height":"88.4px","nomeInstancia":"MovieClips/transicao_10_0","classe":"transicao_10_0","nome":"elm07_01_10_0"},{"tipo":"img","x":"338.25px","y":"227.2px","width":"625.15px","height":"236.8px","nomeInstancia":"MovieClips/transicao_9_0","classe":"transicao_9_0","nome":"elm07_01_9_0"},{"nome":"elm07_01_9_1","tipo":"personagem","x":"0px","y":"0px","width":"1016px","height":"659px","nomeInstancia":"MovieClips/animaP9","classe":"animaP9"}]},{"desenhos":[{"tipo":"img","x":"97.4px","y":"158.85px","width":"531.35px","height":"90.35px","nomeInstancia":"MovieClips/transicao_11_0","classe":"transicao_11_0","nome":"elm07_01_11_0"},{"nome":"elm07_01_11_1","tipo":"personagem","x":"0px","y":"0px","width":"1016px","height":"659px","nomeInstancia":"MovieClips/animaP11","classe":"animaP11"}]},{"desenhos":[{"tipo":"img","x":"70.05px","y":"238.85px","width":"519.85px","height":"228.85px","nomeInstancia":"MovieClips/transicao_12_0","classe":"transicao_12_0","nome":"elm07_01_12_0"},{"tipo":"img","x":"97.4px","y":"158.85px","width":"531.35px","height":"90.35px","nomeInstancia":"MovieClips/transicao_11_0","classe":"transicao_11_0","nome":"elm07_01_11_0"},{"nome":"elm07_01_11_1","tipo":"personagem","x":"0px","y":"0px","width":"1016px","height":"659px","nomeInstancia":"MovieClips/animaP11","classe":"animaP11"}]},{"desenhos":[{"tipo":"img","x":"84.05px","y":"462.05px","width":"505.85px","height":"106px","nomeInstancia":"MovieClips/transicao_13_0","classe":"transicao_13_0","nome":"elm07_01_13_0"},{"tipo":"img","x":"70.05px","y":"238.85px","width":"519.85px","height":"228.85px","nomeInstancia":"MovieClips/transicao_12_0","classe":"transicao_12_0","nome":"elm07_01_12_0"},{"tipo":"img","x":"97.4px","y":"158.85px","width":"531.35px","height":"90.35px","nomeInstancia":"MovieClips/transicao_11_0","classe":"transicao_11_0","nome":"elm07_01_11_0"},{"nome":"elm07_01_11_1","tipo":"personagem","x":"0px","y":"0px","width":"1016px","height":"659px","nomeInstancia":"MovieClips/animaP11","classe":"animaP11"}]},{"desenhos":[{"tipo":"img","x":"571px","y":"291.8px","width":"389.1px","height":"186.95px","nomeInstancia":"MovieClips/textConvertido_14_1","classe":"textConvertido_14_1","nome":"elm07_01_14_0"},{"tipo":"img","x":"294.4px","y":"186.15px","width":"427.2px","height":"22.55px","nomeInstancia":"MovieClips/textConvertido_14_0","classe":"textConvertido_14_0","nome":"elm07_01_14_1"},{"tipo":"img","x":"70.85px","y":"291.8px","width":"467.05px","height":"191.15px","nomeInstancia":"MovieClips/transicao_14_2","classe":"transicao_14_2","nome":"elm07_01_14_2"}]},{"desenhos":[{"tipo":"img","x":"295.45px","y":"283.45px","width":"71.55px","height":"47.65px","nomeInstancia":"MovieClips/transicao_16_3","classe":"transicao_16_3","nome":"elm07_01_15_0"},{"tipo":"img","x":"94.5px","y":"295.45px","width":"389.1px","height":"22.55px","nomeInstancia":"MovieClips/textConvertido_15_2","classe":"textConvertido_15_2","nome":"elm07_01_15_1"},{"tipo":"img","x":"294.4px","y":"186.15px","width":"427.2px","height":"22.55px","nomeInstancia":"MovieClips/textConvertido_15_1","classe":"textConvertido_15_1","nome":"elm07_01_15_2"},{"tipo":"img","x":"483.6px","y":"283.45px","width":"467.05px","height":"191.15px","nomeInstancia":"MovieClips/transicao_15_3","classe":"transicao_15_3","nome":"elm07_01_15_3"}]},{"desenhos":[{"tipo":"img","x":"94.5px","y":"345.1px","width":"389.1px","height":"22.55px","nomeInstancia":"MovieClips/textConvertido_16_0","classe":"textConvertido_16_0","nome":"elm07_01_16_0"},{"tipo":"img","x":"295.45px","y":"283.45px","width":"71.55px","height":"47.65px","nomeInstancia":"MovieClips/transicao_16_3","classe":"transicao_16_3","nome":"elm07_01_15_0"},{"tipo":"img","x":"94.5px","y":"295.45px","width":"389.1px","height":"22.55px","nomeInstancia":"MovieClips/textConvertido_15_2","classe":"textConvertido_15_2","nome":"elm07_01_15_1"},{"tipo":"img","x":"294.4px","y":"186.15px","width":"427.2px","height":"22.55px","nomeInstancia":"MovieClips/textConvertido_15_1","classe":"textConvertido_15_1","nome":"elm07_01_15_2"},{"tipo":"img","x":"483.6px","y":"283.45px","width":"467.05px","height":"191.15px","nomeInstancia":"MovieClips/transicao_15_3","classe":"transicao_15_3","nome":"elm07_01_15_3"}]},{"desenhos":[{"tipo":"img","x":"94.5px","y":"388.25px","width":"389.1px","height":"22.55px","nomeInstancia":"MovieClips/textConvertido_17_1","classe":"textConvertido_17_1","nome":"elm07_01_17_0"},{"tipo":"img","x":"364.65px","y":"378.25px","width":"30.15px","height":"47.65px","nomeInstancia":"MovieClips/shapeConvertido_17_0","classe":"shapeConvertido_17_0","nome":"elm07_01_17_1"},{"tipo":"img","x":"94.5px","y":"345.1px","width":"389.1px","height":"22.55px","nomeInstancia":"MovieClips/textConvertido_16_0","classe":"textConvertido_16_0","nome":"elm07_01_16_0"},{"tipo":"img","x":"295.45px","y":"283.45px","width":"71.55px","height":"47.65px","nomeInstancia":"MovieClips/transicao_16_3","classe":"transicao_16_3","nome":"elm07_01_15_0"},{"tipo":"img","x":"94.5px","y":"295.45px","width":"389.1px","height":"22.55px","nomeInstancia":"MovieClips/textConvertido_15_2","classe":"textConvertido_15_2","nome":"elm07_01_15_1"},{"tipo":"img","x":"294.4px","y":"186.15px","width":"427.2px","height":"22.55px","nomeInstancia":"MovieClips/textConvertido_15_1","classe":"textConvertido_15_1","nome":"elm07_01_15_2"},{"tipo":"img","x":"483.6px","y":"283.45px","width":"467.05px","height":"191.15px","nomeInstancia":"MovieClips/transicao_15_3","classe":"transicao_15_3","nome":"elm07_01_15_3"}]},{"desenhos":[{"tipo":"img","x":"146.85px","y":"222.85px","width":"722.35px","height":"22.55px","nomeInstancia":"MovieClips/textConvertido_18_0","classe":"textConvertido_18_0","nome":"elm07_01_18_0"},{"tipo":"img","x":"465.3px","y":"265.2px","width":"121.05px","height":"81.05px","nomeInstancia":"MovieClips/transicao_18_1","classe":"transicao_18_1","nome":"elm07_01_18_1"}]},{"desenhos":[{"tipo":"img","x":"146.85px","y":"366.05px","width":"722.35px","height":"22.55px","nomeInstancia":"MovieClips/textConvertido_19_1","classe":"textConvertido_19_1","nome":"elm07_01_19_0"},{"tipo":"img","x":"295.6px","y":"408.4px","width":"538.4px","height":"81.1px","nomeInstancia":"MovieClips/transicao_19_0","classe":"transicao_19_0","nome":"elm07_01_19_1"},{"tipo":"img","x":"146.85px","y":"222.85px","width":"722.35px","height":"22.55px","nomeInstancia":"MovieClips/textConvertido_18_0","classe":"textConvertido_18_0","nome":"elm07_01_18_0"},{"tipo":"img","x":"465.3px","y":"265.2px","width":"121.05px","height":"81.05px","nomeInstancia":"MovieClips/transicao_18_1","classe":"transicao_18_1","nome":"elm07_01_18_1"}]},{"desenhos":[{"tipo":"img","x":"192.5px","y":"206px","width":"604.75px","height":"22.55px","nomeInstancia":"MovieClips/textConvertido_20_1","classe":"textConvertido_20_1","nome":"elm07_01_20_0"},{"tipo":"img","x":"447.5px","y":"243.6px","width":"121.05px","height":"81.1px","nomeInstancia":"MovieClips/transicao_20_0","classe":"transicao_20_0","nome":"elm07_01_20_1"}]},{"desenhos":[{"tipo":"img","x":"192.5px","y":"339.75px","width":"613.15px","height":"22.55px","nomeInstancia":"MovieClips/textConvertido_21_1","classe":"textConvertido_21_1","nome":"elm07_01_21_0"},{"tipo":"img","x":"447.5px","y":"377.35px","width":"121.05px","height":"81.05px","nomeInstancia":"MovieClips/transicao_21_0","classe":"transicao_21_0","nome":"elm07_01_21_1"},{"tipo":"img","x":"192.5px","y":"206px","width":"604.75px","height":"22.55px","nomeInstancia":"MovieClips/textConvertido_20_1","classe":"textConvertido_20_1","nome":"elm07_01_20_0"},{"tipo":"img","x":"447.5px","y":"243.6px","width":"121.05px","height":"81.1px","nomeInstancia":"MovieClips/transicao_20_0","classe":"transicao_20_0","nome":"elm07_01_20_1"}]},{"desenhos":[{"tipo":"img","x":"192.5px","y":"473.45px","width":"631.05px","height":"43.1px","nomeInstancia":"MovieClips/textConvertido_22_0","classe":"textConvertido_22_0","nome":"elm07_01_22_0"},{"tipo":"img","x":"192.5px","y":"339.75px","width":"613.15px","height":"22.55px","nomeInstancia":"MovieClips/textConvertido_21_1","classe":"textConvertido_21_1","nome":"elm07_01_21_0"},{"tipo":"img","x":"447.5px","y":"377.35px","width":"121.05px","height":"81.05px","nomeInstancia":"MovieClips/transicao_21_0","classe":"transicao_21_0","nome":"elm07_01_21_1"},{"tipo":"img","x":"192.5px","y":"206px","width":"604.75px","height":"22.55px","nomeInstancia":"MovieClips/textConvertido_20_1","classe":"textConvertido_20_1","nome":"elm07_01_20_0"},{"tipo":"img","x":"447.5px","y":"243.6px","width":"121.05px","height":"81.1px","nomeInstancia":"MovieClips/transicao_20_0","classe":"transicao_20_0","nome":"elm07_01_20_1"}]},{"desenhos":[{"tipo":"img","x":"254.9px","y":"201.4px","width":"641.25px","height":"258.7px","nomeInstancia":"MovieClips/telaInfo23","classe":"telaInfo23","nome":"elm07_01_23_0"},{"tipo":"img","x":"469.25px","y":"225.2px","width":"435.95px","height":"22.55px","nomeInstancia":"MovieClips/textConvertido_23_6","classe":"textConvertido_23_6","nome":"elm07_01_23_1"},{"tipo":"img","x":"469.25px","y":"468.3px","width":"435.95px","height":"43.1px","nomeInstancia":"MovieClips/textConvertido_23_5","classe":"textConvertido_23_5","nome":"elm07_01_23_2"},{"tipo":"img","x":"469.25px","y":"261.4px","width":"435.95px","height":"43.1px","nomeInstancia":"MovieClips/textConvertido_23_4","classe":"textConvertido_23_4","nome":"elm07_01_23_3"},{"tipo":"img","x":"469.25px","y":"318.15px","width":"435.95px","height":"22.55px","nomeInstancia":"MovieClips/textConvertido_23_3","classe":"textConvertido_23_3","nome":"elm07_01_23_4"},{"tipo":"img","x":"469.25px","y":"354.35px","width":"435.95px","height":"43.1px","nomeInstancia":"MovieClips/textConvertido_23_2","classe":"textConvertido_23_2","nome":"elm07_01_23_5"},{"tipo":"img","x":"469.25px","y":"411.1px","width":"435.95px","height":"22.55px","nomeInstancia":"MovieClips/textConvertido_23_1","classe":"textConvertido_23_1","nome":"elm07_01_23_6"},{"tipo":"img","x":"105.4px","y":"299.35px","width":"282.35px","height":"178.05px","nomeInstancia":"MovieClips/transicao_23_7","classe":"transicao_23_7","nome":"elm07_01_23_7"}]},{"desenhos":[{"tipo":"img","x":"102.25px","y":"156.25px","width":"697px","height":"326.25px","nomeInstancia":"MovieClips/telaInfo24_scroll","classe":"telaInfo24_scroll","nome":"elm07_01_24_0"},{"tipo":"img","x":"125.5px","y":"262.55px","width":"352.15px","height":"131.8px","nomeInstancia":"MovieClips/transicao_24_1","classe":"transicao_24_1","nome":"elm07_01_24_1"},{"nome":"elm07_01_24_2","tipo":"personagem","x":"0px","y":"0px","width":"1016px","height":"659px","nomeInstancia":"MovieClips/animaP24","classe":"animaP24"},{"tipo":"img","x":"535.7px","y":"228.35px","width":"370.85px","height":"233.05px","nomeInstancia":"MovieClips/transicao_24_3","classe":"transicao_24_3","nome":"elm07_01_24_3"}]},{"desenhos":[{"tipo":"img","x":"550.35px","y":"248.2px","width":"389.1px","height":"84.2px","nomeInstancia":"MovieClips/textConvertido_25_1","classe":"textConvertido_25_1","nome":"elm07_01_25_0"},{"tipo":"img","x":"313.45px","y":"168.2px","width":"389.1px","height":"22.55px","nomeInstancia":"MovieClips/textConvertido_25_0","classe":"textConvertido_25_0","nome":"elm07_01_25_1"},{"tipo":"img","x":"74.1px","y":"236.2px","width":"374.2px","height":"305.7px","nomeInstancia":"MovieClips/transicao_25_2","classe":"transicao_25_2","nome":"elm07_01_25_2"}]},{"desenhos":[{"tipo":"img","x":"550.35px","y":"352.95px","width":"398.1px","height":"84.2px","nomeInstancia":"MovieClips/textConvertido_26_0","classe":"textConvertido_26_0","nome":"elm07_01_26_0"},{"tipo":"img","x":"550.35px","y":"248.2px","width":"389.1px","height":"84.2px","nomeInstancia":"MovieClips/textConvertido_25_1","classe":"textConvertido_25_1","nome":"elm07_01_25_0"},{"tipo":"img","x":"313.45px","y":"168.2px","width":"389.1px","height":"22.55px","nomeInstancia":"MovieClips/textConvertido_25_0","classe":"textConvertido_25_0","nome":"elm07_01_25_1"},{"tipo":"img","x":"74.1px","y":"236.2px","width":"374.2px","height":"305.7px","nomeInstancia":"MovieClips/transicao_25_2","classe":"transicao_25_2","nome":"elm07_01_25_2"}]},{"desenhos":[{"tipo":"img","x":"550.35px","y":"457.7px","width":"420.25px","height":"84.2px","nomeInstancia":"MovieClips/textConvertido_27_0","classe":"textConvertido_27_0","nome":"elm07_01_27_0"},{"tipo":"img","x":"550.35px","y":"352.95px","width":"398.1px","height":"84.2px","nomeInstancia":"MovieClips/textConvertido_26_0","classe":"textConvertido_26_0","nome":"elm07_01_26_0"},{"tipo":"img","x":"550.35px","y":"248.2px","width":"389.1px","height":"84.2px","nomeInstancia":"MovieClips/textConvertido_25_1","classe":"textConvertido_25_1","nome":"elm07_01_25_0"},{"tipo":"img","x":"313.45px","y":"168.2px","width":"389.1px","height":"22.55px","nomeInstancia":"MovieClips/textConvertido_25_0","classe":"textConvertido_25_0","nome":"elm07_01_25_1"},{"tipo":"img","x":"74.1px","y":"236.2px","width":"374.2px","height":"305.7px","nomeInstancia":"MovieClips/transicao_25_2","classe":"transicao_25_2","nome":"elm07_01_25_2"}]},{"desenhos":[{"tipo":"img","x":"191.6px","y":"256.95px","width":"413.4px","height":"112.25px","nomeInstancia":"MovieClips/transicao_28_0","classe":"transicao_28_0","nome":"elm07_01_28_0"},{"nome":"elm07_01_28_1","tipo":"personagem","x":"0px","y":"0px","width":"1016px","height":"659px","nomeInstancia":"MovieClips/animaP28","classe":"animaP28"}]},{"desenhos":[{"tipo":"img","x":"225.2px","y":"363.95px","width":"334.8px","height":"125.85px","nomeInstancia":"MovieClips/transicao_29_0","classe":"transicao_29_0","nome":"elm07_01_29_0"},{"tipo":"img","x":"191.6px","y":"256.95px","width":"413.4px","height":"112.25px","nomeInstancia":"MovieClips/transicao_28_0","classe":"transicao_28_0","nome":"elm07_01_28_0"},{"nome":"elm07_01_28_1","tipo":"personagem","x":"0px","y":"0px","width":"1016px","height":"659px","nomeInstancia":"MovieClips/animaP28","classe":"animaP28"}]},{"desenhos":[{"tipo":"img","x":"550.3px","y":"238.75px","width":"389.1px","height":"84.2px","nomeInstancia":"MovieClips/textConvertido_30_0","classe":"textConvertido_30_0","nome":"elm07_01_30_0"},{"tipo":"img","x":"42.1px","y":"287.5px","width":"446.95px","height":"136.25px","nomeInstancia":"MovieClips/transicao_30_1","classe":"transicao_30_1","nome":"elm07_01_30_1"}]},{"desenhos":[{"tipo":"img","x":"550.3px","y":"338.75px","width":"398.1px","height":"125.3px","nomeInstancia":"MovieClips/textConvertido_31_0","classe":"textConvertido_31_0","nome":"elm07_01_31_0"},{"tipo":"img","x":"550.3px","y":"238.75px","width":"389.1px","height":"84.2px","nomeInstancia":"MovieClips/textConvertido_30_0","classe":"textConvertido_30_0","nome":"elm07_01_30_0"},{"tipo":"img","x":"42.1px","y":"287.5px","width":"446.95px","height":"136.25px","nomeInstancia":"MovieClips/transicao_30_1","classe":"transicao_30_1","nome":"elm07_01_30_1"}]},{"desenhos":[{"tipo":"img","x":"550.3px","y":"479.85px","width":"420.25px","height":"22.55px","nomeInstancia":"MovieClips/textConvertido_32_0","classe":"textConvertido_32_0","nome":"elm07_01_32_0"},{"tipo":"img","x":"550.3px","y":"338.75px","width":"398.1px","height":"125.3px","nomeInstancia":"MovieClips/textConvertido_31_0","classe":"textConvertido_31_0","nome":"elm07_01_31_0"},{"tipo":"img","x":"550.3px","y":"238.75px","width":"389.1px","height":"84.2px","nomeInstancia":"MovieClips/textConvertido_30_0","classe":"textConvertido_30_0","nome":"elm07_01_30_0"},{"tipo":"img","x":"42.1px","y":"287.5px","width":"446.95px","height":"136.25px","nomeInstancia":"MovieClips/transicao_30_1","classe":"transicao_30_1","nome":"elm07_01_30_1"}]},{"desenhos":[{"tipo":"img","x":"93.6px","y":"258.75px","width":"369.6px","height":"84.2px","nomeInstancia":"MovieClips/textConvertido_33_0","classe":"textConvertido_33_0","nome":"elm07_01_33_0"},{"tipo":"img","x":"526.2px","y":"256.35px","width":"368.1px","height":"218.15px","nomeInstancia":"MovieClips/transicao_33_1","classe":"transicao_33_1","nome":"elm07_01_33_1"}]},{"desenhos":[{"tipo":"img","x":"93.6px","y":"359.55px","width":"346.45px","height":"63.65px","nomeInstancia":"MovieClips/textConvertido_34_0","classe":"textConvertido_34_0","nome":"elm07_01_34_0"},{"tipo":"img","x":"93.6px","y":"258.75px","width":"369.6px","height":"84.2px","nomeInstancia":"MovieClips/textConvertido_33_0","classe":"textConvertido_33_0","nome":"elm07_01_33_0"},{"tipo":"img","x":"526.2px","y":"256.35px","width":"368.1px","height":"218.15px","nomeInstancia":"MovieClips/transicao_33_1","classe":"transicao_33_1","nome":"elm07_01_33_1"}]},{"desenhos":[{"tipo":"img","x":"93.6px","y":"439.8px","width":"380.15px","height":"43.1px","nomeInstancia":"MovieClips/textConvertido_35_0","classe":"textConvertido_35_0","nome":"elm07_01_35_0"},{"tipo":"img","x":"93.6px","y":"359.55px","width":"346.45px","height":"63.65px","nomeInstancia":"MovieClips/textConvertido_34_0","classe":"textConvertido_34_0","nome":"elm07_01_34_0"},{"tipo":"img","x":"93.6px","y":"258.75px","width":"369.6px","height":"84.2px","nomeInstancia":"MovieClips/textConvertido_33_0","classe":"textConvertido_33_0","nome":"elm07_01_33_0"},{"tipo":"img","x":"526.2px","y":"256.35px","width":"368.1px","height":"218.15px","nomeInstancia":"MovieClips/transicao_33_1","classe":"transicao_33_1","nome":"elm07_01_33_1"}]},{"desenhos":[{"tipo":"img","x":"543.05px","y":"258.75px","width":"369.6px","height":"104.75px","nomeInstancia":"MovieClips/textConvertido_36_0","classe":"textConvertido_36_0","nome":"elm07_01_36_0"},{"tipo":"img","x":"109.05px","y":"258.75px","width":"368.1px","height":"218.15px","nomeInstancia":"MovieClips/transicao_36_1","classe":"transicao_36_1","nome":"elm07_01_36_1"}]},{"desenhos":[{"tipo":"img","x":"543.05px","y":"386.1px","width":"367.55px","height":"84.2px","nomeInstancia":"MovieClips/textConvertido_37_0","classe":"textConvertido_37_0","nome":"elm07_01_37_0"},{"tipo":"img","x":"543.05px","y":"258.75px","width":"369.6px","height":"104.75px","nomeInstancia":"MovieClips/textConvertido_36_0","classe":"textConvertido_36_0","nome":"elm07_01_36_0"},{"tipo":"img","x":"109.05px","y":"258.75px","width":"368.1px","height":"218.15px","nomeInstancia":"MovieClips/transicao_36_1","classe":"transicao_36_1","nome":"elm07_01_36_1"}]},{"desenhos":[{"tipo":"img","x":"67.25px","y":"227.2px","width":"333.85px","height":"84.2px","nomeInstancia":"MovieClips/textConvertido_38_0","classe":"textConvertido_38_0","nome":"elm07_01_38_0"},{"tipo":"img","x":"458.9px","y":"222.35px","width":"460.15px","height":"250px","nomeInstancia":"MovieClips/transicao_38_1","classe":"transicao_38_1","nome":"elm07_01_38_1"}]},{"desenhos":[{"tipo":"img","x":"67.25px","y":"331.2px","width":"350.7px","height":"63.65px","nomeInstancia":"MovieClips/textConvertido_39_0","classe":"textConvertido_39_0","nome":"elm07_01_39_0"},{"tipo":"img","x":"67.25px","y":"227.2px","width":"333.85px","height":"84.2px","nomeInstancia":"MovieClips/textConvertido_38_0","classe":"textConvertido_38_0","nome":"elm07_01_38_0"},{"tipo":"img","x":"458.9px","y":"222.35px","width":"460.15px","height":"250px","nomeInstancia":"MovieClips/transicao_38_1","classe":"transicao_38_1","nome":"elm07_01_38_1"}]},{"desenhos":[{"tipo":"img","x":"253.75px","y":"200.15px","width":"675.7px","height":"379.5px","nomeInstancia":"MovieClips/telaInfo40","classe":"telaInfo40","nome":"elm07_01_40_0"},{"tipo":"img","x":"67.25px","y":"414.65px","width":"350.7px","height":"43.1px","nomeInstancia":"MovieClips/textConvertido_40_2","classe":"textConvertido_40_2","nome":"elm07_01_40_1"},{"tipo":"img","x":"67.25px","y":"477.55px","width":"350.7px","height":"22.55px","nomeInstancia":"MovieClips/textConvertido_40_1","classe":"textConvertido_40_1","nome":"elm07_01_40_2"},{"tipo":"img","x":"67.25px","y":"331.2px","width":"350.7px","height":"63.65px","nomeInstancia":"MovieClips/textConvertido_39_0","classe":"textConvertido_39_0","nome":"elm07_01_39_0"},{"tipo":"img","x":"67.25px","y":"227.2px","width":"333.85px","height":"84.2px","nomeInstancia":"MovieClips/textConvertido_38_0","classe":"textConvertido_38_0","nome":"elm07_01_38_0"},{"tipo":"img","x":"458.9px","y":"222.35px","width":"460.15px","height":"250px","nomeInstancia":"MovieClips/transicao_38_1","classe":"transicao_38_1","nome":"elm07_01_38_1"}]},{"desenhos":[{"tipo":"img","x":"505.25px","y":"204.1px","width":"451.6px","height":"63.65px","nomeInstancia":"MovieClips/textConvertido_41_0","classe":"textConvertido_41_0","nome":"elm07_01_41_0"},{"tipo":"img","x":"65.9px","y":"204.1px","width":"376.15px","height":"277.6px","nomeInstancia":"MovieClips/transicao_41_1","classe":"transicao_41_1","nome":"elm07_01_41_1"}]},{"desenhos":[{"tipo":"img","x":"505.25px","y":"284.85px","width":"460px","height":"125.3px","nomeInstancia":"MovieClips/textConvertido_42_0","classe":"textConvertido_42_0","nome":"elm07_01_42_0"},{"tipo":"img","x":"505.25px","y":"204.1px","width":"451.6px","height":"63.65px","nomeInstancia":"MovieClips/textConvertido_41_0","classe":"textConvertido_41_0","nome":"elm07_01_41_0"},{"tipo":"img","x":"65.9px","y":"204.1px","width":"376.15px","height":"277.6px","nomeInstancia":"MovieClips/transicao_41_1","classe":"transicao_41_1","nome":"elm07_01_41_1"}]},{"desenhos":[{"tipo":"img","x":"505.25px","y":"427.25px","width":"471.8px","height":"104.75px","nomeInstancia":"MovieClips/textConvertido_43_0","classe":"textConvertido_43_0","nome":"elm07_01_43_0"},{"tipo":"img","x":"505.25px","y":"284.85px","width":"460px","height":"125.3px","nomeInstancia":"MovieClips/textConvertido_42_0","classe":"textConvertido_42_0","nome":"elm07_01_42_0"},{"tipo":"img","x":"505.25px","y":"204.1px","width":"451.6px","height":"63.65px","nomeInstancia":"MovieClips/textConvertido_41_0","classe":"textConvertido_41_0","nome":"elm07_01_41_0"},{"tipo":"img","x":"65.9px","y":"204.1px","width":"376.15px","height":"277.6px","nomeInstancia":"MovieClips/transicao_41_1","classe":"transicao_41_1","nome":"elm07_01_41_1"}]},{"desenhos":[{"tipo":"img","x":"307.35px","y":"224.35px","width":"414.35px","height":"275.3px","nomeInstancia":"MovieClips/destaque44","classe":"destaque44","nome":"elm07_01_44_0"},{"tipo":"img","x":"505.25px","y":"427.25px","width":"471.8px","height":"104.75px","nomeInstancia":"MovieClips/textConvertido_43_0","classe":"textConvertido_43_0","nome":"elm07_01_43_0"},{"tipo":"img","x":"505.25px","y":"284.85px","width":"460px","height":"125.3px","nomeInstancia":"MovieClips/textConvertido_42_0","classe":"textConvertido_42_0","nome":"elm07_01_42_0"},{"tipo":"img","x":"505.25px","y":"204.1px","width":"451.6px","height":"63.65px","nomeInstancia":"MovieClips/textConvertido_41_0","classe":"textConvertido_41_0","nome":"elm07_01_41_0"},{"tipo":"img","x":"65.9px","y":"204.1px","width":"376.15px","height":"277.6px","nomeInstancia":"MovieClips/transicao_41_1","classe":"transicao_41_1","nome":"elm07_01_41_1"}]},{"desenhos":[{"tipo":"img","x":"74.4px","y":"244.25px","width":"635.8px","height":"337.9px","nomeInstancia":"MovieClips/opcoes45","classe":"opcoes45","nome":"elm07_01_45_0"},{"tipo":"img","x":"89.4px","y":"285.05px","width":"831.7px","height":"208.05px","nomeInstancia":"MovieClips/textConvertido_45_0","classe":"textConvertido_45_0","nome":"elm07_01_45_1"},{"tipo":"img","x":"89.4px","y":"163px","width":"225.9px","height":"74.55px","nomeInstancia":"MovieClips/transicao_45_2","classe":"transicao_45_2","nome":"elm07_01_45_2"}]}]}