{"licao":"elb02_03","topico":"03","telas":[{"desenhos":[{"tipo":"img","x":"201.3px","y":"140.35px","width":"540.2px","height":"115.95px","nomeInstancia":"MovieClips/transicao_1_0","classe":"transicao_1_0","nome":"elb02_03_1_0"},{"nome":"elb02_03_1_1","tipo":"personagem","x":"0px","y":"0px","width":"1016px","height":"659px","nomeInstancia":"MovieClips/animaP1","classe":"animaP1"}]},{"desenhos":[{"tipo":"img","x":"156.8px","y":"252.1px","width":"465.2px","height":"138.15px","nomeInstancia":"MovieClips/transicao_2_0","classe":"transicao_2_0","nome":"elb02_03_2_0"},{"tipo":"img","x":"201.3px","y":"140.35px","width":"540.2px","height":"115.95px","nomeInstancia":"MovieClips/transicao_1_0","classe":"transicao_1_0","nome":"elb02_03_1_0"},{"nome":"elb02_03_1_1","tipo":"personagem","x":"0px","y":"0px","width":"1016px","height":"659px","nomeInstancia":"MovieClips/animaP1","classe":"animaP1"}]},{"desenhos":[{"tipo":"img","x":"514.5px","y":"291.5px","width":"426px","height":"118.7px","nomeInstancia":"MovieClips/textConvertido_3_0","classe":"textConvertido_3_0","nome":"elb02_03_3_0"},{"tipo":"img","x":"64.3px","y":"197.05px","width":"383px","height":"326.8px","nomeInstancia":"MovieClips/transicao_3_1","classe":"transicao_3_1","nome":"elb02_03_3_1"}]},{"desenhos":[{"tipo":"img","x":"92.6px","y":"313.25px","width":"426px","height":"119.7px","nomeInstancia":"MovieClips/textConvertido_4_0","classe":"textConvertido_4_0","nome":"elb02_03_4_0"},{"tipo":"img","x":"613.5px","y":"222px","width":"287.25px","height":"276.9px","nomeInstancia":"MovieClips/transicao_4_1","classe":"transicao_4_1","nome":"elb02_03_4_1"}]},{"desenhos":[{"tipo":"img","x":"234.6px","y":"177.85px","width":"528.65px","height":"103.5px","nomeInstancia":"MovieClips/transicao_5_0","classe":"transicao_5_0","nome":"elb02_03_5_0"},{"nome":"elb02_03_5_1","tipo":"personagem","x":"0px","y":"0px","width":"1016px","height":"659px","nomeInstancia":"MovieClips/animaP5","classe":"animaP5"}]},{"desenhos":[{"tipo":"img","x":"494.55px","y":"277.15px","width":"477.6px","height":"142.5px","nomeInstancia":"MovieClips/transicao_6_0","classe":"transicao_6_0","nome":"elb02_03_6_0"},{"tipo":"img","x":"234.6px","y":"177.85px","width":"528.65px","height":"103.5px","nomeInstancia":"MovieClips/transicao_5_0","classe":"transicao_5_0","nome":"elb02_03_5_0"},{"nome":"elb02_03_5_1","tipo":"personagem","x":"0px","y":"0px","width":"1016px","height":"659px","nomeInstancia":"MovieClips/animaP5","classe":"animaP5"}]},{"desenhos":[{"tipo":"img","x":"76px","y":"270.75px","width":"426px","height":"43.1px","nomeInstancia":"MovieClips/textConvertido_7_0","classe":"textConvertido_7_0","nome":"elb02_03_7_0"},{"tipo":"img","x":"557.95px","y":"202.25px","width":"365.15px","height":"316.4px","nomeInstancia":"MovieClips/transicao_7_1","classe":"transicao_7_1","nome":"elb02_03_7_1"}]},{"desenhos":[{"tipo":"img","x":"76px","y":"335.2px","width":"426px","height":"109.15px","nomeInstancia":"MovieClips/textConvertido_8_0","classe":"textConvertido_8_0","nome":"elb02_03_8_0"},{"tipo":"img","x":"76px","y":"270.75px","width":"426px","height":"43.1px","nomeInstancia":"MovieClips/textConvertido_7_0","classe":"textConvertido_7_0","nome":"elb02_03_7_0"},{"tipo":"img","x":"557.95px","y":"202.25px","width":"365.15px","height":"316.4px","nomeInstancia":"MovieClips/transicao_7_1","classe":"transicao_7_1","nome":"elb02_03_7_1"}]},{"desenhos":[{"tipo":"img","x":"521.65px","y":"309.1px","width":"426px","height":"99.25px","nomeInstancia":"MovieClips/textConvertido_9_1","classe":"textConvertido_9_1","nome":"elb02_03_9_0"},{"tipo":"img","x":"83.15px","y":"220.95px","width":"361.6px","height":"276.95px","nomeInstancia":"MovieClips/transicao_9_2","classe":"transicao_9_2","nome":"elb02_03_9_1"}]},{"desenhos":[{"tipo":"img","x":"295.1px","y":"258.7px","width":"425.75px","height":"142.55px","nomeInstancia":"MovieClips/destaque_212_2","classe":"destaque_212_2","nome":"elb02_03_10_0"},{"tipo":"img","x":"521.65px","y":"309.1px","width":"426px","height":"99.25px","nomeInstancia":"MovieClips/textConvertido_9_1","classe":"textConvertido_9_1","nome":"elb02_03_9_0"},{"tipo":"img","x":"83.15px","y":"220.95px","width":"361.6px","height":"276.95px","nomeInstancia":"MovieClips/transicao_9_2","classe":"transicao_9_2","nome":"elb02_03_9_1"}]},{"desenhos":[{"tipo":"img","x":"64.6px","y":"251.2px","width":"426px","height":"60.35px","nomeInstancia":"MovieClips/textConvertido_10_0","classe":"textConvertido_10_0","nome":"elb02_03_11_0"},{"tipo":"img","x":"523.35px","y":"242.55px","width":"436.45px","height":"238.25px","nomeInstancia":"MovieClips/transicao_10_1","classe":"transicao_10_1","nome":"elb02_03_11_1"}]},{"desenhos":[{"tipo":"img","x":"64.6px","y":"336.75px","width":"426px","height":"40.9px","nomeInstancia":"MovieClips/textConvertido_11_0","classe":"textConvertido_11_0","nome":"elb02_03_12_0"},{"tipo":"img","x":"64.6px","y":"251.2px","width":"426px","height":"60.35px","nomeInstancia":"MovieClips/textConvertido_10_0","classe":"textConvertido_10_0","nome":"elb02_03_11_0"},{"tipo":"img","x":"523.35px","y":"242.55px","width":"436.45px","height":"238.25px","nomeInstancia":"MovieClips/transicao_10_1","classe":"transicao_10_1","nome":"elb02_03_11_1"}]},{"desenhos":[{"tipo":"img","x":"64.6px","y":"402.85px","width":"426px","height":"79.8px","nomeInstancia":"MovieClips/textConvertido_12_0","classe":"textConvertido_12_0","nome":"elb02_03_13_0"},{"tipo":"img","x":"64.6px","y":"336.75px","width":"426px","height":"40.9px","nomeInstancia":"MovieClips/textConvertido_11_0","classe":"textConvertido_11_0","nome":"elb02_03_12_0"},{"tipo":"img","x":"64.6px","y":"251.2px","width":"426px","height":"60.35px","nomeInstancia":"MovieClips/textConvertido_10_0","classe":"textConvertido_10_0","nome":"elb02_03_11_0"},{"tipo":"img","x":"523.35px","y":"242.55px","width":"436.45px","height":"238.25px","nomeInstancia":"MovieClips/transicao_10_1","classe":"transicao_10_1","nome":"elb02_03_11_1"}]},{"desenhos":[{"tipo":"img","x":"522.8px","y":"238.6px","width":"426px","height":"79.8px","nomeInstancia":"MovieClips/textConvertido_13_0","classe":"textConvertido_13_0","nome":"elb02_03_14_0"},{"tipo":"img","x":"60.55px","y":"230.75px","width":"409.2px","height":"259.8px","nomeInstancia":"MovieClips/transicao_13_1","classe":"transicao_13_1","nome":"elb02_03_14_1"}]},{"desenhos":[{"tipo":"img","x":"522.8px","y":"339.8px","width":"426px","height":"60.35px","nomeInstancia":"MovieClips/textConvertido_14_0","classe":"textConvertido_14_0","nome":"elb02_03_15_0"},{"tipo":"img","x":"522.8px","y":"238.6px","width":"426px","height":"79.8px","nomeInstancia":"MovieClips/textConvertido_13_0","classe":"textConvertido_13_0","nome":"elb02_03_14_0"},{"tipo":"img","x":"60.55px","y":"230.75px","width":"409.2px","height":"259.8px","nomeInstancia":"MovieClips/transicao_13_1","classe":"transicao_13_1","nome":"elb02_03_14_1"}]},{"desenhos":[{"tipo":"img","x":"522.8px","y":"421.55px","width":"426px","height":"60.35px","nomeInstancia":"MovieClips/textConvertido_15_0","classe":"textConvertido_15_0","nome":"elb02_03_16_0"},{"tipo":"img","x":"522.8px","y":"339.8px","width":"426px","height":"60.35px","nomeInstancia":"MovieClips/textConvertido_14_0","classe":"textConvertido_14_0","nome":"elb02_03_15_0"},{"tipo":"img","x":"522.8px","y":"238.6px","width":"426px","height":"79.8px","nomeInstancia":"MovieClips/textConvertido_13_0","classe":"textConvertido_13_0","nome":"elb02_03_14_0"},{"tipo":"img","x":"60.55px","y":"230.75px","width":"409.2px","height":"259.8px","nomeInstancia":"MovieClips/transicao_13_1","classe":"transicao_13_1","nome":"elb02_03_14_1"}]},{"desenhos":[{"tipo":"img","x":"51px","y":"255.8px","width":"426px","height":"60.35px","nomeInstancia":"MovieClips/textConvertido_16_0","classe":"textConvertido_16_0","nome":"elb02_03_17_0"},{"tipo":"img","x":"499.2px","y":"255.8px","width":"476px","height":"240.55px","nomeInstancia":"MovieClips/transicao_16_1","classe":"transicao_16_1","nome":"elb02_03_17_1"}]},{"desenhos":[{"tipo":"img","x":"51px","y":"331.75px","width":"426px","height":"60.35px","nomeInstancia":"MovieClips/textConvertido_17_0","classe":"textConvertido_17_0","nome":"elb02_03_18_0"},{"tipo":"img","x":"51px","y":"255.8px","width":"426px","height":"60.35px","nomeInstancia":"MovieClips/textConvertido_16_0","classe":"textConvertido_16_0","nome":"elb02_03_17_0"},{"tipo":"img","x":"499.2px","y":"255.8px","width":"476px","height":"240.55px","nomeInstancia":"MovieClips/transicao_16_1","classe":"transicao_16_1","nome":"elb02_03_17_1"}]},{"desenhos":[{"tipo":"img","x":"51px","y":"407.7px","width":"426px","height":"79.8px","nomeInstancia":"MovieClips/textConvertido_18_0","classe":"textConvertido_18_0","nome":"elb02_03_19_0"},{"tipo":"img","x":"51px","y":"331.75px","width":"426px","height":"60.35px","nomeInstancia":"MovieClips/textConvertido_17_0","classe":"textConvertido_17_0","nome":"elb02_03_18_0"},{"tipo":"img","x":"51px","y":"255.8px","width":"426px","height":"60.35px","nomeInstancia":"MovieClips/textConvertido_16_0","classe":"textConvertido_16_0","nome":"elb02_03_17_0"},{"tipo":"img","x":"499.2px","y":"255.8px","width":"476px","height":"240.55px","nomeInstancia":"MovieClips/transicao_16_1","classe":"transicao_16_1","nome":"elb02_03_17_1"}]},{"desenhos":[{"tipo":"img","x":"538.3px","y":"247.85px","width":"426px","height":"63.65px","nomeInstancia":"MovieClips/textConvertido_19_0","classe":"textConvertido_19_0","nome":"elb02_03_20_0"},{"tipo":"img","x":"37.55px","y":"254.5px","width":"471.8px","height":"238.4px","nomeInstancia":"MovieClips/transicao_19_1","classe":"transicao_19_1","nome":"elb02_03_20_1"}]},{"desenhos":[{"tipo":"img","x":"538.3px","y":"325px","width":"426px","height":"104.75px","nomeInstancia":"MovieClips/textConvertido_20_0","classe":"textConvertido_20_0","nome":"elb02_03_21_0"},{"tipo":"img","x":"538.3px","y":"247.85px","width":"426px","height":"63.65px","nomeInstancia":"MovieClips/textConvertido_19_0","classe":"textConvertido_19_0","nome":"elb02_03_20_0"},{"tipo":"img","x":"37.55px","y":"254.5px","width":"471.8px","height":"238.4px","nomeInstancia":"MovieClips/transicao_19_1","classe":"transicao_19_1","nome":"elb02_03_20_1"}]},{"desenhos":[{"tipo":"img","x":"538.3px","y":"443.25px","width":"426px","height":"43.1px","nomeInstancia":"MovieClips/textConvertido_21_0","classe":"textConvertido_21_0","nome":"elb02_03_22_0"},{"tipo":"img","x":"538.3px","y":"325px","width":"426px","height":"104.75px","nomeInstancia":"MovieClips/textConvertido_20_0","classe":"textConvertido_20_0","nome":"elb02_03_21_0"},{"tipo":"img","x":"538.3px","y":"247.85px","width":"426px","height":"63.65px","nomeInstancia":"MovieClips/textConvertido_19_0","classe":"textConvertido_19_0","nome":"elb02_03_20_0"},{"tipo":"img","x":"37.55px","y":"254.5px","width":"471.8px","height":"238.4px","nomeInstancia":"MovieClips/transicao_19_1","classe":"transicao_19_1","nome":"elb02_03_20_1"}]},{"desenhos":[{"tipo":"img","x":"83.25px","y":"292.95px","width":"426px","height":"40.9px","nomeInstancia":"MovieClips/textConvertido_22_0","classe":"textConvertido_22_0","nome":"elb02_03_23_0"},{"tipo":"img","x":"76px","y":"151.45px","width":"131.9px","height":"70px","nomeInstancia":"MovieClips/transicao_22_1","classe":"transicao_22_1","nome":"elb02_03_23_1"},{"tipo":"img","x":"552.75px","y":"296.1px","width":"375.5px","height":"141.35px","nomeInstancia":"MovieClips/transicao_22_2","classe":"transicao_22_2","nome":"elb02_03_23_2"}]},{"desenhos":[{"tipo":"img","x":"83.25px","y":"352.1px","width":"426px","height":"79.8px","nomeInstancia":"MovieClips/textConvertido_23_0","classe":"textConvertido_23_0","nome":"elb02_03_24_0"},{"tipo":"img","x":"83.25px","y":"292.95px","width":"426px","height":"40.9px","nomeInstancia":"MovieClips/textConvertido_22_0","classe":"textConvertido_22_0","nome":"elb02_03_23_0"},{"tipo":"img","x":"76px","y":"151.45px","width":"131.9px","height":"70px","nomeInstancia":"MovieClips/transicao_22_1","classe":"transicao_22_1","nome":"elb02_03_23_1"},{"tipo":"img","x":"552.75px","y":"296.1px","width":"375.5px","height":"141.35px","nomeInstancia":"MovieClips/transicao_22_2","classe":"transicao_22_2","nome":"elb02_03_23_2"}]},{"desenhos":[{"tipo":"img","x":"492.65px","y":"228.25px","width":"426px","height":"60.35px","nomeInstancia":"MovieClips/textConvertido_24_0","classe":"textConvertido_24_0","nome":"elb02_03_25_0"},{"tipo":"img","x":"153.35px","y":"253.5px","width":"169.7px","height":"210.05px","nomeInstancia":"MovieClips/transicao_24_1","classe":"transicao_24_1","nome":"elb02_03_25_1"}]},{"desenhos":[{"tipo":"img","x":"492.65px","y":"306.8px","width":"426px","height":"102.25px","nomeInstancia":"MovieClips/textConvertido_25_0","classe":"textConvertido_25_0","nome":"elb02_03_26_0"},{"tipo":"img","x":"492.65px","y":"228.25px","width":"426px","height":"60.35px","nomeInstancia":"MovieClips/textConvertido_24_0","classe":"textConvertido_24_0","nome":"elb02_03_25_0"},{"tipo":"img","x":"153.35px","y":"253.5px","width":"169.7px","height":"210.05px","nomeInstancia":"MovieClips/transicao_24_1","classe":"transicao_24_1","nome":"elb02_03_25_1"}]},{"desenhos":[{"tipo":"img","x":"492.65px","y":"427.25px","width":"426px","height":"62.35px","nomeInstancia":"MovieClips/textConvertido_26_0","classe":"textConvertido_26_0","nome":"elb02_03_27_0"},{"tipo":"img","x":"492.65px","y":"306.8px","width":"426px","height":"102.25px","nomeInstancia":"MovieClips/textConvertido_25_0","classe":"textConvertido_25_0","nome":"elb02_03_26_0"},{"tipo":"img","x":"492.65px","y":"228.25px","width":"426px","height":"60.35px","nomeInstancia":"MovieClips/textConvertido_24_0","classe":"textConvertido_24_0","nome":"elb02_03_25_0"},{"tipo":"img","x":"153.35px","y":"253.5px","width":"169.7px","height":"210.05px","nomeInstancia":"MovieClips/transicao_24_1","classe":"transicao_24_1","nome":"elb02_03_25_1"}]},{"desenhos":[{"tipo":"img","x":"283.4px","y":"158px","width":"698.2px","height":"409.4px","nomeInstancia":"MovieClips/telaInfo28","classe":"telaInfo28","nome":"elb02_03_28_0"},{"tipo":"img","x":"76px","y":"306px","width":"359px","height":"79.8px","nomeInstancia":"MovieClips/textConvertido_27_1","classe":"textConvertido_27_1","nome":"elb02_03_28_1"},{"tipo":"img","x":"502px","y":"158px","width":"479.6px","height":"409.4px","nomeInstancia":"MovieClips/transicao_27_2","classe":"transicao_27_2","nome":"elb02_03_28_2"}]},{"desenhos":[{"tipo":"img","x":"540.45px","y":"300.5px","width":"384.45px","height":"63.65px","nomeInstancia":"MovieClips/textConvertido_28_0","classe":"textConvertido_28_0","nome":"elb02_03_29_0"},{"tipo":"img","x":"68.1px","y":"223.35px","width":"423px","height":"257.85px","nomeInstancia":"MovieClips/transicao_28_1","classe":"transicao_28_1","nome":"elb02_03_29_1"}]},{"desenhos":[{"tipo":"img","x":"68.1px","y":"223.35px","width":"666.75px","height":"342.1px","nomeInstancia":"telaInfo30","classe":"telaInfo30","nome":"elb02_03_30_0"},{"tipo":"img","x":"540.45px","y":"381.75px","width":"377.2px","height":"22.55px","nomeInstancia":"MovieClips/textConvertido_29_1","classe":"textConvertido_29_1","nome":"elb02_03_30_1"},{"tipo":"img","x":"540.45px","y":"300.5px","width":"384.45px","height":"63.65px","nomeInstancia":"MovieClips/textConvertido_28_0","classe":"textConvertido_28_0","nome":"elb02_03_29_0"}]},{"desenhos":[{"tipo":"img","x":"78.1px","y":"288.45px","width":"426px","height":"79.8px","nomeInstancia":"MovieClips/textConvertido_30_0","classe":"textConvertido_30_0","nome":"elb02_03_31_0"},{"tipo":"img","x":"568px","y":"248.15px","width":"382.4px","height":"216.5px","nomeInstancia":"MovieClips/transicao_30_1","classe":"transicao_30_1","nome":"elb02_03_31_1"}]},{"desenhos":[{"tipo":"img","x":"290.1px","y":"248.15px","width":"645px","height":"224.9px","nomeInstancia":"MovieClips/telaInfo32","classe":"telaInfo32","nome":"elb02_03_32_0"},{"tipo":"img","x":"78.1px","y":"386.55px","width":"426px","height":"40.9px","nomeInstancia":"MovieClips/textConvertido_31_1","classe":"textConvertido_31_1","nome":"elb02_03_32_1"},{"tipo":"img","x":"78.1px","y":"288.45px","width":"426px","height":"79.8px","nomeInstancia":"MovieClips/textConvertido_30_0","classe":"textConvertido_30_0","nome":"elb02_03_31_0"},{"tipo":"img","x":"568px","y":"248.15px","width":"382.4px","height":"216.5px","nomeInstancia":"MovieClips/transicao_30_1","classe":"transicao_30_1","nome":"elb02_03_31_1"}]}]}