{"licao":"elb02_02","topico":"02","telas":[{"desenhos":[{"tipo":"img","x":"223.8px","y":"141.35px","width":"531.4px","height":"128.6px","nomeInstancia":"MovieClips/transicao_1_0","classe":"transicao_1_0","nome":"elb02_02_1_0"},{"nome":"elb02_02_1_1","tipo":"personagem","x":"0px","y":"0px","width":"1016px","height":"659px","nomeInstancia":"MovieClips/animaP1","classe":"animaP1"}]},{"desenhos":[{"tipo":"img","x":"195.25px","y":"265.65px","width":"472.5px","height":"158.2px","nomeInstancia":"MovieClips/transicao_2_0","classe":"transicao_2_0","nome":"elb02_02_2_0"},{"tipo":"img","x":"223.8px","y":"141.35px","width":"531.4px","height":"128.6px","nomeInstancia":"MovieClips/transicao_1_0","classe":"transicao_1_0","nome":"elb02_02_1_0"},{"nome":"elb02_02_1_1","tipo":"personagem","x":"0px","y":"0px","width":"1016px","height":"659px","nomeInstancia":"MovieClips/animaP1","classe":"animaP1"}]},{"desenhos":[{"tipo":"img","x":"284.55px","y":"134.2px","width":"533.1px","height":"149.25px","nomeInstancia":"MovieClips/transicao_3_0","classe":"transicao_3_0","nome":"elb02_02_3_0"},{"nome":"elb02_02_3_1","tipo":"personagem","x":"0px","y":"0px","width":"1016px","height":"659px","nomeInstancia":"MovieClips/animaP3","classe":"animaP3"}]},{"desenhos":[{"tipo":"img","x":"76px","y":"218.15px","width":"426px","height":"79.8px","nomeInstancia":"MovieClips/textConvertido_4_0","classe":"textConvertido_4_0","nome":"elb02_02_4_0"},{"tipo":"img","x":"579.05px","y":"241.25px","width":"333.4px","height":"238.5px","nomeInstancia":"MovieClips/transicao_4_1","classe":"transicao_4_1","nome":"elb02_02_4_1"}]},{"desenhos":[{"tipo":"img","x":"76px","y":"321.35px","width":"426px","height":"79.8px","nomeInstancia":"MovieClips/textConvertido_5_0","classe":"textConvertido_5_0","nome":"elb02_02_5_0"},{"tipo":"img","x":"76px","y":"218.15px","width":"426px","height":"79.8px","nomeInstancia":"MovieClips/textConvertido_4_0","classe":"textConvertido_4_0","nome":"elb02_02_4_0"},{"tipo":"img","x":"579.05px","y":"241.25px","width":"333.4px","height":"238.5px","nomeInstancia":"MovieClips/transicao_4_1","classe":"transicao_4_1","nome":"elb02_02_4_1"}]},{"desenhos":[{"tipo":"img","x":"76px","y":"424.55px","width":"426px","height":"40.9px","nomeInstancia":"MovieClips/textConvertido_6_0","classe":"textConvertido_6_0","nome":"elb02_02_6_0"},{"tipo":"img","x":"76px","y":"321.35px","width":"426px","height":"79.8px","nomeInstancia":"MovieClips/textConvertido_5_0","classe":"textConvertido_5_0","nome":"elb02_02_5_0"},{"tipo":"img","x":"76px","y":"218.15px","width":"426px","height":"79.8px","nomeInstancia":"MovieClips/textConvertido_4_0","classe":"textConvertido_4_0","nome":"elb02_02_4_0"},{"tipo":"img","x":"579.05px","y":"241.25px","width":"333.4px","height":"238.5px","nomeInstancia":"MovieClips/transicao_4_1","classe":"transicao_4_1","nome":"elb02_02_4_1"}]},{"desenhos":[{"tipo":"img","x":"213.9px","y":"241.25px","width":"698.55px","height":"238.5px","nomeInstancia":"MovieClips/telaInfo07","classe":"telaInfo07","nome":"elb02_02_7_0"},{"tipo":"img","x":"76px","y":"488.85px","width":"426px","height":"21.45px","nomeInstancia":"MovieClips/textConvertido_7_1","classe":"textConvertido_7_1","nome":"elb02_02_7_1"},{"tipo":"img","x":"76px","y":"424.55px","width":"426px","height":"40.9px","nomeInstancia":"MovieClips/textConvertido_6_0","classe":"textConvertido_6_0","nome":"elb02_02_6_0"},{"tipo":"img","x":"76px","y":"321.35px","width":"426px","height":"79.8px","nomeInstancia":"MovieClips/textConvertido_5_0","classe":"textConvertido_5_0","nome":"elb02_02_5_0"},{"tipo":"img","x":"76px","y":"218.15px","width":"426px","height":"79.8px","nomeInstancia":"MovieClips/textConvertido_4_0","classe":"textConvertido_4_0","nome":"elb02_02_4_0"},{"tipo":"img","x":"579.05px","y":"241.25px","width":"333.4px","height":"238.5px","nomeInstancia":"MovieClips/transicao_4_1","classe":"transicao_4_1","nome":"elb02_02_4_1"}]},{"desenhos":[{"tipo":"img","x":"531.65px","y":"270.5px","width":"354.3px","height":"43.1px","nomeInstancia":"MovieClips/textConvertido_8_0","classe":"textConvertido_8_0","nome":"elb02_02_8_0"},{"tipo":"img","x":"94.7px","y":"234.05px","width":"351.35px","height":"257.15px","nomeInstancia":"MovieClips/transicao_8_1","classe":"transicao_8_1","nome":"elb02_02_8_1"}]},{"desenhos":[{"tipo":"img","x":"531.65px","y":"331.9px","width":"211.4px","height":"22.55px","nomeInstancia":"MovieClips/textConvertido_9_0","classe":"textConvertido_9_0","nome":"elb02_02_9_0"},{"tipo":"img","x":"531.65px","y":"270.5px","width":"354.3px","height":"43.1px","nomeInstancia":"MovieClips/textConvertido_8_0","classe":"textConvertido_8_0","nome":"elb02_02_8_0"},{"tipo":"img","x":"94.7px","y":"234.05px","width":"351.35px","height":"257.15px","nomeInstancia":"MovieClips/transicao_8_1","classe":"transicao_8_1","nome":"elb02_02_8_1"}]},{"desenhos":[{"tipo":"img","x":"531.65px","y":"372.75px","width":"426px","height":"104.75px","nomeInstancia":"MovieClips/textConvertido_10_0","classe":"textConvertido_10_0","nome":"elb02_02_10_0"},{"tipo":"img","x":"531.65px","y":"331.9px","width":"211.4px","height":"22.55px","nomeInstancia":"MovieClips/textConvertido_9_0","classe":"textConvertido_9_0","nome":"elb02_02_9_0"},{"tipo":"img","x":"531.65px","y":"270.5px","width":"354.3px","height":"43.1px","nomeInstancia":"MovieClips/textConvertido_8_0","classe":"textConvertido_8_0","nome":"elb02_02_8_0"},{"tipo":"img","x":"94.7px","y":"234.05px","width":"351.35px","height":"257.15px","nomeInstancia":"MovieClips/transicao_8_1","classe":"transicao_8_1","nome":"elb02_02_8_1"}]},{"desenhos":[{"tipo":"img","x":"76px","y":"230.5px","width":"426px","height":"118.7px","nomeInstancia":"MovieClips/textConvertido_11_0","classe":"textConvertido_11_0","nome":"elb02_02_11_0"},{"tipo":"img","x":"640.7px","y":"314.7px","width":"199.65px","height":"91.5px","nomeInstancia":"MovieClips/transicao_11_1","classe":"transicao_11_1","nome":"elb02_02_11_1"}]},{"desenhos":[{"tipo":"img","x":"76px","y":"368.35px","width":"426px","height":"79.8px","nomeInstancia":"MovieClips/textConvertido_12_0","classe":"textConvertido_12_0","nome":"elb02_02_12_0"},{"tipo":"img","x":"76px","y":"230.5px","width":"426px","height":"118.7px","nomeInstancia":"MovieClips/textConvertido_11_0","classe":"textConvertido_11_0","nome":"elb02_02_11_0"},{"tipo":"img","x":"640.7px","y":"314.7px","width":"199.65px","height":"91.5px","nomeInstancia":"MovieClips/transicao_11_1","classe":"transicao_11_1","nome":"elb02_02_11_1"}]},{"desenhos":[{"tipo":"img","x":"208.9px","y":"249.85px","width":"631.45px","height":"193.6px","nomeInstancia":"MovieClips/telaInfo13","classe":"telaInfo13","nome":"elb02_02_13_0"},{"tipo":"img","x":"76px","y":"467.3px","width":"426px","height":"21.45px","nomeInstancia":"MovieClips/textConvertido_13_1","classe":"textConvertido_13_1","nome":"elb02_02_13_1"},{"tipo":"img","x":"76px","y":"368.35px","width":"426px","height":"79.8px","nomeInstancia":"MovieClips/textConvertido_12_0","classe":"textConvertido_12_0","nome":"elb02_02_12_0"},{"tipo":"img","x":"76px","y":"230.5px","width":"426px","height":"118.7px","nomeInstancia":"MovieClips/textConvertido_11_0","classe":"textConvertido_11_0","nome":"elb02_02_11_0"},{"tipo":"img","x":"640.7px","y":"314.7px","width":"199.65px","height":"91.5px","nomeInstancia":"MovieClips/transicao_11_1","classe":"transicao_11_1","nome":"elb02_02_11_1"}]},{"desenhos":[{"tipo":"img","x":"295.15px","y":"280.05px","width":"425.75px","height":"142.55px","nomeInstancia":"MovieClips/destaque_212_2","classe":"destaque_212_2","nome":"elb02_02_14_0"},{"tipo":"img","x":"208.9px","y":"249.85px","width":"631.45px","height":"193.6px","nomeInstancia":"MovieClips/telaInfo13","classe":"telaInfo13","nome":"elb02_02_13_0"},{"tipo":"img","x":"76px","y":"467.3px","width":"426px","height":"21.45px","nomeInstancia":"MovieClips/textConvertido_13_1","classe":"textConvertido_13_1","nome":"elb02_02_13_1"},{"tipo":"img","x":"76px","y":"368.35px","width":"426px","height":"79.8px","nomeInstancia":"MovieClips/textConvertido_12_0","classe":"textConvertido_12_0","nome":"elb02_02_12_0"},{"tipo":"img","x":"76px","y":"230.5px","width":"426px","height":"118.7px","nomeInstancia":"MovieClips/textConvertido_11_0","classe":"textConvertido_11_0","nome":"elb02_02_11_0"},{"tipo":"img","x":"640.7px","y":"314.7px","width":"199.65px","height":"91.5px","nomeInstancia":"MovieClips/transicao_11_1","classe":"transicao_11_1","nome":"elb02_02_11_1"}]},{"desenhos":[{"tipo":"img","x":"241.75px","y":"207.5px","width":"665.95px","height":"366.4px","nomeInstancia":"MovieClips/telaInfo15","classe":"telaInfo15","nome":"elb02_02_15_0"},{"tipo":"img","x":"376.15px","y":"195.05px","width":"528.9px","height":"109.75px","nomeInstancia":"MovieClips/transicao_15_2","classe":"transicao_15_2","nome":"elb02_02_15_1"},{"nome":"elb02_02_15_2","tipo":"personagem","x":"0px","y":"0px","width":"1016px","height":"659px","nomeInstancia":"MovieClips/animaP15","classe":"animaP15"}]},{"desenhos":[{"tipo":"img","x":"76px","y":"236.6px","width":"426px","height":"79.8px","nomeInstancia":"MovieClips/textConvertido_16_0","classe":"textConvertido_16_0","nome":"elb02_02_16_0"},{"nome":"elb02_02_16_1","tipo":"png","x":"0px","y":"0px","width":"1016px","height":"659px","nomeInstancia":"MovieClips/anima16","classe":"anima16"}]},{"desenhos":[{"tipo":"img","x":"76px","y":"345.05px","width":"426px","height":"60.35px","nomeInstancia":"MovieClips/textConvertido_17_0","classe":"textConvertido_17_0","nome":"elb02_02_17_0"},{"tipo":"img","x":"76px","y":"236.6px","width":"426px","height":"79.8px","nomeInstancia":"MovieClips/textConvertido_16_0","classe":"textConvertido_16_0","nome":"elb02_02_16_0"},{"nome":"elb02_02_16_1","tipo":"png","x":"0px","y":"0px","width":"1016px","height":"659px","nomeInstancia":"MovieClips/anima16","classe":"anima16"}]},{"desenhos":[{"tipo":"img","x":"76px","y":"184.65px","width":"769.1px","height":"391.8px","nomeInstancia":"MovieClips/telaInfo18","classe":"telaInfo18","nome":"elb02_02_18_0"},{"tipo":"img","x":"76px","y":"434.05px","width":"426px","height":"60.35px","nomeInstancia":"MovieClips/textConvertido_18_1","classe":"textConvertido_18_1","nome":"elb02_02_18_1"},{"tipo":"img","x":"76px","y":"345.05px","width":"426px","height":"60.35px","nomeInstancia":"MovieClips/textConvertido_17_0","classe":"textConvertido_17_0","nome":"elb02_02_17_0"},{"tipo":"img","x":"76px","y":"236.6px","width":"426px","height":"79.8px","nomeInstancia":"MovieClips/textConvertido_16_0","classe":"textConvertido_16_0","nome":"elb02_02_16_0"},{"nome":"elb02_02_16_1","tipo":"png","x":"0px","y":"0px","width":"1016px","height":"659px","nomeInstancia":"MovieClips/anima16","classe":"anima16"}]},{"desenhos":[{"tipo":"img","x":"94.55px","y":"118.9px","width":"783.15px","height":"483.95px","nomeInstancia":"MovieClips/opcoes19","classe":"opcoes19","nome":"elb02_02_19_0"},{"tipo":"img","x":"120.35px","y":"221.45px","width":"775.35px","height":"254.85px","nomeInstancia":"MovieClips/textConvertido_19_1","classe":"textConvertido_19_1","nome":"elb02_02_19_1"},{"tipo":"img","x":"96.6px","y":"140.95px","width":"131.9px","height":"70px","nomeInstancia":"MovieClips/transicao_19_2","classe":"transicao_19_2","nome":"elb02_02_19_2"}]}]}