{"licao":"elb02_04","topico":"04","telas":[{"desenhos":[{"tipo":"img","x":"67.7px","y":"278.45px","width":"407.7px","height":"40.9px","nomeInstancia":"MovieClips/textConvertido_1_0","classe":"textConvertido_1_0","nome":"elb02_04_1_0"},{"tipo":"img","x":"538px","y":"244.2px","width":"409.2px","height":"222.3px","nomeInstancia":"MovieClips/transicao_1_1","classe":"transicao_1_1","nome":"elb02_04_1_1"}]},{"desenhos":[{"tipo":"img","x":"67.7px","y":"344.65px","width":"413.95px","height":"99.25px","nomeInstancia":"MovieClips/textConvertido_2_0","classe":"textConvertido_2_0","nome":"elb02_04_2_0"},{"tipo":"img","x":"67.7px","y":"278.45px","width":"407.7px","height":"40.9px","nomeInstancia":"MovieClips/textConvertido_1_0","classe":"textConvertido_1_0","nome":"elb02_04_1_0"},{"tipo":"img","x":"538px","y":"244.2px","width":"409.2px","height":"222.3px","nomeInstancia":"MovieClips/transicao_1_1","classe":"transicao_1_1","nome":"elb02_04_1_1"}]},{"desenhos":[{"tipo":"img","x":"273.4px","y":"263.85px","width":"469.2px","height":"171.8px","nomeInstancia":"MovieClips/destaque_41_1","classe":"destaque_41_1","nome":"elb02_04_3_0"},{"tipo":"img","x":"67.7px","y":"344.65px","width":"413.95px","height":"99.25px","nomeInstancia":"MovieClips/textConvertido_2_0","classe":"textConvertido_2_0","nome":"elb02_04_2_0"},{"tipo":"img","x":"67.7px","y":"278.45px","width":"407.7px","height":"40.9px","nomeInstancia":"MovieClips/textConvertido_1_0","classe":"textConvertido_1_0","nome":"elb02_04_1_0"},{"tipo":"img","x":"538px","y":"244.2px","width":"409.2px","height":"222.3px","nomeInstancia":"MovieClips/transicao_1_1","classe":"transicao_1_1","nome":"elb02_04_1_1"}]},{"desenhos":[{"tipo":"img","x":"535.9px","y":"255.75px","width":"426px","height":"99.25px","nomeInstancia":"MovieClips/textConvertido_4_0","classe":"textConvertido_4_0","nome":"elb02_04_4_0"},{"tipo":"img","x":"58.05px","y":"245.65px","width":"433.05px","height":"213.6px","nomeInstancia":"MovieClips/transicao_4_1","classe":"transicao_4_1","nome":"elb02_04_4_1"}]},{"desenhos":[{"tipo":"img","x":"535.9px","y":"371.05px","width":"426px","height":"79.8px","nomeInstancia":"MovieClips/textConvertido_5_0","classe":"textConvertido_5_0","nome":"elb02_04_5_0"},{"tipo":"img","x":"535.9px","y":"255.75px","width":"426px","height":"99.25px","nomeInstancia":"MovieClips/textConvertido_4_0","classe":"textConvertido_4_0","nome":"elb02_04_4_0"},{"tipo":"img","x":"58.05px","y":"245.65px","width":"433.05px","height":"213.6px","nomeInstancia":"MovieClips/transicao_4_1","classe":"transicao_4_1","nome":"elb02_04_4_1"}]},{"desenhos":[{"tipo":"img","x":"299.75px","y":"263.1px","width":"459.85px","height":"163.5px","nomeInstancia":"MovieClips/destaque_43_1","classe":"destaque_43_1","nome":"elb02_04_6_0"},{"tipo":"img","x":"535.9px","y":"371.05px","width":"426px","height":"79.8px","nomeInstancia":"MovieClips/textConvertido_5_0","classe":"textConvertido_5_0","nome":"elb02_04_5_0"},{"tipo":"img","x":"535.9px","y":"255.75px","width":"426px","height":"99.25px","nomeInstancia":"MovieClips/textConvertido_4_0","classe":"textConvertido_4_0","nome":"elb02_04_4_0"},{"tipo":"img","x":"58.05px","y":"245.65px","width":"433.05px","height":"213.6px","nomeInstancia":"MovieClips/transicao_4_1","classe":"transicao_4_1","nome":"elb02_04_4_1"}]},{"desenhos":[{"tipo":"img","x":"99.85px","y":"218.95px","width":"426px","height":"79.8px","nomeInstancia":"MovieClips/textConvertido_7_0","classe":"textConvertido_7_0","nome":"elb02_04_7_0"},{"tipo":"img","x":"605.45px","y":"242.05px","width":"286.7px","height":"224.5px","nomeInstancia":"MovieClips/transicao_7_1","classe":"transicao_7_1","nome":"elb02_04_7_1"}]},{"desenhos":[{"tipo":"img","x":"99.85px","y":"311.9px","width":"426px","height":"79.8px","nomeInstancia":"MovieClips/textConvertido_8_0","classe":"textConvertido_8_0","nome":"elb02_04_8_0"},{"tipo":"img","x":"99.85px","y":"218.95px","width":"426px","height":"79.8px","nomeInstancia":"MovieClips/textConvertido_7_0","classe":"textConvertido_7_0","nome":"elb02_04_7_0"},{"tipo":"img","x":"605.45px","y":"242.05px","width":"286.7px","height":"224.5px","nomeInstancia":"MovieClips/transicao_7_1","classe":"transicao_7_1","nome":"elb02_04_7_1"}]},{"desenhos":[{"tipo":"img","x":"99.85px","y":"404.85px","width":"426px","height":"79.8px","nomeInstancia":"MovieClips/textConvertido_9_0","classe":"textConvertido_9_0","nome":"elb02_04_9_0"},{"tipo":"img","x":"99.85px","y":"311.9px","width":"426px","height":"79.8px","nomeInstancia":"MovieClips/textConvertido_8_0","classe":"textConvertido_8_0","nome":"elb02_04_8_0"},{"tipo":"img","x":"99.85px","y":"218.95px","width":"426px","height":"79.8px","nomeInstancia":"MovieClips/textConvertido_7_0","classe":"textConvertido_7_0","nome":"elb02_04_7_0"},{"tipo":"img","x":"605.45px","y":"242.05px","width":"286.7px","height":"224.5px","nomeInstancia":"MovieClips/transicao_7_1","classe":"transicao_7_1","nome":"elb02_04_7_1"}]},{"desenhos":[{"tipo":"img","x":"546.05px","y":"337.45px","width":"405.6px","height":"60.35px","nomeInstancia":"MovieClips/textConvertido_10_1","classe":"textConvertido_10_1","nome":"elb02_04_10_0"},{"tipo":"img","x":"90.25px","y":"254.75px","width":"380.85px","height":"225.75px","nomeInstancia":"MovieClips/transicao_10_2","classe":"transicao_10_2","nome":"elb02_04_10_1"}]},{"desenhos":[{"tipo":"img","x":"273.35px","y":"244.05px","width":"469.2px","height":"171.8px","nomeInstancia":"MovieClips/destaque10","classe":"destaque10","nome":"elb02_04_11_0"},{"tipo":"img","x":"546.05px","y":"337.45px","width":"405.6px","height":"60.35px","nomeInstancia":"MovieClips/textConvertido_10_1","classe":"textConvertido_10_1","nome":"elb02_04_10_0"},{"tipo":"img","x":"90.25px","y":"254.75px","width":"380.85px","height":"225.75px","nomeInstancia":"MovieClips/transicao_10_2","classe":"transicao_10_2","nome":"elb02_04_10_1"}]},{"desenhos":[{"tipo":"img","x":"87.4px","y":"273.8px","width":"426px","height":"60.35px","nomeInstancia":"MovieClips/textConvertido_11_0","classe":"textConvertido_11_0","nome":"elb02_04_12_0"},{"tipo":"img","x":"593.9px","y":"226.85px","width":"316px","height":"277.55px","nomeInstancia":"MovieClips/transicao_11_1","classe":"transicao_11_1","nome":"elb02_04_12_1"}]},{"desenhos":[{"tipo":"img","x":"87.4px","y":"358.65px","width":"426px","height":"99.25px","nomeInstancia":"MovieClips/textConvertido_12_0","classe":"textConvertido_12_0","nome":"elb02_04_13_0"},{"tipo":"img","x":"87.4px","y":"273.8px","width":"426px","height":"60.35px","nomeInstancia":"MovieClips/textConvertido_11_0","classe":"textConvertido_11_0","nome":"elb02_04_12_0"},{"tipo":"img","x":"593.9px","y":"226.85px","width":"316px","height":"277.55px","nomeInstancia":"MovieClips/transicao_11_1","classe":"transicao_11_1","nome":"elb02_04_12_1"}]},{"desenhos":[{"tipo":"img","x":"508.3px","y":"221.7px","width":"426px","height":"118.7px","nomeInstancia":"MovieClips/textConvertido_13_0","classe":"textConvertido_13_0","nome":"elb02_04_14_0"},{"tipo":"img","x":"109.35px","y":"223.8px","width":"316px","height":"277.55px","nomeInstancia":"MovieClips/transicao_13_1","classe":"transicao_13_1","nome":"elb02_04_14_1"}]},{"desenhos":[{"tipo":"img","x":"508.3px","y":"354px","width":"426px","height":"60.35px","nomeInstancia":"MovieClips/textConvertido_14_0","classe":"textConvertido_14_0","nome":"elb02_04_15_0"},{"tipo":"img","x":"508.3px","y":"221.7px","width":"426px","height":"118.7px","nomeInstancia":"MovieClips/textConvertido_13_0","classe":"textConvertido_13_0","nome":"elb02_04_14_0"},{"tipo":"img","x":"109.35px","y":"223.8px","width":"316px","height":"277.55px","nomeInstancia":"MovieClips/transicao_13_1","classe":"transicao_13_1","nome":"elb02_04_14_1"}]},{"desenhos":[{"tipo":"img","x":"508.3px","y":"427.95px","width":"426px","height":"79.8px","nomeInstancia":"MovieClips/textConvertido_15_1","classe":"textConvertido_15_1","nome":"elb02_04_16_0"},{"tipo":"img","x":"508.3px","y":"354px","width":"426px","height":"60.35px","nomeInstancia":"MovieClips/textConvertido_14_0","classe":"textConvertido_14_0","nome":"elb02_04_15_0"},{"tipo":"img","x":"508.3px","y":"221.7px","width":"426px","height":"118.7px","nomeInstancia":"MovieClips/textConvertido_13_0","classe":"textConvertido_13_0","nome":"elb02_04_14_0"},{"tipo":"img","x":"109.35px","y":"223.8px","width":"316px","height":"277.55px","nomeInstancia":"MovieClips/transicao_13_1","classe":"transicao_13_1","nome":"elb02_04_14_1"}]},{"desenhos":[{"tipo":"img","x":"273.35px","y":"244.05px","width":"469.2px","height":"171.8px","nomeInstancia":"MovieClips/destaque16","classe":"destaque16","nome":"elb02_04_17_0"},{"tipo":"img","x":"508.3px","y":"427.95px","width":"426px","height":"79.8px","nomeInstancia":"MovieClips/textConvertido_15_1","classe":"textConvertido_15_1","nome":"elb02_04_16_0"},{"tipo":"img","x":"508.3px","y":"354px","width":"426px","height":"60.35px","nomeInstancia":"MovieClips/textConvertido_14_0","classe":"textConvertido_14_0","nome":"elb02_04_15_0"},{"tipo":"img","x":"508.3px","y":"221.7px","width":"426px","height":"118.7px","nomeInstancia":"MovieClips/textConvertido_13_0","classe":"textConvertido_13_0","nome":"elb02_04_14_0"},{"tipo":"img","x":"109.35px","y":"223.8px","width":"316px","height":"277.55px","nomeInstancia":"MovieClips/transicao_13_1","classe":"transicao_13_1","nome":"elb02_04_14_1"}]},{"desenhos":[{"tipo":"img","x":"76px","y":"301.85px","width":"426px","height":"99.25px","nomeInstancia":"MovieClips/textConvertido_16_0","classe":"textConvertido_16_0","nome":"elb02_04_18_0"},{"tipo":"img","x":"554.3px","y":"175.4px","width":"380.4px","height":"247.9px","nomeInstancia":"MovieClips/transicao_16_2","classe":"transicao_16_2","nome":"elb02_04_18_1"},{"tipo":"img","x":"587.3px","y":"441.25px","width":"314.4px","height":"116.05px","nomeInstancia":"MovieClips/transicao_16_1","classe":"transicao_16_1","nome":"elb02_04_18_2"}]},{"desenhos":[{"tipo":"img","x":"526.05px","y":"223.25px","width":"409.35px","height":"99.25px","nomeInstancia":"MovieClips/textConvertido_17_0","classe":"textConvertido_17_0","nome":"elb02_04_19_0"},{"tipo":"img","x":"88px","y":"209.6px","width":"383.35px","height":"314.35px","nomeInstancia":"MovieClips/transicao_17_1","classe":"transicao_17_1","nome":"elb02_04_19_1"}]},{"desenhos":[{"tipo":"img","x":"526.05px","y":"339.35px","width":"426px","height":"99.25px","nomeInstancia":"MovieClips/textConvertido_18_0","classe":"textConvertido_18_0","nome":"elb02_04_20_0"},{"tipo":"img","x":"526.05px","y":"223.25px","width":"409.35px","height":"99.25px","nomeInstancia":"MovieClips/textConvertido_17_0","classe":"textConvertido_17_0","nome":"elb02_04_19_0"},{"tipo":"img","x":"88px","y":"209.6px","width":"383.35px","height":"314.35px","nomeInstancia":"MovieClips/transicao_17_1","classe":"transicao_17_1","nome":"elb02_04_19_1"}]},{"desenhos":[{"tipo":"img","x":"526.05px","y":"455.45px","width":"426px","height":"60.35px","nomeInstancia":"MovieClips/textConvertido_19_0","classe":"textConvertido_19_0","nome":"elb02_04_21_0"},{"tipo":"img","x":"526.05px","y":"339.35px","width":"426px","height":"99.25px","nomeInstancia":"MovieClips/textConvertido_18_0","classe":"textConvertido_18_0","nome":"elb02_04_20_0"},{"tipo":"img","x":"526.05px","y":"223.25px","width":"409.35px","height":"99.25px","nomeInstancia":"MovieClips/textConvertido_17_0","classe":"textConvertido_17_0","nome":"elb02_04_19_0"},{"tipo":"img","x":"88px","y":"209.6px","width":"383.35px","height":"314.35px","nomeInstancia":"MovieClips/transicao_17_1","classe":"transicao_17_1","nome":"elb02_04_19_1"}]},{"desenhos":[{"tipo":"img","x":"105.4px","y":"252.1px","width":"411.8px","height":"138.15px","nomeInstancia":"MovieClips/textConvertido_20_0","classe":"textConvertido_20_0","nome":"elb02_04_22_0"},{"tipo":"img","x":"105.4px","y":"148.95px","width":"131.9px","height":"70px","nomeInstancia":"MovieClips/transicao_20_1","classe":"transicao_20_1","nome":"elb02_04_22_1"}]},{"desenhos":[{"tipo":"img","x":"254.95px","y":"218.95px","width":"680.05px","height":"276.15px","nomeInstancia":"MovieClips/telaInfo_miniNavegacao23","classe":"telaInfo_miniNavegacao23","nome":"elb02_04_23_0"},{"nome":"elb02_04_23_1","tipo":"png","x":"0px","y":"0px","width":"1016px","height":"659px","nomeInstancia":"MovieClips/anima23","classe":"anima23"},{"tipo":"img","x":"105.4px","y":"415.75px","width":"402.5px","height":"21.45px","nomeInstancia":"MovieClips/textConvertido_21_1","classe":"textConvertido_21_1","nome":"elb02_04_23_2"},{"tipo":"img","x":"105.4px","y":"252.1px","width":"411.8px","height":"138.15px","nomeInstancia":"MovieClips/textConvertido_20_0","classe":"textConvertido_20_0","nome":"elb02_04_22_0"},{"tipo":"img","x":"105.4px","y":"148.95px","width":"131.9px","height":"70px","nomeInstancia":"MovieClips/transicao_20_1","classe":"transicao_20_1","nome":"elb02_04_22_1"}]},{"desenhos":[{"tipo":"img","x":"295.5px","y":"259.45px","width":"425.05px","height":"142.1px","nomeInstancia":"MovieClips/Símbolo 1","classe":"Símbolo 1","nome":"elb02_04_24_0"},{"nome":"elb02_04_23_1","tipo":"png","x":"0px","y":"0px","width":"1016px","height":"659px","nomeInstancia":"MovieClips/anima23","classe":"anima23"},{"tipo":"img","x":"105.4px","y":"415.75px","width":"402.5px","height":"21.45px","nomeInstancia":"MovieClips/textConvertido_21_1","classe":"textConvertido_21_1","nome":"elb02_04_23_2"},{"tipo":"img","x":"105.4px","y":"252.1px","width":"411.8px","height":"138.15px","nomeInstancia":"MovieClips/textConvertido_20_0","classe":"textConvertido_20_0","nome":"elb02_04_22_0"},{"tipo":"img","x":"105.4px","y":"148.95px","width":"131.9px","height":"70px","nomeInstancia":"MovieClips/transicao_20_1","classe":"transicao_20_1","nome":"elb02_04_22_1"}]},{"desenhos":[{"tipo":"img","x":"280.45px","y":"160.5px","width":"516.6px","height":"126.45px","nomeInstancia":"MovieClips/transicao_22_0","classe":"transicao_22_0","nome":"elb02_04_25_0"},{"tipo":"img","x":"82.55px","y":"152.3px","width":"133.2px","height":"49.65px","nomeInstancia":"MovieClips/transicao_22_1","classe":"transicao_22_1","nome":"elb02_04_25_1"},{"nome":"elb02_04_25_2","tipo":"personagem","x":"0px","y":"0px","width":"1016px","height":"659px","nomeInstancia":"MovieClips/animaP22","classe":"animaP22"}]},{"desenhos":[{"tipo":"img","x":"416.2px","y":"284.6px","width":"456.9px","height":"114.95px","nomeInstancia":"MovieClips/transicao_23_0","classe":"transicao_23_0","nome":"elb02_04_26_0"},{"tipo":"img","x":"280.45px","y":"160.5px","width":"516.6px","height":"126.45px","nomeInstancia":"MovieClips/transicao_22_0","classe":"transicao_22_0","nome":"elb02_04_25_0"},{"tipo":"img","x":"82.55px","y":"152.3px","width":"133.2px","height":"49.65px","nomeInstancia":"MovieClips/transicao_22_1","classe":"transicao_22_1","nome":"elb02_04_25_1"},{"nome":"elb02_04_25_2","tipo":"personagem","x":"0px","y":"0px","width":"1016px","height":"659px","nomeInstancia":"MovieClips/animaP22","classe":"animaP22"}]},{"desenhos":[{"tipo":"img","x":"206.5px","y":"147.55px","width":"548.45px","height":"134.6px","nomeInstancia":"MovieClips/transicao_24_0","classe":"transicao_24_0","nome":"elb02_04_27_0"},{"nome":"elb02_04_27_1","tipo":"personagem","x":"0px","y":"0px","width":"1016px","height":"659px","nomeInstancia":"MovieClips/animaP24","classe":"animaP24"}]},{"desenhos":[{"tipo":"img","x":"293.85px","y":"175.25px","width":"542.4px","height":"105.65px","nomeInstancia":"MovieClips/transicao_25_0","classe":"transicao_25_0","nome":"elb02_04_28_0"},{"nome":"elb02_04_28_1","tipo":"personagem","x":"0px","y":"0px","width":"1016px","height":"659px","nomeInstancia":"MovieClips/animaP25","classe":"animaP25"}]},{"desenhos":[{"tipo":"img","x":"353px","y":"274.6px","width":"494.2px","height":"140.9px","nomeInstancia":"MovieClips/transicao_26_0","classe":"transicao_26_0","nome":"elb02_04_29_0"},{"tipo":"img","x":"293.85px","y":"175.25px","width":"542.4px","height":"105.65px","nomeInstancia":"MovieClips/transicao_25_0","classe":"transicao_25_0","nome":"elb02_04_28_0"},{"nome":"elb02_04_28_1","tipo":"personagem","x":"0px","y":"0px","width":"1016px","height":"659px","nomeInstancia":"MovieClips/animaP25","classe":"animaP25"}]},{"desenhos":[{"tipo":"img","x":"387.05px","y":"411.3px","width":"487.9px","height":"115.5px","nomeInstancia":"MovieClips/transicao_27_0","classe":"transicao_27_0","nome":"elb02_04_30_0"},{"tipo":"img","x":"353px","y":"274.6px","width":"494.2px","height":"140.9px","nomeInstancia":"MovieClips/transicao_26_0","classe":"transicao_26_0","nome":"elb02_04_29_0"},{"tipo":"img","x":"293.85px","y":"175.25px","width":"542.4px","height":"105.65px","nomeInstancia":"MovieClips/transicao_25_0","classe":"transicao_25_0","nome":"elb02_04_28_0"},{"nome":"elb02_04_28_1","tipo":"personagem","x":"0px","y":"0px","width":"1016px","height":"659px","nomeInstancia":"MovieClips/animaP25","classe":"animaP25"}]},{"desenhos":[{"tipo":"img","x":"199.3px","y":"190px","width":"549.5px","height":"134.65px","nomeInstancia":"MovieClips/transicao_28_0","classe":"transicao_28_0","nome":"elb02_04_31_0"},{"nome":"elb02_04_31_1","tipo":"personagem","x":"0px","y":"0px","width":"1016px","height":"659px","nomeInstancia":"MovieClips/animaP28","classe":"animaP28"}]},{"desenhos":[{"tipo":"img","x":"257.7px","y":"158.8px","width":"544.45px","height":"107.7px","nomeInstancia":"MovieClips/transicao_29_0","classe":"transicao_29_0","nome":"elb02_04_32_0"},{"nome":"elb02_04_32_1","tipo":"personagem","x":"0px","y":"0px","width":"1016px","height":"659px","nomeInstancia":"MovieClips/animaP29","classe":"animaP29"}]},{"desenhos":[{"tipo":"img","x":"340.4px","y":"264.4px","width":"512.9px","height":"132.55px","nomeInstancia":"MovieClips/transicao_30_0","classe":"transicao_30_0","nome":"elb02_04_33_0"},{"tipo":"img","x":"257.7px","y":"158.8px","width":"544.45px","height":"107.7px","nomeInstancia":"MovieClips/transicao_29_0","classe":"transicao_29_0","nome":"elb02_04_32_0"},{"nome":"elb02_04_32_1","tipo":"personagem","x":"0px","y":"0px","width":"1016px","height":"659px","nomeInstancia":"MovieClips/animaP29","classe":"animaP29"}]},{"desenhos":[{"tipo":"img","x":"290.2px","y":"240.85px","width":"435.65px","height":"222.65px","nomeInstancia":"MovieClips/transicao_31_0","classe":"transicao_31_0","nome":"elb02_04_34_0"}]}]}