{"licao":"elb02_01","topico":"01","telas":[{"desenhos":[{"tipo":"img","x":"79.95px","y":"250.05px","width":"426px","height":"63.65px","nomeInstancia":"MovieClips/textConvertido_1_0","classe":"textConvertido_1_0","nome":"elb02_01_1_0"},{"tipo":"img","x":"611.4px","y":"252.05px","width":"328.25px","height":"200.4px","nomeInstancia":"MovieClips/transicao_1_1","classe":"transicao_1_1","nome":"elb02_01_1_1"}]},{"desenhos":[{"tipo":"img","x":"79.95px","y":"347.95px","width":"426px","height":"43.1px","nomeInstancia":"MovieClips/textConvertido_2_0","classe":"textConvertido_2_0","nome":"elb02_01_2_0"},{"tipo":"img","x":"79.95px","y":"250.05px","width":"426px","height":"63.65px","nomeInstancia":"MovieClips/textConvertido_1_0","classe":"textConvertido_1_0","nome":"elb02_01_1_0"},{"tipo":"img","x":"611.4px","y":"252.05px","width":"328.25px","height":"200.4px","nomeInstancia":"MovieClips/transicao_1_1","classe":"transicao_1_1","nome":"elb02_01_1_1"}]},{"desenhos":[{"tipo":"img","x":"79.95px","y":"425.3px","width":"426px","height":"43.1px","nomeInstancia":"MovieClips/textConvertido_3_0","classe":"textConvertido_3_0","nome":"elb02_01_3_0"},{"tipo":"img","x":"79.95px","y":"347.95px","width":"426px","height":"43.1px","nomeInstancia":"MovieClips/textConvertido_2_0","classe":"textConvertido_2_0","nome":"elb02_01_2_0"},{"tipo":"img","x":"79.95px","y":"250.05px","width":"426px","height":"63.65px","nomeInstancia":"MovieClips/textConvertido_1_0","classe":"textConvertido_1_0","nome":"elb02_01_1_0"},{"tipo":"img","x":"611.4px","y":"252.05px","width":"328.25px","height":"200.4px","nomeInstancia":"MovieClips/transicao_1_1","classe":"transicao_1_1","nome":"elb02_01_1_1"}]},{"desenhos":[{"tipo":"img","x":"281.15px","y":"250.05px","width":"453.7px","height":"194.6px","nomeInstancia":"MovieClips/destaque_12_1","classe":"destaque_12_1","nome":"elb02_01_4_0"},{"tipo":"img","x":"79.95px","y":"425.3px","width":"426px","height":"43.1px","nomeInstancia":"MovieClips/textConvertido_3_0","classe":"textConvertido_3_0","nome":"elb02_01_3_0"},{"tipo":"img","x":"79.95px","y":"347.95px","width":"426px","height":"43.1px","nomeInstancia":"MovieClips/textConvertido_2_0","classe":"textConvertido_2_0","nome":"elb02_01_2_0"},{"tipo":"img","x":"79.95px","y":"250.05px","width":"426px","height":"63.65px","nomeInstancia":"MovieClips/textConvertido_1_0","classe":"textConvertido_1_0","nome":"elb02_01_1_0"},{"tipo":"img","x":"611.4px","y":"252.05px","width":"328.25px","height":"200.4px","nomeInstancia":"MovieClips/transicao_1_1","classe":"transicao_1_1","nome":"elb02_01_1_1"}]},{"desenhos":[{"tipo":"img","x":"505.25px","y":"273.85px","width":"426px","height":"43.1px","nomeInstancia":"MovieClips/textConvertido_5_0","classe":"textConvertido_5_0","nome":"elb02_01_5_0"},{"tipo":"img","x":"71.3px","y":"236.75px","width":"356.7px","height":"231.05px","nomeInstancia":"MovieClips/transicao_5_1","classe":"transicao_5_1","nome":"elb02_01_5_1"}]},{"desenhos":[{"tipo":"img","x":"295.8px","y":"240.9px","width":"627.95px","height":"324.55px","nomeInstancia":"MovieClips/telaInfo06","classe":"telaInfo06","nome":"elb02_01_6_0"},{"tipo":"img","x":"505.25px","y":"346.5px","width":"426px","height":"84.2px","nomeInstancia":"MovieClips/textConvertido_6_1","classe":"textConvertido_6_1","nome":"elb02_01_6_1"},{"tipo":"img","x":"505.25px","y":"273.85px","width":"426px","height":"43.1px","nomeInstancia":"MovieClips/textConvertido_5_0","classe":"textConvertido_5_0","nome":"elb02_01_5_0"},{"tipo":"img","x":"71.3px","y":"236.75px","width":"356.7px","height":"231.05px","nomeInstancia":"MovieClips/transicao_5_1","classe":"transicao_5_1","nome":"elb02_01_5_1"}]},{"desenhos":[{"tipo":"img","x":"76px","y":"289.45px","width":"426px","height":"84.2px","nomeInstancia":"MovieClips/textConvertido_7_1","classe":"textConvertido_7_1","nome":"elb02_01_7_0"},{"tipo":"img","x":"76px","y":"173.5px","width":"273.7px","height":"24.9px","nomeInstancia":"MovieClips/textConvertido_7_0","classe":"textConvertido_7_0","nome":"elb02_01_7_1"},{"tipo":"img","x":"560.75px","y":"190px","width":"382.35px","height":"324.1px","nomeInstancia":"MovieClips/transicao_7_2","classe":"transicao_7_2","nome":"elb02_01_7_2"}]},{"desenhos":[{"tipo":"img","x":"76px","y":"399.25px","width":"426px","height":"43.1px","nomeInstancia":"MovieClips/textConvertido_8_0","classe":"textConvertido_8_0","nome":"elb02_01_8_0"},{"tipo":"img","x":"76px","y":"289.45px","width":"426px","height":"84.2px","nomeInstancia":"MovieClips/textConvertido_7_1","classe":"textConvertido_7_1","nome":"elb02_01_7_0"},{"tipo":"img","x":"76px","y":"173.5px","width":"273.7px","height":"24.9px","nomeInstancia":"MovieClips/textConvertido_7_0","classe":"textConvertido_7_0","nome":"elb02_01_7_1"},{"tipo":"img","x":"560.75px","y":"190px","width":"382.35px","height":"324.1px","nomeInstancia":"MovieClips/transicao_7_2","classe":"transicao_7_2","nome":"elb02_01_7_2"}]},{"desenhos":[{"tipo":"img","x":"514.5px","y":"281.75px","width":"426px","height":"60.35px","nomeInstancia":"MovieClips/textConvertido_9_0","classe":"textConvertido_9_0","nome":"elb02_01_9_0"},{"tipo":"img","x":"105.75px","y":"238.25px","width":"290.15px","height":"290.05px","nomeInstancia":"MovieClips/transicao_9_2","classe":"transicao_9_2","nome":"elb02_01_9_1"},{"tipo":"img","x":"75.35px","y":"168.55px","width":"280.95px","height":"24.9px","nomeInstancia":"MovieClips/textConvertido_9_1","classe":"textConvertido_9_1","nome":"elb02_01_9_2"}]},{"desenhos":[{"tipo":"img","x":"158px","y":"195.5px","width":"782.5px","height":"371.95px","nomeInstancia":"MovieClips/telaInfo10","classe":"telaInfo10","nome":"elb02_01_10_0"},{"tipo":"img","x":"514.5px","y":"378.75px","width":"426px","height":"60.35px","nomeInstancia":"MovieClips/textConvertido_10_1","classe":"textConvertido_10_1","nome":"elb02_01_10_1"},{"tipo":"img","x":"514.5px","y":"281.75px","width":"426px","height":"60.35px","nomeInstancia":"MovieClips/textConvertido_9_0","classe":"textConvertido_9_0","nome":"elb02_01_9_0"},{"tipo":"img","x":"105.75px","y":"238.25px","width":"290.15px","height":"290.05px","nomeInstancia":"MovieClips/transicao_9_2","classe":"transicao_9_2","nome":"elb02_01_9_1"},{"tipo":"img","x":"75.35px","y":"168.55px","width":"280.95px","height":"24.9px","nomeInstancia":"MovieClips/textConvertido_9_1","classe":"textConvertido_9_1","nome":"elb02_01_9_2"}]},{"desenhos":[{"tipo":"img","x":"73.9px","y":"244.95px","width":"426px","height":"60.35px","nomeInstancia":"MovieClips/textConvertido_11_0","classe":"textConvertido_11_0","nome":"elb02_01_11_0"},{"tipo":"img","x":"542.4px","y":"268.55px","width":"396.25px","height":"152.8px","nomeInstancia":"MovieClips/transicao_11_1","classe":"transicao_11_1","nome":"elb02_01_11_1"}]},{"desenhos":[{"tipo":"img","x":"73.9px","y":"329.25px","width":"426px","height":"40.9px","nomeInstancia":"MovieClips/textConvertido_12_0","classe":"textConvertido_12_0","nome":"elb02_01_12_0"},{"tipo":"img","x":"73.9px","y":"244.95px","width":"426px","height":"60.35px","nomeInstancia":"MovieClips/textConvertido_11_0","classe":"textConvertido_11_0","nome":"elb02_01_11_0"},{"tipo":"img","x":"542.4px","y":"268.55px","width":"396.25px","height":"152.8px","nomeInstancia":"MovieClips/transicao_11_1","classe":"transicao_11_1","nome":"elb02_01_11_1"}]},{"desenhos":[{"tipo":"img","x":"73.9px","y":"394.1px","width":"426px","height":"60.35px","nomeInstancia":"MovieClips/textConvertido_13_0","classe":"textConvertido_13_0","nome":"elb02_01_13_0"},{"tipo":"img","x":"73.9px","y":"329.25px","width":"426px","height":"40.9px","nomeInstancia":"MovieClips/textConvertido_12_0","classe":"textConvertido_12_0","nome":"elb02_01_12_0"},{"tipo":"img","x":"73.9px","y":"244.95px","width":"426px","height":"60.35px","nomeInstancia":"MovieClips/textConvertido_11_0","classe":"textConvertido_11_0","nome":"elb02_01_11_0"},{"tipo":"img","x":"542.4px","y":"268.55px","width":"396.25px","height":"152.8px","nomeInstancia":"MovieClips/transicao_11_1","classe":"transicao_11_1","nome":"elb02_01_11_1"}]},{"desenhos":[{"tipo":"img","x":"102px","y":"253.85px","width":"800.15px","height":"308.4px","nomeInstancia":"MovieClips/opcoes14","classe":"opcoes14","nome":"elb02_01_14_0"},{"tipo":"img","x":"130.15px","y":"232.7px","width":"755.75px","height":"274.3px","nomeInstancia":"MovieClips/textConvertido_14_1","classe":"textConvertido_14_1","nome":"elb02_01_14_1"},{"tipo":"img","x":"95.6px","y":"146.2px","width":"131.9px","height":"70px","nomeInstancia":"MovieClips/transicao_14_2","classe":"transicao_14_2","nome":"elb02_01_14_2"}]}]}