{"licao":"eli06_04","topico":"04","telas":[{"desenhos":[{"tipo":"img","x":"76px","y":"281.35px","width":"336.55px","height":"63.65px","nomeInstancia":"MovieClips/textConvertido_1_0","classe":"textConvertido_1_0","nome":"eli06_04_1_0"},{"tipo":"img","x":"534.65px","y":"208.05px","width":"411.6px","height":"304px","nomeInstancia":"MovieClips/transicao_1_1","classe":"transicao_1_1","nome":"eli06_04_1_1"}]},{"desenhos":[{"tipo":"img","x":"76px","y":"369.35px","width":"374.55px","height":"84.2px","nomeInstancia":"MovieClips/textConvertido_2_0","classe":"textConvertido_2_0","nome":"eli06_04_2_0"},{"tipo":"img","x":"76px","y":"281.35px","width":"336.55px","height":"63.65px","nomeInstancia":"MovieClips/textConvertido_1_0","classe":"textConvertido_1_0","nome":"eli06_04_1_0"},{"tipo":"img","x":"534.65px","y":"208.05px","width":"411.6px","height":"304px","nomeInstancia":"MovieClips/transicao_1_1","classe":"transicao_1_1","nome":"eli06_04_1_1"}]},{"desenhos":[{"tipo":"img","x":"500px","y":"217.7px","width":"376.4px","height":"22.55px","nomeInstancia":"MovieClips/textConvertido_3_1","classe":"textConvertido_3_1","nome":"eli06_04_3_0"},{"tipo":"img","x":"500px","y":"264.65px","width":"384.65px","height":"104.75px","nomeInstancia":"MovieClips/textConvertido_3_0","classe":"textConvertido_3_0","nome":"eli06_04_3_1"},{"tipo":"img","x":"180.75px","y":"241.3px","width":"138.4px","height":"237.45px","nomeInstancia":"MovieClips/transicao_3_2","classe":"transicao_3_2","nome":"eli06_04_3_2"}]},{"desenhos":[{"tipo":"img","x":"84px","y":"213.95px","width":"774.45px","height":"368.4px","nomeInstancia":"MovieClips/telaInfo04","classe":"telaInfo04","nome":"eli06_04_4_0"},{"tipo":"img","x":"500px","y":"389.4px","width":"396.95px","height":"104.75px","nomeInstancia":"MovieClips/textConvertido_4_1","classe":"textConvertido_4_1","nome":"eli06_04_4_1"},{"tipo":"img","x":"500px","y":"217.7px","width":"376.4px","height":"22.55px","nomeInstancia":"MovieClips/textConvertido_3_1","classe":"textConvertido_3_1","nome":"eli06_04_3_0"},{"tipo":"img","x":"500px","y":"264.65px","width":"384.65px","height":"104.75px","nomeInstancia":"MovieClips/textConvertido_3_0","classe":"textConvertido_3_0","nome":"eli06_04_3_1"},{"tipo":"img","x":"180.75px","y":"241.3px","width":"138.4px","height":"237.45px","nomeInstancia":"MovieClips/transicao_3_2","classe":"transicao_3_2","nome":"eli06_04_3_2"}]},{"desenhos":[{"tipo":"img","x":"90.4px","y":"224.85px","width":"426px","height":"22.55px","nomeInstancia":"MovieClips/textConvertido_5_1","classe":"textConvertido_5_1","nome":"eli06_04_5_0"},{"tipo":"img","x":"90.4px","y":"270.75px","width":"426px","height":"104.75px","nomeInstancia":"MovieClips/textConvertido_5_0","classe":"textConvertido_5_0","nome":"eli06_04_5_1"},{"tipo":"img","x":"608.1px","y":"192.8px","width":"293.55px","height":"334.55px","nomeInstancia":"MovieClips/transicao_5_2","classe":"transicao_5_2","nome":"eli06_04_5_2"}]},{"desenhos":[{"tipo":"img","x":"90.4px","y":"399.85px","width":"426px","height":"104.75px","nomeInstancia":"MovieClips/textConvertido_6_0","classe":"textConvertido_6_0","nome":"eli06_04_6_0"},{"tipo":"img","x":"90.4px","y":"224.85px","width":"426px","height":"22.55px","nomeInstancia":"MovieClips/textConvertido_5_1","classe":"textConvertido_5_1","nome":"eli06_04_5_0"},{"tipo":"img","x":"90.4px","y":"270.75px","width":"426px","height":"104.75px","nomeInstancia":"MovieClips/textConvertido_5_0","classe":"textConvertido_5_0","nome":"eli06_04_5_1"},{"tipo":"img","x":"608.1px","y":"192.8px","width":"293.55px","height":"334.55px","nomeInstancia":"MovieClips/transicao_5_2","classe":"transicao_5_2","nome":"eli06_04_5_2"}]},{"desenhos":[{"tipo":"img","x":"227.55px","y":"165.9px","width":"561.7px","height":"330.25px","nomeInstancia":"MovieClips/destaque_47_1","classe":"destaque_47_1","nome":"eli06_04_7_0"},{"tipo":"img","x":"90.4px","y":"399.85px","width":"426px","height":"104.75px","nomeInstancia":"MovieClips/textConvertido_6_0","classe":"textConvertido_6_0","nome":"eli06_04_6_0"},{"tipo":"img","x":"90.4px","y":"224.85px","width":"426px","height":"22.55px","nomeInstancia":"MovieClips/textConvertido_5_1","classe":"textConvertido_5_1","nome":"eli06_04_5_0"},{"tipo":"img","x":"90.4px","y":"270.75px","width":"426px","height":"104.75px","nomeInstancia":"MovieClips/textConvertido_5_0","classe":"textConvertido_5_0","nome":"eli06_04_5_1"},{"tipo":"img","x":"608.1px","y":"192.8px","width":"293.55px","height":"334.55px","nomeInstancia":"MovieClips/transicao_5_2","classe":"transicao_5_2","nome":"eli06_04_5_2"}]},{"desenhos":[{"tipo":"img","x":"442.55px","y":"298.8px","width":"462.6px","height":"22.55px","nomeInstancia":"MovieClips/textConvertido_8_0","classe":"textConvertido_8_0","nome":"eli06_04_8_0"},{"tipo":"img","x":"109.6px","y":"205.05px","width":"280.6px","height":"310px","nomeInstancia":"MovieClips/transicao_8_1","classe":"transicao_8_1","nome":"eli06_04_8_1"}]},{"desenhos":[{"tipo":"img","x":"442.55px","y":"351.9px","width":"500.6px","height":"104.75px","nomeInstancia":"MovieClips/textConvertido_9_0","classe":"textConvertido_9_0","nome":"eli06_04_9_0"},{"tipo":"img","x":"442.55px","y":"298.8px","width":"462.6px","height":"22.55px","nomeInstancia":"MovieClips/textConvertido_8_0","classe":"textConvertido_8_0","nome":"eli06_04_8_0"},{"tipo":"img","x":"109.6px","y":"205.05px","width":"280.6px","height":"310px","nomeInstancia":"MovieClips/transicao_8_1","classe":"transicao_8_1","nome":"eli06_04_8_1"}]},{"desenhos":[{"tipo":"img","x":"158.15px","y":"149.95px","width":"504.9px","height":"112.45px","nomeInstancia":"MovieClips/transicao_10_0","classe":"transicao_10_0","nome":"eli06_04_10_0"},{"nome":"eli06_04_10_1","tipo":"personagem","x":"0px","y":"0px","width":"1016px","height":"659px","nomeInstancia":"MovieClips/animaP10","classe":"animaP10"}]},{"desenhos":[{"tipo":"img","x":"156.05px","y":"257.15px","width":"461.9px","height":"122.25px","nomeInstancia":"MovieClips/transicao_11_0","classe":"transicao_11_0","nome":"eli06_04_11_0"},{"tipo":"img","x":"158.15px","y":"149.95px","width":"504.9px","height":"112.45px","nomeInstancia":"MovieClips/transicao_10_0","classe":"transicao_10_0","nome":"eli06_04_10_0"},{"nome":"eli06_04_10_1","tipo":"personagem","x":"0px","y":"0px","width":"1016px","height":"659px","nomeInstancia":"MovieClips/animaP10","classe":"animaP10"}]},{"desenhos":[{"tipo":"img","x":"561.6px","y":"313.15px","width":"292.25px","height":"43.1px","nomeInstancia":"MovieClips/textConvertido_12_0","classe":"textConvertido_12_0","nome":"eli06_04_12_0"}]},{"desenhos":[{"tipo":"img","x":"561.6px","y":"373.4px","width":"359.95px","height":"22.55px","nomeInstancia":"MovieClips/textConvertido_13_0","classe":"textConvertido_13_0","nome":"eli06_04_13_0"},{"tipo":"img","x":"561.6px","y":"313.15px","width":"292.25px","height":"43.1px","nomeInstancia":"MovieClips/textConvertido_12_0","classe":"textConvertido_12_0","nome":"eli06_04_12_0"},{"tipo":"img","x":"79.15px","y":"227.4px","width":"453.85px","height":"257.15px","nomeInstancia":"MovieClips/abas","classe":"abas","nome":"eli06_04_13_2"}]},{"desenhos":[{"tipo":"img","x":"102.7px","y":"246.4px","width":"383.75px","height":"84.2px","nomeInstancia":"MovieClips/textConvertido_14_0","classe":"textConvertido_14_0","nome":"eli06_04_14_0"},{"tipo":"img","x":"586.6px","y":"278.6px","width":"295.4px","height":"162.9px","nomeInstancia":"MovieClips/transicao_14_1","classe":"transicao_14_1","nome":"eli06_04_14_1"}]},{"desenhos":[{"tipo":"img","x":"102.7px","y":"351.3px","width":"378.65px","height":"63.65px","nomeInstancia":"MovieClips/textConvertido_15_0","classe":"textConvertido_15_0","nome":"eli06_04_15_0"},{"tipo":"img","x":"102.7px","y":"246.4px","width":"383.75px","height":"84.2px","nomeInstancia":"MovieClips/textConvertido_14_0","classe":"textConvertido_14_0","nome":"eli06_04_14_0"},{"tipo":"img","x":"586.6px","y":"278.6px","width":"295.4px","height":"162.9px","nomeInstancia":"MovieClips/transicao_14_1","classe":"transicao_14_1","nome":"eli06_04_14_1"}]},{"desenhos":[{"tipo":"img","x":"102.7px","y":"435.65px","width":"373.5px","height":"63.65px","nomeInstancia":"MovieClips/textConvertido_16_0","classe":"textConvertido_16_0","nome":"eli06_04_16_0"},{"tipo":"img","x":"102.7px","y":"351.3px","width":"378.65px","height":"63.65px","nomeInstancia":"MovieClips/textConvertido_15_0","classe":"textConvertido_15_0","nome":"eli06_04_15_0"},{"tipo":"img","x":"102.7px","y":"246.4px","width":"383.75px","height":"84.2px","nomeInstancia":"MovieClips/textConvertido_14_0","classe":"textConvertido_14_0","nome":"eli06_04_14_0"},{"tipo":"img","x":"586.6px","y":"278.6px","width":"295.4px","height":"162.9px","nomeInstancia":"MovieClips/transicao_14_1","classe":"transicao_14_1","nome":"eli06_04_14_1"}]},{"desenhos":[{"tipo":"img","x":"500px","y":"264.95px","width":"377.45px","height":"43.1px","nomeInstancia":"MovieClips/textConvertido_17_0","classe":"textConvertido_17_0","nome":"eli06_04_17_0"},{"tipo":"img","x":"110.9px","y":"198.65px","width":"302.7px","height":"318.45px","nomeInstancia":"MovieClips/transicao_17_1","classe":"transicao_17_1","nome":"eli06_04_17_1"}]},{"desenhos":[{"tipo":"img","x":"500px","y":"338.6px","width":"426px","height":"125.3px","nomeInstancia":"MovieClips/textConvertido_18_0","classe":"textConvertido_18_0","nome":"eli06_04_18_0"},{"tipo":"img","x":"500px","y":"264.95px","width":"377.45px","height":"43.1px","nomeInstancia":"MovieClips/textConvertido_17_0","classe":"textConvertido_17_0","nome":"eli06_04_17_0"},{"tipo":"img","x":"110.9px","y":"198.65px","width":"302.7px","height":"318.45px","nomeInstancia":"MovieClips/transicao_17_1","classe":"transicao_17_1","nome":"eli06_04_17_1"}]},{"desenhos":[{"tipo":"img","x":"111.95px","y":"252.6px","width":"323.2px","height":"125.3px","nomeInstancia":"MovieClips/textConvertido_19_0","classe":"textConvertido_19_0","nome":"eli06_04_19_0"},{"tipo":"img","x":"553.25px","y":"186.15px","width":"347.8px","height":"347.85px","nomeInstancia":"MovieClips/transicao_19_1","classe":"transicao_19_1","nome":"eli06_04_19_1"}]},{"desenhos":[{"tipo":"img","x":"158.4px","y":"213.95px","width":"779.7px","height":"359.15px","nomeInstancia":"MovieClips/telaInfo20","classe":"telaInfo20","nome":"eli06_04_20_0"},{"tipo":"img","x":"111.95px","y":"406.35px","width":"359.15px","height":"84.2px","nomeInstancia":"MovieClips/textConvertido_20_1","classe":"textConvertido_20_1","nome":"eli06_04_20_1"},{"tipo":"img","x":"111.95px","y":"252.6px","width":"323.2px","height":"125.3px","nomeInstancia":"MovieClips/textConvertido_19_0","classe":"textConvertido_19_0","nome":"eli06_04_19_0"},{"tipo":"img","x":"553.25px","y":"186.15px","width":"347.8px","height":"347.85px","nomeInstancia":"MovieClips/transicao_19_1","classe":"transicao_19_1","nome":"eli06_04_19_1"}]},{"desenhos":[{"tipo":"img","x":"500px","y":"241.3px","width":"426px","height":"22.55px","nomeInstancia":"MovieClips/textConvertido_21_1","classe":"textConvertido_21_1","nome":"eli06_04_21_0"},{"tipo":"img","x":"500px","y":"292.3px","width":"426px","height":"104.75px","nomeInstancia":"MovieClips/textConvertido_21_0","classe":"textConvertido_21_0","nome":"eli06_04_21_1"},{"tipo":"img","x":"91.5px","y":"205.65px","width":"322.9px","height":"306.9px","nomeInstancia":"MovieClips/transicao_21_2","classe":"transicao_21_2","nome":"eli06_04_21_2"}]},{"desenhos":[{"tipo":"img","x":"500px","y":"413.2px","width":"426px","height":"63.65px","nomeInstancia":"MovieClips/textConvertido_22_0","classe":"textConvertido_22_0","nome":"eli06_04_22_0"},{"tipo":"img","x":"500px","y":"241.3px","width":"426px","height":"22.55px","nomeInstancia":"MovieClips/textConvertido_21_1","classe":"textConvertido_21_1","nome":"eli06_04_21_0"},{"tipo":"img","x":"500px","y":"292.3px","width":"426px","height":"104.75px","nomeInstancia":"MovieClips/textConvertido_21_0","classe":"textConvertido_21_0","nome":"eli06_04_21_1"},{"tipo":"img","x":"91.5px","y":"205.65px","width":"322.9px","height":"306.9px","nomeInstancia":"MovieClips/transicao_21_2","classe":"transicao_21_2","nome":"eli06_04_21_2"}]},{"desenhos":[{"tipo":"img","x":"178.65px","y":"179.75px","width":"442.25px","height":"106.25px","nomeInstancia":"MovieClips/transicao_23_0","classe":"transicao_23_0","nome":"eli06_04_23_0"},{"nome":"eli06_04_23_1","tipo":"personagem","x":"0px","y":"0px","width":"1016px","height":"659px","nomeInstancia":"MovieClips/animaP23","classe":"animaP23"}]},{"desenhos":[{"tipo":"img","x":"195.1px","y":"281.8px","width":"377.2px","height":"135.6px","nomeInstancia":"MovieClips/transicao_24_0","classe":"transicao_24_0","nome":"eli06_04_24_0"},{"tipo":"img","x":"178.65px","y":"179.75px","width":"442.25px","height":"106.25px","nomeInstancia":"MovieClips/transicao_23_0","classe":"transicao_23_0","nome":"eli06_04_23_0"},{"nome":"eli06_04_23_1","tipo":"personagem","x":"0px","y":"0px","width":"1016px","height":"659px","nomeInstancia":"MovieClips/animaP23","classe":"animaP23"}]},{"desenhos":[{"tipo":"img","x":"460.05px","y":"191.5px","width":"490.5px","height":"261.75px","nomeInstancia":"MovieClips/transicao_25_0","classe":"transicao_25_0","nome":"eli06_04_25_0"},{"tipo":"img","x":"509.25px","y":"148.4px","width":"426px","height":"22.55px","nomeInstancia":"MovieClips/textConvertido_25_1","classe":"textConvertido_25_1","nome":"eli06_04_25_1"},{"tipo":"img","x":"62.1px","y":"212.55px","width":"213.85px","height":"240.7px","nomeInstancia":"MovieClips/transicao_25_3","classe":"transicao_25_3","nome":"eli06_04_25_2"},{"nome":"eli06_04_25_3","tipo":"personagem","x":"0px","y":"0px","width":"1016px","height":"659px","nomeInstancia":"MovieClips/animaP25","classe":"animaP25"}]},{"desenhos":[{"tipo":"img","x":"124.25px","y":"268px","width":"404.3px","height":"104.75px","nomeInstancia":"MovieClips/textConvertido_26_0","classe":"textConvertido_26_0","nome":"eli06_04_26_0"},{"tipo":"img","x":"611.75px","y":"170.95px","width":"295.9px","height":"378.7px","nomeInstancia":"MovieClips/transicao_26_1","classe":"transicao_26_1","nome":"eli06_04_26_1"}]},{"desenhos":[{"tipo":"img","x":"158.4px","y":"144.25px","width":"749.25px","height":"448.6px","nomeInstancia":"MovieClips/telaInfo27","classe":"telaInfo27","nome":"eli06_04_27_0"},{"tipo":"img","x":"124.25px","y":"399.15px","width":"415.6px","height":"43.1px","nomeInstancia":"MovieClips/textConvertido_27_1","classe":"textConvertido_27_1","nome":"eli06_04_27_1"},{"tipo":"img","x":"124.25px","y":"268px","width":"404.3px","height":"104.75px","nomeInstancia":"MovieClips/textConvertido_26_0","classe":"textConvertido_26_0","nome":"eli06_04_26_0"},{"tipo":"img","x":"611.75px","y":"170.95px","width":"295.9px","height":"378.7px","nomeInstancia":"MovieClips/transicao_26_1","classe":"transicao_26_1","nome":"eli06_04_26_1"}]},{"desenhos":[{"tipo":"img","x":"451.75px","y":"253.6px","width":"426px","height":"104.75px","nomeInstancia":"MovieClips/textConvertido_28_0","classe":"textConvertido_28_0","nome":"eli06_04_28_0"},{"tipo":"img","x":"107.9px","y":"149.4px","width":"303.85px","height":"401.8px","nomeInstancia":"MovieClips/transicao_28_1","classe":"transicao_28_1","nome":"eli06_04_28_1"}]},{"desenhos":[{"tipo":"img","x":"107.9px","y":"134.8px","width":"750.55px","height":"416.4px","nomeInstancia":"MovieClips/telaInfo29","classe":"telaInfo29","nome":"eli06_04_29_0"},{"tipo":"img","x":"451.75px","y":"376.55px","width":"426px","height":"43.1px","nomeInstancia":"MovieClips/textConvertido_29_1","classe":"textConvertido_29_1","nome":"eli06_04_29_1"},{"tipo":"img","x":"451.75px","y":"253.6px","width":"426px","height":"104.75px","nomeInstancia":"MovieClips/textConvertido_28_0","classe":"textConvertido_28_0","nome":"eli06_04_28_0"},{"tipo":"img","x":"107.9px","y":"149.4px","width":"303.85px","height":"401.8px","nomeInstancia":"MovieClips/transicao_28_1","classe":"transicao_28_1","nome":"eli06_04_28_1"}]},{"desenhos":[{"tipo":"img","x":"80.2px","y":"209.25px","width":"882.2px","height":"358.25px","nomeInstancia":"MovieClips/opcoes30","classe":"opcoes30","nome":"eli06_04_30_0"},{"tipo":"img","x":"80.2px","y":"246.6px","width":"746.1px","height":"269.15px","nomeInstancia":"MovieClips/textConvertido_30_1","classe":"textConvertido_30_1","nome":"eli06_04_30_1"},{"tipo":"img","x":"80.2px","y":"126.1px","width":"214.45px","height":"91.7px","nomeInstancia":"MovieClips/transicao_30_2","classe":"transicao_30_2","nome":"eli06_04_30_2"}]},{"desenhos":[{"tipo":"img","x":"458.05px","y":"222.55px","width":"490.45px","height":"147.35px","nomeInstancia":"MovieClips/transicao_31_0","classe":"transicao_31_0","nome":"eli06_04_31_0"},{"tipo":"img","x":"38.55px","y":"120.3px","width":"190.6px","height":"83.85px","nomeInstancia":"MovieClips/transicao_31_2","classe":"transicao_31_2","nome":"eli06_04_31_1"},{"nome":"eli06_04_31_2","tipo":"personagem","x":"0px","y":"0px","width":"1016px","height":"659px","nomeInstancia":"MovieClips/animaP31","classe":"animaP31"}]},{"desenhos":[{"tipo":"img","x":"500px","y":"404.5px","width":"444.15px","height":"104.75px","nomeInstancia":"MovieClips/textConvertido_32_0","classe":"textConvertido_32_0","nome":"eli06_04_32_0"},{"tipo":"img","x":"458.05px","y":"222.55px","width":"490.45px","height":"147.35px","nomeInstancia":"MovieClips/transicao_31_0","classe":"transicao_31_0","nome":"eli06_04_31_0"},{"tipo":"img","x":"38.55px","y":"120.3px","width":"190.6px","height":"83.85px","nomeInstancia":"MovieClips/transicao_31_2","classe":"transicao_31_2","nome":"eli06_04_31_1"},{"nome":"eli06_04_31_2","tipo":"personagem","x":"0px","y":"0px","width":"1016px","height":"659px","nomeInstancia":"MovieClips/animaP31","classe":"animaP31"}]},{"desenhos":[{"tipo":"img","x":"272.2px","y":"122.3px","width":"471.6px","height":"475.35px","nomeInstancia":"MovieClips/transicao_33_0","classe":"transicao_33_0","nome":"eli06_04_33_0"}]}]}