{"licao":"eli06_03","topico":"03","telas":[{"desenhos":[{"tipo":"img","x":"118.2px","y":"172.05px","width":"529.7px","height":"111.8px","nomeInstancia":"MovieClips/transicao_1_0","classe":"transicao_1_0","nome":"eli06_03_1_0"},{"nome":"eli06_03_1_1","tipo":"personagem","x":"0px","y":"0px","width":"1016px","height":"659px","nomeInstancia":"MovieClips/animaP01","classe":"animaP01"}]},{"desenhos":[{"tipo":"img","x":"201.55px","y":"279.65px","width":"400.6px","height":"108.95px","nomeInstancia":"MovieClips/transicao_2_0","classe":"transicao_2_0","nome":"eli06_03_2_0"},{"tipo":"img","x":"118.2px","y":"172.05px","width":"529.7px","height":"111.8px","nomeInstancia":"MovieClips/transicao_1_0","classe":"transicao_1_0","nome":"eli06_03_1_0"},{"nome":"eli06_03_1_1","tipo":"personagem","x":"0px","y":"0px","width":"1016px","height":"659px","nomeInstancia":"MovieClips/animaP01","classe":"animaP01"}]},{"desenhos":[{"tipo":"img","x":"162.85px","y":"384.4px","width":"439.3px","height":"95.25px","nomeInstancia":"MovieClips/transicao_3_0","classe":"transicao_3_0","nome":"eli06_03_3_0"},{"tipo":"img","x":"201.55px","y":"279.65px","width":"400.6px","height":"108.95px","nomeInstancia":"MovieClips/transicao_2_0","classe":"transicao_2_0","nome":"eli06_03_2_0"},{"tipo":"img","x":"118.2px","y":"172.05px","width":"529.7px","height":"111.8px","nomeInstancia":"MovieClips/transicao_1_0","classe":"transicao_1_0","nome":"eli06_03_1_0"},{"nome":"eli06_03_1_1","tipo":"personagem","x":"0px","y":"0px","width":"1016px","height":"659px","nomeInstancia":"MovieClips/animaP01","classe":"animaP01"}]},{"desenhos":[{"tipo":"img","x":"542.15px","y":"298.65px","width":"377.8px","height":"63.65px","nomeInstancia":"MovieClips/textConvertido_4_0","classe":"textConvertido_4_0","nome":"eli06_03_4_0"},{"tipo":"img","x":"40.95px","y":"259.6px","width":"453.7px","height":"226.2px","nomeInstancia":"MovieClips/transicao_4_1","classe":"transicao_4_1","nome":"eli06_03_4_1"}]},{"desenhos":[{"tipo":"img","x":"542.15px","y":"388.1px","width":"403.1px","height":"84.2px","nomeInstancia":"MovieClips/textConvertido_5_0","classe":"textConvertido_5_0","nome":"eli06_03_5_0"},{"tipo":"img","x":"542.15px","y":"298.65px","width":"377.8px","height":"63.65px","nomeInstancia":"MovieClips/textConvertido_4_0","classe":"textConvertido_4_0","nome":"eli06_03_4_0"},{"tipo":"img","x":"40.95px","y":"259.6px","width":"453.7px","height":"226.2px","nomeInstancia":"MovieClips/transicao_4_1","classe":"transicao_4_1","nome":"eli06_03_4_1"}]},{"desenhos":[{"tipo":"img","x":"107.7px","y":"235.4px","width":"394.55px","height":"63.65px","nomeInstancia":"MovieClips/textConvertido_6_0","classe":"textConvertido_6_0","nome":"eli06_03_6_0"},{"tipo":"img","x":"608.55px","y":"200.75px","width":"278.6px","height":"318.6px","nomeInstancia":"MovieClips/transicao_6_1","classe":"transicao_6_1","nome":"eli06_03_6_1"}]},{"desenhos":[{"tipo":"img","x":"107.7px","y":"314.3px","width":"426px","height":"63.65px","nomeInstancia":"MovieClips/textConvertido_7_0","classe":"textConvertido_7_0","nome":"eli06_03_7_0"},{"tipo":"img","x":"107.7px","y":"235.4px","width":"394.55px","height":"63.65px","nomeInstancia":"MovieClips/textConvertido_6_0","classe":"textConvertido_6_0","nome":"eli06_03_6_0"},{"tipo":"img","x":"608.55px","y":"200.75px","width":"278.6px","height":"318.6px","nomeInstancia":"MovieClips/transicao_6_1","classe":"transicao_6_1","nome":"eli06_03_6_1"}]},{"desenhos":[{"tipo":"img","x":"107.7px","y":"393.2px","width":"426px","height":"104.75px","nomeInstancia":"MovieClips/textConvertido_8_0","classe":"textConvertido_8_0","nome":"eli06_03_8_0"},{"tipo":"img","x":"107.7px","y":"314.3px","width":"426px","height":"63.65px","nomeInstancia":"MovieClips/textConvertido_7_0","classe":"textConvertido_7_0","nome":"eli06_03_7_0"},{"tipo":"img","x":"107.7px","y":"235.4px","width":"394.55px","height":"63.65px","nomeInstancia":"MovieClips/textConvertido_6_0","classe":"textConvertido_6_0","nome":"eli06_03_6_0"},{"tipo":"img","x":"608.55px","y":"200.75px","width":"278.6px","height":"318.6px","nomeInstancia":"MovieClips/transicao_6_1","classe":"transicao_6_1","nome":"eli06_03_6_1"}]},{"desenhos":[{"tipo":"img","x":"128.35px","y":"214.25px","width":"724.85px","height":"341.45px","nomeInstancia":"MovieClips/telaInfo09","classe":"telaInfo09","nome":"eli06_03_9_0"},{"tipo":"img","x":"291.65px","y":"214.25px","width":"432.7px","height":"43.1px","nomeInstancia":"MovieClips/textConvertido_9_1","classe":"textConvertido_9_1","nome":"eli06_03_9_1"},{"tipo":"img","x":"369px","y":"327.9px","width":"45.2px","height":"133.3px","nomeInstancia":"MovieClips/transicao_9_3","classe":"transicao_9_3","nome":"eli06_03_9_2"},{"tipo":"img","x":"574.95px","y":"327.9px","width":"72.1px","height":"130.3px","nomeInstancia":"MovieClips/transicao_9_2","classe":"transicao_9_2","nome":"eli06_03_9_3"}]},{"desenhos":[{"tipo":"img","x":"164.65px","y":"190px","width":"495.95px","height":"90.7px","nomeInstancia":"MovieClips/transicao_10_0","classe":"transicao_10_0","nome":"eli06_03_10_0"},{"nome":"eli06_03_10_1","tipo":"personagem","x":"0px","y":"0px","width":"1016px","height":"659px","nomeInstancia":"MovieClips/animaP10","classe":"animaP10"}]},{"desenhos":[{"tipo":"img","x":"119.3px","y":"275.6px","width":"499.5px","height":"156.5px","nomeInstancia":"MovieClips/transicao_11_0","classe":"transicao_11_0","nome":"eli06_03_11_0"},{"tipo":"img","x":"164.65px","y":"190px","width":"495.95px","height":"90.7px","nomeInstancia":"MovieClips/transicao_10_0","classe":"transicao_10_0","nome":"eli06_03_10_0"},{"nome":"eli06_03_10_1","tipo":"personagem","x":"0px","y":"0px","width":"1016px","height":"659px","nomeInstancia":"MovieClips/animaP10","classe":"animaP10"}]},{"desenhos":[{"tipo":"img","x":"420.85px","y":"199.45px","width":"495.65px","height":"126.6px","nomeInstancia":"MovieClips/transicao_12_0","classe":"transicao_12_0","nome":"eli06_03_12_0"},{"nome":"eli06_03_12_1","tipo":"personagem","x":"0px","y":"0px","width":"1016px","height":"659px","nomeInstancia":"MovieClips/animaP12","classe":"animaP12"}]},{"desenhos":[{"tipo":"img","x":"465.2px","y":"323px","width":"430.85px","height":"109px","nomeInstancia":"MovieClips/transicao_13_0","classe":"transicao_13_0","nome":"eli06_03_13_0"},{"tipo":"img","x":"420.85px","y":"199.45px","width":"495.65px","height":"126.6px","nomeInstancia":"MovieClips/transicao_12_0","classe":"transicao_12_0","nome":"eli06_03_12_0"},{"nome":"eli06_03_12_1","tipo":"personagem","x":"0px","y":"0px","width":"1016px","height":"659px","nomeInstancia":"MovieClips/animaP12","classe":"animaP12"}]},{"desenhos":[{"tipo":"img","x":"465.2px","y":"428px","width":"346.3px","height":"107.45px","nomeInstancia":"MovieClips/transicao_14_0","classe":"transicao_14_0","nome":"eli06_03_14_0"},{"tipo":"img","x":"465.2px","y":"323px","width":"430.85px","height":"109px","nomeInstancia":"MovieClips/transicao_13_0","classe":"transicao_13_0","nome":"eli06_03_13_0"},{"tipo":"img","x":"420.85px","y":"199.45px","width":"495.65px","height":"126.6px","nomeInstancia":"MovieClips/transicao_12_0","classe":"transicao_12_0","nome":"eli06_03_12_0"},{"nome":"eli06_03_12_1","tipo":"personagem","x":"0px","y":"0px","width":"1016px","height":"659px","nomeInstancia":"MovieClips/animaP12","classe":"animaP12"}]},{"desenhos":[{"tipo":"img","x":"57px","y":"219.5px","width":"426px","height":"22.55px","nomeInstancia":"MovieClips/textConvertido_15_1","classe":"textConvertido_15_1","nome":"eli06_03_15_0"},{"tipo":"img","x":"57px","y":"275.2px","width":"449px","height":"104.75px","nomeInstancia":"MovieClips/textConvertido_15_0","classe":"textConvertido_15_0","nome":"eli06_03_15_1"},{"tipo":"img","x":"523.45px","y":"206.85px","width":"424.75px","height":"305.8px","nomeInstancia":"MovieClips/transicao_15_2","classe":"transicao_15_2","nome":"eli06_03_15_2"}]},{"desenhos":[{"tipo":"img","x":"57px","y":"395.5px","width":"426px","height":"43.1px","nomeInstancia":"MovieClips/textConvertido_16_0","classe":"textConvertido_16_0","nome":"eli06_03_16_0"},{"tipo":"img","x":"57px","y":"219.5px","width":"426px","height":"22.55px","nomeInstancia":"MovieClips/textConvertido_15_1","classe":"textConvertido_15_1","nome":"eli06_03_15_0"},{"tipo":"img","x":"57px","y":"275.2px","width":"449px","height":"104.75px","nomeInstancia":"MovieClips/textConvertido_15_0","classe":"textConvertido_15_0","nome":"eli06_03_15_1"},{"tipo":"img","x":"523.45px","y":"206.85px","width":"424.75px","height":"305.8px","nomeInstancia":"MovieClips/transicao_15_2","classe":"transicao_15_2","nome":"eli06_03_15_2"}]},{"desenhos":[{"tipo":"img","x":"57px","y":"454.15px","width":"426px","height":"43.1px","nomeInstancia":"MovieClips/textConvertido_17_0","classe":"textConvertido_17_0","nome":"eli06_03_17_0"},{"tipo":"img","x":"57px","y":"395.5px","width":"426px","height":"43.1px","nomeInstancia":"MovieClips/textConvertido_16_0","classe":"textConvertido_16_0","nome":"eli06_03_16_0"},{"tipo":"img","x":"57px","y":"219.5px","width":"426px","height":"22.55px","nomeInstancia":"MovieClips/textConvertido_15_1","classe":"textConvertido_15_1","nome":"eli06_03_15_0"},{"tipo":"img","x":"57px","y":"275.2px","width":"449px","height":"104.75px","nomeInstancia":"MovieClips/textConvertido_15_0","classe":"textConvertido_15_0","nome":"eli06_03_15_1"},{"tipo":"img","x":"523.45px","y":"206.85px","width":"424.75px","height":"305.8px","nomeInstancia":"MovieClips/transicao_15_2","classe":"transicao_15_2","nome":"eli06_03_15_2"}]},{"desenhos":[{"tipo":"img","x":"528.5px","y":"259.65px","width":"389.4px","height":"22.55px","nomeInstancia":"MovieClips/textConvertido_18_1","classe":"textConvertido_18_1","nome":"eli06_03_18_0"},{"tipo":"img","x":"528.5px","y":"304.85px","width":"371.45px","height":"84.2px","nomeInstancia":"MovieClips/textConvertido_18_0","classe":"textConvertido_18_0","nome":"eli06_03_18_1"},{"tipo":"img","x":"58px","y":"220.1px","width":"403.15px","height":"280.35px","nomeInstancia":"MovieClips/transicao_18_2","classe":"transicao_18_2","nome":"eli06_03_18_2"}]},{"desenhos":[{"tipo":"img","x":"249.05px","y":"213.95px","width":"690.7px","height":"365.35px","nomeInstancia":"MovieClips/telaInfo19","classe":"telaInfo19","nome":"eli06_03_19_0"},{"tipo":"img","x":"528.5px","y":"408.55px","width":"368.3px","height":"63.65px","nomeInstancia":"MovieClips/textConvertido_19_1","classe":"textConvertido_19_1","nome":"eli06_03_19_1"},{"tipo":"img","x":"528.5px","y":"259.65px","width":"389.4px","height":"22.55px","nomeInstancia":"MovieClips/textConvertido_18_1","classe":"textConvertido_18_1","nome":"eli06_03_18_0"},{"tipo":"img","x":"528.5px","y":"304.85px","width":"371.45px","height":"84.2px","nomeInstancia":"MovieClips/textConvertido_18_0","classe":"textConvertido_18_0","nome":"eli06_03_18_1"},{"tipo":"img","x":"58px","y":"220.1px","width":"403.15px","height":"280.35px","nomeInstancia":"MovieClips/transicao_18_2","classe":"transicao_18_2","nome":"eli06_03_18_2"}]},{"desenhos":[{"tipo":"img","x":"55px","y":"256.45px","width":"326px","height":"22.55px","nomeInstancia":"MovieClips/textConvertido_20_1","classe":"textConvertido_20_1","nome":"eli06_03_20_0"},{"tipo":"img","x":"55px","y":"306.9px","width":"365.05px","height":"104.75px","nomeInstancia":"MovieClips/textConvertido_20_0","classe":"textConvertido_20_0","nome":"eli06_03_20_1"},{"tipo":"img","x":"444.05px","y":"233.95px","width":"521.4px","height":"245.35px","nomeInstancia":"MovieClips/transicao_20_2","classe":"transicao_20_2","nome":"eli06_03_20_2"}]},{"desenhos":[{"tipo":"img","x":"55px","y":"430.1px","width":"351.3px","height":"43.1px","nomeInstancia":"MovieClips/textConvertido_21_0","classe":"textConvertido_21_0","nome":"eli06_03_21_0"},{"tipo":"img","x":"55px","y":"256.45px","width":"326px","height":"22.55px","nomeInstancia":"MovieClips/textConvertido_20_1","classe":"textConvertido_20_1","nome":"eli06_03_20_0"},{"tipo":"img","x":"55px","y":"306.9px","width":"365.05px","height":"104.75px","nomeInstancia":"MovieClips/textConvertido_20_0","classe":"textConvertido_20_0","nome":"eli06_03_20_1"},{"tipo":"img","x":"444.05px","y":"233.95px","width":"521.4px","height":"245.35px","nomeInstancia":"MovieClips/transicao_20_2","classe":"transicao_20_2","nome":"eli06_03_20_2"}]},{"desenhos":[{"tipo":"img","x":"604.45px","y":"228px","width":"365.15px","height":"22.55px","nomeInstancia":"MovieClips/textConvertido_22_1","classe":"textConvertido_22_1","nome":"eli06_03_22_0"},{"tipo":"img","x":"604.45px","y":"279.55px","width":"357.75px","height":"43.1px","nomeInstancia":"MovieClips/textConvertido_22_0","classe":"textConvertido_22_0","nome":"eli06_03_22_1"},{"tipo":"img","x":"23.4px","y":"228px","width":"544.85px","height":"273.1px","nomeInstancia":"MovieClips/transicao_22_2","classe":"transicao_22_2","nome":"eli06_03_22_2"}]},{"desenhos":[{"tipo":"img","x":"604.45px","y":"341.05px","width":"378.85px","height":"84.2px","nomeInstancia":"MovieClips/textConvertido_23_0","classe":"textConvertido_23_0","nome":"eli06_03_23_0"},{"tipo":"img","x":"604.45px","y":"228px","width":"365.15px","height":"22.55px","nomeInstancia":"MovieClips/textConvertido_22_1","classe":"textConvertido_22_1","nome":"eli06_03_22_0"},{"tipo":"img","x":"604.45px","y":"279.55px","width":"357.75px","height":"43.1px","nomeInstancia":"MovieClips/textConvertido_22_0","classe":"textConvertido_22_0","nome":"eli06_03_22_1"},{"tipo":"img","x":"23.4px","y":"228px","width":"544.85px","height":"273.1px","nomeInstancia":"MovieClips/transicao_22_2","classe":"transicao_22_2","nome":"eli06_03_22_2"}]},{"desenhos":[{"tipo":"img","x":"604.45px","y":"443.65px","width":"358.8px","height":"63.65px","nomeInstancia":"MovieClips/textConvertido_24_0","classe":"textConvertido_24_0","nome":"eli06_03_24_0"},{"tipo":"img","x":"604.45px","y":"341.05px","width":"378.85px","height":"84.2px","nomeInstancia":"MovieClips/textConvertido_23_0","classe":"textConvertido_23_0","nome":"eli06_03_23_0"},{"tipo":"img","x":"604.45px","y":"228px","width":"365.15px","height":"22.55px","nomeInstancia":"MovieClips/textConvertido_22_1","classe":"textConvertido_22_1","nome":"eli06_03_22_0"},{"tipo":"img","x":"604.45px","y":"279.55px","width":"357.75px","height":"43.1px","nomeInstancia":"MovieClips/textConvertido_22_0","classe":"textConvertido_22_0","nome":"eli06_03_22_1"},{"tipo":"img","x":"23.4px","y":"228px","width":"544.85px","height":"273.1px","nomeInstancia":"MovieClips/transicao_22_2","classe":"transicao_22_2","nome":"eli06_03_22_2"}]},{"desenhos":[{"tipo":"img","x":"128.75px","y":"234.3px","width":"508.6px","height":"120.3px","nomeInstancia":"MovieClips/transicao_25_0","classe":"transicao_25_0","nome":"eli06_03_25_0"},{"nome":"eli06_03_25_1","tipo":"personagem","x":"0px","y":"0px","width":"1016px","height":"659px","nomeInstancia":"MovieClips/animaP25","classe":"animaP25"}]},{"desenhos":[{"tipo":"img","x":"144.6px","y":"348.4px","width":"449.8px","height":"142.65px","nomeInstancia":"MovieClips/transicao_26_0","classe":"transicao_26_0","nome":"eli06_03_26_0"},{"tipo":"img","x":"128.75px","y":"234.3px","width":"508.6px","height":"120.3px","nomeInstancia":"MovieClips/transicao_25_0","classe":"transicao_25_0","nome":"eli06_03_25_0"},{"nome":"eli06_03_25_1","tipo":"personagem","x":"0px","y":"0px","width":"1016px","height":"659px","nomeInstancia":"MovieClips/animaP25","classe":"animaP25"}]},{"desenhos":[{"tipo":"img","x":"582.25px","y":"278.65px","width":"350.35px","height":"84.2px","nomeInstancia":"MovieClips/textConvertido_27_0","classe":"textConvertido_27_0","nome":"eli06_03_27_0"},{"tipo":"img","x":"117.65px","y":"227.45px","width":"384.8px","height":"262.95px","nomeInstancia":"MovieClips/transicao_27_1","classe":"transicao_27_1","nome":"eli06_03_27_1"}]},{"desenhos":[{"tipo":"img","x":"582.25px","y":"384.5px","width":"367.25px","height":"84.2px","nomeInstancia":"MovieClips/textConvertido_28_0","classe":"textConvertido_28_0","nome":"eli06_03_28_0"},{"tipo":"img","x":"582.25px","y":"278.65px","width":"350.35px","height":"84.2px","nomeInstancia":"MovieClips/textConvertido_27_0","classe":"textConvertido_27_0","nome":"eli06_03_27_0"},{"tipo":"img","x":"117.65px","y":"227.45px","width":"384.8px","height":"262.95px","nomeInstancia":"MovieClips/transicao_27_1","classe":"transicao_27_1","nome":"eli06_03_27_1"}]},{"desenhos":[{"tipo":"img","x":"93.9px","y":"285.85px","width":"488.6px","height":"123.45px","nomeInstancia":"MovieClips/transicao_29_0","classe":"transicao_29_0","nome":"eli06_03_29_0"},{"tipo":"img","x":"93.9px","y":"216.4px","width":"426px","height":"22.55px","nomeInstancia":"MovieClips/textConvertido_29_1","classe":"textConvertido_29_1","nome":"eli06_03_29_1"},{"nome":"eli06_03_29_2","tipo":"personagem","x":"0px","y":"0px","width":"1016px","height":"659px","nomeInstancia":"MovieClips/animaP29","classe":"animaP29"}]},{"desenhos":[{"tipo":"img","x":"139px","y":"150.8px","width":"856.1px","height":"418.55px","nomeInstancia":"MovieClips/jogoLabirinto30","classe":"jogoLabirinto30","nome":"eli06_03_30_0"},{"tipo":"img","x":"50.6px","y":"281.6px","width":"277.55px","height":"145.85px","nomeInstancia":"MovieClips/textConvertido_30_1","classe":"textConvertido_30_1","nome":"eli06_03_30_1"},{"tipo":"img","x":"37.4px","y":"150.8px","width":"214.45px","height":"91.7px","nomeInstancia":"MovieClips/transicao_30_2","classe":"transicao_30_2","nome":"eli06_03_30_2"}]}]}