{"licao":"eli06_02","topico":"02","telas":[{"desenhos":[{"tipo":"img","x":"88.65px","y":"276.5px","width":"415.65px","height":"63.65px","nomeInstancia":"MovieClips/textConvertido_1_0","classe":"textConvertido_1_0","nome":"eli06_02_1_0"},{"tipo":"img","x":"615.45px","y":"235px","width":"250px","height":"250.1px","nomeInstancia":"MovieClips/transicao_1_1","classe":"transicao_1_1","nome":"eli06_02_1_1"}]},{"desenhos":[{"tipo":"img","x":"88.65px","y":"362.8px","width":"418.85px","height":"84.2px","nomeInstancia":"MovieClips/textConvertido_2_0","classe":"textConvertido_2_0","nome":"eli06_02_2_0"},{"tipo":"img","x":"88.65px","y":"276.5px","width":"415.65px","height":"63.65px","nomeInstancia":"MovieClips/textConvertido_1_0","classe":"textConvertido_1_0","nome":"eli06_02_1_0"},{"tipo":"img","x":"615.45px","y":"235px","width":"250px","height":"250.1px","nomeInstancia":"MovieClips/transicao_1_1","classe":"transicao_1_1","nome":"eli06_02_1_1"}]},{"desenhos":[{"tipo":"img","x":"500px","y":"280.7px","width":"426px","height":"84.2px","nomeInstancia":"MovieClips/textConvertido_3_0","classe":"textConvertido_3_0","nome":"eli06_02_3_0"},{"tipo":"img","x":"93.2px","y":"205.55px","width":"326.1px","height":"316.35px","nomeInstancia":"MovieClips/transicao_3_1","classe":"transicao_3_1","nome":"eli06_02_3_1"}]},{"desenhos":[{"tipo":"img","x":"500px","y":"386.5px","width":"426px","height":"84.2px","nomeInstancia":"MovieClips/textConvertido_4_0","classe":"textConvertido_4_0","nome":"eli06_02_4_0"},{"tipo":"img","x":"500px","y":"280.7px","width":"426px","height":"84.2px","nomeInstancia":"MovieClips/textConvertido_3_0","classe":"textConvertido_3_0","nome":"eli06_02_3_0"},{"tipo":"img","x":"93.2px","y":"205.55px","width":"326.1px","height":"316.35px","nomeInstancia":"MovieClips/transicao_3_1","classe":"transicao_3_1","nome":"eli06_02_3_1"}]},{"desenhos":[{"tipo":"img","x":"126.65px","y":"264.9px","width":"319.65px","height":"84.2px","nomeInstancia":"MovieClips/textConvertido_5_0","classe":"textConvertido_5_0","nome":"eli06_02_5_0"},{"tipo":"img","x":"572.55px","y":"196.85px","width":"335.8px","height":"326.45px","nomeInstancia":"MovieClips/transicao_5_1","classe":"transicao_5_1","nome":"eli06_02_5_1"}]},{"desenhos":[{"tipo":"img","x":"126.65px","y":"371.75px","width":"331.25px","height":"84.2px","nomeInstancia":"MovieClips/textConvertido_6_0","classe":"textConvertido_6_0","nome":"eli06_02_6_0"},{"tipo":"img","x":"126.65px","y":"264.9px","width":"319.65px","height":"84.2px","nomeInstancia":"MovieClips/textConvertido_5_0","classe":"textConvertido_5_0","nome":"eli06_02_5_0"},{"tipo":"img","x":"572.55px","y":"196.85px","width":"335.8px","height":"326.45px","nomeInstancia":"MovieClips/transicao_5_1","classe":"transicao_5_1","nome":"eli06_02_5_1"}]},{"desenhos":[{"tipo":"img","x":"249.05px","y":"213.95px","width":"687px","height":"356.85px","nomeInstancia":"MovieClips/telaInfo07","classe":"telaInfo07","nome":"eli06_02_7_0"},{"tipo":"img","x":"500px","y":"287.05px","width":"426px","height":"125.3px","nomeInstancia":"MovieClips/textConvertido_7_1","classe":"textConvertido_7_1","nome":"eli06_02_7_1"},{"tipo":"img","x":"66.35px","y":"213.3px","width":"367.15px","height":"293.5px","nomeInstancia":"MovieClips/transicao_7_2","classe":"transicao_7_2","nome":"eli06_02_7_2"}]},{"desenhos":[{"tipo":"img","x":"157.25px","y":"152px","width":"489.05px","height":"137.15px","nomeInstancia":"MovieClips/transicao_8_0","classe":"transicao_8_0","nome":"eli06_02_8_0"},{"nome":"eli06_02_8_1","tipo":"personagem","x":"0px","y":"0px","width":"1016px","height":"659px","nomeInstancia":"MovieClips/animaP08","classe":"animaP08"}]},{"desenhos":[{"tipo":"img","x":"131.9px","y":"283.9px","width":"463.6px","height":"143.75px","nomeInstancia":"MovieClips/transicao_9_0","classe":"transicao_9_0","nome":"eli06_02_9_0"},{"tipo":"img","x":"157.25px","y":"152px","width":"489.05px","height":"137.15px","nomeInstancia":"MovieClips/transicao_8_0","classe":"transicao_8_0","nome":"eli06_02_8_0"},{"nome":"eli06_02_8_1","tipo":"personagem","x":"0px","y":"0px","width":"1016px","height":"659px","nomeInstancia":"MovieClips/animaP08","classe":"animaP08"}]},{"desenhos":[{"tipo":"img","x":"531.65px","y":"279.65px","width":"423.15px","height":"43.1px","nomeInstancia":"MovieClips/textConvertido_10_0","classe":"textConvertido_10_0","nome":"eli06_02_10_0"},{"tipo":"img","x":"61.05px","y":"285.6px","width":"419.2px","height":"200px","nomeInstancia":"MovieClips/transicao_10_1","classe":"transicao_10_1","nome":"eli06_02_10_1"}]},{"desenhos":[{"tipo":"img","x":"531.65px","y":"336.45px","width":"430.55px","height":"63.65px","nomeInstancia":"MovieClips/textConvertido_11_0","classe":"textConvertido_11_0","nome":"eli06_02_11_0"},{"tipo":"img","x":"531.65px","y":"279.65px","width":"423.15px","height":"43.1px","nomeInstancia":"MovieClips/textConvertido_10_0","classe":"textConvertido_10_0","nome":"eli06_02_10_0"},{"tipo":"img","x":"61.05px","y":"285.6px","width":"419.2px","height":"200px","nomeInstancia":"MovieClips/transicao_10_1","classe":"transicao_10_1","nome":"eli06_02_10_1"}]},{"desenhos":[{"tipo":"img","x":"531.65px","y":"413.8px","width":"426px","height":"84.2px","nomeInstancia":"MovieClips/textConvertido_12_0","classe":"textConvertido_12_0","nome":"eli06_02_12_0"},{"tipo":"img","x":"531.65px","y":"336.45px","width":"430.55px","height":"63.65px","nomeInstancia":"MovieClips/textConvertido_11_0","classe":"textConvertido_11_0","nome":"eli06_02_11_0"},{"tipo":"img","x":"531.65px","y":"279.65px","width":"423.15px","height":"43.1px","nomeInstancia":"MovieClips/textConvertido_10_0","classe":"textConvertido_10_0","nome":"eli06_02_10_0"},{"tipo":"img","x":"61.05px","y":"285.6px","width":"419.2px","height":"200px","nomeInstancia":"MovieClips/transicao_10_1","classe":"transicao_10_1","nome":"eli06_02_10_1"}]},{"desenhos":[{"tipo":"img","x":"227.55px","y":"165.9px","width":"561.7px","height":"330.25px","nomeInstancia":"MovieClips/destaque_211_1","classe":"destaque_211_1","nome":"eli06_02_13_0"},{"tipo":"img","x":"531.65px","y":"413.8px","width":"426px","height":"84.2px","nomeInstancia":"MovieClips/textConvertido_12_0","classe":"textConvertido_12_0","nome":"eli06_02_12_0"},{"tipo":"img","x":"531.65px","y":"336.45px","width":"430.55px","height":"63.65px","nomeInstancia":"MovieClips/textConvertido_11_0","classe":"textConvertido_11_0","nome":"eli06_02_11_0"},{"tipo":"img","x":"531.65px","y":"279.65px","width":"423.15px","height":"43.1px","nomeInstancia":"MovieClips/textConvertido_10_0","classe":"textConvertido_10_0","nome":"eli06_02_10_0"},{"tipo":"img","x":"61.05px","y":"285.6px","width":"419.2px","height":"200px","nomeInstancia":"MovieClips/transicao_10_1","classe":"transicao_10_1","nome":"eli06_02_10_1"}]},{"desenhos":[{"tipo":"img","x":"111.85px","y":"292.35px","width":"409.35px","height":"84.2px","nomeInstancia":"MovieClips/textConvertido_14_0","classe":"textConvertido_14_0","nome":"eli06_02_14_0"},{"tipo":"img","x":"646.15px","y":"216.05px","width":"188.6px","height":"289.5px","nomeInstancia":"MovieClips/transicao_14_1","classe":"transicao_14_1","nome":"eli06_02_14_1"}]},{"desenhos":[{"tipo":"img","x":"106.3px","y":"213.95px","width":"830.25px","height":"368.5px","nomeInstancia":"MovieClips/telaInfo15","classe":"telaInfo15","nome":"eli06_02_15_0"},{"tipo":"img","x":"111.85px","y":"394.95px","width":"426px","height":"43.1px","nomeInstancia":"MovieClips/textConvertido_15_1","classe":"textConvertido_15_1","nome":"eli06_02_15_1"},{"tipo":"img","x":"111.85px","y":"292.35px","width":"409.35px","height":"84.2px","nomeInstancia":"MovieClips/textConvertido_14_0","classe":"textConvertido_14_0","nome":"eli06_02_14_0"},{"tipo":"img","x":"646.15px","y":"216.05px","width":"188.6px","height":"289.5px","nomeInstancia":"MovieClips/transicao_14_1","classe":"transicao_14_1","nome":"eli06_02_14_1"}]},{"desenhos":[{"tipo":"img","x":"565.35px","y":"271.25px","width":"313.5px","height":"22.55px","nomeInstancia":"MovieClips/textConvertido_16_1","classe":"textConvertido_16_1","nome":"eli06_02_16_0"},{"tipo":"img","x":"565.35px","y":"316.45px","width":"412.65px","height":"104.75px","nomeInstancia":"MovieClips/textConvertido_16_0","classe":"textConvertido_16_0","nome":"eli06_02_16_1"},{"tipo":"img","x":"41.65px","y":"236.6px","width":"482.3px","height":"278.4px","nomeInstancia":"MovieClips/transicao_16_2","classe":"transicao_16_2","nome":"eli06_02_16_2"}]},{"desenhos":[{"tipo":"img","x":"565.35px","y":"434.35px","width":"381.05px","height":"43.1px","nomeInstancia":"MovieClips/textConvertido_17_0","classe":"textConvertido_17_0","nome":"eli06_02_17_0"},{"tipo":"img","x":"565.35px","y":"271.25px","width":"313.5px","height":"22.55px","nomeInstancia":"MovieClips/textConvertido_16_1","classe":"textConvertido_16_1","nome":"eli06_02_16_0"},{"tipo":"img","x":"565.35px","y":"316.45px","width":"412.65px","height":"104.75px","nomeInstancia":"MovieClips/textConvertido_16_0","classe":"textConvertido_16_0","nome":"eli06_02_16_1"},{"tipo":"img","x":"41.65px","y":"236.6px","width":"482.3px","height":"278.4px","nomeInstancia":"MovieClips/transicao_16_2","classe":"transicao_16_2","nome":"eli06_02_16_2"}]},{"desenhos":[{"tipo":"img","x":"76px","y":"264.9px","width":"378.75px","height":"125.3px","nomeInstancia":"MovieClips/textConvertido_18_0","classe":"textConvertido_18_0","nome":"eli06_02_18_0"},{"tipo":"img","x":"475.2px","y":"236.55px","width":"469.6px","height":"274.5px","nomeInstancia":"MovieClips/transicao_18_1","classe":"transicao_18_1","nome":"eli06_02_18_1"}]},{"desenhos":[{"tipo":"img","x":"76px","y":"412.3px","width":"369.25px","height":"43.1px","nomeInstancia":"MovieClips/textConvertido_19_0","classe":"textConvertido_19_0","nome":"eli06_02_19_0"},{"tipo":"img","x":"76px","y":"264.9px","width":"378.75px","height":"125.3px","nomeInstancia":"MovieClips/textConvertido_18_0","classe":"textConvertido_18_0","nome":"eli06_02_18_0"},{"tipo":"img","x":"475.2px","y":"236.55px","width":"469.6px","height":"274.5px","nomeInstancia":"MovieClips/transicao_18_1","classe":"transicao_18_1","nome":"eli06_02_18_1"}]},{"desenhos":[{"tipo":"img","x":"562.3px","y":"295.5px","width":"410.5px","height":"125.3px","nomeInstancia":"MovieClips/textConvertido_20_0","classe":"textConvertido_20_0","nome":"eli06_02_20_0"},{"tipo":"img","x":"52.2px","y":"227.7px","width":"475.95px","height":"279.25px","nomeInstancia":"MovieClips/transicao_20_1","classe":"transicao_20_1","nome":"eli06_02_20_1"}]},{"desenhos":[{"tipo":"img","x":"59.2px","y":"276.55px","width":"402.95px","height":"104.75px","nomeInstancia":"MovieClips/textConvertido_21_0","classe":"textConvertido_21_0","nome":"eli06_02_21_0"},{"tipo":"img","x":"474.25px","y":"232.4px","width":"484.35px","height":"282.4px","nomeInstancia":"MovieClips/transicao_21_1","classe":"transicao_21_1","nome":"eli06_02_21_1"}]},{"desenhos":[{"tipo":"img","x":"59.2px","y":"403.95px","width":"379.8px","height":"63.65px","nomeInstancia":"MovieClips/textConvertido_22_0","classe":"textConvertido_22_0","nome":"eli06_02_22_0"},{"tipo":"img","x":"59.2px","y":"276.55px","width":"402.95px","height":"104.75px","nomeInstancia":"MovieClips/textConvertido_21_0","classe":"textConvertido_21_0","nome":"eli06_02_21_0"},{"tipo":"img","x":"474.25px","y":"232.4px","width":"484.35px","height":"282.4px","nomeInstancia":"MovieClips/transicao_21_1","classe":"transicao_21_1","nome":"eli06_02_21_1"}]},{"desenhos":[{"tipo":"img","x":"547.45px","y":"322.05px","width":"402.1px","height":"84.2px","nomeInstancia":"MovieClips/textConvertido_23_0","classe":"textConvertido_23_0","nome":"eli06_02_23_0"},{"tipo":"img","x":"33.95px","y":"305.15px","width":"472.15px","height":"160.55px","nomeInstancia":"MovieClips/transicao_23_1","classe":"transicao_23_1","nome":"eli06_02_23_1"}]},{"desenhos":[{"tipo":"img","x":"547.45px","y":"422.6px","width":"386.25px","height":"43.1px","nomeInstancia":"MovieClips/textConvertido_24_0","classe":"textConvertido_24_0","nome":"eli06_02_24_0"},{"tipo":"img","x":"547.45px","y":"322.05px","width":"402.1px","height":"84.2px","nomeInstancia":"MovieClips/textConvertido_23_0","classe":"textConvertido_23_0","nome":"eli06_02_23_0"},{"tipo":"img","x":"33.95px","y":"305.15px","width":"472.15px","height":"160.55px","nomeInstancia":"MovieClips/transicao_23_1","classe":"transicao_23_1","nome":"eli06_02_23_1"}]},{"desenhos":[{"tipo":"img","x":"93.95px","y":"277.55px","width":"347.1px","height":"63.65px","nomeInstancia":"MovieClips/textConvertido_25_0","classe":"textConvertido_25_0","nome":"eli06_02_25_0"},{"tipo":"img","x":"530.5px","y":"199.6px","width":"382.05px","height":"315.4px","nomeInstancia":"MovieClips/transicao_25_1","classe":"transicao_25_1","nome":"eli06_02_25_1"}]},{"desenhos":[{"tipo":"img","x":"93.95px","y":"363.85px","width":"371.35px","height":"104.75px","nomeInstancia":"MovieClips/textConvertido_26_0","classe":"textConvertido_26_0","nome":"eli06_02_26_0"},{"tipo":"img","x":"93.95px","y":"277.55px","width":"347.1px","height":"63.65px","nomeInstancia":"MovieClips/textConvertido_25_0","classe":"textConvertido_25_0","nome":"eli06_02_25_0"},{"tipo":"img","x":"530.5px","y":"199.6px","width":"382.05px","height":"315.4px","nomeInstancia":"MovieClips/transicao_25_1","classe":"transicao_25_1","nome":"eli06_02_25_1"}]},{"desenhos":[{"tipo":"img","x":"375.45px","y":"211.1px","width":"509.35px","height":"124.45px","nomeInstancia":"MovieClips/transicao_27_0","classe":"transicao_27_0","nome":"eli06_02_27_0"},{"nome":"eli06_02_27_1","tipo":"personagem","x":"0px","y":"0px","width":"1016px","height":"659px","nomeInstancia":"MovieClips/animaP27","classe":"animaP27"}]},{"desenhos":[{"tipo":"img","x":"414.55px","y":"331.35px","width":"340.15px","height":"118.45px","nomeInstancia":"MovieClips/transicao_28_0","classe":"transicao_28_0","nome":"eli06_02_28_0"},{"tipo":"img","x":"375.45px","y":"211.1px","width":"509.35px","height":"124.45px","nomeInstancia":"MovieClips/transicao_27_0","classe":"transicao_27_0","nome":"eli06_02_27_0"},{"nome":"eli06_02_27_1","tipo":"personagem","x":"0px","y":"0px","width":"1016px","height":"659px","nomeInstancia":"MovieClips/animaP27","classe":"animaP27"}]},{"desenhos":[{"tipo":"img","x":"80.2px","y":"216.55px","width":"882.2px","height":"350.95px","nomeInstancia":"MovieClips/opcoes29","classe":"opcoes29","nome":"eli06_02_29_0"},{"tipo":"img","x":"80.2px","y":"246.6px","width":"746.1px","height":"228.05px","nomeInstancia":"MovieClips/textConvertido_29_1","classe":"textConvertido_29_1","nome":"eli06_02_29_1"},{"tipo":"img","x":"80.2px","y":"126.1px","width":"214.45px","height":"91.7px","nomeInstancia":"MovieClips/transicao_29_2","classe":"transicao_29_2","nome":"eli06_02_29_2"}]}]}