{"licao":"eli06_00","topico":"00","telas":[{"desenhos":[{"tipo":"img","x":"77.05px","y":"189.8px","width":"518.9px","height":"106.55px","nomeInstancia":"MovieClips/transicao_1_0","classe":"transicao_1_0","nome":"eli06_00_1_0"},{"nome":"eli06_00_1_1","tipo":"personagem","x":"0px","y":"0px","width":"1016px","height":"659px","nomeInstancia":"MovieClips/animaP01","classe":"animaP01"}]},{"desenhos":[{"tipo":"img","x":"118.15px","y":"289.7px","width":"429.85px","height":"141.6px","nomeInstancia":"MovieClips/transicao_2_0","classe":"transicao_2_0","nome":"eli06_00_2_0"},{"tipo":"img","x":"77.05px","y":"189.8px","width":"518.9px","height":"106.55px","nomeInstancia":"MovieClips/transicao_1_0","classe":"transicao_1_0","nome":"eli06_00_1_0"},{"nome":"eli06_00_1_1","tipo":"personagem","x":"0px","y":"0px","width":"1016px","height":"659px","nomeInstancia":"MovieClips/animaP01","classe":"animaP01"}]},{"desenhos":[{"tipo":"img","x":"149.8px","y":"428.4px","width":"398.2px","height":"97.35px","nomeInstancia":"MovieClips/transicao_3_0","classe":"transicao_3_0","nome":"eli06_00_3_0"},{"tipo":"img","x":"118.15px","y":"289.7px","width":"429.85px","height":"141.6px","nomeInstancia":"MovieClips/transicao_2_0","classe":"transicao_2_0","nome":"eli06_00_2_0"},{"tipo":"img","x":"77.05px","y":"189.8px","width":"518.9px","height":"106.55px","nomeInstancia":"MovieClips/transicao_1_0","classe":"transicao_1_0","nome":"eli06_00_1_0"},{"nome":"eli06_00_1_1","tipo":"personagem","x":"0px","y":"0px","width":"1016px","height":"659px","nomeInstancia":"MovieClips/animaP01","classe":"animaP01"}]}]}