{"licao":"biblioteca","telas":[{"desenhos":[{"tipo":"img","x":"0.9px","y":"0.9px","width":"1016px","height":"118.9px","nomeInstancia":"MovieClips/Símbolo 1","classe":"Símbolo 1","nome":"biblioteca_1_0"}]},{"desenhos":[{"tipo":"img","x":"0.9px","y":"0.9px","width":"1016px","height":"118.9px","nomeInstancia":"MovieClips/Símbolo 2","classe":"Símbolo 2","nome":"biblioteca_2_0"}]},{"desenhos":[{"tipo":"img","x":"0px","y":"311.95px","width":"1016px","height":"45px","nomeInstancia":"MovieClips/rodape_mp","classe":"rodape_mp","nome":"biblioteca_3_0"}]},{"desenhos":[{"tipo":"img","x":"0px","y":"307px","width":"1016px","height":"45px","nomeInstancia":"MovieClips/rodape_mp 2","classe":"rodape_mp 2","nome":"biblioteca_4_0"}]},{"desenhos":[{"tipo":"img","x":"0px","y":"307px","width":"1016px","height":"45px","nomeInstancia":"MovieClips/rodape","classe":"rodape","nome":"biblioteca_5_0"}]},{"desenhos":[{"tipo":"img","x":"0px","y":"307.45px","width":"1016px","height":"45px","nomeInstancia":"MovieClips/Cópia de rodape","classe":"Cópia de rodape","nome":"biblioteca_6_0"}]},{"desenhos":[{"tipo":"img","x":"462.45px","y":"308.5px","width":"92px","height":"43.9px","nomeInstancia":"MovieClips/Símbolo 4","classe":"Símbolo 4","nome":"biblioteca_7_0"}]}]}