{"config":{"convencoes":"eli00","label":"Eletrônica Industrial","principal":"wbteli","siglafla":"eli","corNavegacao":"#0395A5","corTopico":"#012E3F","corFundo":"#FFFFFF","temNota":true,"urlms":"engine!proxy.action"},"oas":[{"label":"Convenções","sigla":"eli00","teste":false,"arquivos":[{"nome":"Convenções","sigla":"_00","tipoNavegacao":"convencoes","demo":false,"moldura":"","navegacao":"","totalFrames":1}],"numTotalFrames":1},{"label":"Introdução à eletrônica industrial","sigla":"eli01","teste":true,"arquivos":[{"nome":"Introdução","sigla":"_00","tipoNavegacao":"misto","demo":false,"moldura":"","navegacao":"","totalFrames":8},{"nome":"Objetivos","sigla":"_01","tipoNavegacao":"misto","demo":false,"moldura":"","navegacao":"","totalFrames":1},{"nome":"Conhecendo os dispositivos de potência","sigla":"_02","tipoNavegacao":"misto","demo":false,"moldura":"","navegacao":"","totalFrames":26},{"nome":"Retificadores","sigla":"_03","tipoNavegacao":"misto","demo":false,"moldura":"","navegacao":"","totalFrames":33}],"numTotalFrames":68},{"label":"Diodos de potência","sigla":"eli02","teste":true,"arquivos":[{"nome":"Introdução","sigla":"_00","tipoNavegacao":"misto","demo":false,"moldura":"","navegacao":"","totalFrames":3},{"nome":"Objetivos","sigla":"_01","tipoNavegacao":"misto","demo":false,"moldura":"","navegacao":"","totalFrames":1},{"nome":"Conhecendo os diodos","sigla":"_02","tipoNavegacao":"misto","demo":false,"moldura":"","navegacao":"","totalFrames":13},{"nome":"Polarização do diodo semicondutor de potência","sigla":"_03","tipoNavegacao":"misto","demo":false,"moldura":"","navegacao":"","totalFrames":21},{"nome":"Testando diodos com multímetro digital","sigla":"_04","tipoNavegacao":"misto","demo":false,"moldura":"","navegacao":"","totalFrames":22}],"numTotalFrames":60},{"label":"Transistores de potência","sigla":"eli03","teste":true,"arquivos":[{"nome":"Introdução","sigla":"_00","tipoNavegacao":"misto","demo":false,"moldura":"","navegacao":"","totalFrames":3},{"nome":"Objetivos","sigla":"_01","tipoNavegacao":"misto","demo":false,"moldura":"","navegacao":"","totalFrames":1},{"nome":"Conhecendo os transistores","sigla":"_02","tipoNavegacao":"misto","demo":false,"moldura":"","navegacao":"","totalFrames":15},{"nome":"Polarização dos transistores NPN e PNP","sigla":"_03","tipoNavegacao":"misto","demo":false,"moldura":"","navegacao":"","totalFrames":21},{"nome":"Efeito da amplificação do transistor bipolar de junção","sigla":"_04","tipoNavegacao":"misto","demo":false,"moldura":"","navegacao":"","totalFrames":33},{"nome":"Transistor de efeito de campo de metal-óxido (MOSFET)","sigla":"_05","tipoNavegacao":"misto","demo":false,"moldura":"","navegacao":"","totalFrames":18}],"numTotalFrames":91},{"label":"Tiristores","sigla":"eli04","teste":true,"arquivos":[{"nome":"Introdução","sigla":"_00","tipoNavegacao":"misto","demo":false,"moldura":"","navegacao":"","totalFrames":3},{"nome":"Objetivos","sigla":"_01","tipoNavegacao":"misto","demo":false,"moldura":"","navegacao":"","totalFrames":1},{"nome":"O que são tiristores","sigla":"_02","tipoNavegacao":"misto","demo":false,"moldura":"","navegacao":"","totalFrames":17},{"nome":"Tipos de tiristores","sigla":"_03","tipoNavegacao":"misto","demo":false,"moldura":"","navegacao":"","totalFrames":20},{"nome":"Triodo para corrente alternada (triode for alternative current – TRIAC)","sigla":"_04","tipoNavegacao":"misto","demo":false,"moldura":"","navegacao":"","totalFrames":27}],"numTotalFrames":68},{"label":"Circuitos retificadores monofásicos de meia-onda e de onda completa","sigla":"eli05","teste":true,"arquivos":[{"nome":"Introdução","sigla":"_00","tipoNavegacao":"misto","demo":false,"moldura":"","navegacao":"","totalFrames":5},{"nome":"Objetivos","sigla":"_01","tipoNavegacao":"misto","demo":false,"moldura":"","navegacao":"","totalFrames":1},{"nome":"Conhecendo circuitos","sigla":"_02","tipoNavegacao":"misto","demo":false,"moldura":"","navegacao":"","totalFrames":38},{"nome":"Circuito retificador de meia-onda monofásico (com controle)","sigla":"_03","tipoNavegacao":"misto","demo":false,"moldura":"","navegacao":"","totalFrames":31},{"nome":"Aplicações industriais","sigla":"_04","tipoNavegacao":"misto","demo":false,"moldura":"","navegacao":"","totalFrames":29}],"numTotalFrames":104},{"label":"Inversores de frequência","sigla":"eli06","teste":true,"arquivos":[{"nome":"Introdução","sigla":"_00","tipoNavegacao":"misto","demo":false,"moldura":"","navegacao":"","totalFrames":3},{"nome":"Objetivos","sigla":"_01","tipoNavegacao":"misto","demo":false,"moldura":"","navegacao":"","totalFrames":1},{"nome":"O que são os inversores de frequência","sigla":"_02","tipoNavegacao":"misto","demo":false,"moldura":"","navegacao":"","totalFrames":29},{"nome":"A relação V/F (tensão/frequência)","sigla":"_03","tipoNavegacao":"misto","demo":false,"moldura":"","navegacao":"","totalFrames":30},{"nome":"Tipos de inversores de frequência: modo escalar e modo vetorial","sigla":"_04","tipoNavegacao":"misto","demo":false,"moldura":"","navegacao":"","totalFrames":33}],"numTotalFrames":96},{"label":"Reguladores de tensão","sigla":"eli07","teste":true,"arquivos":[{"nome":"Introdução","sigla":"_00","tipoNavegacao":"misto","demo":false,"moldura":"","navegacao":"","totalFrames":3},{"nome":"Objetivos","sigla":"_01","tipoNavegacao":"misto","demo":false,"moldura":"","navegacao":"","totalFrames":1},{"nome":"O que são reguladores de tensão","sigla":"_02","tipoNavegacao":"misto","demo":false,"moldura":"","navegacao":"","totalFrames":17},{"nome":"Reguladores de tensão para subestações de energia elétrica e redes de distribuição de energia","sigla":"_03","tipoNavegacao":"misto","demo":false,"moldura":"","navegacao":"","totalFrames":12},{"nome":"Reguladores de tensão aplicados na área da eletrônica","sigla":"_04","tipoNavegacao":"misto","demo":false,"moldura":"","navegacao":"","totalFrames":26}],"numTotalFrames":59},{"label":"Chaves estáticas - Relé de estado sólido (SSR)","sigla":"eli08","teste":true,"arquivos":[{"nome":"Introdução","sigla":"_00","tipoNavegacao":"misto","demo":false,"moldura":"","navegacao":"","totalFrames":3},{"nome":"Objetivos","sigla":"_01","tipoNavegacao":"misto","demo":false,"moldura":"","navegacao":"","totalFrames":1},{"nome":"Conhecendo as chaves estáticas","sigla":"_02","tipoNavegacao":"misto","demo":false,"moldura":"","navegacao":"","totalFrames":10},{"nome":"Princípio de funcionamento de um relé de estado sólido (SSR)","sigla":"_03","tipoNavegacao":"misto","demo":false,"moldura":"","navegacao":"","totalFrames":47},{"nome":"Parâmetros para especificação e seleção de SSRs","sigla":"_04","tipoNavegacao":"misto","demo":false,"moldura":"","navegacao":"","totalFrames":41}],"numTotalFrames":102}]}