{"licao":"wbtmaa","telas":[{"desenhos":[{"tipo":"img","x":"342.45px","y":"225.25px","width":"331.25px","height":"208.5px","nomeInstancia":"shapeConvertido_1_0","classe":"shapeConvertido_1_0","nome":"wbtmaa_1_0"}]},{"desenhos":[{"tipo":"img","x":"285.75px","y":"182.95px","width":"444.55px","height":"293.15px","nomeInstancia":"MovieClips/seja","classe":"seja","nome":"wbtmaa_2_0"}]},{"desenhos":[{"tipo":"img","x":"149.25px","y":"157.1px","width":"714.15px","height":"390.45px","nomeInstancia":"MovieClips/Symbol 6","classe":"Symbol 6","nome":"wbtmaa_3_0"}]},{"desenhos":[{"tipo":"img","x":"97.7px","y":"91.55px","width":"785.95px","height":"502.6px","nomeInstancia":"MovieClips/Symbol 4","classe":"Symbol 4","nome":"wbtmaa_4_0"}]},{"desenhos":[{"tipo":"img","x":"241.5px","y":"204.4px","width":"533px","height":"364.35px","nomeInstancia":"MovieClips/Symbol 3","classe":"Symbol 3","nome":"wbtmaa_5_0"}]},{"desenhos":[{"tipo":"img","x":"0px","y":"0px","width":"1016px","height":"659px","nomeInstancia":"MovieClips/Símbolo 13","classe":"Símbolo 13","nome":"wbtmaa_6_0"}]},{"desenhos":[{"tipo":"img","x":"321.6px","y":"280.65px","width":"372.8px","height":"140.05px","nomeInstancia":"MovieClips/Símbolo 44","classe":"Símbolo 44","nome":"wbtmaa_7_0"}]}]}