{"licao":"elm06_02","topico":"02","telas":[{"desenhos":[{"tipo":"img","x":"81.95px","y":"201.25px","width":"396.05px","height":"145.85px","nomeInstancia":"MovieClips/textConvertido_1_0","classe":"textConvertido_1_0","nome":"elm06_02_1_0"},{"tipo":"img","x":"166.3px","y":"479.05px","width":"118.4px","height":"61.7px","nomeInstancia":"MovieClips/transicao_1_1","classe":"transicao_1_1","nome":"elm06_02_1_1"},{"nome":"elm06_02_1_2","tipo":"png","x":"0px","y":"0px","width":"1016px","height":"659px","nomeInstancia":"MovieClips/anima1","classe":"anima1"}]},{"desenhos":[{"tipo":"img","x":"81.95px","y":"362.55px","width":"375.05px","height":"43.1px","nomeInstancia":"MovieClips/textConvertido_2_0","classe":"textConvertido_2_0","nome":"elm06_02_2_0"},{"tipo":"img","x":"81.95px","y":"201.25px","width":"396.05px","height":"145.85px","nomeInstancia":"MovieClips/textConvertido_1_0","classe":"textConvertido_1_0","nome":"elm06_02_1_0"},{"tipo":"img","x":"166.3px","y":"479.05px","width":"118.4px","height":"61.7px","nomeInstancia":"MovieClips/transicao_1_1","classe":"transicao_1_1","nome":"elm06_02_1_1"},{"nome":"elm06_02_1_2","tipo":"png","x":"0px","y":"0px","width":"1016px","height":"659px","nomeInstancia":"MovieClips/anima1","classe":"anima1"}]},{"desenhos":[{"tipo":"img","x":"81.95px","y":"421.1px","width":"389.1px","height":"43.1px","nomeInstancia":"MovieClips/textConvertido_3_0","classe":"textConvertido_3_0","nome":"elm06_02_3_0"},{"tipo":"img","x":"81.95px","y":"362.55px","width":"375.05px","height":"43.1px","nomeInstancia":"MovieClips/textConvertido_2_0","classe":"textConvertido_2_0","nome":"elm06_02_2_0"},{"tipo":"img","x":"81.95px","y":"201.25px","width":"396.05px","height":"145.85px","nomeInstancia":"MovieClips/textConvertido_1_0","classe":"textConvertido_1_0","nome":"elm06_02_1_0"},{"tipo":"img","x":"166.3px","y":"479.05px","width":"118.4px","height":"61.7px","nomeInstancia":"MovieClips/transicao_1_1","classe":"transicao_1_1","nome":"elm06_02_1_1"},{"nome":"elm06_02_1_2","tipo":"png","x":"0px","y":"0px","width":"1016px","height":"659px","nomeInstancia":"MovieClips/anima1","classe":"anima1"}]},{"desenhos":[{"tipo":"img","x":"218.35px","y":"175.1px","width":"579.3px","height":"63.65px","nomeInstancia":"MovieClips/textConvertido_4_0","classe":"textConvertido_4_0","nome":"elm06_02_4_0"}]},{"desenhos":[{"tipo":"img","x":"218.35px","y":"263.5px","width":"155.5px","height":"22.55px","nomeInstancia":"MovieClips/textConvertido_5_1","classe":"textConvertido_5_1","nome":"elm06_02_5_0"},{"tipo":"img","x":"420.1px","y":"275.55px","width":"175.85px","height":"91.65px","nomeInstancia":"MovieClips/transicao_5_0","classe":"transicao_5_0","nome":"elm06_02_5_1"},{"tipo":"img","x":"218.35px","y":"175.1px","width":"579.3px","height":"63.65px","nomeInstancia":"MovieClips/textConvertido_4_0","classe":"textConvertido_4_0","nome":"elm06_02_4_0"}]},{"desenhos":[{"tipo":"img","x":"218.35px","y":"420.85px","width":"467.8px","height":"22.55px","nomeInstancia":"MovieClips/textConvertido_6_1","classe":"textConvertido_6_1","nome":"elm06_02_6_0"},{"tipo":"img","x":"420.1px","y":"472.65px","width":"175.85px","height":"91.65px","nomeInstancia":"MovieClips/transicao_6_0","classe":"transicao_6_0","nome":"elm06_02_6_1"},{"tipo":"img","x":"218.35px","y":"263.5px","width":"155.5px","height":"22.55px","nomeInstancia":"MovieClips/textConvertido_5_1","classe":"textConvertido_5_1","nome":"elm06_02_5_0"},{"tipo":"img","x":"420.1px","y":"275.55px","width":"175.85px","height":"91.65px","nomeInstancia":"MovieClips/transicao_5_0","classe":"transicao_5_0","nome":"elm06_02_5_1"},{"tipo":"img","x":"218.35px","y":"175.1px","width":"579.3px","height":"63.65px","nomeInstancia":"MovieClips/textConvertido_4_0","classe":"textConvertido_4_0","nome":"elm06_02_4_0"}]},{"desenhos":[{"tipo":"img","x":"552.75px","y":"233.4px","width":"366.15px","height":"22.55px","nomeInstancia":"MovieClips/textConvertido_7_0","classe":"textConvertido_7_0","nome":"elm06_02_7_0"},{"tipo":"img","x":"90.25px","y":"250.5px","width":"404.9px","height":"254.45px","nomeInstancia":"MovieClips/transicao_7_1","classe":"transicao_7_1","nome":"elm06_02_7_1"}]},{"desenhos":[{"tipo":"img","x":"552.75px","y":"275.7px","width":"366.15px","height":"186.95px","nomeInstancia":"MovieClips/textConvertido_8_0","classe":"textConvertido_8_0","nome":"elm06_02_8_0"},{"tipo":"img","x":"552.75px","y":"233.4px","width":"366.15px","height":"22.55px","nomeInstancia":"MovieClips/textConvertido_7_0","classe":"textConvertido_7_0","nome":"elm06_02_7_0"},{"tipo":"img","x":"90.25px","y":"250.5px","width":"404.9px","height":"254.45px","nomeInstancia":"MovieClips/transicao_7_1","classe":"transicao_7_1","nome":"elm06_02_7_1"}]},{"desenhos":[{"tipo":"img","x":"184.05px","y":"166px","width":"610.85px","height":"410.3px","nomeInstancia":"MovieClips/telaInfo9","classe":"telaInfo9","nome":"elm06_02_9_0"},{"tipo":"img","x":"552.75px","y":"482.4px","width":"366.15px","height":"22.55px","nomeInstancia":"MovieClips/textConvertido_9_1","classe":"textConvertido_9_1","nome":"elm06_02_9_1"},{"tipo":"img","x":"552.75px","y":"275.7px","width":"366.15px","height":"186.95px","nomeInstancia":"MovieClips/textConvertido_8_0","classe":"textConvertido_8_0","nome":"elm06_02_8_0"},{"tipo":"img","x":"552.75px","y":"233.4px","width":"366.15px","height":"22.55px","nomeInstancia":"MovieClips/textConvertido_7_0","classe":"textConvertido_7_0","nome":"elm06_02_7_0"},{"tipo":"img","x":"90.25px","y":"250.5px","width":"404.9px","height":"254.45px","nomeInstancia":"MovieClips/transicao_7_1","classe":"transicao_7_1","nome":"elm06_02_7_1"}]},{"desenhos":[{"tipo":"img","x":"395.05px","y":"146.6px","width":"225.9px","height":"74.55px","nomeInstancia":"MovieClips/transicao_10_0","classe":"transicao_10_0","nome":"elm06_02_10_0"},{"tipo":"img","x":"93.1px","y":"246.7px","width":"793.4px","height":"321.4px","nomeInstancia":"MovieClips/forca10","classe":"forca10","nome":"elm06_02_10_1"},{"tipo":"img","x":"299.85px","y":"241.15px","width":"601.95px","height":"43.1px","nomeInstancia":"MovieClips/textConvertido_10_1","classe":"textConvertido_10_1","nome":"elm06_02_10_2"},{"tipo":"img","x":"299.85px","y":"300.8px","width":"403.5px","height":"22.55px","nomeInstancia":"MovieClips/textConvertido_10_0","classe":"textConvertido_10_0","nome":"elm06_02_10_3"}]}]}