{"licao":"elm06_03","topico":"03","telas":[{"desenhos":[{"tipo":"img","x":"337.05px","y":"207.75px","width":"341.95px","height":"22.55px","nomeInstancia":"MovieClips/textConvertido_1_1","classe":"textConvertido_1_1","nome":"elm06_03_1_0"},{"tipo":"img","x":"131px","y":"334.35px","width":"324px","height":"125.3px","nomeInstancia":"MovieClips/textConvertido_1_0","classe":"textConvertido_1_0","nome":"elm06_03_1_1"},{"nome":"elm06_03_1_2","tipo":"png","x":"0px","y":"0px","width":"1016px","height":"659px","nomeInstancia":"MovieClips/anima1","classe":"anima1"}]},{"desenhos":[{"tipo":"img","x":"208px","y":"246.75px","width":"341.95px","height":"22.55px","nomeInstancia":"MovieClips/textConvertido_2_0","classe":"textConvertido_2_0","nome":"elm06_03_2_0"},{"tipo":"img","x":"419.8px","y":"286px","width":"176.4px","height":"91.95px","nomeInstancia":"MovieClips/transicao_2_1","classe":"transicao_2_1","nome":"elm06_03_2_1"}]},{"desenhos":[{"tipo":"img","x":"208px","y":"394.65px","width":"568px","height":"85.65px","nomeInstancia":"MovieClips/textConvertido_3_0","classe":"textConvertido_3_0","nome":"elm06_03_3_0"},{"tipo":"img","x":"208px","y":"246.75px","width":"341.95px","height":"22.55px","nomeInstancia":"MovieClips/textConvertido_2_0","classe":"textConvertido_2_0","nome":"elm06_03_2_0"},{"tipo":"img","x":"419.8px","y":"286px","width":"176.4px","height":"91.95px","nomeInstancia":"MovieClips/transicao_2_1","classe":"transicao_2_1","nome":"elm06_03_2_1"}]},{"desenhos":[{"tipo":"img","x":"412.3px","y":"225.5px","width":"441.4px","height":"96.8px","nomeInstancia":"MovieClips/transicao_4_0","classe":"transicao_4_0","nome":"elm06_03_4_0"},{"nome":"elm06_03_4_1","tipo":"personagem","x":"0px","y":"0px","width":"1016px","height":"659px","nomeInstancia":"MovieClips/animaP4","classe":"animaP4"}]},{"desenhos":[{"tipo":"img","x":"461.45px","y":"317.15px","width":"387.5px","height":"122.75px","nomeInstancia":"MovieClips/transicao_5_0","classe":"transicao_5_0","nome":"elm06_03_5_0"},{"tipo":"img","x":"412.3px","y":"225.5px","width":"441.4px","height":"96.8px","nomeInstancia":"MovieClips/transicao_4_0","classe":"transicao_4_0","nome":"elm06_03_4_0"},{"nome":"elm06_03_4_1","tipo":"personagem","x":"0px","y":"0px","width":"1016px","height":"659px","nomeInstancia":"MovieClips/animaP4","classe":"animaP4"}]},{"desenhos":[{"tipo":"img","x":"461.45px","y":"434.75px","width":"387.5px","height":"79.25px","nomeInstancia":"MovieClips/transicao_6_0","classe":"transicao_6_0","nome":"elm06_03_6_0"},{"tipo":"img","x":"461.45px","y":"317.15px","width":"387.5px","height":"122.75px","nomeInstancia":"MovieClips/transicao_5_0","classe":"transicao_5_0","nome":"elm06_03_5_0"},{"tipo":"img","x":"412.3px","y":"225.5px","width":"441.4px","height":"96.8px","nomeInstancia":"MovieClips/transicao_4_0","classe":"transicao_4_0","nome":"elm06_03_4_0"},{"nome":"elm06_03_4_1","tipo":"personagem","x":"0px","y":"0px","width":"1016px","height":"659px","nomeInstancia":"MovieClips/animaP4","classe":"animaP4"}]},{"desenhos":[{"tipo":"img","x":"83.8px","y":"306.3px","width":"369.9px","height":"84.2px","nomeInstancia":"MovieClips/textConvertido_7_0","classe":"textConvertido_7_0","nome":"elm06_03_7_0"},{"tipo":"img","x":"485.3px","y":"208.65px","width":"443.15px","height":"279.55px","nomeInstancia":"MovieClips/transicao_7_1","classe":"transicao_7_1","nome":"elm06_03_7_1"}]},{"desenhos":[{"tipo":"img","x":"323.05px","y":"171.55px","width":"369.9px","height":"22.55px","nomeInstancia":"MovieClips/textConvertido_8_0","classe":"textConvertido_8_0","nome":"elm06_03_8_0"},{"tipo":"img","x":"137px","y":"245.8px","width":"773.25px","height":"241px","nomeInstancia":"MovieClips/transicao_8_1","classe":"transicao_8_1","nome":"elm06_03_8_1"}]},{"desenhos":[{"tipo":"img","x":"273.85px","y":"173.35px","width":"468.35px","height":"22.55px","nomeInstancia":"MovieClips/textConvertido_9_0","classe":"textConvertido_9_0","nome":"elm06_03_9_0"},{"tipo":"img","x":"432.8px","y":"214.8px","width":"150.4px","height":"78.4px","nomeInstancia":"MovieClips/transicao_9_1","classe":"transicao_9_1","nome":"elm06_03_9_1"}]},{"desenhos":[{"tipo":"img","x":"273.85px","y":"312.1px","width":"468.35px","height":"22.55px","nomeInstancia":"MovieClips/textConvertido_10_1","classe":"textConvertido_10_1","nome":"elm06_03_10_0"},{"tipo":"img","x":"410.75px","y":"353.55px","width":"194.5px","height":"76.45px","nomeInstancia":"MovieClips/transicao_10_0","classe":"transicao_10_0","nome":"elm06_03_10_1"},{"tipo":"img","x":"273.85px","y":"173.35px","width":"468.35px","height":"22.55px","nomeInstancia":"MovieClips/textConvertido_9_0","classe":"textConvertido_9_0","nome":"elm06_03_9_0"},{"tipo":"img","x":"432.8px","y":"214.8px","width":"150.4px","height":"78.4px","nomeInstancia":"MovieClips/transicao_9_1","classe":"transicao_9_1","nome":"elm06_03_9_1"}]},{"desenhos":[{"tipo":"img","x":"273.85px","y":"448.9px","width":"468.35px","height":"22.55px","nomeInstancia":"MovieClips/textConvertido_11_1","classe":"textConvertido_11_1","nome":"elm06_03_11_0"},{"tipo":"img","x":"375.9px","y":"490.35px","width":"264.2px","height":"77.1px","nomeInstancia":"MovieClips/transicao_11_0","classe":"transicao_11_0","nome":"elm06_03_11_1"},{"tipo":"img","x":"273.85px","y":"312.1px","width":"468.35px","height":"22.55px","nomeInstancia":"MovieClips/textConvertido_10_1","classe":"textConvertido_10_1","nome":"elm06_03_10_0"},{"tipo":"img","x":"410.75px","y":"353.55px","width":"194.5px","height":"76.45px","nomeInstancia":"MovieClips/transicao_10_0","classe":"transicao_10_0","nome":"elm06_03_10_1"},{"tipo":"img","x":"273.85px","y":"173.35px","width":"468.35px","height":"22.55px","nomeInstancia":"MovieClips/textConvertido_9_0","classe":"textConvertido_9_0","nome":"elm06_03_9_0"},{"tipo":"img","x":"432.8px","y":"214.8px","width":"150.4px","height":"78.4px","nomeInstancia":"MovieClips/transicao_9_1","classe":"transicao_9_1","nome":"elm06_03_9_1"}]},{"desenhos":[{"tipo":"img","x":"284.2px","y":"191.75px","width":"468.35px","height":"22.55px","nomeInstancia":"MovieClips/textConvertido_12_0","classe":"textConvertido_12_0","nome":"elm06_03_12_0"},{"tipo":"img","x":"286.65px","y":"276.2px","width":"442.7px","height":"80.4px","nomeInstancia":"MovieClips/transicao_12_1","classe":"transicao_12_1","nome":"elm06_03_12_1"}]},{"desenhos":[{"tipo":"img","x":"410.75px","y":"393.45px","width":"194.55px","height":"76.55px","nomeInstancia":"MovieClips/transicao_13_0","classe":"transicao_13_0","nome":"elm06_03_13_0"},{"tipo":"img","x":"284.2px","y":"191.75px","width":"468.35px","height":"22.55px","nomeInstancia":"MovieClips/textConvertido_12_0","classe":"textConvertido_12_0","nome":"elm06_03_12_0"},{"tipo":"img","x":"286.65px","y":"276.2px","width":"442.7px","height":"80.4px","nomeInstancia":"MovieClips/transicao_12_1","classe":"transicao_12_1","nome":"elm06_03_12_1"}]},{"desenhos":[{"tipo":"img","x":"356.15px","y":"210.75px","width":"455.2px","height":"58.5px","nomeInstancia":"MovieClips/transicao_14_0","classe":"transicao_14_0","nome":"elm06_03_14_0"},{"nome":"elm06_03_14_1","tipo":"personagem","x":"0px","y":"0px","width":"1016px","height":"659px","nomeInstancia":"MovieClips/animaP14","classe":"animaP14"}]},{"desenhos":[{"tipo":"img","x":"402px","y":"262.05px","width":"535.6px","height":"166.65px","nomeInstancia":"MovieClips/transicao_15_0","classe":"transicao_15_0","nome":"elm06_03_15_0"},{"tipo":"img","x":"356.15px","y":"210.75px","width":"455.2px","height":"58.5px","nomeInstancia":"MovieClips/transicao_14_0","classe":"transicao_14_0","nome":"elm06_03_14_0"},{"nome":"elm06_03_14_1","tipo":"personagem","x":"0px","y":"0px","width":"1016px","height":"659px","nomeInstancia":"MovieClips/animaP14","classe":"animaP14"}]},{"desenhos":[{"tipo":"img","x":"253.75px","y":"240.25px","width":"725.7px","height":"346.45px","nomeInstancia":"MovieClips/telaInfo16","classe":"telaInfo16","nome":"elm06_03_16_0"},{"tipo":"img","x":"399.95px","y":"522.75px","width":"336.1px","height":"22.55px","nomeInstancia":"MovieClips/textConvertido_16_2","classe":"textConvertido_16_2","nome":"elm06_03_16_1"},{"tipo":"img","x":"401.75px","y":"422.85px","width":"436.75px","height":"79.75px","nomeInstancia":"MovieClips/transicao_16_1","classe":"transicao_16_1","nome":"elm06_03_16_2"},{"tipo":"img","x":"402px","y":"262.05px","width":"535.6px","height":"166.65px","nomeInstancia":"MovieClips/transicao_15_0","classe":"transicao_15_0","nome":"elm06_03_15_0"},{"tipo":"img","x":"356.15px","y":"210.75px","width":"455.2px","height":"58.5px","nomeInstancia":"MovieClips/transicao_14_0","classe":"transicao_14_0","nome":"elm06_03_14_0"},{"nome":"elm06_03_14_1","tipo":"personagem","x":"0px","y":"0px","width":"1016px","height":"659px","nomeInstancia":"MovieClips/animaP14","classe":"animaP14"}]},{"desenhos":[{"tipo":"img","x":"120.35px","y":"240px","width":"518.35px","height":"110px","nomeInstancia":"MovieClips/transicao_17_0","classe":"transicao_17_0","nome":"elm06_03_17_0"},{"nome":"elm06_03_17_1","tipo":"personagem","x":"0px","y":"0px","width":"1016px","height":"659px","nomeInstancia":"MovieClips/animaP17","classe":"animaP17"}]},{"desenhos":[{"tipo":"img","x":"197.1px","y":"344.3px","width":"397.2px","height":"83.25px","nomeInstancia":"MovieClips/transicao_18_0","classe":"transicao_18_0","nome":"elm06_03_18_0"},{"tipo":"img","x":"120.35px","y":"240px","width":"518.35px","height":"110px","nomeInstancia":"MovieClips/transicao_17_0","classe":"transicao_17_0","nome":"elm06_03_17_0"},{"nome":"elm06_03_17_1","tipo":"personagem","x":"0px","y":"0px","width":"1016px","height":"659px","nomeInstancia":"MovieClips/animaP17","classe":"animaP17"}]},{"desenhos":[{"tipo":"img","x":"157.55px","y":"421.85px","width":"436.75px","height":"79.75px","nomeInstancia":"MovieClips/transicao_19_0","classe":"transicao_19_0","nome":"elm06_03_19_0"},{"tipo":"img","x":"197.1px","y":"344.3px","width":"397.2px","height":"83.25px","nomeInstancia":"MovieClips/transicao_18_0","classe":"transicao_18_0","nome":"elm06_03_18_0"},{"tipo":"img","x":"120.35px","y":"240px","width":"518.35px","height":"110px","nomeInstancia":"MovieClips/transicao_17_0","classe":"transicao_17_0","nome":"elm06_03_17_0"},{"nome":"elm06_03_17_1","tipo":"personagem","x":"0px","y":"0px","width":"1016px","height":"659px","nomeInstancia":"MovieClips/animaP17","classe":"animaP17"}]},{"desenhos":[{"tipo":"img","x":"584.95px","y":"317.7px","width":"374.15px","height":"84.2px","nomeInstancia":"MovieClips/textConvertido_20_0","classe":"textConvertido_20_0","nome":"elm06_03_20_0"},{"tipo":"img","x":"55.8px","y":"223.7px","width":"507.4px","height":"258.05px","nomeInstancia":"MovieClips/transicao_20_1","classe":"transicao_20_1","nome":"elm06_03_20_1"}]},{"desenhos":[{"tipo":"img","x":"192.7px","y":"170.95px","width":"629.7px","height":"329.95px","nomeInstancia":"MovieClips/telaInfo21_scroll","classe":"telaInfo21_scroll","nome":"elm06_03_21_0"},{"tipo":"img","x":"289.95px","y":"202.05px","width":"436.1px","height":"22.55px","nomeInstancia":"MovieClips/textConvertido_21_2","classe":"textConvertido_21_2","nome":"elm06_03_21_1"},{"tipo":"img","x":"289.95px","y":"239.45px","width":"356.1px","height":"22.55px","nomeInstancia":"MovieClips/textConvertido_21_1","classe":"textConvertido_21_1","nome":"elm06_03_21_2"},{"tipo":"img","x":"306.1px","y":"276.85px","width":"374.15px","height":"235.1px","nomeInstancia":"MovieClips/transicao_21_3","classe":"transicao_21_3","nome":"elm06_03_21_3"}]},{"desenhos":[{"tipo":"img","x":"89.4px","y":"163px","width":"225.9px","height":"74.55px","nomeInstancia":"MovieClips/transicao_22_0","classe":"transicao_22_0","nome":"elm06_03_22_0"},{"tipo":"img","x":"78.45px","y":"224px","width":"717.3px","height":"354.35px","nomeInstancia":"MovieClips/opcoes22","classe":"opcoes22","nome":"elm06_03_22_1"},{"tipo":"img","x":"89.4px","y":"285.05px","width":"861.3px","height":"226.6px","nomeInstancia":"MovieClips/textConvertido_22_8","classe":"textConvertido_22_8","nome":"elm06_03_22_2"},{"tipo":"img","x":"365.55px","y":"196.45px","width":"468.25px","height":"41.1px","nomeInstancia":"MovieClips/textConvertido_22_0","classe":"textConvertido_22_0","nome":"elm06_03_22_3"}]}]}