{"licao":"elm04_01","topico":"01","telas":[{"desenhos":[{"tipo":"img","x":"153.05px","y":"282.95px","width":"376.95px","height":"63.65px","nomeInstancia":"MovieClips/textConvertido_1_0","classe":"textConvertido_1_0","nome":"elm04_01_1_0"},{"tipo":"img","x":"583.7px","y":"182.05px","width":"313.45px","height":"355.55px","nomeInstancia":"MovieClips/transicao_1_1","classe":"transicao_1_1","nome":"elm04_01_1_1"}]},{"desenhos":[{"tipo":"img","x":"153.05px","y":"372px","width":"398.95px","height":"84.2px","nomeInstancia":"MovieClips/textConvertido_2_0","classe":"textConvertido_2_0","nome":"elm04_01_2_0"},{"tipo":"img","x":"153.05px","y":"282.95px","width":"376.95px","height":"63.65px","nomeInstancia":"MovieClips/textConvertido_1_0","classe":"textConvertido_1_0","nome":"elm04_01_1_0"},{"tipo":"img","x":"583.7px","y":"182.05px","width":"313.45px","height":"355.55px","nomeInstancia":"MovieClips/transicao_1_1","classe":"transicao_1_1","nome":"elm04_01_1_1"}]},{"desenhos":[{"tipo":"img","x":"410.85px","y":"274.7px","width":"541.95px","height":"84.2px","nomeInstancia":"MovieClips/textConvertido_3_0","classe":"textConvertido_3_0","nome":"elm04_01_3_0"},{"nome":"elm04_01_3_1","tipo":"png","x":"0px","y":"0px","width":"1016px","height":"659px","nomeInstancia":"MovieClips/anima2","classe":"anima2"}]},{"desenhos":[{"tipo":"img","x":"410.85px","y":"381.45px","width":"502.95px","height":"63.65px","nomeInstancia":"MovieClips/textConvertido_4_0","classe":"textConvertido_4_0","nome":"elm04_01_4_0"},{"tipo":"img","x":"410.85px","y":"274.7px","width":"541.95px","height":"84.2px","nomeInstancia":"MovieClips/textConvertido_3_0","classe":"textConvertido_3_0","nome":"elm04_01_3_0"},{"nome":"elm04_01_3_1","tipo":"png","x":"0px","y":"0px","width":"1016px","height":"659px","nomeInstancia":"MovieClips/anima2","classe":"anima2"}]},{"desenhos":[{"tipo":"img","x":"410.85px","y":"467.65px","width":"411.95px","height":"43.1px","nomeInstancia":"MovieClips/textConvertido_5_0","classe":"textConvertido_5_0","nome":"elm04_01_5_0"},{"tipo":"img","x":"410.85px","y":"381.45px","width":"502.95px","height":"63.65px","nomeInstancia":"MovieClips/textConvertido_4_0","classe":"textConvertido_4_0","nome":"elm04_01_4_0"},{"tipo":"img","x":"410.85px","y":"274.7px","width":"541.95px","height":"84.2px","nomeInstancia":"MovieClips/textConvertido_3_0","classe":"textConvertido_3_0","nome":"elm04_01_3_0"},{"nome":"elm04_01_3_1","tipo":"png","x":"0px","y":"0px","width":"1016px","height":"659px","nomeInstancia":"MovieClips/anima2","classe":"anima2"}]},{"desenhos":[{"tipo":"img","x":"293.55px","y":"200.95px","width":"428.95px","height":"43.1px","nomeInstancia":"MovieClips/textConvertido_6_1","classe":"textConvertido_6_1","nome":"elm04_01_6_0"},{"tipo":"img","x":"65.05px","y":"279.7px","width":"565.95px","height":"84.2px","nomeInstancia":"MovieClips/textConvertido_6_0","classe":"textConvertido_6_0","nome":"elm04_01_6_1"},{"tipo":"img","x":"663.35px","y":"287.7px","width":"283.05px","height":"208.55px","nomeInstancia":"MovieClips/transicao_6_2","classe":"transicao_6_2","nome":"elm04_01_6_2"}]},{"desenhos":[{"tipo":"img","x":"65.05px","y":"379.55px","width":"565.95px","height":"63.65px","nomeInstancia":"MovieClips/textConvertido_7_0","classe":"textConvertido_7_0","nome":"elm04_01_7_0"},{"tipo":"img","x":"293.55px","y":"200.95px","width":"428.95px","height":"43.1px","nomeInstancia":"MovieClips/textConvertido_6_1","classe":"textConvertido_6_1","nome":"elm04_01_6_0"},{"tipo":"img","x":"65.05px","y":"279.7px","width":"565.95px","height":"84.2px","nomeInstancia":"MovieClips/textConvertido_6_0","classe":"textConvertido_6_0","nome":"elm04_01_6_1"},{"tipo":"img","x":"663.35px","y":"287.7px","width":"283.05px","height":"208.55px","nomeInstancia":"MovieClips/transicao_6_2","classe":"transicao_6_2","nome":"elm04_01_6_2"}]},{"desenhos":[{"tipo":"img","x":"65.05px","y":"458.85px","width":"554.95px","height":"63.65px","nomeInstancia":"MovieClips/textConvertido_8_0","classe":"textConvertido_8_0","nome":"elm04_01_8_0"},{"tipo":"img","x":"65.05px","y":"379.55px","width":"565.95px","height":"63.65px","nomeInstancia":"MovieClips/textConvertido_7_0","classe":"textConvertido_7_0","nome":"elm04_01_7_0"},{"tipo":"img","x":"293.55px","y":"200.95px","width":"428.95px","height":"43.1px","nomeInstancia":"MovieClips/textConvertido_6_1","classe":"textConvertido_6_1","nome":"elm04_01_6_0"},{"tipo":"img","x":"65.05px","y":"279.7px","width":"565.95px","height":"84.2px","nomeInstancia":"MovieClips/textConvertido_6_0","classe":"textConvertido_6_0","nome":"elm04_01_6_1"},{"tipo":"img","x":"663.35px","y":"287.7px","width":"283.05px","height":"208.55px","nomeInstancia":"MovieClips/transicao_6_2","classe":"transicao_6_2","nome":"elm04_01_6_2"}]},{"desenhos":[{"tipo":"img","x":"128.05px","y":"164.7px","width":"741.95px","height":"63.65px","nomeInstancia":"MovieClips/textConvertido_9_0","classe":"textConvertido_9_0","nome":"elm04_01_9_0"},{"tipo":"img","x":"435.7px","y":"246.6px","width":"128.4px","height":"66.9px","nomeInstancia":"MovieClips/transicao_9_1","classe":"transicao_9_1","nome":"elm04_01_9_1"}]},{"desenhos":[{"tipo":"img","x":"128.05px","y":"331.75px","width":"706.95px","height":"22.55px","nomeInstancia":"MovieClips/textConvertido_10_1","classe":"textConvertido_10_1","nome":"elm04_01_10_0"},{"tipo":"img","x":"437.7px","y":"372.55px","width":"124.4px","height":"64.85px","nomeInstancia":"MovieClips/transicao_10_0","classe":"transicao_10_0","nome":"elm04_01_10_1"},{"tipo":"img","x":"128.05px","y":"164.7px","width":"741.95px","height":"63.65px","nomeInstancia":"MovieClips/textConvertido_9_0","classe":"textConvertido_9_0","nome":"elm04_01_9_0"},{"tipo":"img","x":"435.7px","y":"246.6px","width":"128.4px","height":"66.9px","nomeInstancia":"MovieClips/transicao_9_1","classe":"transicao_9_1","nome":"elm04_01_9_1"}]},{"desenhos":[{"tipo":"img","x":"254.25px","y":"201.1px","width":"730.25px","height":"374.1px","nomeInstancia":"MovieClips/telaInfo11","classe":"telaInfo11","nome":"elm04_01_11_0"},{"tipo":"img","x":"128.05px","y":"455.65px","width":"667.45px","height":"22.55px","nomeInstancia":"MovieClips/textConvertido_11_2","classe":"textConvertido_11_2","nome":"elm04_01_11_1"},{"tipo":"img","x":"438.7px","y":"496.45px","width":"122.4px","height":"63.75px","nomeInstancia":"MovieClips/transicao_11_1","classe":"transicao_11_1","nome":"elm04_01_11_2"},{"tipo":"img","x":"128.05px","y":"331.75px","width":"706.95px","height":"22.55px","nomeInstancia":"MovieClips/textConvertido_10_1","classe":"textConvertido_10_1","nome":"elm04_01_10_0"},{"tipo":"img","x":"437.7px","y":"372.55px","width":"124.4px","height":"64.85px","nomeInstancia":"MovieClips/transicao_10_0","classe":"transicao_10_0","nome":"elm04_01_10_1"},{"tipo":"img","x":"128.05px","y":"164.7px","width":"741.95px","height":"63.65px","nomeInstancia":"MovieClips/textConvertido_9_0","classe":"textConvertido_9_0","nome":"elm04_01_9_0"},{"tipo":"img","x":"435.7px","y":"246.6px","width":"128.4px","height":"66.9px","nomeInstancia":"MovieClips/transicao_9_1","classe":"transicao_9_1","nome":"elm04_01_9_1"}]},{"desenhos":[{"tipo":"img","x":"537.7px","y":"322.65px","width":"380.95px","height":"63.65px","nomeInstancia":"MovieClips/textConvertido_12_0","classe":"textConvertido_12_0","nome":"elm04_01_12_0"},{"tipo":"img","x":"105.75px","y":"184.4px","width":"367.3px","height":"352.85px","nomeInstancia":"MovieClips/transicao_12_1","classe":"transicao_12_1","nome":"elm04_01_12_1"}]},{"desenhos":[{"tipo":"img","x":"110.05px","y":"326.1px","width":"317.95px","height":"84.2px","nomeInstancia":"MovieClips/textConvertido_13_0","classe":"textConvertido_13_0","nome":"elm04_01_13_0"},{"tipo":"img","x":"479.65px","y":"242.8px","width":"417.65px","height":"250.8px","nomeInstancia":"MovieClips/transicao_13_1","classe":"transicao_13_1","nome":"elm04_01_13_1"}]},{"desenhos":[{"tipo":"img","x":"497.05px","y":"264.05px","width":"339.95px","height":"43.1px","nomeInstancia":"MovieClips/textConvertido_14_0","classe":"textConvertido_14_0","nome":"elm04_01_14_0"},{"tipo":"img","x":"191.2px","y":"185.4px","width":"251.95px","height":"320.2px","nomeInstancia":"MovieClips/transicao_14_1","classe":"transicao_14_1","nome":"elm04_01_14_1"}]},{"desenhos":[{"tipo":"img","x":"497.05px","y":"332.45px","width":"380.95px","height":"84.2px","nomeInstancia":"MovieClips/textConvertido_15_0","classe":"textConvertido_15_0","nome":"elm04_01_15_0"},{"tipo":"img","x":"497.05px","y":"264.05px","width":"339.95px","height":"43.1px","nomeInstancia":"MovieClips/textConvertido_14_0","classe":"textConvertido_14_0","nome":"elm04_01_14_0"},{"tipo":"img","x":"191.2px","y":"185.4px","width":"251.95px","height":"320.2px","nomeInstancia":"MovieClips/transicao_14_1","classe":"transicao_14_1","nome":"elm04_01_14_1"}]},{"desenhos":[{"tipo":"img","x":"497.05px","y":"441.95px","width":"356.95px","height":"63.65px","nomeInstancia":"MovieClips/textConvertido_16_0","classe":"textConvertido_16_0","nome":"elm04_01_16_0"},{"tipo":"img","x":"497.05px","y":"332.45px","width":"380.95px","height":"84.2px","nomeInstancia":"MovieClips/textConvertido_15_0","classe":"textConvertido_15_0","nome":"elm04_01_15_0"},{"tipo":"img","x":"497.05px","y":"264.05px","width":"339.95px","height":"43.1px","nomeInstancia":"MovieClips/textConvertido_14_0","classe":"textConvertido_14_0","nome":"elm04_01_14_0"},{"tipo":"img","x":"191.2px","y":"185.4px","width":"251.95px","height":"320.2px","nomeInstancia":"MovieClips/transicao_14_1","classe":"transicao_14_1","nome":"elm04_01_14_1"}]},{"desenhos":[{"tipo":"img","x":"83.05px","y":"230.05px","width":"352.95px","height":"22.55px","nomeInstancia":"MovieClips/textConvertido_17_0","classe":"textConvertido_17_0","nome":"elm04_01_17_0"},{"tipo":"img","x":"532.7px","y":"230.05px","width":"374.15px","height":"235.1px","nomeInstancia":"MovieClips/transicao_17_1","classe":"transicao_17_1","nome":"elm04_01_17_1"}]},{"desenhos":[{"tipo":"img","x":"83.05px","y":"274.75px","width":"380.95px","height":"84.2px","nomeInstancia":"MovieClips/textConvertido_18_0","classe":"textConvertido_18_0","nome":"elm04_01_18_0"},{"tipo":"img","x":"83.05px","y":"230.05px","width":"352.95px","height":"22.55px","nomeInstancia":"MovieClips/textConvertido_17_0","classe":"textConvertido_17_0","nome":"elm04_01_17_0"},{"tipo":"img","x":"532.7px","y":"230.05px","width":"374.15px","height":"235.1px","nomeInstancia":"MovieClips/transicao_17_1","classe":"transicao_17_1","nome":"elm04_01_17_1"}]},{"desenhos":[{"tipo":"img","x":"254.25px","y":"201.3px","width":"621.35px","height":"258.7px","nomeInstancia":"MovieClips/telaInfo19_scroll","classe":"telaInfo19_scroll","nome":"elm04_01_19_0"},{"tipo":"img","x":"83.05px","y":"381.1px","width":"381.95px","height":"63.65px","nomeInstancia":"MovieClips/textConvertido_19_2","classe":"textConvertido_19_2","nome":"elm04_01_19_1"},{"tipo":"img","x":"83.05px","y":"466.9px","width":"388.95px","height":"22.55px","nomeInstancia":"MovieClips/textConvertido_19_1","classe":"textConvertido_19_1","nome":"elm04_01_19_2"},{"tipo":"img","x":"83.05px","y":"274.75px","width":"380.95px","height":"84.2px","nomeInstancia":"MovieClips/textConvertido_18_0","classe":"textConvertido_18_0","nome":"elm04_01_18_0"},{"tipo":"img","x":"83.05px","y":"230.05px","width":"352.95px","height":"22.55px","nomeInstancia":"MovieClips/textConvertido_17_0","classe":"textConvertido_17_0","nome":"elm04_01_17_0"},{"tipo":"img","x":"532.7px","y":"230.05px","width":"374.15px","height":"235.1px","nomeInstancia":"MovieClips/transicao_17_1","classe":"transicao_17_1","nome":"elm04_01_17_1"}]},{"desenhos":[{"tipo":"img","x":"331.55px","y":"198.05px","width":"352.95px","height":"22.55px","nomeInstancia":"MovieClips/textConvertido_20_1","classe":"textConvertido_20_1","nome":"elm04_01_20_0"},{"tipo":"img","x":"520.65px","y":"282.25px","width":"352.5px","height":"79px","nomeInstancia":"MovieClips/transicao_20_0","classe":"transicao_20_0","nome":"elm04_01_20_1"},{"nome":"elm04_01_20_2","tipo":"personagem","x":"0px","y":"0px","width":"1016px","height":"659px","nomeInstancia":"MovieClips/animaP20","classe":"animaP20"}]},{"desenhos":[{"tipo":"img","x":"565.8px","y":"356.5px","width":"331.9px","height":"90.55px","nomeInstancia":"MovieClips/transicao_21_0","classe":"transicao_21_0","nome":"elm04_01_21_0"},{"tipo":"img","x":"331.55px","y":"198.05px","width":"352.95px","height":"22.55px","nomeInstancia":"MovieClips/textConvertido_20_1","classe":"textConvertido_20_1","nome":"elm04_01_20_0"},{"tipo":"img","x":"520.65px","y":"282.25px","width":"352.5px","height":"79px","nomeInstancia":"MovieClips/transicao_20_0","classe":"transicao_20_0","nome":"elm04_01_20_1"},{"nome":"elm04_01_20_2","tipo":"personagem","x":"0px","y":"0px","width":"1016px","height":"659px","nomeInstancia":"MovieClips/animaP20","classe":"animaP20"}]},{"desenhos":[{"tipo":"img","x":"83.05px","y":"286.35px","width":"379.05px","height":"63.65px","nomeInstancia":"MovieClips/textConvertido_22_1","classe":"textConvertido_22_1","nome":"elm04_01_22_0"},{"tipo":"img","x":"291.1px","y":"200.05px","width":"433.8px","height":"22.55px","nomeInstancia":"MovieClips/textConvertido_22_0","classe":"textConvertido_22_0","nome":"elm04_01_22_1"},{"tipo":"img","x":"521.95px","y":"306.45px","width":"333.4px","height":"198.7px","nomeInstancia":"MovieClips/transicao_22_2","classe":"transicao_22_2","nome":"elm04_01_22_2"}]},{"desenhos":[{"tipo":"img","x":"83.05px","y":"362.9px","width":"369.6px","height":"84.2px","nomeInstancia":"MovieClips/textConvertido_23_0","classe":"textConvertido_23_0","nome":"elm04_01_23_0"},{"tipo":"img","x":"83.05px","y":"286.35px","width":"379.05px","height":"63.65px","nomeInstancia":"MovieClips/textConvertido_22_1","classe":"textConvertido_22_1","nome":"elm04_01_22_0"},{"tipo":"img","x":"291.1px","y":"200.05px","width":"433.8px","height":"22.55px","nomeInstancia":"MovieClips/textConvertido_22_0","classe":"textConvertido_22_0","nome":"elm04_01_22_1"},{"tipo":"img","x":"521.95px","y":"306.45px","width":"333.4px","height":"198.7px","nomeInstancia":"MovieClips/transicao_22_2","classe":"transicao_22_2","nome":"elm04_01_22_2"}]},{"desenhos":[{"tipo":"img","x":"83.05px","y":"460px","width":"416.95px","height":"84.2px","nomeInstancia":"MovieClips/textConvertido_24_0","classe":"textConvertido_24_0","nome":"elm04_01_24_0"},{"tipo":"img","x":"83.05px","y":"362.9px","width":"369.6px","height":"84.2px","nomeInstancia":"MovieClips/textConvertido_23_0","classe":"textConvertido_23_0","nome":"elm04_01_23_0"},{"tipo":"img","x":"83.05px","y":"286.35px","width":"379.05px","height":"63.65px","nomeInstancia":"MovieClips/textConvertido_22_1","classe":"textConvertido_22_1","nome":"elm04_01_22_0"},{"tipo":"img","x":"291.1px","y":"200.05px","width":"433.8px","height":"22.55px","nomeInstancia":"MovieClips/textConvertido_22_0","classe":"textConvertido_22_0","nome":"elm04_01_22_1"},{"tipo":"img","x":"521.95px","y":"306.45px","width":"333.4px","height":"198.7px","nomeInstancia":"MovieClips/transicao_22_2","classe":"transicao_22_2","nome":"elm04_01_22_2"}]},{"desenhos":[{"tipo":"img","x":"573.55px","y":"241.15px","width":"379.05px","height":"145.85px","nomeInstancia":"MovieClips/textConvertido_25_0","classe":"textConvertido_25_0","nome":"elm04_01_25_0"},{"tipo":"img","x":"108.2px","y":"226.05px","width":"334.25px","height":"216px","nomeInstancia":"MovieClips/transicao_25_1","classe":"transicao_25_1","nome":"elm04_01_25_1"}]},{"desenhos":[{"tipo":"img","x":"573.55px","y":"410.6px","width":"379.05px","height":"22.55px","nomeInstancia":"MovieClips/textConvertido_26_0","classe":"textConvertido_26_0","nome":"elm04_01_26_0"},{"tipo":"img","x":"573.55px","y":"241.15px","width":"379.05px","height":"145.85px","nomeInstancia":"MovieClips/textConvertido_25_0","classe":"textConvertido_25_0","nome":"elm04_01_25_0"},{"tipo":"img","x":"108.2px","y":"226.05px","width":"334.25px","height":"216px","nomeInstancia":"MovieClips/transicao_25_1","classe":"transicao_25_1","nome":"elm04_01_25_1"}]},{"desenhos":[{"tipo":"img","x":"48.3px","y":"197.9px","width":"480.1px","height":"145.85px","nomeInstancia":"MovieClips/textConvertido_27_0","classe":"textConvertido_27_0","nome":"elm04_01_27_0"},{"tipo":"img","x":"568.75px","y":"252.7px","width":"334.25px","height":"216px","nomeInstancia":"MovieClips/transicao_27_1","classe":"transicao_27_1","nome":"elm04_01_27_1"}]},{"desenhos":[{"tipo":"img","x":"48.3px","y":"360.1px","width":"481.2px","height":"63.65px","nomeInstancia":"MovieClips/textConvertido_28_0","classe":"textConvertido_28_0","nome":"elm04_01_28_0"},{"tipo":"img","x":"48.3px","y":"197.9px","width":"480.1px","height":"145.85px","nomeInstancia":"MovieClips/textConvertido_27_0","classe":"textConvertido_27_0","nome":"elm04_01_27_0"},{"tipo":"img","x":"568.75px","y":"252.7px","width":"334.25px","height":"216px","nomeInstancia":"MovieClips/transicao_27_1","classe":"transicao_27_1","nome":"elm04_01_27_1"}]},{"desenhos":[{"tipo":"img","x":"48.3px","y":"440.1px","width":"450.65px","height":"84.2px","nomeInstancia":"MovieClips/textConvertido_29_0","classe":"textConvertido_29_0","nome":"elm04_01_29_0"},{"tipo":"img","x":"48.3px","y":"360.1px","width":"481.2px","height":"63.65px","nomeInstancia":"MovieClips/textConvertido_28_0","classe":"textConvertido_28_0","nome":"elm04_01_28_0"},{"tipo":"img","x":"48.3px","y":"197.9px","width":"480.1px","height":"145.85px","nomeInstancia":"MovieClips/textConvertido_27_0","classe":"textConvertido_27_0","nome":"elm04_01_27_0"},{"tipo":"img","x":"568.75px","y":"252.7px","width":"334.25px","height":"216px","nomeInstancia":"MovieClips/transicao_27_1","classe":"transicao_27_1","nome":"elm04_01_27_1"}]},{"desenhos":[{"tipo":"img","x":"480.9px","y":"288.45px","width":"453.85px","height":"84.2px","nomeInstancia":"MovieClips/textConvertido_30_0","classe":"textConvertido_30_0","nome":"elm04_01_30_0"},{"tipo":"img","x":"58.85px","y":"241.25px","width":"333.4px","height":"198.7px","nomeInstancia":"MovieClips/transicao_30_1","classe":"transicao_30_1","nome":"elm04_01_30_1"}]},{"desenhos":[{"tipo":"img","x":"480.9px","y":"396.85px","width":"474.9px","height":"43.1px","nomeInstancia":"MovieClips/textConvertido_31_0","classe":"textConvertido_31_0","nome":"elm04_01_31_0"},{"tipo":"img","x":"480.9px","y":"288.45px","width":"453.85px","height":"84.2px","nomeInstancia":"MovieClips/textConvertido_30_0","classe":"textConvertido_30_0","nome":"elm04_01_30_0"},{"tipo":"img","x":"58.85px","y":"241.25px","width":"333.4px","height":"198.7px","nomeInstancia":"MovieClips/transicao_30_1","classe":"transicao_30_1","nome":"elm04_01_30_1"}]},{"desenhos":[{"tipo":"img","x":"55.6px","y":"276.95px","width":"481.2px","height":"104.75px","nomeInstancia":"MovieClips/textConvertido_32_0","classe":"textConvertido_32_0","nome":"elm04_01_32_0"},{"tipo":"img","x":"576.85px","y":"249.4px","width":"334.25px","height":"216px","nomeInstancia":"MovieClips/transicao_32_1","classe":"transicao_32_1","nome":"elm04_01_32_1"}]},{"desenhos":[{"tipo":"img","x":"55.6px","y":"410.6px","width":"474.9px","height":"63.65px","nomeInstancia":"MovieClips/textConvertido_33_0","classe":"textConvertido_33_0","nome":"elm04_01_33_0"},{"tipo":"img","x":"55.6px","y":"276.95px","width":"481.2px","height":"104.75px","nomeInstancia":"MovieClips/textConvertido_32_0","classe":"textConvertido_32_0","nome":"elm04_01_32_0"},{"tipo":"img","x":"576.85px","y":"249.4px","width":"334.25px","height":"216px","nomeInstancia":"MovieClips/transicao_32_1","classe":"transicao_32_1","nome":"elm04_01_32_1"}]},{"desenhos":[{"tipo":"img","x":"518.8px","y":"270.65px","width":"400.15px","height":"63.65px","nomeInstancia":"MovieClips/textConvertido_34_0","classe":"textConvertido_34_0","nome":"elm04_01_34_0"},{"tipo":"img","x":"82.15px","y":"298.75px","width":"333.4px","height":"198.7px","nomeInstancia":"MovieClips/transicao_34_1","classe":"transicao_34_1","nome":"elm04_01_34_1"}]},{"desenhos":[{"tipo":"img","x":"518.8px","y":"354.85px","width":"392.75px","height":"63.65px","nomeInstancia":"MovieClips/textConvertido_35_0","classe":"textConvertido_35_0","nome":"elm04_01_35_0"},{"tipo":"img","x":"518.8px","y":"270.65px","width":"400.15px","height":"63.65px","nomeInstancia":"MovieClips/textConvertido_34_0","classe":"textConvertido_34_0","nome":"elm04_01_34_0"},{"tipo":"img","x":"82.15px","y":"298.75px","width":"333.4px","height":"198.7px","nomeInstancia":"MovieClips/transicao_34_1","classe":"transicao_34_1","nome":"elm04_01_34_1"}]},{"desenhos":[{"tipo":"img","x":"518.8px","y":"439.05px","width":"357px","height":"63.65px","nomeInstancia":"MovieClips/textConvertido_36_0","classe":"textConvertido_36_0","nome":"elm04_01_36_0"},{"tipo":"img","x":"518.8px","y":"354.85px","width":"392.75px","height":"63.65px","nomeInstancia":"MovieClips/textConvertido_35_0","classe":"textConvertido_35_0","nome":"elm04_01_35_0"},{"tipo":"img","x":"518.8px","y":"270.65px","width":"400.15px","height":"63.65px","nomeInstancia":"MovieClips/textConvertido_34_0","classe":"textConvertido_34_0","nome":"elm04_01_34_0"},{"tipo":"img","x":"82.15px","y":"298.75px","width":"333.4px","height":"198.7px","nomeInstancia":"MovieClips/transicao_34_1","classe":"transicao_34_1","nome":"elm04_01_34_1"}]},{"desenhos":[{"tipo":"img","x":"285.3px","y":"188.55px","width":"445.4px","height":"22.55px","nomeInstancia":"MovieClips/textConvertido_37_1","classe":"textConvertido_37_1","nome":"elm04_01_37_0"},{"tipo":"img","x":"90.45px","y":"249.6px","width":"502.2px","height":"125.3px","nomeInstancia":"MovieClips/textConvertido_37_0","classe":"textConvertido_37_0","nome":"elm04_01_37_1"},{"nome":"elm04_01_37_2","tipo":"png","x":"0px","y":"0px","width":"1016px","height":"659px","nomeInstancia":"MovieClips/anima38","classe":"anima38"}]},{"desenhos":[{"tipo":"img","x":"90.45px","y":"389.6px","width":"507.5px","height":"145.85px","nomeInstancia":"MovieClips/textConvertido_38_0","classe":"textConvertido_38_0","nome":"elm04_01_38_0"},{"tipo":"img","x":"285.3px","y":"188.55px","width":"445.4px","height":"22.55px","nomeInstancia":"MovieClips/textConvertido_37_1","classe":"textConvertido_37_1","nome":"elm04_01_37_0"},{"tipo":"img","x":"90.45px","y":"249.6px","width":"502.2px","height":"125.3px","nomeInstancia":"MovieClips/textConvertido_37_0","classe":"textConvertido_37_0","nome":"elm04_01_37_1"},{"nome":"elm04_01_37_2","tipo":"png","x":"0px","y":"0px","width":"1016px","height":"659px","nomeInstancia":"MovieClips/anima38","classe":"anima38"}]},{"desenhos":[{"tipo":"img","x":"236.8px","y":"216.95px","width":"446.4px","height":"22.55px","nomeInstancia":"MovieClips/textConvertido_39_0","classe":"textConvertido_39_0","nome":"elm04_01_39_0"},{"tipo":"img","x":"430.4px","y":"258.35px","width":"155.2px","height":"80.9px","nomeInstancia":"MovieClips/transicao_39_1","classe":"transicao_39_1","nome":"elm04_01_39_1"}]},{"desenhos":[{"tipo":"img","x":"253.75px","y":"200.15px","width":"676.6px","height":"378.35px","nomeInstancia":"MovieClips/telaInfo40","classe":"telaInfo40","nome":"elm04_01_40_0"},{"tipo":"img","x":"236.8px","y":"358.1px","width":"531.65px","height":"84.2px","nomeInstancia":"MovieClips/textConvertido_40_2","classe":"textConvertido_40_2","nome":"elm04_01_40_1"},{"tipo":"img","x":"236.8px","y":"461.15px","width":"531.65px","height":"22.55px","nomeInstancia":"MovieClips/textConvertido_40_1","classe":"textConvertido_40_1","nome":"elm04_01_40_2"},{"tipo":"img","x":"236.8px","y":"216.95px","width":"446.4px","height":"22.55px","nomeInstancia":"MovieClips/textConvertido_39_0","classe":"textConvertido_39_0","nome":"elm04_01_39_0"},{"tipo":"img","x":"430.4px","y":"258.35px","width":"155.2px","height":"80.9px","nomeInstancia":"MovieClips/transicao_39_1","classe":"transicao_39_1","nome":"elm04_01_39_1"}]},{"desenhos":[{"tipo":"img","x":"498.9px","y":"218px","width":"413.75px","height":"84.2px","nomeInstancia":"MovieClips/textConvertido_41_0","classe":"textConvertido_41_0","nome":"elm04_01_41_0"},{"tipo":"img","x":"108.1px","y":"249.55px","width":"290.65px","height":"265px","nomeInstancia":"MovieClips/transicao_41_1","classe":"transicao_41_1","nome":"elm04_01_41_1"}]},{"desenhos":[{"tipo":"img","x":"498.9px","y":"321.15px","width":"415.9px","height":"84.2px","nomeInstancia":"MovieClips/textConvertido_42_0","classe":"textConvertido_42_0","nome":"elm04_01_42_0"},{"tipo":"img","x":"498.9px","y":"218px","width":"413.75px","height":"84.2px","nomeInstancia":"MovieClips/textConvertido_41_0","classe":"textConvertido_41_0","nome":"elm04_01_41_0"},{"tipo":"img","x":"108.1px","y":"249.55px","width":"290.65px","height":"265px","nomeInstancia":"MovieClips/transicao_41_1","classe":"transicao_41_1","nome":"elm04_01_41_1"}]},{"desenhos":[{"tipo":"img","x":"498.9px","y":"424.3px","width":"431.65px","height":"104.75px","nomeInstancia":"MovieClips/textConvertido_43_0","classe":"textConvertido_43_0","nome":"elm04_01_43_0"},{"tipo":"img","x":"498.9px","y":"321.15px","width":"415.9px","height":"84.2px","nomeInstancia":"MovieClips/textConvertido_42_0","classe":"textConvertido_42_0","nome":"elm04_01_42_0"},{"tipo":"img","x":"498.9px","y":"218px","width":"413.75px","height":"84.2px","nomeInstancia":"MovieClips/textConvertido_41_0","classe":"textConvertido_41_0","nome":"elm04_01_41_0"},{"tipo":"img","x":"108.1px","y":"249.55px","width":"290.65px","height":"265px","nomeInstancia":"MovieClips/transicao_41_1","classe":"transicao_41_1","nome":"elm04_01_41_1"}]},{"desenhos":[{"tipo":"img","x":"73.25px","y":"228.4px","width":"521.95px","height":"94.75px","nomeInstancia":"MovieClips/transicao_44_0","classe":"transicao_44_0","nome":"elm04_01_44_0"},{"nome":"elm04_01_44_1","tipo":"personagem","x":"0px","y":"0px","width":"1016px","height":"659px","nomeInstancia":"MovieClips/animaP44","classe":"animaP44"}]},{"desenhos":[{"tipo":"img","x":"73.65px","y":"317.95px","width":"502.05px","height":"106.05px","nomeInstancia":"MovieClips/transicao_45_0","classe":"transicao_45_0","nome":"elm04_01_45_0"},{"tipo":"img","x":"73.25px","y":"228.4px","width":"521.95px","height":"94.75px","nomeInstancia":"MovieClips/transicao_44_0","classe":"transicao_44_0","nome":"elm04_01_44_0"},{"nome":"elm04_01_44_1","tipo":"personagem","x":"0px","y":"0px","width":"1016px","height":"659px","nomeInstancia":"MovieClips/animaP44","classe":"animaP44"}]},{"desenhos":[{"tipo":"img","x":"74.1px","y":"418.8px","width":"456.95px","height":"106.05px","nomeInstancia":"MovieClips/transicao_46_0","classe":"transicao_46_0","nome":"elm04_01_46_0"},{"tipo":"img","x":"73.65px","y":"317.95px","width":"502.05px","height":"106.05px","nomeInstancia":"MovieClips/transicao_45_0","classe":"transicao_45_0","nome":"elm04_01_45_0"},{"tipo":"img","x":"73.25px","y":"228.4px","width":"521.95px","height":"94.75px","nomeInstancia":"MovieClips/transicao_44_0","classe":"transicao_44_0","nome":"elm04_01_44_0"},{"nome":"elm04_01_44_1","tipo":"personagem","x":"0px","y":"0px","width":"1016px","height":"659px","nomeInstancia":"MovieClips/animaP44","classe":"animaP44"}]},{"desenhos":[{"tipo":"img","x":"542.6px","y":"218px","width":"413.75px","height":"84.2px","nomeInstancia":"MovieClips/textConvertido_47_0","classe":"textConvertido_47_0","nome":"elm04_01_47_0"},{"tipo":"img","x":"65.85px","y":"240.35px","width":"416.6px","height":"269.4px","nomeInstancia":"MovieClips/transicao_47_1","classe":"transicao_47_1","nome":"elm04_01_47_1"}]},{"desenhos":[{"tipo":"img","x":"542.6px","y":"318.25px","width":"415.9px","height":"63.65px","nomeInstancia":"MovieClips/textConvertido_48_0","classe":"textConvertido_48_0","nome":"elm04_01_48_0"},{"tipo":"img","x":"542.6px","y":"218px","width":"413.75px","height":"84.2px","nomeInstancia":"MovieClips/textConvertido_47_0","classe":"textConvertido_47_0","nome":"elm04_01_47_0"},{"tipo":"img","x":"65.85px","y":"240.35px","width":"416.6px","height":"269.4px","nomeInstancia":"MovieClips/transicao_47_1","classe":"transicao_47_1","nome":"elm04_01_47_1"}]},{"desenhos":[{"tipo":"img","x":"542.6px","y":"397.95px","width":"420.05px","height":"125.3px","nomeInstancia":"MovieClips/textConvertido_49_0","classe":"textConvertido_49_0","nome":"elm04_01_49_0"},{"tipo":"img","x":"542.6px","y":"318.25px","width":"415.9px","height":"63.65px","nomeInstancia":"MovieClips/textConvertido_48_0","classe":"textConvertido_48_0","nome":"elm04_01_48_0"},{"tipo":"img","x":"542.6px","y":"218px","width":"413.75px","height":"84.2px","nomeInstancia":"MovieClips/textConvertido_47_0","classe":"textConvertido_47_0","nome":"elm04_01_47_0"},{"tipo":"img","x":"65.85px","y":"240.35px","width":"416.6px","height":"269.4px","nomeInstancia":"MovieClips/transicao_47_1","classe":"transicao_47_1","nome":"elm04_01_47_1"}]},{"desenhos":[{"tipo":"img","x":"92.55px","y":"288.6px","width":"383.25px","height":"22.55px","nomeInstancia":"MovieClips/textConvertido_50_0","classe":"textConvertido_50_0","nome":"elm04_01_50_0"},{"tipo":"img","x":"522.1px","y":"229.75px","width":"397px","height":"249.45px","nomeInstancia":"MovieClips/transicao_50_1","classe":"transicao_50_1","nome":"elm04_01_50_1"}]},{"desenhos":[{"tipo":"img","x":"252.9px","y":"201.3px","width":"573.15px","height":"258.7px","nomeInstancia":"MovieClips/telaInfo51_scroll","classe":"telaInfo51_scroll","nome":"elm04_01_51_0"},{"tipo":"img","x":"92.55px","y":"336.2px","width":"387.5px","height":"43.1px","nomeInstancia":"MovieClips/textConvertido_51_2","classe":"textConvertido_51_2","nome":"elm04_01_51_1"},{"tipo":"img","x":"92.55px","y":"404.35px","width":"358px","height":"22.55px","nomeInstancia":"MovieClips/textConvertido_51_1","classe":"textConvertido_51_1","nome":"elm04_01_51_2"},{"tipo":"img","x":"92.55px","y":"288.6px","width":"383.25px","height":"22.55px","nomeInstancia":"MovieClips/textConvertido_50_0","classe":"textConvertido_50_0","nome":"elm04_01_50_0"},{"tipo":"img","x":"522.1px","y":"229.75px","width":"397px","height":"249.45px","nomeInstancia":"MovieClips/transicao_50_1","classe":"transicao_50_1","nome":"elm04_01_50_1"}]},{"desenhos":[{"tipo":"img","x":"89.4px","y":"163px","width":"225.9px","height":"74.55px","nomeInstancia":"MovieClips/transicao_52_0","classe":"transicao_52_0","nome":"elm04_01_52_0"},{"tipo":"img","x":"72.85px","y":"244.25px","width":"614px","height":"312.7px","nomeInstancia":"MovieClips/opcoes52","classe":"opcoes52","nome":"elm04_01_52_1"},{"tipo":"img","x":"82.9px","y":"267.15px","width":"861.3px","height":"245.15px","nomeInstancia":"MovieClips/textConvertido_52_1","classe":"textConvertido_52_1","nome":"elm04_01_52_2"},{"tipo":"img","x":"355.9px","y":"177.9px","width":"569.25px","height":"59.65px","nomeInstancia":"MovieClips/textConvertido_52_0","classe":"textConvertido_52_0","nome":"elm04_01_52_3"}]}]}