{"licao":"elm04_04","topico":"04","telas":[{"desenhos":[{"tipo":"img","x":"469.65px","y":"230.45px","width":"434.2px","height":"149.4px","nomeInstancia":"MovieClips/transicao_1_0","classe":"transicao_1_0","nome":"elm04_04_1_0"},{"nome":"elm04_04_1_1","tipo":"personagem","x":"0px","y":"0px","width":"1016px","height":"659px","nomeInstancia":"MovieClips/animaP1","classe":"animaP1"}]},{"desenhos":[{"tipo":"img","x":"514.9px","y":"372.9px","width":"355.75px","height":"127.05px","nomeInstancia":"MovieClips/transicao_2_0","classe":"transicao_2_0","nome":"elm04_04_2_0"},{"tipo":"img","x":"469.65px","y":"230.45px","width":"434.2px","height":"149.4px","nomeInstancia":"MovieClips/transicao_1_0","classe":"transicao_1_0","nome":"elm04_04_1_0"},{"nome":"elm04_04_1_1","tipo":"personagem","x":"0px","y":"0px","width":"1016px","height":"659px","nomeInstancia":"MovieClips/animaP1","classe":"animaP1"}]},{"desenhos":[{"tipo":"img","x":"139.45px","y":"141.7px","width":"440.65px","height":"119.8px","nomeInstancia":"MovieClips/Symbol 1","classe":"Symbol 1","nome":"elm04_04_3_0"},{"tipo":"img","x":"84px","y":"195.8px","width":"486px","height":"125.3px","nomeInstancia":"MovieClips/textConvertido_3_1","classe":"textConvertido_3_1","nome":"elm04_04_3_1"},{"tipo":"img","x":"580.2px","y":"294.1px","width":"376.35px","height":"174.05px","nomeInstancia":"MovieClips/transicao_3_2","classe":"transicao_3_2","nome":"elm04_04_3_2"}]},{"desenhos":[{"tipo":"img","x":"84px","y":"337.55px","width":"451px","height":"104.75px","nomeInstancia":"MovieClips/textConvertido_4_0","classe":"textConvertido_4_0","nome":"elm04_04_4_0"},{"tipo":"img","x":"139.45px","y":"141.7px","width":"440.65px","height":"119.8px","nomeInstancia":"MovieClips/Symbol 1","classe":"Symbol 1","nome":"elm04_04_3_0"},{"tipo":"img","x":"84px","y":"195.8px","width":"486px","height":"125.3px","nomeInstancia":"MovieClips/textConvertido_3_1","classe":"textConvertido_3_1","nome":"elm04_04_3_1"},{"tipo":"img","x":"580.2px","y":"294.1px","width":"376.35px","height":"174.05px","nomeInstancia":"MovieClips/transicao_3_2","classe":"transicao_3_2","nome":"elm04_04_3_2"}]},{"desenhos":[{"tipo":"img","x":"84px","y":"458.75px","width":"415px","height":"63.65px","nomeInstancia":"MovieClips/textConvertido_5_0","classe":"textConvertido_5_0","nome":"elm04_04_5_0"},{"tipo":"img","x":"84px","y":"337.55px","width":"451px","height":"104.75px","nomeInstancia":"MovieClips/textConvertido_4_0","classe":"textConvertido_4_0","nome":"elm04_04_4_0"},{"tipo":"img","x":"139.45px","y":"141.7px","width":"440.65px","height":"119.8px","nomeInstancia":"MovieClips/Symbol 1","classe":"Symbol 1","nome":"elm04_04_3_0"},{"tipo":"img","x":"84px","y":"195.8px","width":"486px","height":"125.3px","nomeInstancia":"MovieClips/textConvertido_3_1","classe":"textConvertido_3_1","nome":"elm04_04_3_1"},{"tipo":"img","x":"580.2px","y":"294.1px","width":"376.35px","height":"174.05px","nomeInstancia":"MovieClips/transicao_3_2","classe":"transicao_3_2","nome":"elm04_04_3_2"}]},{"desenhos":[{"tipo":"img","x":"309.05px","y":"225.5px","width":"410.9px","height":"273px","nomeInstancia":"MovieClips/destaque6","classe":"destaque6","nome":"elm04_04_6_0"},{"tipo":"img","x":"84px","y":"458.75px","width":"415px","height":"63.65px","nomeInstancia":"MovieClips/textConvertido_5_0","classe":"textConvertido_5_0","nome":"elm04_04_5_0"},{"tipo":"img","x":"84px","y":"337.55px","width":"451px","height":"104.75px","nomeInstancia":"MovieClips/textConvertido_4_0","classe":"textConvertido_4_0","nome":"elm04_04_4_0"},{"tipo":"img","x":"139.45px","y":"141.7px","width":"440.65px","height":"119.8px","nomeInstancia":"MovieClips/Symbol 1","classe":"Symbol 1","nome":"elm04_04_3_0"},{"tipo":"img","x":"84px","y":"195.8px","width":"486px","height":"125.3px","nomeInstancia":"MovieClips/textConvertido_3_1","classe":"textConvertido_3_1","nome":"elm04_04_3_1"},{"tipo":"img","x":"580.2px","y":"294.1px","width":"376.35px","height":"174.05px","nomeInstancia":"MovieClips/transicao_3_2","classe":"transicao_3_2","nome":"elm04_04_3_2"}]},{"desenhos":[{"tipo":"img","x":"536.5px","y":"237.8px","width":"392px","height":"104.75px","nomeInstancia":"MovieClips/textConvertido_7_0","classe":"textConvertido_7_0","nome":"elm04_04_7_0"},{"tipo":"img","x":"74.45px","y":"277.4px","width":"413.1px","height":"208.7px","nomeInstancia":"MovieClips/transicao_7_1","classe":"transicao_7_1","nome":"elm04_04_7_1"}]},{"desenhos":[{"tipo":"img","x":"536.5px","y":"358.5px","width":"402px","height":"84.2px","nomeInstancia":"MovieClips/textConvertido_8_0","classe":"textConvertido_8_0","nome":"elm04_04_8_0"},{"tipo":"img","x":"536.5px","y":"237.8px","width":"392px","height":"104.75px","nomeInstancia":"MovieClips/textConvertido_7_0","classe":"textConvertido_7_0","nome":"elm04_04_7_0"},{"tipo":"img","x":"74.45px","y":"277.4px","width":"413.1px","height":"208.7px","nomeInstancia":"MovieClips/transicao_7_1","classe":"transicao_7_1","nome":"elm04_04_7_1"}]},{"desenhos":[{"tipo":"img","x":"536.5px","y":"458.65px","width":"390px","height":"43.1px","nomeInstancia":"MovieClips/textConvertido_9_0","classe":"textConvertido_9_0","nome":"elm04_04_9_0"},{"tipo":"img","x":"536.5px","y":"358.5px","width":"402px","height":"84.2px","nomeInstancia":"MovieClips/textConvertido_8_0","classe":"textConvertido_8_0","nome":"elm04_04_8_0"},{"tipo":"img","x":"536.5px","y":"237.8px","width":"392px","height":"104.75px","nomeInstancia":"MovieClips/textConvertido_7_0","classe":"textConvertido_7_0","nome":"elm04_04_7_0"},{"tipo":"img","x":"74.45px","y":"277.4px","width":"413.1px","height":"208.7px","nomeInstancia":"MovieClips/transicao_7_1","classe":"transicao_7_1","nome":"elm04_04_7_1"}]},{"desenhos":[{"tipo":"img","x":"132.35px","y":"250.75px","width":"460.2px","height":"127.9px","nomeInstancia":"MovieClips/transicao_10_0","classe":"transicao_10_0","nome":"elm04_04_10_0"},{"nome":"elm04_04_10_1","tipo":"personagem","x":"0px","y":"0px","width":"1016px","height":"659px","nomeInstancia":"MovieClips/animaP20","classe":"animaP20"}]},{"desenhos":[{"tipo":"img","x":"177.6px","y":"373.9px","width":"355.75px","height":"111.25px","nomeInstancia":"MovieClips/transicao_11_0","classe":"transicao_11_0","nome":"elm04_04_11_0"},{"tipo":"img","x":"132.35px","y":"250.75px","width":"460.2px","height":"127.9px","nomeInstancia":"MovieClips/transicao_10_0","classe":"transicao_10_0","nome":"elm04_04_10_0"},{"nome":"elm04_04_10_1","tipo":"personagem","x":"0px","y":"0px","width":"1016px","height":"659px","nomeInstancia":"MovieClips/animaP20","classe":"animaP20"}]},{"desenhos":[{"tipo":"img","x":"556px","y":"319.8px","width":"345px","height":"43.1px","nomeInstancia":"MovieClips/textConvertido_12_1","classe":"textConvertido_12_1","nome":"elm04_04_12_0"},{"tipo":"img","x":"312px","y":"190.8px","width":"392px","height":"22.55px","nomeInstancia":"MovieClips/textConvertido_12_0","classe":"textConvertido_12_0","nome":"elm04_04_12_1"},{"tipo":"img","x":"149.2px","y":"223.65px","width":"319.75px","height":"347px","nomeInstancia":"MovieClips/transicao_12_2","classe":"transicao_12_2","nome":"elm04_04_12_2"}]},{"desenhos":[{"tipo":"img","x":"556px","y":"381.8px","width":"306px","height":"63.65px","nomeInstancia":"MovieClips/textConvertido_13_0","classe":"textConvertido_13_0","nome":"elm04_04_13_0"},{"tipo":"img","x":"556px","y":"319.8px","width":"345px","height":"43.1px","nomeInstancia":"MovieClips/textConvertido_12_1","classe":"textConvertido_12_1","nome":"elm04_04_12_0"},{"tipo":"img","x":"312px","y":"190.8px","width":"392px","height":"22.55px","nomeInstancia":"MovieClips/textConvertido_12_0","classe":"textConvertido_12_0","nome":"elm04_04_12_1"},{"tipo":"img","x":"149.2px","y":"223.65px","width":"319.75px","height":"347px","nomeInstancia":"MovieClips/transicao_12_2","classe":"transicao_12_2","nome":"elm04_04_12_2"}]},{"desenhos":[{"tipo":"img","x":"215.8px","y":"281.15px","width":"584.45px","height":"319.25px","nomeInstancia":"MovieClips/dragDrop_submit_14","classe":"dragDrop_submit_14","nome":"elm04_04_14_0"},{"tipo":"img","x":"133.7px","y":"222.3px","width":"748.6px","height":"41.1px","nomeInstancia":"MovieClips/textConvertido_14_1","classe":"textConvertido_14_1","nome":"elm04_04_14_1"},{"tipo":"img","x":"395.05px","y":"130px","width":"225.9px","height":"74.55px","nomeInstancia":"MovieClips/transicao_14_2","classe":"transicao_14_2","nome":"elm04_04_14_2"}]},{"desenhos":[{"tipo":"img","x":"147.75px","y":"264.7px","width":"487.05px","height":"95.1px","nomeInstancia":"MovieClips/transicao_15_0","classe":"transicao_15_0","nome":"elm04_04_15_0"},{"tipo":"img","x":"52px","y":"144.85px","width":"122.65px","height":"77.95px","nomeInstancia":"MovieClips/transicao_15_2","classe":"transicao_15_2","nome":"elm04_04_15_1"},{"nome":"elm04_04_15_2","tipo":"personagem","x":"0px","y":"0px","width":"1016px","height":"659px","nomeInstancia":"MovieClips/animaP15","classe":"animaP15"}]},{"desenhos":[{"tipo":"img","x":"147.75px","y":"354.1px","width":"412px","height":"101.1px","nomeInstancia":"MovieClips/transicao_16_0","classe":"transicao_16_0","nome":"elm04_04_16_0"},{"tipo":"img","x":"147.75px","y":"264.7px","width":"487.05px","height":"95.1px","nomeInstancia":"MovieClips/transicao_15_0","classe":"transicao_15_0","nome":"elm04_04_15_0"},{"tipo":"img","x":"52px","y":"144.85px","width":"122.65px","height":"77.95px","nomeInstancia":"MovieClips/transicao_15_2","classe":"transicao_15_2","nome":"elm04_04_15_1"},{"nome":"elm04_04_15_2","tipo":"personagem","x":"0px","y":"0px","width":"1016px","height":"659px","nomeInstancia":"MovieClips/animaP15","classe":"animaP15"}]},{"desenhos":[{"tipo":"img","x":"202.4px","y":"211.8px","width":"611.25px","height":"235.4px","nomeInstancia":"MovieClips/transicao_17_0","classe":"transicao_17_0","nome":"elm04_04_17_0"}]}]}