{"licao":"elm04_03","topico":"03","telas":[{"desenhos":[{"tipo":"img","x":"397.05px","y":"266.55px","width":"434.2px","height":"74.1px","nomeInstancia":"transicao_1_0","classe":"transicao_1_0","nome":"elm04_03_1_0"},{"nome":"elm04_03_1_1","tipo":"personagem","x":"0px","y":"0px","width":"1016px","height":"659px","nomeInstancia":"MovieClips/animaP1","classe":"animaP1"}]},{"desenhos":[{"tipo":"img","x":"444.3px","y":"333.85px","width":"355.75px","height":"166.6px","nomeInstancia":"transicao_2_0","classe":"transicao_2_0","nome":"elm04_03_2_0"},{"tipo":"img","x":"397.05px","y":"266.55px","width":"434.2px","height":"74.1px","nomeInstancia":"transicao_1_0","classe":"transicao_1_0","nome":"elm04_03_1_0"},{"nome":"elm04_03_1_1","tipo":"personagem","x":"0px","y":"0px","width":"1016px","height":"659px","nomeInstancia":"MovieClips/animaP1","classe":"animaP1"}]},{"desenhos":[{"tipo":"img","x":"93.95px","y":"214.8px","width":"370.05px","height":"63.65px","nomeInstancia":"textConvertido_3_0","classe":"textConvertido_3_0","nome":"elm04_03_3_0"},{"tipo":"img","x":"526.9px","y":"214.8px","width":"406.5px","height":"291.65px","nomeInstancia":"transicao_3_1","classe":"transicao_3_1","nome":"elm04_03_3_1"}]},{"desenhos":[{"tipo":"img","x":"93.95px","y":"289.6px","width":"370.05px","height":"125.3px","nomeInstancia":"textConvertido_4_0","classe":"textConvertido_4_0","nome":"elm04_03_4_0"},{"tipo":"img","x":"93.95px","y":"214.8px","width":"370.05px","height":"63.65px","nomeInstancia":"textConvertido_3_0","classe":"textConvertido_3_0","nome":"elm04_03_3_0"},{"tipo":"img","x":"526.9px","y":"214.8px","width":"406.5px","height":"291.65px","nomeInstancia":"transicao_3_1","classe":"transicao_3_1","nome":"elm04_03_3_1"}]},{"desenhos":[{"tipo":"img","x":"182.75px","y":"158.15px","width":"750.65px","height":"417.25px","nomeInstancia":"MovieClips/telaInfo5","classe":"telaInfo5","nome":"elm04_03_5_0"},{"tipo":"img","x":"93.95px","y":"426.05px","width":"370.05px","height":"63.65px","nomeInstancia":"textConvertido_5_2","classe":"textConvertido_5_2","nome":"elm04_03_5_1"},{"tipo":"img","x":"93.95px","y":"500.85px","width":"370.05px","height":"22.55px","nomeInstancia":"textConvertido_5_1","classe":"textConvertido_5_1","nome":"elm04_03_5_2"},{"tipo":"img","x":"93.95px","y":"289.6px","width":"370.05px","height":"125.3px","nomeInstancia":"textConvertido_4_0","classe":"textConvertido_4_0","nome":"elm04_03_4_0"},{"tipo":"img","x":"93.95px","y":"214.8px","width":"370.05px","height":"63.65px","nomeInstancia":"textConvertido_3_0","classe":"textConvertido_3_0","nome":"elm04_03_3_0"},{"tipo":"img","x":"526.9px","y":"214.8px","width":"406.5px","height":"291.65px","nomeInstancia":"transicao_3_1","classe":"transicao_3_1","nome":"elm04_03_3_1"}]},{"desenhos":[{"tipo":"img","x":"186.45px","y":"190.05px","width":"612.3px","height":"309.9px","nomeInstancia":"MovieClips/telaInfo6","classe":"telaInfo6","nome":"elm04_03_6_0"},{"tipo":"img","x":"622.4px","y":"307.8px","width":"295.05px","height":"43.1px","nomeInstancia":"textConvertido_6_2","classe":"textConvertido_6_2","nome":"elm04_03_6_1"},{"tipo":"img","x":"622.4px","y":"381.1px","width":"308.05px","height":"43.1px","nomeInstancia":"textConvertido_6_1","classe":"textConvertido_6_1","nome":"elm04_03_6_2"},{"tipo":"img","x":"119.95px","y":"168.3px","width":"430.2px","height":"324.15px","nomeInstancia":"transicao_6_3","classe":"transicao_6_3","nome":"elm04_03_6_3"}]},{"desenhos":[{"tipo":"img","x":"90.7px","y":"257.8px","width":"289.05px","height":"43.1px","nomeInstancia":"textConvertido_7_0","classe":"textConvertido_7_0","nome":"elm04_03_7_0"},{"tipo":"img","x":"445.25px","y":"336.95px","width":"304.2px","height":"207px","nomeInstancia":"transicao_7_2","classe":"transicao_7_2","nome":"elm04_03_7_1"},{"tipo":"img","x":"642.2px","y":"203.9px","width":"278.65px","height":"199.9px","nomeInstancia":"transicao_7_1","classe":"transicao_7_1","nome":"elm04_03_7_2"}]},{"desenhos":[{"tipo":"img","x":"90.7px","y":"316.2px","width":"297.05px","height":"84.2px","nomeInstancia":"textConvertido_8_0","classe":"textConvertido_8_0","nome":"elm04_03_8_0"},{"tipo":"img","x":"90.7px","y":"257.8px","width":"289.05px","height":"43.1px","nomeInstancia":"textConvertido_7_0","classe":"textConvertido_7_0","nome":"elm04_03_7_0"},{"tipo":"img","x":"445.25px","y":"336.95px","width":"304.2px","height":"207px","nomeInstancia":"transicao_7_2","classe":"transicao_7_2","nome":"elm04_03_7_1"},{"tipo":"img","x":"642.2px","y":"203.9px","width":"278.65px","height":"199.9px","nomeInstancia":"transicao_7_1","classe":"transicao_7_1","nome":"elm04_03_7_2"}]},{"desenhos":[{"tipo":"img","x":"90.7px","y":"411.7px","width":"295.05px","height":"63.65px","nomeInstancia":"textConvertido_9_0","classe":"textConvertido_9_0","nome":"elm04_03_9_0"},{"tipo":"img","x":"90.7px","y":"316.2px","width":"297.05px","height":"84.2px","nomeInstancia":"textConvertido_8_0","classe":"textConvertido_8_0","nome":"elm04_03_8_0"},{"tipo":"img","x":"90.7px","y":"257.8px","width":"289.05px","height":"43.1px","nomeInstancia":"textConvertido_7_0","classe":"textConvertido_7_0","nome":"elm04_03_7_0"},{"tipo":"img","x":"445.25px","y":"336.95px","width":"304.2px","height":"207px","nomeInstancia":"transicao_7_2","classe":"transicao_7_2","nome":"elm04_03_7_1"},{"tipo":"img","x":"642.2px","y":"203.9px","width":"278.65px","height":"199.9px","nomeInstancia":"transicao_7_1","classe":"transicao_7_1","nome":"elm04_03_7_2"}]},{"desenhos":[{"tipo":"img","x":"476.9px","y":"224.8px","width":"492.1px","height":"63.65px","nomeInstancia":"textConvertido_10_0","classe":"textConvertido_10_0","nome":"elm04_03_10_0"},{"tipo":"img","x":"66.85px","y":"242.3px","width":"380.35px","height":"233.35px","nomeInstancia":"transicao_10_1","classe":"transicao_10_1","nome":"elm04_03_10_1"}]},{"desenhos":[{"tipo":"img","x":"476.9px","y":"303.95px","width":"488.1px","height":"125.3px","nomeInstancia":"textConvertido_11_0","classe":"textConvertido_11_0","nome":"elm04_03_11_0"},{"tipo":"img","x":"476.9px","y":"224.8px","width":"492.1px","height":"63.65px","nomeInstancia":"textConvertido_10_0","classe":"textConvertido_10_0","nome":"elm04_03_10_0"},{"tipo":"img","x":"66.85px","y":"242.3px","width":"380.35px","height":"233.35px","nomeInstancia":"transicao_10_1","classe":"transicao_10_1","nome":"elm04_03_10_1"}]},{"desenhos":[{"tipo":"img","x":"476.9px","y":"438.75px","width":"471.1px","height":"63.65px","nomeInstancia":"textConvertido_12_0","classe":"textConvertido_12_0","nome":"elm04_03_12_0"},{"tipo":"img","x":"476.9px","y":"303.95px","width":"488.1px","height":"125.3px","nomeInstancia":"textConvertido_11_0","classe":"textConvertido_11_0","nome":"elm04_03_11_0"},{"tipo":"img","x":"476.9px","y":"224.8px","width":"492.1px","height":"63.65px","nomeInstancia":"textConvertido_10_0","classe":"textConvertido_10_0","nome":"elm04_03_10_0"},{"tipo":"img","x":"66.85px","y":"242.3px","width":"380.35px","height":"233.35px","nomeInstancia":"transicao_10_1","classe":"transicao_10_1","nome":"elm04_03_10_1"}]},{"desenhos":[{"tipo":"img","x":"89.4px","y":"163px","width":"225.9px","height":"74.55px","nomeInstancia":"transicao_13_0","classe":"transicao_13_0","nome":"elm04_03_13_0"},{"tipo":"img","x":"80px","y":"225.8px","width":"645.8px","height":"359.15px","nomeInstancia":"MovieClips/opcoes13","classe":"opcoes13","nome":"elm04_03_13_1"},{"tipo":"img","x":"89.4px","y":"267.05px","width":"883.6px","height":"226.6px","nomeInstancia":"MovieClips/textConvertido_13_0","classe":"textConvertido_13_0","nome":"elm04_03_13_2"}]}]}