{"licao":"elm03_04","topico":"04","telas":[{"desenhos":[{"tipo":"img","x":"101.15px","y":"199.2px","width":"333.85px","height":"133.85px","nomeInstancia":"textConvertido_1_0","classe":"textConvertido_1_0","nome":"elm03_04_1_0"},{"tipo":"img","x":"508.9px","y":"199.2px","width":"398.85px","height":"301.15px","nomeInstancia":"transicao_1_1","classe":"transicao_1_1","nome":"elm03_04_1_1"}]},{"desenhos":[{"tipo":"img","x":"101.15px","y":"348.45px","width":"340.75px","height":"115.3px","nomeInstancia":"textConvertido_2_0","classe":"textConvertido_2_0","nome":"elm03_04_2_0"},{"tipo":"img","x":"101.15px","y":"199.2px","width":"333.85px","height":"133.85px","nomeInstancia":"textConvertido_1_0","classe":"textConvertido_1_0","nome":"elm03_04_1_0"},{"tipo":"img","x":"508.9px","y":"199.2px","width":"398.85px","height":"301.15px","nomeInstancia":"transicao_1_1","classe":"transicao_1_1","nome":"elm03_04_1_1"}]},{"desenhos":[{"tipo":"img","x":"101.15px","y":"479.15px","width":"340.85px","height":"41.1px","nomeInstancia":"textConvertido_3_0","classe":"textConvertido_3_0","nome":"elm03_04_3_0"},{"tipo":"img","x":"101.15px","y":"348.45px","width":"340.75px","height":"115.3px","nomeInstancia":"textConvertido_2_0","classe":"textConvertido_2_0","nome":"elm03_04_2_0"},{"tipo":"img","x":"101.15px","y":"199.2px","width":"333.85px","height":"133.85px","nomeInstancia":"textConvertido_1_0","classe":"textConvertido_1_0","nome":"elm03_04_1_0"},{"tipo":"img","x":"508.9px","y":"199.2px","width":"398.85px","height":"301.15px","nomeInstancia":"transicao_1_1","classe":"transicao_1_1","nome":"elm03_04_1_1"}]},{"desenhos":[{"tipo":"img","x":"563.15px","y":"320.9px","width":"333.85px","height":"59.65px","nomeInstancia":"textConvertido_4_0","classe":"textConvertido_4_0","nome":"elm03_04_4_0"},{"tipo":"img","x":"144.25px","y":"225.55px","width":"329.8px","height":"243.3px","nomeInstancia":"transicao_4_1","classe":"transicao_4_1","nome":"elm03_04_4_1"}]},{"desenhos":[{"tipo":"img","x":"110.15px","y":"311px","width":"346.85px","height":"78.2px","nomeInstancia":"textConvertido_5_0","classe":"textConvertido_5_0","nome":"elm03_04_5_0"},{"tipo":"img","x":"523.7px","y":"213.9px","width":"395.8px","height":"272.4px","nomeInstancia":"transicao_5_1","classe":"transicao_5_1","nome":"elm03_04_5_1"}]},{"desenhos":[{"tipo":"img","x":"550px","y":"314.8px","width":"346.85px","height":"59.65px","nomeInstancia":"textConvertido_6_0","classe":"textConvertido_6_0","nome":"elm03_04_6_0"},{"tipo":"img","x":"120.05px","y":"224.65px","width":"395.8px","height":"272.4px","nomeInstancia":"transicao_6_1","classe":"transicao_6_1","nome":"elm03_04_6_1"}]},{"desenhos":[{"tipo":"img","x":"173.4px","y":"242.15px","width":"443.55px","height":"155.3px","nomeInstancia":"transicao_7_0","classe":"transicao_7_0","nome":"elm03_04_7_0"},{"nome":"elm03_04_7_1","tipo":"personagem","x":"0px","y":"0px","width":"1016px","height":"659px","nomeInstancia":"MovieClips/animaP7","classe":"animaP7"}]},{"desenhos":[{"tipo":"img","x":"218.45px","y":"392.3px","width":"307.1px","height":"70.75px","nomeInstancia":"transicao_8_0","classe":"transicao_8_0","nome":"elm03_04_8_0"},{"tipo":"img","x":"173.4px","y":"242.15px","width":"443.55px","height":"155.3px","nomeInstancia":"transicao_7_0","classe":"transicao_7_0","nome":"elm03_04_7_0"},{"nome":"elm03_04_7_1","tipo":"personagem","x":"0px","y":"0px","width":"1016px","height":"659px","nomeInstancia":"MovieClips/animaP7","classe":"animaP7"}]},{"desenhos":[{"tipo":"img","x":"620.5px","y":"140.8px","width":"360px","height":"101px","nomeInstancia":"Symbol 1","classe":"Symbol 1","nome":"elm03_04_9_0"},{"tipo":"img","x":"568.15px","y":"219.8px","width":"341.85px","height":"96.75px","nomeInstancia":"textConvertido_9_1","classe":"textConvertido_9_1","nome":"elm03_04_9_1"},{"tipo":"img","x":"93.35px","y":"232.2px","width":"395.8px","height":"272.4px","nomeInstancia":"transicao_9_2","classe":"transicao_9_2","nome":"elm03_04_9_2"}]},{"desenhos":[{"tipo":"img","x":"568.15px","y":"332.3px","width":"342.85px","height":"59.65px","nomeInstancia":"textConvertido_10_0","classe":"textConvertido_10_0","nome":"elm03_04_10_0"},{"tipo":"img","x":"620.5px","y":"140.8px","width":"360px","height":"101px","nomeInstancia":"Symbol 1","classe":"Symbol 1","nome":"elm03_04_9_0"},{"tipo":"img","x":"568.15px","y":"219.8px","width":"341.85px","height":"96.75px","nomeInstancia":"textConvertido_9_1","classe":"textConvertido_9_1","nome":"elm03_04_9_1"},{"tipo":"img","x":"93.35px","y":"232.2px","width":"395.8px","height":"272.4px","nomeInstancia":"transicao_9_2","classe":"transicao_9_2","nome":"elm03_04_9_2"}]},{"desenhos":[{"tipo":"img","x":"568.15px","y":"407.7px","width":"340.85px","height":"115.3px","nomeInstancia":"textConvertido_11_0","classe":"textConvertido_11_0","nome":"elm03_04_11_0"},{"tipo":"img","x":"568.15px","y":"332.3px","width":"342.85px","height":"59.65px","nomeInstancia":"textConvertido_10_0","classe":"textConvertido_10_0","nome":"elm03_04_10_0"},{"tipo":"img","x":"620.5px","y":"140.8px","width":"360px","height":"101px","nomeInstancia":"Symbol 1","classe":"Symbol 1","nome":"elm03_04_9_0"},{"tipo":"img","x":"568.15px","y":"219.8px","width":"341.85px","height":"96.75px","nomeInstancia":"textConvertido_9_1","classe":"textConvertido_9_1","nome":"elm03_04_9_1"},{"tipo":"img","x":"93.35px","y":"232.2px","width":"395.8px","height":"272.4px","nomeInstancia":"transicao_9_2","classe":"transicao_9_2","nome":"elm03_04_9_2"}]},{"desenhos":[{"tipo":"img","x":"395.05px","y":"130.55px","width":"225.9px","height":"74.55px","nomeInstancia":"transicao_12_0","classe":"transicao_12_0","nome":"elm03_04_12_0"},{"tipo":"img","x":"60.65px","y":"236.9px","width":"894.7px","height":"359.05px","nomeInstancia":"MovieClips/dragDrop12","classe":"dragDrop12","nome":"elm03_04_12_1"},{"tipo":"img","x":"219.05px","y":"219.2px","width":"577.95px","height":"43.1px","nomeInstancia":"MovieClips/textConvertido_12_1","classe":"textConvertido_12_1","nome":"elm03_04_12_2"}]},{"desenhos":[{"tipo":"img","x":"122.5px","y":"261.1px","width":"487.05px","height":"135.35px","nomeInstancia":"transicao_13_0","classe":"transicao_13_0","nome":"elm03_04_13_0"},{"tipo":"img","x":"52px","y":"144.85px","width":"122.65px","height":"77.95px","nomeInstancia":"transicao_13_2","classe":"transicao_13_2","nome":"elm03_04_13_1"},{"nome":"elm03_04_13_2","tipo":"personagem","x":"0px","y":"0px","width":"1016px","height":"659px","nomeInstancia":"MovieClips/animaP13","classe":"animaP13"}]},{"desenhos":[{"tipo":"img","x":"122.5px","y":"389.1px","width":"412px","height":"121.85px","nomeInstancia":"transicao_14_0","classe":"transicao_14_0","nome":"elm03_04_14_0"},{"tipo":"img","x":"122.5px","y":"261.1px","width":"487.05px","height":"135.35px","nomeInstancia":"transicao_13_0","classe":"transicao_13_0","nome":"elm03_04_13_0"},{"tipo":"img","x":"52px","y":"144.85px","width":"122.65px","height":"77.95px","nomeInstancia":"transicao_13_2","classe":"transicao_13_2","nome":"elm03_04_13_1"},{"nome":"elm03_04_13_2","tipo":"personagem","x":"0px","y":"0px","width":"1016px","height":"659px","nomeInstancia":"MovieClips/animaP13","classe":"animaP13"}]},{"desenhos":[{"tipo":"img","x":"482.2px","y":"261.25px","width":"426.6px","height":"110.8px","nomeInstancia":"transicao_15_0","classe":"transicao_15_0","nome":"elm03_04_15_0"},{"nome":"elm03_04_15_1","tipo":"personagem","x":"0px","y":"0px","width":"1016px","height":"659px","nomeInstancia":"MovieClips/animaP15","classe":"animaP15"}]},{"desenhos":[{"tipo":"img","x":"531.05px","y":"366.8px","width":"412px","height":"81.55px","nomeInstancia":"transicao_16_0","classe":"transicao_16_0","nome":"elm03_04_16_0"},{"tipo":"img","x":"482.2px","y":"261.25px","width":"426.6px","height":"110.8px","nomeInstancia":"transicao_15_0","classe":"transicao_15_0","nome":"elm03_04_15_0"},{"nome":"elm03_04_15_1","tipo":"personagem","x":"0px","y":"0px","width":"1016px","height":"659px","nomeInstancia":"MovieClips/animaP15","classe":"animaP15"}]},{"desenhos":[{"tipo":"img","x":"531.05px","y":"441.85px","width":"361.45px","height":"81.55px","nomeInstancia":"transicao_17_0","classe":"transicao_17_0","nome":"elm03_04_17_0"},{"tipo":"img","x":"531.05px","y":"366.8px","width":"412px","height":"81.55px","nomeInstancia":"transicao_16_0","classe":"transicao_16_0","nome":"elm03_04_16_0"},{"tipo":"img","x":"482.2px","y":"261.25px","width":"426.6px","height":"110.8px","nomeInstancia":"transicao_15_0","classe":"transicao_15_0","nome":"elm03_04_15_0"},{"nome":"elm03_04_15_1","tipo":"personagem","x":"0px","y":"0px","width":"1016px","height":"659px","nomeInstancia":"MovieClips/animaP15","classe":"animaP15"}]},{"desenhos":[{"tipo":"img","x":"243.7px","y":"197.55px","width":"553.5px","height":"274.4px","nomeInstancia":"transicao_18_0","classe":"transicao_18_0","nome":"elm03_04_18_0"}]}]}