{"licao":"elm03_02","topico":"02","telas":[{"desenhos":[{"tipo":"img","x":"474.5px","y":"227.65px","width":"415.5px","height":"59.65px","nomeInstancia":"MovieClips/textConvertido_1_0","classe":"textConvertido_1_0","nome":"elm03_02_1_0"},{"tipo":"img","x":"140.05px","y":"198.55px","width":"245.3px","height":"332.25px","nomeInstancia":"MovieClips/transicao_1_1","classe":"transicao_1_1","nome":"elm03_02_1_1"}]},{"desenhos":[{"tipo":"img","x":"474.5px","y":"303.35px","width":"425.5px","height":"78.2px","nomeInstancia":"MovieClips/textConvertido_2_0","classe":"textConvertido_2_0","nome":"elm03_02_2_0"},{"tipo":"img","x":"474.5px","y":"227.65px","width":"415.5px","height":"59.65px","nomeInstancia":"MovieClips/textConvertido_1_0","classe":"textConvertido_1_0","nome":"elm03_02_1_0"},{"tipo":"img","x":"140.05px","y":"198.55px","width":"245.3px","height":"332.25px","nomeInstancia":"MovieClips/transicao_1_1","classe":"transicao_1_1","nome":"elm03_02_1_1"}]},{"desenhos":[{"tipo":"img","x":"474.5px","y":"397.6px","width":"425.5px","height":"115.3px","nomeInstancia":"MovieClips/textConvertido_3_0","classe":"textConvertido_3_0","nome":"elm03_02_3_0"},{"tipo":"img","x":"474.5px","y":"303.35px","width":"425.5px","height":"78.2px","nomeInstancia":"MovieClips/textConvertido_2_0","classe":"textConvertido_2_0","nome":"elm03_02_2_0"},{"tipo":"img","x":"474.5px","y":"227.65px","width":"415.5px","height":"59.65px","nomeInstancia":"MovieClips/textConvertido_1_0","classe":"textConvertido_1_0","nome":"elm03_02_1_0"},{"tipo":"img","x":"140.05px","y":"198.55px","width":"245.3px","height":"332.25px","nomeInstancia":"MovieClips/transicao_1_1","classe":"transicao_1_1","nome":"elm03_02_1_1"}]},{"desenhos":[{"tipo":"img","x":"108.5px","y":"240.65px","width":"415.5px","height":"22.55px","nomeInstancia":"MovieClips/textConvertido_4_0","classe":"textConvertido_4_0","nome":"elm03_02_4_0"},{"tipo":"img","x":"613.15px","y":"251.6px","width":"308.35px","height":"229.95px","nomeInstancia":"MovieClips/transicao_4_1","classe":"transicao_4_1","nome":"elm03_02_4_1"}]},{"desenhos":[{"tipo":"img","x":"108.5px","y":"284.35px","width":"388.5px","height":"96.75px","nomeInstancia":"MovieClips/textConvertido_5_0","classe":"textConvertido_5_0","nome":"elm03_02_5_0"},{"tipo":"img","x":"108.5px","y":"240.65px","width":"415.5px","height":"22.55px","nomeInstancia":"MovieClips/textConvertido_4_0","classe":"textConvertido_4_0","nome":"elm03_02_4_0"},{"tipo":"img","x":"613.15px","y":"251.6px","width":"308.35px","height":"229.95px","nomeInstancia":"MovieClips/transicao_4_1","classe":"transicao_4_1","nome":"elm03_02_4_1"}]},{"desenhos":[{"tipo":"img","x":"108.5px","y":"402.25px","width":"388.5px","height":"96.75px","nomeInstancia":"MovieClips/textConvertido_6_0","classe":"textConvertido_6_0","nome":"elm03_02_6_0"},{"tipo":"img","x":"108.5px","y":"284.35px","width":"388.5px","height":"96.75px","nomeInstancia":"MovieClips/textConvertido_5_0","classe":"textConvertido_5_0","nome":"elm03_02_5_0"},{"tipo":"img","x":"108.5px","y":"240.65px","width":"415.5px","height":"22.55px","nomeInstancia":"MovieClips/textConvertido_4_0","classe":"textConvertido_4_0","nome":"elm03_02_4_0"},{"tipo":"img","x":"613.15px","y":"251.6px","width":"308.35px","height":"229.95px","nomeInstancia":"MovieClips/transicao_4_1","classe":"transicao_4_1","nome":"elm03_02_4_1"}]},{"desenhos":[{"tipo":"img","x":"473.5px","y":"267.65px","width":"474.5px","height":"41.1px","nomeInstancia":"MovieClips/textConvertido_7_0","classe":"textConvertido_7_0","nome":"elm03_02_7_0"},{"tipo":"img","x":"100.6px","y":"249.7px","width":"309.05px","height":"229.95px","nomeInstancia":"MovieClips/transicao_7_1","classe":"transicao_7_1","nome":"elm03_02_7_1"}]},{"desenhos":[{"tipo":"img","x":"473.5px","y":"324.8px","width":"436.5px","height":"41.1px","nomeInstancia":"MovieClips/textConvertido_8_0","classe":"textConvertido_8_0","nome":"elm03_02_8_0"},{"tipo":"img","x":"473.5px","y":"267.65px","width":"474.5px","height":"41.1px","nomeInstancia":"MovieClips/textConvertido_7_0","classe":"textConvertido_7_0","nome":"elm03_02_7_0"},{"tipo":"img","x":"100.6px","y":"249.7px","width":"309.05px","height":"229.95px","nomeInstancia":"MovieClips/transicao_7_1","classe":"transicao_7_1","nome":"elm03_02_7_1"}]},{"desenhos":[{"tipo":"img","x":"257.05px","y":"143.85px","width":"715.95px","height":"428.9px","nomeInstancia":"MovieClips/telaInfo9","classe":"telaInfo9","nome":"elm03_02_9_0"},{"tipo":"img","x":"473.5px","y":"381.95px","width":"447.5px","height":"41.1px","nomeInstancia":"MovieClips/textConvertido_9_2","classe":"textConvertido_9_2","nome":"elm03_02_9_1"},{"tipo":"img","x":"473.5px","y":"439.1px","width":"447.5px","height":"22.55px","nomeInstancia":"MovieClips/textConvertido_9_1","classe":"textConvertido_9_1","nome":"elm03_02_9_2"},{"tipo":"img","x":"473.5px","y":"324.8px","width":"436.5px","height":"41.1px","nomeInstancia":"MovieClips/textConvertido_8_0","classe":"textConvertido_8_0","nome":"elm03_02_8_0"},{"tipo":"img","x":"473.5px","y":"267.65px","width":"474.5px","height":"41.1px","nomeInstancia":"MovieClips/textConvertido_7_0","classe":"textConvertido_7_0","nome":"elm03_02_7_0"},{"tipo":"img","x":"100.6px","y":"249.7px","width":"309.05px","height":"229.95px","nomeInstancia":"MovieClips/transicao_7_1","classe":"transicao_7_1","nome":"elm03_02_7_1"}]},{"desenhos":[{"tipo":"img","x":"223.25px","y":"178.65px","width":"569.5px","height":"22.55px","nomeInstancia":"MovieClips/textConvertido_10_0","classe":"textConvertido_10_0","nome":"elm03_02_10_0"}]},{"desenhos":[{"tipo":"img","x":"223.25px","y":"224.65px","width":"485.75px","height":"22.55px","nomeInstancia":"MovieClips/textConvertido_11_1","classe":"textConvertido_11_1","nome":"elm03_02_11_0"},{"tipo":"img","x":"429.35px","y":"270.65px","width":"158.4px","height":"82.55px","nomeInstancia":"MovieClips/transicao_11_0","classe":"transicao_11_0","nome":"elm03_02_11_1"},{"tipo":"img","x":"223.25px","y":"178.65px","width":"569.5px","height":"22.55px","nomeInstancia":"MovieClips/textConvertido_10_0","classe":"textConvertido_10_0","nome":"elm03_02_10_0"}]},{"desenhos":[{"tipo":"img","x":"223.25px","y":"376.65px","width":"611.75px","height":"152.4px","nomeInstancia":"MovieClips/textConvertido_12_0","classe":"textConvertido_12_0","nome":"elm03_02_12_0"},{"tipo":"img","x":"223.25px","y":"224.65px","width":"485.75px","height":"22.55px","nomeInstancia":"MovieClips/textConvertido_11_1","classe":"textConvertido_11_1","nome":"elm03_02_11_0"},{"tipo":"img","x":"429.35px","y":"270.65px","width":"158.4px","height":"82.55px","nomeInstancia":"MovieClips/transicao_11_0","classe":"transicao_11_0","nome":"elm03_02_11_1"},{"tipo":"img","x":"223.25px","y":"178.65px","width":"569.5px","height":"22.55px","nomeInstancia":"MovieClips/textConvertido_10_0","classe":"textConvertido_10_0","nome":"elm03_02_10_0"}]},{"desenhos":[{"tipo":"img","x":"76.45px","y":"258.35px","width":"340.75px","height":"22.55px","nomeInstancia":"MovieClips/textConvertido_13_0","classe":"textConvertido_13_0","nome":"elm03_02_13_0"},{"tipo":"img","x":"595.5px","y":"240.15px","width":"374.15px","height":"235.1px","nomeInstancia":"MovieClips/transicao_13_1","classe":"transicao_13_1","nome":"elm03_02_13_1"}]},{"desenhos":[{"tipo":"img","x":"76.45px","y":"304.3px","width":"485.75px","height":"170.95px","nomeInstancia":"MovieClips/textConvertido_14_0","classe":"textConvertido_14_0","nome":"elm03_02_14_0"},{"tipo":"img","x":"76.45px","y":"258.35px","width":"340.75px","height":"22.55px","nomeInstancia":"MovieClips/textConvertido_13_0","classe":"textConvertido_13_0","nome":"elm03_02_13_0"},{"tipo":"img","x":"595.5px","y":"240.15px","width":"374.15px","height":"235.1px","nomeInstancia":"MovieClips/transicao_13_1","classe":"transicao_13_1","nome":"elm03_02_13_1"}]},{"desenhos":[{"tipo":"img","x":"461.75px","y":"228.8px","width":"442.25px","height":"93.65px","nomeInstancia":"MovieClips/transicao_15_0","classe":"transicao_15_0","nome":"elm03_02_15_0"},{"nome":"elm03_02_15_1","tipo":"personagem","x":"0px","y":"0px","width":"1016px","height":"659px","nomeInstancia":"MovieClips/animaP15","classe":"animaP15"}]},{"desenhos":[{"tipo":"img","x":"516.15px","y":"316.6px","width":"389.5px","height":"111.25px","nomeInstancia":"MovieClips/transicao_16_0","classe":"transicao_16_0","nome":"elm03_02_16_0"},{"tipo":"img","x":"461.75px","y":"228.8px","width":"442.25px","height":"93.65px","nomeInstancia":"MovieClips/transicao_15_0","classe":"transicao_15_0","nome":"elm03_02_15_0"},{"nome":"elm03_02_15_1","tipo":"personagem","x":"0px","y":"0px","width":"1016px","height":"659px","nomeInstancia":"MovieClips/animaP15","classe":"animaP15"}]},{"desenhos":[{"tipo":"img","x":"83.65px","y":"129.8px","width":"756.1px","height":"461.45px","nomeInstancia":"MovieClips/telaInfo17","classe":"telaInfo17","nome":"elm03_02_17_0"},{"tipo":"img","x":"515.9px","y":"422px","width":"324.95px","height":"90.55px","nomeInstancia":"MovieClips/transicao_17_1","classe":"transicao_17_1","nome":"elm03_02_17_1"},{"tipo":"img","x":"516.15px","y":"316.6px","width":"389.5px","height":"111.25px","nomeInstancia":"MovieClips/transicao_16_0","classe":"transicao_16_0","nome":"elm03_02_16_0"},{"tipo":"img","x":"461.75px","y":"228.8px","width":"442.25px","height":"93.65px","nomeInstancia":"MovieClips/transicao_15_0","classe":"transicao_15_0","nome":"elm03_02_15_0"},{"nome":"elm03_02_15_1","tipo":"personagem","x":"0px","y":"0px","width":"1016px","height":"659px","nomeInstancia":"MovieClips/animaP15","classe":"animaP15"}]},{"desenhos":[{"tipo":"img","x":"70.5px","y":"147.95px","width":"904.55px","height":"442.35px","nomeInstancia":"MovieClips/atvClick18","classe":"atvClick18","nome":"elm03_02_18_0"},{"nome":"elm03_02_18_1","tipo":"png","x":"0px","y":"0px","width":"1016px","height":"659px","nomeInstancia":"MovieClips/anima18","classe":"anima18"},{"tipo":"img","x":"112.2px","y":"345.4px","width":"294.75px","height":"78.2px","nomeInstancia":"MovieClips/textConvertido_18_2","classe":"textConvertido_18_2","nome":"elm03_02_18_2"},{"tipo":"img","x":"112.2px","y":"233.8px","width":"225.9px","height":"74.55px","nomeInstancia":"MovieClips/transicao_18_3","classe":"transicao_18_3","nome":"elm03_02_18_3"}]}]}