{"licao":"eli02_03","topico":"03","telas":[{"desenhos":[{"tipo":"img","x":"233.95px","y":"157.6px","width":"453.25px","height":"122.35px","nomeInstancia":"MovieClips/transicao_1_0","classe":"transicao_1_0","nome":"eli02_03_1_0"},{"nome":"eli02_03_1_1","tipo":"personagem","x":"0px","y":"0px","width":"1016px","height":"659px","nomeInstancia":"MovieClips/animaP01","classe":"animaP01"}]},{"desenhos":[{"tipo":"img","x":"182.35px","y":"274.95px","width":"457.95px","height":"105.35px","nomeInstancia":"MovieClips/transicao_2_0","classe":"transicao_2_0","nome":"eli02_03_2_0"},{"tipo":"img","x":"233.95px","y":"157.6px","width":"453.25px","height":"122.35px","nomeInstancia":"MovieClips/transicao_1_0","classe":"transicao_1_0","nome":"eli02_03_1_0"},{"nome":"eli02_03_1_1","tipo":"personagem","x":"0px","y":"0px","width":"1016px","height":"659px","nomeInstancia":"MovieClips/animaP01","classe":"animaP01"}]},{"desenhos":[{"tipo":"img","x":"122.6px","y":"376.3px","width":"517.7px","height":"120.5px","nomeInstancia":"MovieClips/transicao_3_0","classe":"transicao_3_0","nome":"eli02_03_3_0"},{"tipo":"img","x":"182.35px","y":"274.95px","width":"457.95px","height":"105.35px","nomeInstancia":"MovieClips/transicao_2_0","classe":"transicao_2_0","nome":"eli02_03_2_0"},{"tipo":"img","x":"233.95px","y":"157.6px","width":"453.25px","height":"122.35px","nomeInstancia":"MovieClips/transicao_1_0","classe":"transicao_1_0","nome":"eli02_03_1_0"},{"nome":"eli02_03_1_1","tipo":"personagem","x":"0px","y":"0px","width":"1016px","height":"659px","nomeInstancia":"MovieClips/animaP01","classe":"animaP01"}]},{"desenhos":[{"tipo":"img","x":"500px","y":"210.25px","width":"426px","height":"22.55px","nomeInstancia":"MovieClips/textConvertido_4_1","classe":"textConvertido_4_1","nome":"eli02_03_4_0"},{"tipo":"img","x":"500px","y":"255.95px","width":"425.25px","height":"84.2px","nomeInstancia":"MovieClips/textConvertido_4_0","classe":"textConvertido_4_0","nome":"eli02_03_4_1"},{"tipo":"img","x":"69.55px","y":"240.75px","width":"383.3px","height":"266.05px","nomeInstancia":"MovieClips/transicao_4_2","classe":"transicao_4_2","nome":"eli02_03_4_2"}]},{"desenhos":[{"tipo":"img","x":"500px","y":"363.3px","width":"417.15px","height":"125.3px","nomeInstancia":"MovieClips/textConvertido_5_0","classe":"textConvertido_5_0","nome":"eli02_03_5_0"},{"tipo":"img","x":"500px","y":"210.25px","width":"426px","height":"22.55px","nomeInstancia":"MovieClips/textConvertido_4_1","classe":"textConvertido_4_1","nome":"eli02_03_4_0"},{"tipo":"img","x":"500px","y":"255.95px","width":"425.25px","height":"84.2px","nomeInstancia":"MovieClips/textConvertido_4_0","classe":"textConvertido_4_0","nome":"eli02_03_4_1"},{"tipo":"img","x":"69.55px","y":"240.75px","width":"383.3px","height":"266.05px","nomeInstancia":"MovieClips/transicao_4_2","classe":"transicao_4_2","nome":"eli02_03_4_2"}]},{"desenhos":[{"tipo":"img","x":"76px","y":"246.7px","width":"352.25px","height":"104.75px","nomeInstancia":"MovieClips/textConvertido_6_0","classe":"textConvertido_6_0","nome":"eli02_03_6_0"},{"tipo":"img","x":"511.15px","y":"269.7px","width":"446.1px","height":"240.35px","nomeInstancia":"MovieClips/transicao_6_1","classe":"transicao_6_1","nome":"eli02_03_6_1"}]},{"desenhos":[{"tipo":"img","x":"76px","y":"369.55px","width":"402.85px","height":"63.65px","nomeInstancia":"MovieClips/textConvertido_7_0","classe":"textConvertido_7_0","nome":"eli02_03_7_0"},{"tipo":"img","x":"76px","y":"246.7px","width":"352.25px","height":"104.75px","nomeInstancia":"MovieClips/textConvertido_6_0","classe":"textConvertido_6_0","nome":"eli02_03_6_0"},{"tipo":"img","x":"511.15px","y":"269.7px","width":"446.1px","height":"240.35px","nomeInstancia":"MovieClips/transicao_6_1","classe":"transicao_6_1","nome":"eli02_03_6_1"}]},{"desenhos":[{"tipo":"img","x":"76px","y":"174.9px","width":"843.3px","height":"405.2px","nomeInstancia":"MovieClips/telaInfo08","classe":"telaInfo08","nome":"eli02_03_8_0"},{"tipo":"img","x":"76px","y":"451.3px","width":"352.25px","height":"63.65px","nomeInstancia":"MovieClips/textConvertido_8_1","classe":"textConvertido_8_1","nome":"eli02_03_8_1"},{"tipo":"img","x":"76px","y":"369.55px","width":"402.85px","height":"63.65px","nomeInstancia":"MovieClips/textConvertido_7_0","classe":"textConvertido_7_0","nome":"eli02_03_7_0"},{"tipo":"img","x":"76px","y":"246.7px","width":"352.25px","height":"104.75px","nomeInstancia":"MovieClips/textConvertido_6_0","classe":"textConvertido_6_0","nome":"eli02_03_6_0"},{"tipo":"img","x":"511.15px","y":"269.7px","width":"446.1px","height":"240.35px","nomeInstancia":"MovieClips/transicao_6_1","classe":"transicao_6_1","nome":"eli02_03_6_1"}]},{"desenhos":[{"tipo":"img","x":"500px","y":"190px","width":"426px","height":"22.55px","nomeInstancia":"MovieClips/textConvertido_9_1","classe":"textConvertido_9_1","nome":"eli02_03_9_0"},{"tipo":"img","x":"500px","y":"230.6px","width":"426px","height":"84.2px","nomeInstancia":"MovieClips/textConvertido_9_0","classe":"textConvertido_9_0","nome":"eli02_03_9_1"},{"tipo":"img","x":"48.35px","y":"216.9px","width":"395.3px","height":"253.15px","nomeInstancia":"MovieClips/transicao_9_2","classe":"transicao_9_2","nome":"eli02_03_9_2"}]},{"desenhos":[{"tipo":"img","x":"500px","y":"330.35px","width":"437.4px","height":"63.65px","nomeInstancia":"MovieClips/textConvertido_10_0","classe":"textConvertido_10_0","nome":"eli02_03_10_0"},{"tipo":"img","x":"500px","y":"190px","width":"426px","height":"22.55px","nomeInstancia":"MovieClips/textConvertido_9_1","classe":"textConvertido_9_1","nome":"eli02_03_9_0"},{"tipo":"img","x":"500px","y":"230.6px","width":"426px","height":"84.2px","nomeInstancia":"MovieClips/textConvertido_9_0","classe":"textConvertido_9_0","nome":"eli02_03_9_1"},{"tipo":"img","x":"48.35px","y":"216.9px","width":"395.3px","height":"253.15px","nomeInstancia":"MovieClips/transicao_9_2","classe":"transicao_9_2","nome":"eli02_03_9_2"}]},{"desenhos":[{"tipo":"img","x":"500px","y":"409.55px","width":"467.8px","height":"84.2px","nomeInstancia":"MovieClips/textConvertido_11_0","classe":"textConvertido_11_0","nome":"eli02_03_11_0"},{"tipo":"img","x":"500px","y":"330.35px","width":"437.4px","height":"63.65px","nomeInstancia":"MovieClips/textConvertido_10_0","classe":"textConvertido_10_0","nome":"eli02_03_10_0"},{"tipo":"img","x":"500px","y":"190px","width":"426px","height":"22.55px","nomeInstancia":"MovieClips/textConvertido_9_1","classe":"textConvertido_9_1","nome":"eli02_03_9_0"},{"tipo":"img","x":"500px","y":"230.6px","width":"426px","height":"84.2px","nomeInstancia":"MovieClips/textConvertido_9_0","classe":"textConvertido_9_0","nome":"eli02_03_9_1"},{"tipo":"img","x":"48.35px","y":"216.9px","width":"395.3px","height":"253.15px","nomeInstancia":"MovieClips/transicao_9_2","classe":"transicao_9_2","nome":"eli02_03_9_2"}]},{"desenhos":[{"tipo":"img","x":"76px","y":"288.15px","width":"322.85px","height":"43.1px","nomeInstancia":"MovieClips/textConvertido_12_0","classe":"textConvertido_12_0","nome":"eli02_03_12_0"},{"tipo":"img","x":"468.9px","y":"252.1px","width":"455.1px","height":"209.35px","nomeInstancia":"MovieClips/transicao_12_1","classe":"transicao_12_1","nome":"eli02_03_12_1"}]},{"desenhos":[{"tipo":"img","x":"76px","y":"356.4px","width":"315.8px","height":"84.2px","nomeInstancia":"MovieClips/textConvertido_13_0","classe":"textConvertido_13_0","nome":"eli02_03_13_0"},{"tipo":"img","x":"76px","y":"288.15px","width":"322.85px","height":"43.1px","nomeInstancia":"MovieClips/textConvertido_12_0","classe":"textConvertido_12_0","nome":"eli02_03_12_0"},{"tipo":"img","x":"468.9px","y":"252.1px","width":"455.1px","height":"209.35px","nomeInstancia":"MovieClips/transicao_12_1","classe":"transicao_12_1","nome":"eli02_03_12_1"}]},{"desenhos":[{"tipo":"img","x":"516.2px","y":"278.1px","width":"426px","height":"63.65px","nomeInstancia":"MovieClips/textConvertido_14_0","classe":"textConvertido_14_0","nome":"eli02_03_14_0"},{"tipo":"img","x":"77.1px","y":"224.9px","width":"389.1px","height":"285.05px","nomeInstancia":"MovieClips/transicao_14_1","classe":"transicao_14_1","nome":"eli02_03_14_1"}]},{"desenhos":[{"tipo":"img","x":"516.2px","y":"372.3px","width":"426px","height":"104.75px","nomeInstancia":"MovieClips/textConvertido_15_0","classe":"textConvertido_15_0","nome":"eli02_03_15_0"},{"tipo":"img","x":"516.2px","y":"278.1px","width":"426px","height":"63.65px","nomeInstancia":"MovieClips/textConvertido_14_0","classe":"textConvertido_14_0","nome":"eli02_03_14_0"},{"tipo":"img","x":"77.1px","y":"224.9px","width":"389.1px","height":"285.05px","nomeInstancia":"MovieClips/transicao_14_1","classe":"transicao_14_1","nome":"eli02_03_14_1"}]},{"desenhos":[{"tipo":"img","x":"201.3px","y":"185.8px","width":"718.1px","height":"329.7px","nomeInstancia":"MovieClips/atvClick_opcoes08","classe":"atvClick_opcoes08","nome":"eli02_03_16_0"},{"tipo":"img","x":"104.85px","y":"341px","width":"319.85px","height":"84.2px","nomeInstancia":"MovieClips/textConvertido_16_1","classe":"textConvertido_16_1","nome":"eli02_03_16_1"},{"tipo":"img","x":"104.85px","y":"192.75px","width":"214.45px","height":"91.7px","nomeInstancia":"MovieClips/transicao_16_2","classe":"transicao_16_2","nome":"eli02_03_16_2"}]},{"desenhos":[{"tipo":"img","x":"500px","y":"211.25px","width":"402px","height":"84.2px","nomeInstancia":"MovieClips/textConvertido_17_0","classe":"textConvertido_17_0","nome":"eli02_03_17_0"},{"tipo":"img","x":"99.35px","y":"248.1px","width":"319.8px","height":"239.65px","nomeInstancia":"MovieClips/transicao_17_1","classe":"transicao_17_1","nome":"eli02_03_17_1"}]},{"desenhos":[{"tipo":"img","x":"500px","y":"313.95px","width":"372.65px","height":"84.2px","nomeInstancia":"MovieClips/textConvertido_18_0","classe":"textConvertido_18_0","nome":"eli02_03_18_0"},{"tipo":"img","x":"500px","y":"211.25px","width":"402px","height":"84.2px","nomeInstancia":"MovieClips/textConvertido_17_0","classe":"textConvertido_17_0","nome":"eli02_03_17_0"},{"tipo":"img","x":"99.35px","y":"248.1px","width":"319.8px","height":"239.65px","nomeInstancia":"MovieClips/transicao_17_1","classe":"transicao_17_1","nome":"eli02_03_17_1"}]},{"desenhos":[{"tipo":"img","x":"500px","y":"416.65px","width":"398.95px","height":"84.2px","nomeInstancia":"MovieClips/textConvertido_19_1","classe":"textConvertido_19_1","nome":"eli02_03_19_0"},{"tipo":"img","x":"500px","y":"313.95px","width":"372.65px","height":"84.2px","nomeInstancia":"MovieClips/textConvertido_18_0","classe":"textConvertido_18_0","nome":"eli02_03_18_0"},{"tipo":"img","x":"500px","y":"211.25px","width":"402px","height":"84.2px","nomeInstancia":"MovieClips/textConvertido_17_0","classe":"textConvertido_17_0","nome":"eli02_03_17_0"},{"tipo":"img","x":"99.35px","y":"248.1px","width":"319.8px","height":"239.65px","nomeInstancia":"MovieClips/transicao_17_1","classe":"transicao_17_1","nome":"eli02_03_17_1"}]},{"desenhos":[{"tipo":"img","x":"84.45px","y":"169.15px","width":"773.6px","height":"424.05px","nomeInstancia":"MovieClips/telaInfo20","classe":"telaInfo20","nome":"eli02_03_20_0"},{"tipo":"img","x":"500px","y":"416.65px","width":"398.95px","height":"84.2px","nomeInstancia":"MovieClips/textConvertido_19_1","classe":"textConvertido_19_1","nome":"eli02_03_19_0"},{"tipo":"img","x":"500px","y":"313.95px","width":"372.65px","height":"84.2px","nomeInstancia":"MovieClips/textConvertido_18_0","classe":"textConvertido_18_0","nome":"eli02_03_18_0"},{"tipo":"img","x":"500px","y":"211.25px","width":"402px","height":"84.2px","nomeInstancia":"MovieClips/textConvertido_17_0","classe":"textConvertido_17_0","nome":"eli02_03_17_0"},{"tipo":"img","x":"99.35px","y":"248.1px","width":"319.8px","height":"239.65px","nomeInstancia":"MovieClips/transicao_17_1","classe":"transicao_17_1","nome":"eli02_03_17_1"}]},{"desenhos":[{"tipo":"img","x":"80.2px","y":"192.4px","width":"882.2px","height":"375.1px","nomeInstancia":"MovieClips/opcoes21","classe":"opcoes21","nome":"eli02_03_21_0"},{"tipo":"img","x":"80.2px","y":"246.6px","width":"746.1px","height":"269.15px","nomeInstancia":"MovieClips/textConvertido_20_2","classe":"textConvertido_20_2","nome":"eli02_03_21_1"},{"tipo":"img","x":"80.2px","y":"126.1px","width":"214.45px","height":"91.7px","nomeInstancia":"MovieClips/transicao_20_1","classe":"transicao_20_1","nome":"eli02_03_21_2"}]}]}