{"licao":"eli02_04","topico":"04","telas":[{"desenhos":[{"tipo":"img","x":"152.6px","y":"302.35px","width":"341.8px","height":"63.65px","nomeInstancia":"MovieClips/textConvertido_1_0","classe":"textConvertido_1_0","nome":"eli02_04_1_0"},{"tipo":"img","x":"574px","y":"169.7px","width":"333.05px","height":"381.4px","nomeInstancia":"MovieClips/transicao_1_1","classe":"transicao_1_1","nome":"eli02_04_1_1"}]},{"desenhos":[{"tipo":"img","x":"152.6px","y":"384.2px","width":"341.8px","height":"63.65px","nomeInstancia":"MovieClips/textConvertido_2_0","classe":"textConvertido_2_0","nome":"eli02_04_2_0"},{"tipo":"img","x":"152.6px","y":"302.35px","width":"341.8px","height":"63.65px","nomeInstancia":"MovieClips/textConvertido_1_0","classe":"textConvertido_1_0","nome":"eli02_04_1_0"},{"tipo":"img","x":"574px","y":"169.7px","width":"333.05px","height":"381.4px","nomeInstancia":"MovieClips/transicao_1_1","classe":"transicao_1_1","nome":"eli02_04_1_1"}]},{"desenhos":[{"tipo":"img","x":"535.25px","y":"198.2px","width":"384.1px","height":"125.3px","nomeInstancia":"MovieClips/textConvertido_3_0","classe":"textConvertido_3_0","nome":"eli02_04_3_0"},{"tipo":"img","x":"31px","y":"253.15px","width":"479.2px","height":"220.6px","nomeInstancia":"MovieClips/transicao_3_1","classe":"transicao_3_1","nome":"eli02_04_3_1"}]},{"desenhos":[{"tipo":"img","x":"535.25px","y":"345.2px","width":"426px","height":"63.65px","nomeInstancia":"MovieClips/textConvertido_4_0","classe":"textConvertido_4_0","nome":"eli02_04_4_0"},{"tipo":"img","x":"535.25px","y":"198.2px","width":"384.1px","height":"125.3px","nomeInstancia":"MovieClips/textConvertido_3_0","classe":"textConvertido_3_0","nome":"eli02_04_3_0"},{"tipo":"img","x":"31px","y":"253.15px","width":"479.2px","height":"220.6px","nomeInstancia":"MovieClips/transicao_3_1","classe":"transicao_3_1","nome":"eli02_04_3_1"}]},{"desenhos":[{"tipo":"img","x":"114.5px","y":"172.45px","width":"769.85px","height":"384.7px","nomeInstancia":"MovieClips/telaInfo05","classe":"telaInfo05","nome":"eli02_04_5_0"},{"tipo":"img","x":"535.25px","y":"430.55px","width":"426px","height":"84.2px","nomeInstancia":"MovieClips/textConvertido_5_1","classe":"textConvertido_5_1","nome":"eli02_04_5_1"},{"tipo":"img","x":"535.25px","y":"345.2px","width":"426px","height":"63.65px","nomeInstancia":"MovieClips/textConvertido_4_0","classe":"textConvertido_4_0","nome":"eli02_04_4_0"},{"tipo":"img","x":"535.25px","y":"198.2px","width":"384.1px","height":"125.3px","nomeInstancia":"MovieClips/textConvertido_3_0","classe":"textConvertido_3_0","nome":"eli02_04_3_0"},{"tipo":"img","x":"31px","y":"253.15px","width":"479.2px","height":"220.6px","nomeInstancia":"MovieClips/transicao_3_1","classe":"transicao_3_1","nome":"eli02_04_3_1"}]},{"desenhos":[{"tipo":"img","x":"98.1px","y":"247.9px","width":"526.95px","height":"171.95px","nomeInstancia":"MovieClips/transicao_6_0","classe":"transicao_6_0","nome":"eli02_04_6_0"},{"nome":"eli02_04_6_1","tipo":"personagem","x":"0px","y":"0px","width":"1016px","height":"659px","nomeInstancia":"MovieClips/animaP06","classe":"animaP06"}]},{"desenhos":[{"tipo":"img","x":"158.7px","y":"212.95px","width":"759.95px","height":"361.4px","nomeInstancia":"MovieClips/telaInfo07","classe":"telaInfo07","nome":"eli02_04_7_0"},{"tipo":"img","x":"343.6px","y":"178.45px","width":"589.7px","height":"171.95px","nomeInstancia":"MovieClips/transicao_7_1","classe":"transicao_7_1","nome":"eli02_04_7_1"},{"nome":"eli02_04_7_2","tipo":"personagem","x":"0px","y":"0px","width":"1016px","height":"659px","nomeInstancia":"MovieClips/animaP07","classe":"animaP07"}]},{"desenhos":[{"tipo":"img","x":"101.25px","y":"256.3px","width":"426px","height":"22.55px","nomeInstancia":"MovieClips/textConvertido_8_1","classe":"textConvertido_8_1","nome":"eli02_04_8_0"},{"tipo":"img","x":"101.25px","y":"302.5px","width":"420.85px","height":"104.75px","nomeInstancia":"MovieClips/textConvertido_8_0","classe":"textConvertido_8_0","nome":"eli02_04_8_1"},{"tipo":"img","x":"587.5px","y":"193.45px","width":"305.05px","height":"333.95px","nomeInstancia":"MovieClips/transicao_8_2","classe":"transicao_8_2","nome":"eli02_04_8_2"}]},{"desenhos":[{"tipo":"img","x":"101.25px","y":"423.55px","width":"426px","height":"43.1px","nomeInstancia":"MovieClips/textConvertido_9_0","classe":"textConvertido_9_0","nome":"eli02_04_9_0"},{"tipo":"img","x":"101.25px","y":"256.3px","width":"426px","height":"22.55px","nomeInstancia":"MovieClips/textConvertido_8_1","classe":"textConvertido_8_1","nome":"eli02_04_8_0"},{"tipo":"img","x":"101.25px","y":"302.5px","width":"420.85px","height":"104.75px","nomeInstancia":"MovieClips/textConvertido_8_0","classe":"textConvertido_8_0","nome":"eli02_04_8_1"},{"tipo":"img","x":"587.5px","y":"193.45px","width":"305.05px","height":"333.95px","nomeInstancia":"MovieClips/transicao_8_2","classe":"transicao_8_2","nome":"eli02_04_8_2"}]},{"desenhos":[{"tipo":"img","x":"465.25px","y":"325.75px","width":"426px","height":"63.65px","nomeInstancia":"MovieClips/textConvertido_10_0","classe":"textConvertido_10_0","nome":"eli02_04_10_0"},{"tipo":"img","x":"465.25px","y":"284.8px","width":"426px","height":"22.55px","nomeInstancia":"MovieClips/textConvertido_10_1","classe":"textConvertido_10_1","nome":"eli02_04_10_1"},{"tipo":"img","x":"138.6px","y":"226.65px","width":"222.95px","height":"267.5px","nomeInstancia":"MovieClips/transicao_10_2","classe":"transicao_10_2","nome":"eli02_04_10_2"}]},{"desenhos":[{"tipo":"img","x":"465.25px","y":"404.7px","width":"426px","height":"63.65px","nomeInstancia":"MovieClips/textConvertido_11_0","classe":"textConvertido_11_0","nome":"eli02_04_11_0"},{"tipo":"img","x":"465.25px","y":"325.75px","width":"426px","height":"63.65px","nomeInstancia":"MovieClips/textConvertido_10_0","classe":"textConvertido_10_0","nome":"eli02_04_10_0"},{"tipo":"img","x":"465.25px","y":"284.8px","width":"426px","height":"22.55px","nomeInstancia":"MovieClips/textConvertido_10_1","classe":"textConvertido_10_1","nome":"eli02_04_10_1"},{"tipo":"img","x":"138.6px","y":"226.65px","width":"222.95px","height":"267.5px","nomeInstancia":"MovieClips/transicao_10_2","classe":"transicao_10_2","nome":"eli02_04_10_2"}]},{"desenhos":[{"tipo":"img","x":"119.15px","y":"259.5px","width":"426px","height":"22.55px","nomeInstancia":"MovieClips/textConvertido_12_1","classe":"textConvertido_12_1","nome":"eli02_04_12_0"},{"tipo":"img","x":"119.15px","y":"314.15px","width":"426px","height":"84.2px","nomeInstancia":"MovieClips/textConvertido_12_0","classe":"textConvertido_12_0","nome":"eli02_04_12_1"},{"tipo":"img","x":"666.45px","y":"265.75px","width":"182.95px","height":"183px","nomeInstancia":"MovieClips/transicao_12_2","classe":"transicao_12_2","nome":"eli02_04_12_2"}]},{"desenhos":[{"tipo":"img","x":"119.15px","y":"418.9px","width":"437.7px","height":"43.1px","nomeInstancia":"MovieClips/textConvertido_13_0","classe":"textConvertido_13_0","nome":"eli02_04_13_0"},{"tipo":"img","x":"119.15px","y":"259.5px","width":"426px","height":"22.55px","nomeInstancia":"MovieClips/textConvertido_12_1","classe":"textConvertido_12_1","nome":"eli02_04_12_0"},{"tipo":"img","x":"119.15px","y":"314.15px","width":"426px","height":"84.2px","nomeInstancia":"MovieClips/textConvertido_12_0","classe":"textConvertido_12_0","nome":"eli02_04_12_1"},{"tipo":"img","x":"666.45px","y":"265.75px","width":"182.95px","height":"183px","nomeInstancia":"MovieClips/transicao_12_2","classe":"transicao_12_2","nome":"eli02_04_12_2"}]},{"desenhos":[{"tipo":"img","x":"264.65px","y":"221px","width":"721.8px","height":"309.3px","nomeInstancia":"MovieClips/jogoLabirinto14","classe":"jogoLabirinto14","nome":"eli02_04_14_0"},{"tipo":"img","x":"70.5px","y":"296.95px","width":"326.3px","height":"84.2px","nomeInstancia":"MovieClips/textConvertido_14_1","classe":"textConvertido_14_1","nome":"eli02_04_14_1"},{"tipo":"img","x":"70.5px","y":"177.35px","width":"214.45px","height":"91.7px","nomeInstancia":"MovieClips/transicao_14_2","classe":"transicao_14_2","nome":"eli02_04_14_2"}]},{"desenhos":[{"tipo":"img","x":"158.7px","y":"212.95px","width":"778.5px","height":"372.95px","nomeInstancia":"MovieClips/telaInfo15","classe":"telaInfo15","nome":"eli02_04_15_0"},{"tipo":"img","x":"109.05px","y":"339.4px","width":"336.65px","height":"84.2px","nomeInstancia":"MovieClips/textConvertido_15_1","classe":"textConvertido_15_1","nome":"eli02_04_15_1"},{"tipo":"img","x":"109.05px","y":"300.55px","width":"314.15px","height":"22.55px","nomeInstancia":"MovieClips/textConvertido_15_2","classe":"textConvertido_15_2","nome":"eli02_04_15_2"},{"tipo":"img","x":"535.05px","y":"212.55px","width":"419.3px","height":"303.4px","nomeInstancia":"MovieClips/transicao_15_3","classe":"transicao_15_3","nome":"eli02_04_15_3"}]},{"desenhos":[{"tipo":"img","x":"539.05px","y":"298.8px","width":"381.25px","height":"43.1px","nomeInstancia":"MovieClips/textConvertido_16_0","classe":"textConvertido_16_0","nome":"eli02_04_16_0"}]},{"desenhos":[{"tipo":"img","x":"539.05px","y":"363.05px","width":"426px","height":"22.55px","nomeInstancia":"MovieClips/textConvertido_17_0","classe":"textConvertido_17_0","nome":"eli02_04_17_0"},{"tipo":"img","x":"539.05px","y":"298.8px","width":"381.25px","height":"43.1px","nomeInstancia":"MovieClips/textConvertido_16_0","classe":"textConvertido_16_0","nome":"eli02_04_16_0"},{"tipo":"img","x":"51.3px","y":"221.45px","width":"453.85px","height":"297.15px","nomeInstancia":"MovieClips/abas17","classe":"abas17","nome":"eli02_04_17_2"}]},{"desenhos":[{"tipo":"img","x":"73.3px","y":"215.9px","width":"894.1px","height":"390.05px","nomeInstancia":"MovieClips/opcoes18","classe":"opcoes18","nome":"eli02_04_18_0"},{"tipo":"img","x":"-222.4px","y":"158.55px","width":"426px","height":"22.55px","nomeInstancia":"MovieClips/textConvertido_18_2","classe":"textConvertido_18_2","nome":"eli02_04_18_1"},{"tipo":"img","x":"73.3px","y":"236.25px","width":"877.9px","height":"289.7px","nomeInstancia":"MovieClips/textConvertido_18_3","classe":"textConvertido_18_3","nome":"eli02_04_18_2"},{"tipo":"img","x":"73.3px","y":"115.75px","width":"214.45px","height":"91.7px","nomeInstancia":"MovieClips/transicao_18_4","classe":"transicao_18_4","nome":"eli02_04_18_3"}]},{"desenhos":[{"tipo":"img","x":"383.05px","y":"152.8px","width":"509.75px","height":"125.1px","nomeInstancia":"MovieClips/transicao_19_0","classe":"transicao_19_0","nome":"eli02_04_19_0"},{"tipo":"img","x":"38.55px","y":"120.3px","width":"190.6px","height":"83.85px","nomeInstancia":"MovieClips/transicao_19_2","classe":"transicao_19_2","nome":"eli02_04_19_1"},{"nome":"eli02_04_19_2","tipo":"personagem","x":"0px","y":"0px","width":"1016px","height":"659px","nomeInstancia":"MovieClips/animaP19","classe":"animaP19"}]},{"desenhos":[{"tipo":"img","x":"421.65px","y":"272.7px","width":"471.15px","height":"136.85px","nomeInstancia":"MovieClips/transicao_20_0","classe":"transicao_20_0","nome":"eli02_04_20_0"},{"tipo":"img","x":"383.05px","y":"152.8px","width":"509.75px","height":"125.1px","nomeInstancia":"MovieClips/transicao_19_0","classe":"transicao_19_0","nome":"eli02_04_19_0"},{"tipo":"img","x":"38.55px","y":"120.3px","width":"190.6px","height":"83.85px","nomeInstancia":"MovieClips/transicao_19_2","classe":"transicao_19_2","nome":"eli02_04_19_1"},{"nome":"eli02_04_19_2","tipo":"personagem","x":"0px","y":"0px","width":"1016px","height":"659px","nomeInstancia":"MovieClips/animaP19","classe":"animaP19"}]},{"desenhos":[{"tipo":"img","x":"272.2px","y":"122.3px","width":"471.6px","height":"475.3px","nomeInstancia":"MovieClips/transicao_21_0","classe":"transicao_21_0","nome":"eli02_04_21_0"}]},{"desenhos":[{"tipo":"img","x":"421.95px","y":"235.75px","width":"421.2px","height":"171.95px","nomeInstancia":"MovieClips/transicao_22_0","classe":"transicao_22_0","nome":"eli02_04_22_0"},{"tipo":"img","x":"137.4px","y":"193.45px","width":"275.85px","height":"333.2px","nomeInstancia":"MovieClips/transicao_22_1","classe":"transicao_22_1","nome":"eli02_04_22_1"}]}]}