{"licao":"eli02_00","topico":"00","telas":[{"desenhos":[{"tipo":"img","x":"88.05px","y":"210.6px","width":"546.4px","height":"106.2px","nomeInstancia":"MovieClips/transicao_1_0","classe":"transicao_1_0","nome":"eli02_00_1_0"},{"nome":"eli02_00_1_1","tipo":"personagem","x":"0px","y":"0px","width":"1016px","height":"659px","nomeInstancia":"MovieClips/animaP01","classe":"animaP01"}]},{"desenhos":[{"tipo":"img","x":"100.85px","y":"312.75px","width":"488.65px","height":"123.45px","nomeInstancia":"MovieClips/transicao_2_0","classe":"transicao_2_0","nome":"eli02_00_2_0"},{"tipo":"img","x":"88.05px","y":"210.6px","width":"546.4px","height":"106.2px","nomeInstancia":"MovieClips/transicao_1_0","classe":"transicao_1_0","nome":"eli02_00_1_0"},{"nome":"eli02_00_1_1","tipo":"personagem","x":"0px","y":"0px","width":"1016px","height":"659px","nomeInstancia":"MovieClips/animaP01","classe":"animaP01"}]},{"desenhos":[{"tipo":"img","x":"167.35px","y":"431.4px","width":"422.15px","height":"98.3px","nomeInstancia":"MovieClips/transicao_3_0","classe":"transicao_3_0","nome":"eli02_00_3_0"},{"tipo":"img","x":"100.85px","y":"312.75px","width":"488.65px","height":"123.45px","nomeInstancia":"MovieClips/transicao_2_0","classe":"transicao_2_0","nome":"eli02_00_2_0"},{"tipo":"img","x":"88.05px","y":"210.6px","width":"546.4px","height":"106.2px","nomeInstancia":"MovieClips/transicao_1_0","classe":"transicao_1_0","nome":"eli02_00_1_0"},{"nome":"eli02_00_1_1","tipo":"personagem","x":"0px","y":"0px","width":"1016px","height":"659px","nomeInstancia":"MovieClips/animaP01","classe":"animaP01"}]}]}