{"licao":"eli02_02","topico":"02","telas":[{"desenhos":[{"tipo":"img","x":"58.8px","y":"258.8px","width":"377.55px","height":"125.3px","nomeInstancia":"MovieClips/textConvertido_1_0","classe":"textConvertido_1_0","nome":"eli02_02_1_0"},{"tipo":"img","x":"467.8px","y":"228.8px","width":"471.4px","height":"244.5px","nomeInstancia":"MovieClips/transicao_1_1","classe":"transicao_1_1","nome":"eli02_02_1_1"}]},{"desenhos":[{"tipo":"img","x":"58.8px","y":"400.9px","width":"370.45px","height":"43.1px","nomeInstancia":"MovieClips/textConvertido_2_0","classe":"textConvertido_2_0","nome":"eli02_02_2_0"},{"tipo":"img","x":"58.8px","y":"258.8px","width":"377.55px","height":"125.3px","nomeInstancia":"MovieClips/textConvertido_1_0","classe":"textConvertido_1_0","nome":"eli02_02_1_0"},{"tipo":"img","x":"467.8px","y":"228.8px","width":"471.4px","height":"244.5px","nomeInstancia":"MovieClips/transicao_1_1","classe":"transicao_1_1","nome":"eli02_02_1_1"}]},{"desenhos":[{"tipo":"img","x":"564.8px","y":"235.55px","width":"360.45px","height":"104.75px","nomeInstancia":"MovieClips/textConvertido_3_0","classe":"textConvertido_3_0","nome":"eli02_02_3_0"},{"tipo":"img","x":"41.65px","y":"246.65px","width":"479.5px","height":"241.85px","nomeInstancia":"MovieClips/transicao_3_1","classe":"transicao_3_1","nome":"eli02_02_3_1"}]},{"desenhos":[{"tipo":"img","x":"564.8px","y":"364.15px","width":"388.8px","height":"145.85px","nomeInstancia":"MovieClips/textConvertido_4_0","classe":"textConvertido_4_0","nome":"eli02_02_4_0"},{"tipo":"img","x":"564.8px","y":"235.55px","width":"360.45px","height":"104.75px","nomeInstancia":"MovieClips/textConvertido_3_0","classe":"textConvertido_3_0","nome":"eli02_02_3_0"},{"tipo":"img","x":"41.65px","y":"246.65px","width":"479.5px","height":"241.85px","nomeInstancia":"MovieClips/transicao_3_1","classe":"transicao_3_1","nome":"eli02_02_3_1"}]},{"desenhos":[{"tipo":"img","x":"86.1px","y":"275.05px","width":"360.35px","height":"104.75px","nomeInstancia":"MovieClips/textConvertido_5_0","classe":"textConvertido_5_0","nome":"eli02_02_5_0"},{"tipo":"img","x":"524.4px","y":"254.9px","width":"390.6px","height":"249px","nomeInstancia":"MovieClips/transicao_5_1","classe":"transicao_5_1","nome":"eli02_02_5_1"}]},{"desenhos":[{"tipo":"img","x":"86.1px","y":"400.95px","width":"369.45px","height":"63.65px","nomeInstancia":"MovieClips/textConvertido_6_0","classe":"textConvertido_6_0","nome":"eli02_02_6_0"},{"tipo":"img","x":"86.1px","y":"275.05px","width":"360.35px","height":"104.75px","nomeInstancia":"MovieClips/textConvertido_5_0","classe":"textConvertido_5_0","nome":"eli02_02_5_0"},{"tipo":"img","x":"524.4px","y":"254.9px","width":"390.6px","height":"249px","nomeInstancia":"MovieClips/transicao_5_1","classe":"transicao_5_1","nome":"eli02_02_5_1"}]},{"desenhos":[{"tipo":"img","x":"144.15px","y":"326px","width":"818.25px","height":"241.5px","nomeInstancia":"MovieClips/opcoes07","classe":"opcoes07","nome":"eli02_02_7_0"},{"tipo":"img","x":"144.15px","y":"310.65px","width":"772px","height":"186.95px","nomeInstancia":"MovieClips/textConvertido_7_1","classe":"textConvertido_7_1","nome":"eli02_02_7_1"},{"tipo":"img","x":"80.2px","y":"138.1px","width":"214.45px","height":"91.7px","nomeInstancia":"MovieClips/transicao_7_2","classe":"transicao_7_2","nome":"eli02_02_7_2"}]},{"desenhos":[{"tipo":"img","x":"107.4px","y":"338.8px","width":"341.1px","height":"63.65px","nomeInstancia":"MovieClips/textConvertido_8_0","classe":"textConvertido_8_0","nome":"eli02_02_8_0"},{"tipo":"img","x":"501.15px","y":"249.2px","width":"386.6px","height":"250.05px","nomeInstancia":"MovieClips/transicao_8_1","classe":"transicao_8_1","nome":"eli02_02_8_1"}]},{"desenhos":[{"tipo":"img","x":"558.7px","y":"302.35px","width":"361.5px","height":"63.65px","nomeInstancia":"MovieClips/textConvertido_9_0","classe":"textConvertido_9_0","nome":"eli02_02_9_0"},{"tipo":"img","x":"51.35px","y":"174.7px","width":"467.4px","height":"401.7px","nomeInstancia":"MovieClips/transicao_9_1","classe":"transicao_9_1","nome":"eli02_02_9_1"}]},{"desenhos":[{"tipo":"img","x":"558.7px","y":"384.1px","width":"386.8px","height":"63.65px","nomeInstancia":"MovieClips/textConvertido_10_0","classe":"textConvertido_10_0","nome":"eli02_02_10_0"},{"tipo":"img","x":"558.7px","y":"302.35px","width":"361.5px","height":"63.65px","nomeInstancia":"MovieClips/textConvertido_9_0","classe":"textConvertido_9_0","nome":"eli02_02_9_0"},{"tipo":"img","x":"51.35px","y":"174.7px","width":"467.4px","height":"401.7px","nomeInstancia":"MovieClips/transicao_9_1","classe":"transicao_9_1","nome":"eli02_02_9_1"}]},{"desenhos":[{"tipo":"img","x":"76px","y":"260.05px","width":"432.55px","height":"84.2px","nomeInstancia":"MovieClips/textConvertido_11_0","classe":"textConvertido_11_0","nome":"eli02_02_11_0"},{"tipo":"img","x":"547.1px","y":"197.5px","width":"389.2px","height":"333.7px","nomeInstancia":"MovieClips/transicao_11_1","classe":"transicao_11_1","nome":"eli02_02_11_1"}]},{"desenhos":[{"tipo":"img","x":"76px","y":"145.65px","width":"854.05px","height":"437.05px","nomeInstancia":"MovieClips/telaInfo12","classe":"telaInfo12","nome":"eli02_02_12_0"},{"tipo":"img","x":"76px","y":"374.8px","width":"400.15px","height":"84.2px","nomeInstancia":"MovieClips/textConvertido_12_1","classe":"textConvertido_12_1","nome":"eli02_02_12_1"},{"tipo":"img","x":"76px","y":"260.05px","width":"432.55px","height":"84.2px","nomeInstancia":"MovieClips/textConvertido_11_0","classe":"textConvertido_11_0","nome":"eli02_02_11_0"},{"tipo":"img","x":"547.1px","y":"197.5px","width":"389.2px","height":"333.7px","nomeInstancia":"MovieClips/transicao_11_1","classe":"transicao_11_1","nome":"eli02_02_11_1"}]},{"desenhos":[{"tipo":"img","x":"152.3px","y":"212.95px","width":"810.1px","height":"354.55px","nomeInstancia":"MovieClips/opcoes13","classe":"opcoes13","nome":"eli02_02_13_0"},{"tipo":"img","x":"144.15px","y":"310.65px","width":"810.15px","height":"186.95px","nomeInstancia":"MovieClips/textConvertido_13_2","classe":"textConvertido_13_2","nome":"eli02_02_13_1"},{"tipo":"img","x":"80.2px","y":"138.1px","width":"214.45px","height":"91.7px","nomeInstancia":"MovieClips/transicao_13_1","classe":"transicao_13_1","nome":"eli02_02_13_2"}]}]}