{"licao":"elb08_03","topico":"03","telas":[{"desenhos":[{"tipo":"img","x":"102.45px","y":"319.55px","width":"426px","height":"104.75px","nomeInstancia":"MovieClips/textConvertido_1_0","classe":"textConvertido_1_0","nome":"elb08_03_1_0"},{"tipo":"img","x":"76px","y":"154.7px","width":"426px","height":"24.9px","nomeInstancia":"MovieClips/textConvertido_1_1","classe":"textConvertido_1_1","nome":"elb08_03_1_1"},{"tipo":"img","x":"624.05px","y":"209.9px","width":"223.45px","height":"299.35px","nomeInstancia":"MovieClips/transicao_1_2","classe":"transicao_1_2","nome":"elb08_03_1_2"}]},{"desenhos":[{"tipo":"img","x":"496.05px","y":"279.45px","width":"426px","height":"207.5px","nomeInstancia":"MovieClips/textConvertido_2_0","classe":"textConvertido_2_0","nome":"elb08_03_2_0"},{"tipo":"img","x":"74px","y":"146.85px","width":"426px","height":"24.9px","nomeInstancia":"MovieClips/textConvertido_2_1","classe":"textConvertido_2_1","nome":"elb08_03_2_1"},{"tipo":"img","x":"131.55px","y":"235.15px","width":"259.8px","height":"285.35px","nomeInstancia":"MovieClips/transicao_2_2","classe":"transicao_2_2","nome":"elb08_03_2_2"}]},{"desenhos":[{"tipo":"img","x":"81px","y":"299.95px","width":"426px","height":"84.2px","nomeInstancia":"MovieClips/textConvertido_3_0","classe":"textConvertido_3_0","nome":"elb08_03_3_0"},{"tipo":"img","x":"76px","y":"154.75px","width":"426px","height":"24.9px","nomeInstancia":"MovieClips/textConvertido_3_1","classe":"textConvertido_3_1","nome":"elb08_03_3_1"},{"tipo":"img","x":"581.05px","y":"230.25px","width":"327.2px","height":"286.15px","nomeInstancia":"MovieClips/transicao_3_2","classe":"transicao_3_2","nome":"elb08_03_3_2"}]},{"desenhos":[{"tipo":"img","x":"81px","y":"406.85px","width":"426px","height":"63.65px","nomeInstancia":"MovieClips/textConvertido_4_0","classe":"textConvertido_4_0","nome":"elb08_03_4_0"},{"tipo":"img","x":"81px","y":"299.95px","width":"426px","height":"84.2px","nomeInstancia":"MovieClips/textConvertido_3_0","classe":"textConvertido_3_0","nome":"elb08_03_3_0"},{"tipo":"img","x":"76px","y":"154.75px","width":"426px","height":"24.9px","nomeInstancia":"MovieClips/textConvertido_3_1","classe":"textConvertido_3_1","nome":"elb08_03_3_1"},{"tipo":"img","x":"581.05px","y":"230.25px","width":"327.2px","height":"286.15px","nomeInstancia":"MovieClips/transicao_3_2","classe":"transicao_3_2","nome":"elb08_03_3_2"}]},{"desenhos":[{"tipo":"img","x":"258px","y":"163.45px","width":"566.1px","height":"111.25px","nomeInstancia":"MovieClips/transicao_5_0","classe":"transicao_5_0","nome":"elb08_03_5_0"},{"nome":"elb08_03_5_1","tipo":"personagem","x":"0px","y":"0px","width":"1016px","height":"659px","nomeInstancia":"MovieClips/animaP5","classe":"animaP5"}]},{"desenhos":[{"tipo":"img","x":"371.25px","y":"270.05px","width":"497.2px","height":"153.35px","nomeInstancia":"MovieClips/transicao_6_0","classe":"transicao_6_0","nome":"elb08_03_6_0"},{"tipo":"img","x":"258px","y":"163.45px","width":"566.1px","height":"111.25px","nomeInstancia":"MovieClips/transicao_5_0","classe":"transicao_5_0","nome":"elb08_03_5_0"},{"nome":"elb08_03_5_1","tipo":"personagem","x":"0px","y":"0px","width":"1016px","height":"659px","nomeInstancia":"MovieClips/animaP5","classe":"animaP5"}]},{"desenhos":[{"tipo":"img","x":"76px","y":"252.1px","width":"426px","height":"104.75px","nomeInstancia":"MovieClips/textConvertido_7_0","classe":"textConvertido_7_0","nome":"elb08_03_7_0"},{"tipo":"img","x":"620.65px","y":"247.1px","width":"238px","height":"224.9px","nomeInstancia":"MovieClips/transicao_7_1","classe":"transicao_7_1","nome":"elb08_03_7_1"}]},{"desenhos":[{"tipo":"img","x":"76px","y":"377.6px","width":"426px","height":"104.75px","nomeInstancia":"MovieClips/textConvertido_8_0","classe":"textConvertido_8_0","nome":"elb08_03_8_0"},{"tipo":"img","x":"76px","y":"252.1px","width":"426px","height":"104.75px","nomeInstancia":"MovieClips/textConvertido_7_0","classe":"textConvertido_7_0","nome":"elb08_03_7_0"},{"tipo":"img","x":"620.65px","y":"247.1px","width":"238px","height":"224.9px","nomeInstancia":"MovieClips/transicao_7_1","classe":"transicao_7_1","nome":"elb08_03_7_1"}]},{"desenhos":[{"tipo":"img","x":"211.2px","y":"189.95px","width":"724.75px","height":"384.75px","nomeInstancia":"MovieClips/telaInfo09","classe":"telaInfo09","nome":"elb08_03_9_0"},{"tipo":"img","x":"509.95px","y":"298.8px","width":"426px","height":"125.3px","nomeInstancia":"MovieClips/textConvertido_9_1","classe":"textConvertido_9_1","nome":"elb08_03_9_1"},{"tipo":"img","x":"58.15px","y":"243.25px","width":"403.2px","height":"238.65px","nomeInstancia":"MovieClips/transicao_9_2","classe":"transicao_9_2","nome":"elb08_03_9_2"}]},{"desenhos":[{"tipo":"img","x":"86.8px","y":"297.05px","width":"426px","height":"63.65px","nomeInstancia":"MovieClips/textConvertido_10_0","classe":"textConvertido_10_0","nome":"elb08_03_10_0"},{"tipo":"img","x":"76px","y":"143px","width":"426px","height":"24.9px","nomeInstancia":"MovieClips/textConvertido_10_1","classe":"textConvertido_10_1","nome":"elb08_03_10_1"},{"tipo":"img","x":"615.65px","y":"238.05px","width":"263.7px","height":"266.65px","nomeInstancia":"MovieClips/transicao_10_2","classe":"transicao_10_2","nome":"elb08_03_10_2"}]},{"desenhos":[{"tipo":"img","x":"86.8px","y":"379.55px","width":"426px","height":"63.65px","nomeInstancia":"MovieClips/textConvertido_11_0","classe":"textConvertido_11_0","nome":"elb08_03_11_0"},{"tipo":"img","x":"86.8px","y":"297.05px","width":"426px","height":"63.65px","nomeInstancia":"MovieClips/textConvertido_10_0","classe":"textConvertido_10_0","nome":"elb08_03_10_0"},{"tipo":"img","x":"76px","y":"143px","width":"426px","height":"24.9px","nomeInstancia":"MovieClips/textConvertido_10_1","classe":"textConvertido_10_1","nome":"elb08_03_10_1"},{"tipo":"img","x":"615.65px","y":"238.05px","width":"263.7px","height":"266.65px","nomeInstancia":"MovieClips/transicao_10_2","classe":"transicao_10_2","nome":"elb08_03_10_2"}]},{"desenhos":[{"tipo":"img","x":"500px","y":"280.1px","width":"426px","height":"63.65px","nomeInstancia":"MovieClips/textConvertido_12_0","classe":"textConvertido_12_0","nome":"elb08_03_12_0"},{"tipo":"img","x":"122.8px","y":"255.95px","width":"254.05px","height":"224.85px","nomeInstancia":"MovieClips/transicao_12_1","classe":"transicao_12_1","nome":"elb08_03_12_1"}]},{"desenhos":[{"tipo":"img","x":"500px","y":"362.55px","width":"426px","height":"84.2px","nomeInstancia":"MovieClips/textConvertido_13_0","classe":"textConvertido_13_0","nome":"elb08_03_13_0"},{"tipo":"img","x":"500px","y":"280.1px","width":"426px","height":"63.65px","nomeInstancia":"MovieClips/textConvertido_12_0","classe":"textConvertido_12_0","nome":"elb08_03_12_0"},{"tipo":"img","x":"122.8px","y":"255.95px","width":"254.05px","height":"224.85px","nomeInstancia":"MovieClips/transicao_12_1","classe":"transicao_12_1","nome":"elb08_03_12_1"}]},{"desenhos":[{"tipo":"img","x":"210.2px","y":"232.95px","width":"515.7px","height":"99.45px","nomeInstancia":"MovieClips/transicao_14_0","classe":"transicao_14_0","nome":"elb08_03_14_0"},{"nome":"elb08_03_14_1","tipo":"personagem","x":"0px","y":"0px","width":"1016px","height":"659px","nomeInstancia":"MovieClips/animaP14","classe":"animaP14"}]},{"desenhos":[{"tipo":"img","x":"87.8px","y":"328.8px","width":"550.1px","height":"137.6px","nomeInstancia":"MovieClips/transicao_15_0","classe":"transicao_15_0","nome":"elb08_03_15_0"},{"tipo":"img","x":"210.2px","y":"232.95px","width":"515.7px","height":"99.45px","nomeInstancia":"MovieClips/transicao_14_0","classe":"transicao_14_0","nome":"elb08_03_14_0"},{"nome":"elb08_03_14_1","tipo":"personagem","x":"0px","y":"0px","width":"1016px","height":"659px","nomeInstancia":"MovieClips/animaP14","classe":"animaP14"}]},{"desenhos":[{"tipo":"img","x":"491.2px","y":"221.35px","width":"426px","height":"63.65px","nomeInstancia":"MovieClips/textConvertido_16_0","classe":"textConvertido_16_0","nome":"elb08_03_16_0"},{"tipo":"img","x":"166.45px","y":"186.75px","width":"196px","height":"345.65px","nomeInstancia":"MovieClips/transicao_16_1","classe":"transicao_16_1","nome":"elb08_03_16_1"}]},{"desenhos":[{"tipo":"img","x":"491.2px","y":"313.1px","width":"426px","height":"84.2px","nomeInstancia":"MovieClips/textConvertido_17_0","classe":"textConvertido_17_0","nome":"elb08_03_17_0"},{"tipo":"img","x":"491.2px","y":"221.35px","width":"426px","height":"63.65px","nomeInstancia":"MovieClips/textConvertido_16_0","classe":"textConvertido_16_0","nome":"elb08_03_16_0"},{"tipo":"img","x":"166.45px","y":"186.75px","width":"196px","height":"345.65px","nomeInstancia":"MovieClips/transicao_16_1","classe":"transicao_16_1","nome":"elb08_03_16_1"}]},{"desenhos":[{"tipo":"img","x":"491.2px","y":"425.4px","width":"426px","height":"84.2px","nomeInstancia":"MovieClips/textConvertido_18_0","classe":"textConvertido_18_0","nome":"elb08_03_18_0"},{"tipo":"img","x":"491.2px","y":"313.1px","width":"426px","height":"84.2px","nomeInstancia":"MovieClips/textConvertido_17_0","classe":"textConvertido_17_0","nome":"elb08_03_17_0"},{"tipo":"img","x":"491.2px","y":"221.35px","width":"426px","height":"63.65px","nomeInstancia":"MovieClips/textConvertido_16_0","classe":"textConvertido_16_0","nome":"elb08_03_16_0"},{"tipo":"img","x":"166.45px","y":"186.75px","width":"196px","height":"345.65px","nomeInstancia":"MovieClips/transicao_16_1","classe":"transicao_16_1","nome":"elb08_03_16_1"}]},{"desenhos":[{"tipo":"img","x":"96.6px","y":"306.05px","width":"426px","height":"145.85px","nomeInstancia":"MovieClips/textConvertido_19_0","classe":"textConvertido_19_0","nome":"elb08_03_19_0"},{"tipo":"img","x":"76px","y":"144.9px","width":"426px","height":"47.8px","nomeInstancia":"MovieClips/textConvertido_19_1","classe":"textConvertido_19_1","nome":"elb08_03_19_1"},{"tipo":"img","x":"646px","y":"270.6px","width":"226.55px","height":"196.15px","nomeInstancia":"MovieClips/transicao_19_2","classe":"transicao_19_2","nome":"elb08_03_19_2"}]},{"desenhos":[{"tipo":"img","x":"72.8px","y":"146.85px","width":"426px","height":"24.9px","nomeInstancia":"MovieClips/textConvertido_20_0","classe":"textConvertido_20_0","nome":"elb08_03_20_0"},{"tipo":"img","x":"45.2px","y":"278.3px","width":"481.8px","height":"168.4px","nomeInstancia":"MovieClips/transicao_20_1","classe":"transicao_20_1","nome":"elb08_03_20_1"}]},{"desenhos":[{"tipo":"img","x":"589.15px","y":"248.1px","width":"347.65px","height":"43.1px","nomeInstancia":"MovieClips/textConvertido_21_0","classe":"textConvertido_21_0","nome":"elb08_03_21_0"},{"tipo":"img","x":"72.8px","y":"146.85px","width":"426px","height":"24.9px","nomeInstancia":"MovieClips/textConvertido_20_0","classe":"textConvertido_20_0","nome":"elb08_03_20_0"},{"tipo":"img","x":"45.2px","y":"278.3px","width":"481.8px","height":"168.4px","nomeInstancia":"MovieClips/transicao_20_1","classe":"transicao_20_1","nome":"elb08_03_20_1"}]},{"desenhos":[{"tipo":"img","x":"589.15px","y":"307.55px","width":"337.85px","height":"63.65px","nomeInstancia":"MovieClips/textConvertido_22_0","classe":"textConvertido_22_0","nome":"elb08_03_22_0"},{"tipo":"img","x":"589.15px","y":"248.1px","width":"347.65px","height":"43.1px","nomeInstancia":"MovieClips/textConvertido_21_0","classe":"textConvertido_21_0","nome":"elb08_03_21_0"},{"tipo":"img","x":"72.8px","y":"146.85px","width":"426px","height":"24.9px","nomeInstancia":"MovieClips/textConvertido_20_0","classe":"textConvertido_20_0","nome":"elb08_03_20_0"},{"tipo":"img","x":"45.2px","y":"278.3px","width":"481.8px","height":"168.4px","nomeInstancia":"MovieClips/transicao_20_1","classe":"transicao_20_1","nome":"elb08_03_20_1"}]},{"desenhos":[{"tipo":"img","x":"589.15px","y":"387.55px","width":"347.65px","height":"84.2px","nomeInstancia":"MovieClips/textConvertido_23_0","classe":"textConvertido_23_0","nome":"elb08_03_23_0"},{"tipo":"img","x":"589.15px","y":"307.55px","width":"337.85px","height":"63.65px","nomeInstancia":"MovieClips/textConvertido_22_0","classe":"textConvertido_22_0","nome":"elb08_03_22_0"},{"tipo":"img","x":"589.15px","y":"248.1px","width":"347.65px","height":"43.1px","nomeInstancia":"MovieClips/textConvertido_21_0","classe":"textConvertido_21_0","nome":"elb08_03_21_0"},{"tipo":"img","x":"72.8px","y":"146.85px","width":"426px","height":"24.9px","nomeInstancia":"MovieClips/textConvertido_20_0","classe":"textConvertido_20_0","nome":"elb08_03_20_0"},{"tipo":"img","x":"45.2px","y":"278.3px","width":"481.8px","height":"168.4px","nomeInstancia":"MovieClips/transicao_20_1","classe":"transicao_20_1","nome":"elb08_03_20_1"}]},{"desenhos":[{"tipo":"img","x":"68.15px","y":"251.95px","width":"426px","height":"145.85px","nomeInstancia":"MovieClips/textConvertido_24_0","classe":"textConvertido_24_0","nome":"elb08_03_24_0"},{"tipo":"img","x":"55.45px","y":"141px","width":"426px","height":"24.9px","nomeInstancia":"MovieClips/textConvertido_24_1","classe":"textConvertido_24_1","nome":"elb08_03_24_1"},{"tipo":"img","x":"529.05px","y":"246.1px","width":"421.25px","height":"256.65px","nomeInstancia":"MovieClips/transicao_24_2","classe":"transicao_24_2","nome":"elb08_03_24_2"}]},{"desenhos":[{"tipo":"img","x":"68.15px","y":"418.55px","width":"426px","height":"84.2px","nomeInstancia":"MovieClips/textConvertido_25_0","classe":"textConvertido_25_0","nome":"elb08_03_25_0"},{"tipo":"img","x":"68.15px","y":"251.95px","width":"426px","height":"145.85px","nomeInstancia":"MovieClips/textConvertido_24_0","classe":"textConvertido_24_0","nome":"elb08_03_24_0"},{"tipo":"img","x":"55.45px","y":"141px","width":"426px","height":"24.9px","nomeInstancia":"MovieClips/textConvertido_24_1","classe":"textConvertido_24_1","nome":"elb08_03_24_1"},{"tipo":"img","x":"529.05px","y":"246.1px","width":"421.25px","height":"256.65px","nomeInstancia":"MovieClips/transicao_24_2","classe":"transicao_24_2","nome":"elb08_03_24_2"}]},{"desenhos":[{"tipo":"img","x":"527.85px","y":"148.85px","width":"426px","height":"84.2px","nomeInstancia":"MovieClips/textConvertido_26_0","classe":"textConvertido_26_0","nome":"elb08_03_26_0"},{"tipo":"img","x":"54.2px","y":"378.6px","width":"473.65px","height":"195.05px","nomeInstancia":"MovieClips/transicao_26_1","classe":"transicao_26_1","nome":"elb08_03_26_1"}]},{"desenhos":[{"tipo":"img","x":"227.65px","y":"272.35px","width":"478.5px","height":"79.9px","nomeInstancia":"MovieClips/transicao_27_1","classe":"transicao_27_1","nome":"elb08_03_27_0"},{"nome":"elb08_03_27_1","tipo":"personagem","x":"0px","y":"0px","width":"1016px","height":"659px","nomeInstancia":"MovieClips/animaP27","classe":"animaP27"},{"tipo":"img","x":"527.85px","y":"148.85px","width":"426px","height":"84.2px","nomeInstancia":"MovieClips/textConvertido_26_0","classe":"textConvertido_26_0","nome":"elb08_03_26_0"},{"tipo":"img","x":"54.2px","y":"378.6px","width":"473.65px","height":"195.05px","nomeInstancia":"MovieClips/transicao_26_1","classe":"transicao_26_1","nome":"elb08_03_26_1"}]},{"desenhos":[{"tipo":"img","x":"76px","y":"142.95px","width":"426px","height":"24.9px","nomeInstancia":"MovieClips/textConvertido_28_0","classe":"textConvertido_28_0","nome":"elb08_03_28_0"},{"tipo":"img","x":"607.15px","y":"312.55px","width":"278.8px","height":"113.45px","nomeInstancia":"MovieClips/transicao_28_1","classe":"transicao_28_1","nome":"elb08_03_28_1"}]},{"desenhos":[{"tipo":"img","x":"82.85px","y":"337.2px","width":"426px","height":"63.65px","nomeInstancia":"MovieClips/textConvertido_29_1","classe":"textConvertido_29_1","nome":"elb08_03_29_0"},{"tipo":"img","x":"76px","y":"142.95px","width":"426px","height":"24.9px","nomeInstancia":"MovieClips/textConvertido_28_0","classe":"textConvertido_28_0","nome":"elb08_03_28_0"},{"tipo":"img","x":"607.15px","y":"312.55px","width":"278.8px","height":"113.45px","nomeInstancia":"MovieClips/transicao_28_1","classe":"transicao_28_1","nome":"elb08_03_28_1"}]},{"desenhos":[{"tipo":"img","x":"234.15px","y":"239.05px","width":"547.6px","height":"241.8px","nomeInstancia":"MovieClips/destaque30","classe":"destaque30","nome":"elb08_03_30_0"},{"tipo":"img","x":"82.85px","y":"337.2px","width":"426px","height":"63.65px","nomeInstancia":"MovieClips/textConvertido_29_1","classe":"textConvertido_29_1","nome":"elb08_03_29_0"},{"tipo":"img","x":"76px","y":"142.95px","width":"426px","height":"24.9px","nomeInstancia":"MovieClips/textConvertido_28_0","classe":"textConvertido_28_0","nome":"elb08_03_28_0"},{"tipo":"img","x":"607.15px","y":"312.55px","width":"278.8px","height":"113.45px","nomeInstancia":"MovieClips/transicao_28_1","classe":"transicao_28_1","nome":"elb08_03_28_1"}]},{"desenhos":[{"tipo":"img","x":"262.8px","y":"192.2px","width":"598.35px","height":"115.15px","nomeInstancia":"MovieClips/transicao_30_0","classe":"transicao_30_0","nome":"elb08_03_31_0"},{"tipo":"img","x":"76.65px","y":"138.1px","width":"426px","height":"24.9px","nomeInstancia":"MovieClips/textConvertido_30_1","classe":"textConvertido_30_1","nome":"elb08_03_31_1"},{"nome":"elb08_03_31_2","tipo":"personagem","x":"0px","y":"0px","width":"1016px","height":"659px","nomeInstancia":"MovieClips/animaP30","classe":"animaP30"}]},{"desenhos":[{"tipo":"img","x":"369.9px","y":"304.35px","width":"516.7px","height":"124.4px","nomeInstancia":"MovieClips/transicao_31_0","classe":"transicao_31_0","nome":"elb08_03_32_0"},{"tipo":"img","x":"262.8px","y":"192.2px","width":"598.35px","height":"115.15px","nomeInstancia":"MovieClips/transicao_30_0","classe":"transicao_30_0","nome":"elb08_03_31_0"},{"tipo":"img","x":"76.65px","y":"138.1px","width":"426px","height":"24.9px","nomeInstancia":"MovieClips/textConvertido_30_1","classe":"textConvertido_30_1","nome":"elb08_03_31_1"},{"nome":"elb08_03_31_2","tipo":"personagem","x":"0px","y":"0px","width":"1016px","height":"659px","nomeInstancia":"MovieClips/animaP30","classe":"animaP30"}]},{"desenhos":[{"tipo":"img","x":"428.45px","y":"425.75px","width":"487.4px","height":"135.7px","nomeInstancia":"MovieClips/transicao_32_0","classe":"transicao_32_0","nome":"elb08_03_33_0"},{"tipo":"img","x":"369.9px","y":"304.35px","width":"516.7px","height":"124.4px","nomeInstancia":"MovieClips/transicao_31_0","classe":"transicao_31_0","nome":"elb08_03_32_0"},{"tipo":"img","x":"262.8px","y":"192.2px","width":"598.35px","height":"115.15px","nomeInstancia":"MovieClips/transicao_30_0","classe":"transicao_30_0","nome":"elb08_03_31_0"},{"tipo":"img","x":"76.65px","y":"138.1px","width":"426px","height":"24.9px","nomeInstancia":"MovieClips/textConvertido_30_1","classe":"textConvertido_30_1","nome":"elb08_03_31_1"},{"nome":"elb08_03_31_2","tipo":"personagem","x":"0px","y":"0px","width":"1016px","height":"659px","nomeInstancia":"MovieClips/animaP30","classe":"animaP30"}]},{"desenhos":[{"tipo":"img","x":"79.95px","y":"274.3px","width":"426px","height":"125.3px","nomeInstancia":"MovieClips/textConvertido_33_0","classe":"textConvertido_33_0","nome":"elb08_03_34_0"},{"tipo":"img","x":"538.8px","y":"258px","width":"409.6px","height":"218.8px","nomeInstancia":"MovieClips/transicao_33_1","classe":"transicao_33_1","nome":"elb08_03_34_1"}]},{"desenhos":[{"tipo":"img","x":"79.95px","y":"422.35px","width":"426px","height":"43.1px","nomeInstancia":"MovieClips/textConvertido_34_0","classe":"textConvertido_34_0","nome":"elb08_03_35_0"},{"tipo":"img","x":"79.95px","y":"274.3px","width":"426px","height":"125.3px","nomeInstancia":"MovieClips/textConvertido_33_0","classe":"textConvertido_33_0","nome":"elb08_03_34_0"},{"tipo":"img","x":"538.8px","y":"258px","width":"409.6px","height":"218.8px","nomeInstancia":"MovieClips/transicao_33_1","classe":"transicao_33_1","nome":"elb08_03_34_1"}]},{"desenhos":[{"tipo":"img","x":"476.5px","y":"286.05px","width":"426px","height":"145.85px","nomeInstancia":"MovieClips/textConvertido_35_0","classe":"textConvertido_35_0","nome":"elb08_03_36_0"},{"tipo":"img","x":"122.4px","y":"251.75px","width":"219.5px","height":"219.5px","nomeInstancia":"MovieClips/transicao_35_1","classe":"transicao_35_1","nome":"elb08_03_36_1"}]},{"desenhos":[{"tipo":"img","x":"273.8px","y":"277.25px","width":"468.45px","height":"157.85px","nomeInstancia":"MovieClips/destaque37","classe":"destaque37","nome":"elb08_03_37_0"},{"tipo":"img","x":"476.5px","y":"286.05px","width":"426px","height":"145.85px","nomeInstancia":"MovieClips/textConvertido_35_0","classe":"textConvertido_35_0","nome":"elb08_03_36_0"},{"tipo":"img","x":"122.4px","y":"251.75px","width":"219.5px","height":"219.5px","nomeInstancia":"MovieClips/transicao_35_1","classe":"transicao_35_1","nome":"elb08_03_36_1"}]},{"desenhos":[{"tipo":"img","x":"76px","y":"236.05px","width":"426px","height":"43.1px","nomeInstancia":"MovieClips/textConvertido_37_0","classe":"textConvertido_37_0","nome":"elb08_03_38_0"},{"tipo":"img","x":"548.75px","y":"242.75px","width":"381.8px","height":"251.2px","nomeInstancia":"MovieClips/transicao_37_1","classe":"transicao_37_1","nome":"elb08_03_38_1"}]},{"desenhos":[{"tipo":"img","x":"76px","y":"306.3px","width":"426px","height":"84.2px","nomeInstancia":"MovieClips/textConvertido_38_0","classe":"textConvertido_38_0","nome":"elb08_03_39_0"},{"tipo":"img","x":"76px","y":"236.05px","width":"426px","height":"43.1px","nomeInstancia":"MovieClips/textConvertido_37_0","classe":"textConvertido_37_0","nome":"elb08_03_38_0"},{"tipo":"img","x":"548.75px","y":"242.75px","width":"381.8px","height":"251.2px","nomeInstancia":"MovieClips/transicao_37_1","classe":"transicao_37_1","nome":"elb08_03_38_1"}]},{"desenhos":[{"tipo":"img","x":"76px","y":"417.65px","width":"426px","height":"84.2px","nomeInstancia":"MovieClips/textConvertido_39_0","classe":"textConvertido_39_0","nome":"elb08_03_40_0"},{"tipo":"img","x":"76px","y":"306.3px","width":"426px","height":"84.2px","nomeInstancia":"MovieClips/textConvertido_38_0","classe":"textConvertido_38_0","nome":"elb08_03_39_0"},{"tipo":"img","x":"76px","y":"236.05px","width":"426px","height":"43.1px","nomeInstancia":"MovieClips/textConvertido_37_0","classe":"textConvertido_37_0","nome":"elb08_03_38_0"},{"tipo":"img","x":"548.75px","y":"242.75px","width":"381.8px","height":"251.2px","nomeInstancia":"MovieClips/transicao_37_1","classe":"transicao_37_1","nome":"elb08_03_38_1"}]},{"desenhos":[{"tipo":"img","x":"282.45px","y":"216.45px","width":"539.55px","height":"124.95px","nomeInstancia":"MovieClips/transicao_40_0","classe":"transicao_40_0","nome":"elb08_03_41_0"},{"nome":"elb08_03_41_1","tipo":"personagem","x":"0px","y":"0px","width":"1016px","height":"659px","nomeInstancia":"MovieClips/animaP40","classe":"animaP40"}]},{"desenhos":[{"tipo":"img","x":"384.4px","y":"338.4px","width":"514.9px","height":"111.3px","nomeInstancia":"MovieClips/transicao_41_0","classe":"transicao_41_0","nome":"elb08_03_42_0"},{"tipo":"img","x":"282.45px","y":"216.45px","width":"539.55px","height":"124.95px","nomeInstancia":"MovieClips/transicao_40_0","classe":"transicao_40_0","nome":"elb08_03_41_0"},{"nome":"elb08_03_41_1","tipo":"personagem","x":"0px","y":"0px","width":"1016px","height":"659px","nomeInstancia":"MovieClips/animaP40","classe":"animaP40"}]},{"desenhos":[{"tipo":"img","x":"93.65px","y":"274.15px","width":"426px","height":"84.2px","nomeInstancia":"MovieClips/textConvertido_42_0","classe":"textConvertido_42_0","nome":"elb08_03_43_0"},{"tipo":"img","x":"598.65px","y":"257px","width":"291.85px","height":"205.15px","nomeInstancia":"MovieClips/transicao_42_1","classe":"transicao_42_1","nome":"elb08_03_43_1"}]},{"desenhos":[{"tipo":"img","x":"93.65px","y":"373.25px","width":"426px","height":"63.65px","nomeInstancia":"MovieClips/textConvertido_43_0","classe":"textConvertido_43_0","nome":"elb08_03_44_0"},{"tipo":"img","x":"93.65px","y":"274.15px","width":"426px","height":"84.2px","nomeInstancia":"MovieClips/textConvertido_42_0","classe":"textConvertido_42_0","nome":"elb08_03_43_0"},{"tipo":"img","x":"598.65px","y":"257px","width":"291.85px","height":"205.15px","nomeInstancia":"MovieClips/transicao_42_1","classe":"transicao_42_1","nome":"elb08_03_43_1"}]},{"desenhos":[{"tipo":"img","x":"272.35px","y":"266.75px","width":"471.3px","height":"163.8px","nomeInstancia":"MovieClips/destaque_348_1","classe":"destaque_348_1","nome":"elb08_03_45_0"},{"tipo":"img","x":"93.65px","y":"373.25px","width":"426px","height":"63.65px","nomeInstancia":"MovieClips/textConvertido_43_0","classe":"textConvertido_43_0","nome":"elb08_03_44_0"},{"tipo":"img","x":"93.65px","y":"274.15px","width":"426px","height":"84.2px","nomeInstancia":"MovieClips/textConvertido_42_0","classe":"textConvertido_42_0","nome":"elb08_03_43_0"},{"tipo":"img","x":"598.65px","y":"257px","width":"291.85px","height":"205.15px","nomeInstancia":"MovieClips/transicao_42_1","classe":"transicao_42_1","nome":"elb08_03_43_1"}]},{"desenhos":[{"tipo":"img","x":"243.15px","y":"293.3px","width":"522.7px","height":"262.9px","nomeInstancia":"MovieClips/dragDrop","classe":"dragDrop","nome":"elb08_03_46_0"},{"tipo":"img","x":"228.6px","y":"250.2px","width":"559.85px","height":"43.1px","nomeInstancia":"MovieClips/textConvertido_45_1","classe":"textConvertido_45_1","nome":"elb08_03_46_1"},{"tipo":"img","x":"229.1px","y":"217.65px","width":"426px","height":"22.55px","nomeInstancia":"MovieClips/textConvertido_45_2","classe":"textConvertido_45_2","nome":"elb08_03_46_2"},{"tipo":"img","x":"96.7px","y":"142.55px","width":"131.9px","height":"70px","nomeInstancia":"MovieClips/transicao_45_3","classe":"transicao_45_3","nome":"elb08_03_46_3"}]}]}