{"licao":"elb08_06","topico":"06","telas":[{"desenhos":[{"tipo":"img","x":"140.25px","y":"163.75px","width":"566.55px","height":"105.35px","nomeInstancia":"MovieClips/transicao_1_0","classe":"transicao_1_0","nome":"elb08_06_1_0"},{"nome":"elb08_06_1_1","tipo":"personagem","x":"0px","y":"0px","width":"1016px","height":"659px","nomeInstancia":"MovieClips/animaP1","classe":"animaP1"}]},{"desenhos":[{"tipo":"img","x":"106.95px","y":"266.1px","width":"491.6px","height":"136.85px","nomeInstancia":"MovieClips/transicao_2_0","classe":"transicao_2_0","nome":"elb08_06_2_0"},{"tipo":"img","x":"140.25px","y":"163.75px","width":"566.55px","height":"105.35px","nomeInstancia":"MovieClips/transicao_1_0","classe":"transicao_1_0","nome":"elb08_06_1_0"},{"nome":"elb08_06_1_1","tipo":"personagem","x":"0px","y":"0px","width":"1016px","height":"659px","nomeInstancia":"MovieClips/animaP1","classe":"animaP1"}]},{"desenhos":[{"tipo":"img","x":"232.15px","y":"206.05px","width":"551.7px","height":"335.4px","nomeInstancia":"MovieClips/telaInfo03","classe":"telaInfo03","nome":"elb08_06_3_0"},{"tipo":"img","x":"67.6px","y":"399.55px","width":"505.7px","height":"131.1px","nomeInstancia":"MovieClips/transicao_3_1","classe":"transicao_3_1","nome":"elb08_06_3_1"},{"tipo":"img","x":"106.95px","y":"266.1px","width":"491.6px","height":"136.85px","nomeInstancia":"MovieClips/transicao_2_0","classe":"transicao_2_0","nome":"elb08_06_2_0"},{"tipo":"img","x":"140.25px","y":"163.75px","width":"566.55px","height":"105.35px","nomeInstancia":"MovieClips/transicao_1_0","classe":"transicao_1_0","nome":"elb08_06_1_0"},{"nome":"elb08_06_1_1","tipo":"personagem","x":"0px","y":"0px","width":"1016px","height":"659px","nomeInstancia":"MovieClips/animaP1","classe":"animaP1"}]},{"desenhos":[{"tipo":"img","x":"500px","y":"236.45px","width":"426px","height":"125.3px","nomeInstancia":"MovieClips/textConvertido_4_0","classe":"textConvertido_4_0","nome":"elb08_06_4_0"},{"tipo":"img","x":"112.45px","y":"155.5px","width":"274.75px","height":"389.9px","nomeInstancia":"MovieClips/transicao_4_1","classe":"transicao_4_1","nome":"elb08_06_4_1"}]},{"desenhos":[{"tipo":"img","x":"500px","y":"381.85px","width":"426px","height":"104.75px","nomeInstancia":"MovieClips/textConvertido_5_0","classe":"textConvertido_5_0","nome":"elb08_06_5_0"},{"tipo":"img","x":"500px","y":"236.45px","width":"426px","height":"125.3px","nomeInstancia":"MovieClips/textConvertido_4_0","classe":"textConvertido_4_0","nome":"elb08_06_4_0"},{"tipo":"img","x":"112.45px","y":"155.5px","width":"274.75px","height":"389.9px","nomeInstancia":"MovieClips/transicao_4_1","classe":"transicao_4_1","nome":"elb08_06_4_1"}]},{"desenhos":[{"tipo":"img","x":"118.45px","y":"307.2px","width":"426px","height":"104.75px","nomeInstancia":"MovieClips/textConvertido_6_0","classe":"textConvertido_6_0","nome":"elb08_06_6_0"},{"tipo":"img","x":"668.55px","y":"162.9px","width":"200.95px","height":"393.35px","nomeInstancia":"MovieClips/transicao_6_1","classe":"transicao_6_1","nome":"elb08_06_6_1"}]},{"desenhos":[{"tipo":"img","x":"286.65px","y":"219.6px","width":"597.9px","height":"153.75px","nomeInstancia":"MovieClips/transicao_7_0","classe":"transicao_7_0","nome":"elb08_06_7_0"},{"tipo":"img","x":"89.2px","y":"134.65px","width":"133.2px","height":"49.65px","nomeInstancia":"MovieClips/transicao_7_1","classe":"transicao_7_1","nome":"elb08_06_7_1"},{"nome":"elb08_06_7_2","tipo":"personagem","x":"0px","y":"0px","width":"1016px","height":"659px","nomeInstancia":"MovieClips/animaP7","classe":"animaP7"}]},{"desenhos":[{"tipo":"img","x":"193.1px","y":"167.8px","width":"579.8px","height":"133.55px","nomeInstancia":"MovieClips/transicao_8_0","classe":"transicao_8_0","nome":"elb08_06_8_0"},{"nome":"elb08_06_8_1","tipo":"personagem","x":"0px","y":"0px","width":"1016px","height":"659px","nomeInstancia":"MovieClips/animaP8","classe":"animaP8"}]},{"desenhos":[{"tipo":"img","x":"121.4px","y":"297.25px","width":"550.1px","height":"134px","nomeInstancia":"MovieClips/transicao_9_0","classe":"transicao_9_0","nome":"elb08_06_9_0"},{"tipo":"img","x":"193.1px","y":"167.8px","width":"579.8px","height":"133.55px","nomeInstancia":"MovieClips/transicao_8_0","classe":"transicao_8_0","nome":"elb08_06_8_0"},{"nome":"elb08_06_8_1","tipo":"personagem","x":"0px","y":"0px","width":"1016px","height":"659px","nomeInstancia":"MovieClips/animaP8","classe":"animaP8"}]},{"desenhos":[{"tipo":"img","x":"235.55px","y":"171.75px","width":"600.9px","height":"139.65px","nomeInstancia":"MovieClips/transicao_10_0","classe":"transicao_10_0","nome":"elb08_06_10_0"},{"nome":"elb08_06_10_1","tipo":"personagem","x":"0px","y":"0px","width":"1016px","height":"659px","nomeInstancia":"MovieClips/animaP10","classe":"animaP10"}]},{"desenhos":[{"tipo":"img","x":"331.45px","y":"306.25px","width":"550.1px","height":"114.9px","nomeInstancia":"MovieClips/transicao_11_0","classe":"transicao_11_0","nome":"elb08_06_11_0"},{"tipo":"img","x":"235.55px","y":"171.75px","width":"600.9px","height":"139.65px","nomeInstancia":"MovieClips/transicao_10_0","classe":"transicao_10_0","nome":"elb08_06_10_0"},{"nome":"elb08_06_10_1","tipo":"personagem","x":"0px","y":"0px","width":"1016px","height":"659px","nomeInstancia":"MovieClips/animaP10","classe":"animaP10"}]},{"desenhos":[{"tipo":"img","x":"365.8px","y":"416.5px","width":"550.1px","height":"129px","nomeInstancia":"MovieClips/transicao_12_0","classe":"transicao_12_0","nome":"elb08_06_12_0"},{"tipo":"img","x":"331.45px","y":"306.25px","width":"550.1px","height":"114.9px","nomeInstancia":"MovieClips/transicao_11_0","classe":"transicao_11_0","nome":"elb08_06_11_0"},{"tipo":"img","x":"235.55px","y":"171.75px","width":"600.9px","height":"139.65px","nomeInstancia":"MovieClips/transicao_10_0","classe":"transicao_10_0","nome":"elb08_06_10_0"},{"nome":"elb08_06_10_1","tipo":"personagem","x":"0px","y":"0px","width":"1016px","height":"659px","nomeInstancia":"MovieClips/animaP10","classe":"animaP10"}]},{"desenhos":[{"tipo":"img","x":"163.8px","y":"154.7px","width":"597.95px","height":"171.95px","nomeInstancia":"MovieClips/transicao_13_0","classe":"transicao_13_0","nome":"elb08_06_13_0"},{"nome":"elb08_06_13_1","tipo":"personagem","x":"0px","y":"0px","width":"1016px","height":"659px","nomeInstancia":"MovieClips/animaP13","classe":"animaP13"}]},{"desenhos":[{"tipo":"img","x":"242.9px","y":"178.85px","width":"541.45px","height":"103.35px","nomeInstancia":"MovieClips/transicao_14_0","classe":"transicao_14_0","nome":"elb08_06_14_0"},{"nome":"elb08_06_14_1","tipo":"personagem","x":"0px","y":"0px","width":"1016px","height":"659px","nomeInstancia":"MovieClips/animaP14","classe":"animaP14"}]},{"desenhos":[{"tipo":"img","x":"317.3px","y":"280.2px","width":"550.1px","height":"188.1px","nomeInstancia":"MovieClips/transicao_15_0","classe":"transicao_15_0","nome":"elb08_06_15_0"},{"tipo":"img","x":"242.9px","y":"178.85px","width":"541.45px","height":"103.35px","nomeInstancia":"MovieClips/transicao_14_0","classe":"transicao_14_0","nome":"elb08_06_14_0"},{"nome":"elb08_06_14_1","tipo":"personagem","x":"0px","y":"0px","width":"1016px","height":"659px","nomeInstancia":"MovieClips/animaP14","classe":"animaP14"}]},{"desenhos":[{"tipo":"img","x":"123.5px","y":"193px","width":"601.95px","height":"157.85px","nomeInstancia":"MovieClips/transicao_16_0","classe":"transicao_16_0","nome":"elb08_06_16_0"},{"nome":"elb08_06_16_1","tipo":"personagem","x":"0px","y":"0px","width":"1016px","height":"659px","nomeInstancia":"MovieClips/animaP16","classe":"animaP16"}]},{"desenhos":[{"tipo":"img","x":"253.7px","y":"163.75px","width":"571.75px","height":"157.85px","nomeInstancia":"MovieClips/transicao_17_0","classe":"transicao_17_0","nome":"elb08_06_17_0"},{"nome":"elb08_06_17_1","tipo":"personagem","x":"0px","y":"0px","width":"1016px","height":"659px","nomeInstancia":"MovieClips/animaP17","classe":"animaP17"}]},{"desenhos":[{"tipo":"img","x":"353.6px","y":"317.6px","width":"503.7px","height":"107.45px","nomeInstancia":"MovieClips/transicao_18_0","classe":"transicao_18_0","nome":"elb08_06_18_0"},{"tipo":"img","x":"253.7px","y":"163.75px","width":"571.75px","height":"157.85px","nomeInstancia":"MovieClips/transicao_17_0","classe":"transicao_17_0","nome":"elb08_06_17_0"},{"nome":"elb08_06_17_1","tipo":"personagem","x":"0px","y":"0px","width":"1016px","height":"659px","nomeInstancia":"MovieClips/animaP17","classe":"animaP17"}]},{"desenhos":[{"tipo":"img","x":"282.1px","y":"205.15px","width":"451.8px","height":"284.85px","nomeInstancia":"MovieClips/transicao_19_0","classe":"transicao_19_0","nome":"elb08_06_19_0"}]}]}