{"licao":"elb08_01","topico":"01","telas":[{"desenhos":[{"tipo":"img","x":"76px","y":"244.9px","width":"426px","height":"84.2px","nomeInstancia":"MovieClips/textConvertido_1_0","classe":"textConvertido_1_0","nome":"elb08_01_1_0"},{"tipo":"img","x":"536.3px","y":"251.45px","width":"422.4px","height":"216.2px","nomeInstancia":"MovieClips/transicao_1_1","classe":"transicao_1_1","nome":"elb08_01_1_1"}]},{"desenhos":[{"tipo":"img","x":"76px","y":"352.8px","width":"426px","height":"145.85px","nomeInstancia":"MovieClips/textConvertido_2_0","classe":"textConvertido_2_0","nome":"elb08_01_2_0"},{"tipo":"img","x":"76px","y":"244.9px","width":"426px","height":"84.2px","nomeInstancia":"MovieClips/textConvertido_1_0","classe":"textConvertido_1_0","nome":"elb08_01_1_0"},{"tipo":"img","x":"536.3px","y":"251.45px","width":"422.4px","height":"216.2px","nomeInstancia":"MovieClips/transicao_1_1","classe":"transicao_1_1","nome":"elb08_01_1_1"}]},{"desenhos":[{"tipo":"img","x":"500px","y":"282px","width":"426px","height":"166.4px","nomeInstancia":"MovieClips/textConvertido_3_0","classe":"textConvertido_3_0","nome":"elb08_01_3_0"},{"tipo":"img","x":"78.35px","y":"282px","width":"342.95px","height":"155.15px","nomeInstancia":"MovieClips/transicao_3_1","classe":"transicao_3_1","nome":"elb08_01_3_1"}]},{"desenhos":[{"tipo":"img","x":"160.75px","y":"147.8px","width":"598.75px","height":"154.35px","nomeInstancia":"MovieClips/transicao_4_0","classe":"transicao_4_0","nome":"elb08_01_4_0"},{"tipo":"img","x":"319.65px","y":"345.05px","width":"223px","height":"142.8px","nomeInstancia":"MovieClips/transicao_4_2","classe":"transicao_4_2","nome":"elb08_01_4_1"},{"nome":"elb08_01_4_2","tipo":"personagem","x":"0px","y":"0px","width":"1016px","height":"659px","nomeInstancia":"MovieClips/animaP4","classe":"animaP4"}]},{"desenhos":[{"tipo":"img","x":"524.5px","y":"278.15px","width":"426px","height":"166.4px","nomeInstancia":"MovieClips/textConvertido_5_0","classe":"textConvertido_5_0","nome":"elb08_01_5_0"},{"tipo":"img","x":"99.6px","y":"233.05px","width":"375px","height":"253px","nomeInstancia":"MovieClips/transicao_5_1","classe":"transicao_5_1","nome":"elb08_01_5_1"}]},{"desenhos":[{"tipo":"img","x":"76px","y":"298.5px","width":"426px","height":"145.85px","nomeInstancia":"MovieClips/textConvertido_6_0","classe":"textConvertido_6_0","nome":"elb08_01_6_0"},{"tipo":"img","x":"607.6px","y":"215.05px","width":"266.1px","height":"273.5px","nomeInstancia":"MovieClips/transicao_6_1","classe":"transicao_6_1","nome":"elb08_01_6_1"}]},{"desenhos":[{"tipo":"img","x":"517.65px","y":"262.6px","width":"426px","height":"63.65px","nomeInstancia":"MovieClips/textConvertido_7_0","classe":"textConvertido_7_0","nome":"elb08_01_7_0"},{"tipo":"img","x":"75.05px","y":"222.1px","width":"384.8px","height":"274.95px","nomeInstancia":"MovieClips/transicao_7_1","classe":"transicao_7_1","nome":"elb08_01_7_1"}]},{"desenhos":[{"tipo":"img","x":"517.65px","y":"344.1px","width":"426px","height":"84.2px","nomeInstancia":"MovieClips/textConvertido_8_0","classe":"textConvertido_8_0","nome":"elb08_01_8_0"},{"tipo":"img","x":"517.65px","y":"262.6px","width":"426px","height":"63.65px","nomeInstancia":"MovieClips/textConvertido_7_0","classe":"textConvertido_7_0","nome":"elb08_01_7_0"},{"tipo":"img","x":"75.05px","y":"222.1px","width":"384.8px","height":"274.95px","nomeInstancia":"MovieClips/transicao_7_1","classe":"transicao_7_1","nome":"elb08_01_7_1"}]},{"desenhos":[{"tipo":"img","x":"297.75px","y":"270.7px","width":"420.55px","height":"140.35px","nomeInstancia":"MovieClips/destaque_17_1","classe":"destaque_17_1","nome":"elb08_01_9_0"},{"tipo":"img","x":"517.65px","y":"344.1px","width":"426px","height":"84.2px","nomeInstancia":"MovieClips/textConvertido_8_0","classe":"textConvertido_8_0","nome":"elb08_01_8_0"},{"tipo":"img","x":"517.65px","y":"262.6px","width":"426px","height":"63.65px","nomeInstancia":"MovieClips/textConvertido_7_0","classe":"textConvertido_7_0","nome":"elb08_01_7_0"},{"tipo":"img","x":"75.05px","y":"222.1px","width":"384.8px","height":"274.95px","nomeInstancia":"MovieClips/transicao_7_1","classe":"transicao_7_1","nome":"elb08_01_7_1"}]},{"desenhos":[{"tipo":"img","x":"171.85px","y":"157.35px","width":"573.3px","height":"164.15px","nomeInstancia":"MovieClips/transicao_10_0","classe":"transicao_10_0","nome":"elb08_01_10_0"},{"nome":"elb08_01_10_1","tipo":"personagem","x":"0px","y":"0px","width":"1016px","height":"659px","nomeInstancia":"MovieClips/animaP10","classe":"animaP10"}]},{"desenhos":[{"tipo":"img","x":"592.1px","y":"303.6px","width":"380.65px","height":"145.85px","nomeInstancia":"MovieClips/textConvertido_11_0","classe":"textConvertido_11_0","nome":"elb08_01_11_0"},{"tipo":"img","x":"46.8px","y":"183.4px","width":"513.9px","height":"364.75px","nomeInstancia":"MovieClips/transicao_11_1","classe":"transicao_11_1","nome":"elb08_01_11_1"}]},{"desenhos":[{"tipo":"img","x":"223.95px","y":"203.7px","width":"511.5px","height":"128.85px","nomeInstancia":"MovieClips/transicao_12_0","classe":"transicao_12_0","nome":"elb08_01_12_0"},{"nome":"elb08_01_12_1","tipo":"personagem","x":"0px","y":"0px","width":"1016px","height":"659px","nomeInstancia":"MovieClips/animaP12","classe":"animaP12"}]},{"desenhos":[{"tipo":"img","x":"106.4px","y":"326.9px","width":"550.1px","height":"154.3px","nomeInstancia":"MovieClips/transicao_13_0","classe":"transicao_13_0","nome":"elb08_01_13_0"},{"tipo":"img","x":"223.95px","y":"203.7px","width":"511.5px","height":"128.85px","nomeInstancia":"MovieClips/transicao_12_0","classe":"transicao_12_0","nome":"elb08_01_12_0"},{"nome":"elb08_01_12_1","tipo":"personagem","x":"0px","y":"0px","width":"1016px","height":"659px","nomeInstancia":"MovieClips/animaP12","classe":"animaP12"}]},{"desenhos":[{"tipo":"img","x":"499px","y":"292.75px","width":"426px","height":"63.65px","nomeInstancia":"MovieClips/textConvertido_14_0","classe":"textConvertido_14_0","nome":"elb08_01_14_0"},{"nome":"elb08_01_14_1","tipo":"personagem","x":"0px","y":"0px","width":"1016px","height":"659px","nomeInstancia":"MovieClips/animaP14","classe":"animaP14"}]},{"desenhos":[{"tipo":"img","x":"113.85px","y":"243.15px","width":"627.95px","height":"191.85px","nomeInstancia":"MovieClips/telaInfo15","classe":"telaInfo15","nome":"elb08_01_15_0"},{"tipo":"img","x":"499px","y":"376.15px","width":"426px","height":"43.1px","nomeInstancia":"MovieClips/textConvertido_15_1","classe":"textConvertido_15_1","nome":"elb08_01_15_1"},{"tipo":"img","x":"499px","y":"292.75px","width":"426px","height":"63.65px","nomeInstancia":"MovieClips/textConvertido_14_0","classe":"textConvertido_14_0","nome":"elb08_01_14_0"},{"nome":"elb08_01_14_1","tipo":"personagem","x":"0px","y":"0px","width":"1016px","height":"659px","nomeInstancia":"MovieClips/animaP14","classe":"animaP14"}]}]}