{"licao":"elb08_04","topico":"04","telas":[{"desenhos":[{"tipo":"img","x":"91.15px","y":"257.7px","width":"426px","height":"63.65px","nomeInstancia":"MovieClips/textConvertido_1_0","classe":"textConvertido_1_0","nome":"elb08_04_1_0"},{"tipo":"img","x":"616.5px","y":"207.9px","width":"266.5px","height":"303.4px","nomeInstancia":"MovieClips/transicao_1_1","classe":"transicao_1_1","nome":"elb08_04_1_1"}]},{"desenhos":[{"tipo":"img","x":"91.15px","y":"339.9px","width":"426px","height":"63.65px","nomeInstancia":"MovieClips/textConvertido_2_0","classe":"textConvertido_2_0","nome":"elb08_04_2_0"},{"tipo":"img","x":"91.15px","y":"257.7px","width":"426px","height":"63.65px","nomeInstancia":"MovieClips/textConvertido_1_0","classe":"textConvertido_1_0","nome":"elb08_04_1_0"},{"tipo":"img","x":"616.5px","y":"207.9px","width":"266.5px","height":"303.4px","nomeInstancia":"MovieClips/transicao_1_1","classe":"transicao_1_1","nome":"elb08_04_1_1"}]},{"desenhos":[{"tipo":"img","x":"123.25px","y":"249.9px","width":"596.9px","height":"313.55px","nomeInstancia":"MovieClips/telaInfo03","classe":"telaInfo03","nome":"elb08_04_3_0"},{"tipo":"img","x":"91.15px","y":"422.1px","width":"426px","height":"63.65px","nomeInstancia":"MovieClips/textConvertido_3_1","classe":"textConvertido_3_1","nome":"elb08_04_3_1"},{"tipo":"img","x":"91.15px","y":"339.9px","width":"426px","height":"63.65px","nomeInstancia":"MovieClips/textConvertido_2_0","classe":"textConvertido_2_0","nome":"elb08_04_2_0"},{"tipo":"img","x":"91.15px","y":"257.7px","width":"426px","height":"63.65px","nomeInstancia":"MovieClips/textConvertido_1_0","classe":"textConvertido_1_0","nome":"elb08_04_1_0"},{"tipo":"img","x":"616.5px","y":"207.9px","width":"266.5px","height":"303.4px","nomeInstancia":"MovieClips/transicao_1_1","classe":"transicao_1_1","nome":"elb08_04_1_1"}]},{"desenhos":[{"tipo":"img","x":"251.3px","y":"219.4px","width":"513.4px","height":"22.55px","nomeInstancia":"MovieClips/textConvertido_4_1","classe":"textConvertido_4_1","nome":"elb08_04_4_0"},{"tipo":"img","x":"83.05px","y":"136.3px","width":"131.9px","height":"70px","nomeInstancia":"MovieClips/transicao_4_0","classe":"transicao_4_0","nome":"elb08_04_4_1"},{"tipo":"img","x":"294.6px","y":"287.95px","width":"109.7px","height":"109.65px","nomeInstancia":"MovieClips/transicao_4_7","classe":"transicao_4_7","nome":"elb08_04_4_2"},{"tipo":"img","x":"462.15px","y":"287.95px","width":"109.7px","height":"109.65px","nomeInstancia":"MovieClips/transicao_4_6","classe":"transicao_4_6","nome":"elb08_04_4_3"},{"tipo":"img","x":"629.75px","y":"287.95px","width":"109.7px","height":"109.65px","nomeInstancia":"MovieClips/transicao_4_5","classe":"transicao_4_5","nome":"elb08_04_4_4"},{"tipo":"img","x":"294.6px","y":"444.65px","width":"109.7px","height":"109.65px","nomeInstancia":"MovieClips/transicao_4_4","classe":"transicao_4_4","nome":"elb08_04_4_5"},{"tipo":"img","x":"462.15px","y":"444.65px","width":"109.7px","height":"109.65px","nomeInstancia":"MovieClips/transicao_4_3","classe":"transicao_4_3","nome":"elb08_04_4_6"},{"tipo":"img","x":"629.75px","y":"444.65px","width":"109.7px","height":"109.65px","nomeInstancia":"MovieClips/transicao_4_2","classe":"transicao_4_2","nome":"elb08_04_4_7"}]},{"desenhos":[{"tipo":"img","x":"294.6px","y":"243.1px","width":"457.3px","height":"311.2px","nomeInstancia":"MovieClips/telaInfo05","classe":"telaInfo05","nome":"elb08_04_5_0"},{"tipo":"img","x":"500px","y":"243.1px","width":"426px","height":"22.55px","nomeInstancia":"MovieClips/textConvertido_5_1","classe":"textConvertido_5_1","nome":"elb08_04_5_1"},{"tipo":"img","x":"251.3px","y":"219.4px","width":"513.4px","height":"22.55px","nomeInstancia":"MovieClips/textConvertido_4_1","classe":"textConvertido_4_1","nome":"elb08_04_4_0"},{"tipo":"img","x":"83.05px","y":"136.3px","width":"131.9px","height":"70px","nomeInstancia":"MovieClips/transicao_4_0","classe":"transicao_4_0","nome":"elb08_04_4_1"}]}]}