{"licao":"elb08_02","topico":"02","telas":[{"desenhos":[{"tipo":"img","x":"94.6px","y":"283.05px","width":"426px","height":"166.4px","nomeInstancia":"MovieClips/textConvertido_1_0","classe":"textConvertido_1_0","nome":"elb08_02_1_0"},{"tipo":"img","x":"555.5px","y":"136.2px","width":"211.25px","height":"199.65px","nomeInstancia":"MovieClips/transicao_1_3","classe":"transicao_1_3","nome":"elb08_02_1_1"},{"tipo":"img","x":"788.6px","y":"288.85px","width":"196.05px","height":"112.15px","nomeInstancia":"MovieClips/transicao_1_2","classe":"transicao_1_2","nome":"elb08_02_1_2"},{"tipo":"img","x":"562.35px","y":"432.05px","width":"274.35px","height":"150.8px","nomeInstancia":"MovieClips/transicao_1_1","classe":"transicao_1_1","nome":"elb08_02_1_3"}]},{"desenhos":[{"tipo":"img","x":"232.05px","y":"244.3px","width":"583.15px","height":"231.45px","nomeInstancia":"MovieClips/destaque_20_1","classe":"destaque_20_1","nome":"elb08_02_2_0"},{"tipo":"img","x":"94.6px","y":"283.05px","width":"426px","height":"166.4px","nomeInstancia":"MovieClips/textConvertido_1_0","classe":"textConvertido_1_0","nome":"elb08_02_1_0"},{"tipo":"img","x":"555.5px","y":"136.2px","width":"211.25px","height":"199.65px","nomeInstancia":"MovieClips/transicao_1_3","classe":"transicao_1_3","nome":"elb08_02_1_1"},{"tipo":"img","x":"788.6px","y":"288.85px","width":"196.05px","height":"112.15px","nomeInstancia":"MovieClips/transicao_1_2","classe":"transicao_1_2","nome":"elb08_02_1_2"},{"tipo":"img","x":"562.35px","y":"432.05px","width":"274.35px","height":"150.8px","nomeInstancia":"MovieClips/transicao_1_1","classe":"transicao_1_1","nome":"elb08_02_1_3"}]},{"desenhos":[{"tipo":"img","x":"246.1px","y":"170.3px","width":"568.95px","height":"103.35px","nomeInstancia":"MovieClips/transicao_3_0","classe":"transicao_3_0","nome":"elb08_02_3_0"},{"nome":"elb08_02_3_1","tipo":"personagem","x":"0px","y":"0px","width":"1016px","height":"659px","nomeInstancia":"MovieClips/animaP3","classe":"animaP3"}]},{"desenhos":[{"tipo":"img","x":"309.1px","y":"270.65px","width":"538.3px","height":"115.6px","nomeInstancia":"MovieClips/transicao_4_0","classe":"transicao_4_0","nome":"elb08_02_4_0"},{"tipo":"img","x":"246.1px","y":"170.3px","width":"568.95px","height":"103.35px","nomeInstancia":"MovieClips/transicao_3_0","classe":"transicao_3_0","nome":"elb08_02_3_0"},{"nome":"elb08_02_3_1","tipo":"personagem","x":"0px","y":"0px","width":"1016px","height":"659px","nomeInstancia":"MovieClips/animaP3","classe":"animaP3"}]},{"desenhos":[{"tipo":"img","x":"409px","y":"381.4px","width":"446.3px","height":"91.2px","nomeInstancia":"MovieClips/transicao_5_0","classe":"transicao_5_0","nome":"elb08_02_5_0"},{"tipo":"img","x":"309.1px","y":"270.65px","width":"538.3px","height":"115.6px","nomeInstancia":"MovieClips/transicao_4_0","classe":"transicao_4_0","nome":"elb08_02_4_0"},{"tipo":"img","x":"246.1px","y":"170.3px","width":"568.95px","height":"103.35px","nomeInstancia":"MovieClips/transicao_3_0","classe":"transicao_3_0","nome":"elb08_02_3_0"},{"nome":"elb08_02_3_1","tipo":"personagem","x":"0px","y":"0px","width":"1016px","height":"659px","nomeInstancia":"MovieClips/animaP3","classe":"animaP3"}]},{"desenhos":[{"tipo":"img","x":"258.9px","y":"142.05px","width":"681.95px","height":"448px","nomeInstancia":"MovieClips/telaInfo06","classe":"telaInfo06","nome":"elb08_02_6_0"},{"tipo":"img","x":"64.25px","y":"341.85px","width":"426px","height":"43.1px","nomeInstancia":"MovieClips/textConvertido_6_1","classe":"textConvertido_6_1","nome":"elb08_02_6_1"},{"tipo":"img","x":"553.45px","y":"166.95px","width":"157.3px","height":"127.6px","nomeInstancia":"MovieClips/transicao_6_6","classe":"transicao_6_6","nome":"elb08_02_6_2"},{"tipo":"img","x":"781.35px","y":"142.05px","width":"159.55px","height":"162.5px","nomeInstancia":"MovieClips/transicao_6_5","classe":"transicao_6_5","nome":"elb08_02_6_3"},{"tipo":"img","x":"555.75px","y":"333.2px","width":"113px","height":"162.2px","nomeInstancia":"MovieClips/transicao_6_4","classe":"transicao_6_4","nome":"elb08_02_6_4"},{"tipo":"img","x":"843.95px","y":"333.2px","width":"67px","height":"188.65px","nomeInstancia":"MovieClips/transicao_6_3","classe":"transicao_6_3","nome":"elb08_02_6_5"},{"tipo":"img","x":"700.05px","y":"462.45px","width":"96.9px","height":"124.45px","nomeInstancia":"MovieClips/transicao_6_2","classe":"transicao_6_2","nome":"elb08_02_6_6"}]},{"desenhos":[{"tipo":"img","x":"219.8px","y":"162.55px","width":"569px","height":"130.85px","nomeInstancia":"MovieClips/transicao_7_0","classe":"transicao_7_0","nome":"elb08_02_7_0"},{"nome":"elb08_02_7_1","tipo":"personagem","x":"0px","y":"0px","width":"1016px","height":"659px","nomeInstancia":"MovieClips/animaP7","classe":"animaP7"}]},{"desenhos":[{"tipo":"img","x":"315.65px","y":"289.65px","width":"493.3px","height":"108.25px","nomeInstancia":"MovieClips/transicao_8_0","classe":"transicao_8_0","nome":"elb08_02_8_0"},{"tipo":"img","x":"219.8px","y":"162.55px","width":"569px","height":"130.85px","nomeInstancia":"MovieClips/transicao_7_0","classe":"transicao_7_0","nome":"elb08_02_7_0"},{"nome":"elb08_02_7_1","tipo":"personagem","x":"0px","y":"0px","width":"1016px","height":"659px","nomeInstancia":"MovieClips/animaP7","classe":"animaP7"}]},{"desenhos":[{"tipo":"img","x":"351.05px","y":"391px","width":"534.4px","height":"155.3px","nomeInstancia":"MovieClips/transicao_9_0","classe":"transicao_9_0","nome":"elb08_02_9_0"},{"tipo":"img","x":"315.65px","y":"289.65px","width":"493.3px","height":"108.25px","nomeInstancia":"MovieClips/transicao_8_0","classe":"transicao_8_0","nome":"elb08_02_8_0"},{"tipo":"img","x":"219.8px","y":"162.55px","width":"569px","height":"130.85px","nomeInstancia":"MovieClips/transicao_7_0","classe":"transicao_7_0","nome":"elb08_02_7_0"},{"nome":"elb08_02_7_1","tipo":"personagem","x":"0px","y":"0px","width":"1016px","height":"659px","nomeInstancia":"MovieClips/animaP7","classe":"animaP7"}]},{"desenhos":[{"tipo":"img","x":"194.7px","y":"162.65px","width":"584.3px","height":"103.3px","nomeInstancia":"MovieClips/transicao_10_0","classe":"transicao_10_0","nome":"elb08_02_10_0"},{"nome":"elb08_02_10_1","tipo":"personagem","x":"0px","y":"0px","width":"1016px","height":"659px","nomeInstancia":"MovieClips/animaP10","classe":"animaP10"}]},{"desenhos":[{"tipo":"img","x":"87.85px","y":"263.95px","width":"550.1px","height":"146.35px","nomeInstancia":"MovieClips/transicao_11_0","classe":"transicao_11_0","nome":"elb08_02_11_0"},{"tipo":"img","x":"194.7px","y":"162.65px","width":"584.3px","height":"103.3px","nomeInstancia":"MovieClips/transicao_10_0","classe":"transicao_10_0","nome":"elb08_02_10_0"},{"nome":"elb08_02_10_1","tipo":"personagem","x":"0px","y":"0px","width":"1016px","height":"659px","nomeInstancia":"MovieClips/animaP10","classe":"animaP10"}]},{"desenhos":[{"tipo":"img","x":"157.5px","y":"287.4px","width":"750.45px","height":"245.2px","nomeInstancia":"MovieClips/opcoes12","classe":"opcoes12","nome":"elb08_02_12_0"},{"tipo":"img","x":"187.9px","y":"253.9px","width":"640.2px","height":"186.95px","nomeInstancia":"MovieClips/textConvertido_12_1","classe":"textConvertido_12_1","nome":"elb08_02_12_1"},{"tipo":"img","x":"88.85px","y":"147.55px","width":"131.9px","height":"70px","nomeInstancia":"MovieClips/transicao_12_2","classe":"transicao_12_2","nome":"elb08_02_12_2"}]}]}