{"licao":"elb08_05","topico":"05","telas":[{"desenhos":[{"tipo":"img","x":"165.85px","y":"145.6px","width":"574.15px","height":"118.45px","nomeInstancia":"MovieClips/transicao_1_0","classe":"transicao_1_0","nome":"elb08_05_1_0"},{"nome":"elb08_05_1_1","tipo":"personagem","x":"0px","y":"0px","width":"1016px","height":"659px","nomeInstancia":"MovieClips/animaP1","classe":"animaP1"}]},{"desenhos":[{"tipo":"img","x":"145.7px","y":"260.05px","width":"489.6px","height":"106.6px","nomeInstancia":"MovieClips/transicao_2_0","classe":"transicao_2_0","nome":"elb08_05_2_0"},{"tipo":"img","x":"165.85px","y":"145.6px","width":"574.15px","height":"118.45px","nomeInstancia":"MovieClips/transicao_1_0","classe":"transicao_1_0","nome":"elb08_05_1_0"},{"nome":"elb08_05_1_1","tipo":"personagem","x":"0px","y":"0px","width":"1016px","height":"659px","nomeInstancia":"MovieClips/animaP1","classe":"animaP1"}]},{"desenhos":[{"tipo":"img","x":"508.05px","y":"228.25px","width":"426px","height":"104.75px","nomeInstancia":"MovieClips/textConvertido_3_0","classe":"textConvertido_3_0","nome":"elb08_05_3_0"},{"tipo":"img","x":"68.45px","y":"240.65px","width":"372.8px","height":"235.7px","nomeInstancia":"MovieClips/transicao_3_1","classe":"transicao_3_1","nome":"elb08_05_3_1"}]},{"desenhos":[{"tipo":"img","x":"508.05px","y":"354.1px","width":"426px","height":"125.3px","nomeInstancia":"MovieClips/textConvertido_4_0","classe":"textConvertido_4_0","nome":"elb08_05_4_0"},{"tipo":"img","x":"508.05px","y":"228.25px","width":"426px","height":"104.75px","nomeInstancia":"MovieClips/textConvertido_3_0","classe":"textConvertido_3_0","nome":"elb08_05_3_0"},{"tipo":"img","x":"68.45px","y":"240.65px","width":"372.8px","height":"235.7px","nomeInstancia":"MovieClips/transicao_3_1","classe":"transicao_3_1","nome":"elb08_05_3_1"}]},{"desenhos":[{"tipo":"img","x":"76px","y":"222.55px","width":"426px","height":"84.2px","nomeInstancia":"MovieClips/textConvertido_5_0","classe":"textConvertido_5_0","nome":"elb08_05_5_0"},{"tipo":"img","x":"76px","y":"134.4px","width":"131.9px","height":"70px","nomeInstancia":"MovieClips/transicao_5_1","classe":"transicao_5_1","nome":"elb08_05_5_1"},{"tipo":"img","x":"623.2px","y":"416.25px","width":"14.35px","height":"28.4px","nomeInstancia":"textConvertido_5_3","classe":"textConvertido_5_3","nome":"elb08_05_5_2"},{"tipo":"img","x":"853.15px","y":"416.25px","width":"14.35px","height":"28.4px","nomeInstancia":"textConvertido_5_2","classe":"textConvertido_5_2","nome":"elb08_05_5_3"},{"nome":"elb08_05_5_4","tipo":"png","x":"0px","y":"0px","width":"1016px","height":"659px","nomeInstancia":"MovieClips/anima06","classe":"anima06"}]},{"desenhos":[{"tipo":"img","x":"240.2px","y":"222.55px","width":"704.8px","height":"271.85px","nomeInstancia":"MovieClips/telaInfo06","classe":"telaInfo06","nome":"elb08_05_6_0"},{"tipo":"img","x":"76px","y":"316.75px","width":"426px","height":"43.1px","nomeInstancia":"MovieClips/textConvertido_6_1","classe":"textConvertido_6_1","nome":"elb08_05_6_1"},{"tipo":"img","x":"76px","y":"222.55px","width":"426px","height":"84.2px","nomeInstancia":"MovieClips/textConvertido_5_0","classe":"textConvertido_5_0","nome":"elb08_05_5_0"},{"tipo":"img","x":"76px","y":"134.4px","width":"131.9px","height":"70px","nomeInstancia":"MovieClips/transicao_5_1","classe":"transicao_5_1","nome":"elb08_05_5_1"},{"tipo":"img","x":"623.2px","y":"416.25px","width":"14.35px","height":"28.4px","nomeInstancia":"textConvertido_5_3","classe":"textConvertido_5_3","nome":"elb08_05_5_2"},{"tipo":"img","x":"853.15px","y":"416.25px","width":"14.35px","height":"28.4px","nomeInstancia":"textConvertido_5_2","classe":"textConvertido_5_2","nome":"elb08_05_5_3"},{"nome":"elb08_05_5_4","tipo":"png","x":"0px","y":"0px","width":"1016px","height":"659px","nomeInstancia":"MovieClips/anima06","classe":"anima06"}]},{"desenhos":[{"tipo":"img","x":"298.45px","y":"223.6px","width":"419.1px","height":"211.8px","nomeInstancia":"MovieClips/Símbolo 1","classe":"Símbolo 1","nome":"elb08_05_7_0"},{"tipo":"img","x":"76px","y":"316.75px","width":"426px","height":"43.1px","nomeInstancia":"MovieClips/textConvertido_6_1","classe":"textConvertido_6_1","nome":"elb08_05_6_1"},{"tipo":"img","x":"76px","y":"222.55px","width":"426px","height":"84.2px","nomeInstancia":"MovieClips/textConvertido_5_0","classe":"textConvertido_5_0","nome":"elb08_05_5_0"},{"tipo":"img","x":"76px","y":"134.4px","width":"131.9px","height":"70px","nomeInstancia":"MovieClips/transicao_5_1","classe":"transicao_5_1","nome":"elb08_05_5_1"},{"tipo":"img","x":"623.2px","y":"416.25px","width":"14.35px","height":"28.4px","nomeInstancia":"textConvertido_5_3","classe":"textConvertido_5_3","nome":"elb08_05_5_2"},{"tipo":"img","x":"853.15px","y":"416.25px","width":"14.35px","height":"28.4px","nomeInstancia":"textConvertido_5_2","classe":"textConvertido_5_2","nome":"elb08_05_5_3"},{"nome":"elb08_05_5_4","tipo":"png","x":"0px","y":"0px","width":"1016px","height":"659px","nomeInstancia":"MovieClips/anima06","classe":"anima06"}]}]}